event_id,user_id,variant,assignment_seed,acquisition_source,event_type,occurred_at,amount,currency,note_id,task_id
hv4-e000439,hv4-u00122,task_first,hv4:main:50,app_store,assigned,2026-08-27T09:51:37.108Z,,,,
hv4-e000440,hv4-u00122,task_first,hv4:main:50,app_store,note_saved,2026-08-27T09:55:37.108Z,,,n-hv4-u00122,
hv4-e001450,hv4-u00403,task_first,hv4:main:50,app_store,assigned,2026-08-27T09:57:12.627Z,,,,
hv4-e001451,hv4-u00403,task_first,hv4:main:50,app_store,note_saved,2026-08-27T10:01:12.627Z,,,n-hv4-u00403,
hv4-e001452,hv4-u00403,task_first,hv4:main:50,app_store,task_created,2026-08-27T10:03:12.627Z,,,n-hv4-u00403,t-hv4-u00403-1
hv4-e001453,hv4-u00403,task_first,hv4:main:50,app_store,task_created,2026-08-27T10:04:12.627Z,,,n-hv4-u00403,t-hv4-u00403-2
hv4-e001454,hv4-u00403,task_first,hv4:main:50,app_store,task_created,2026-08-27T10:05:12.627Z,,,n-hv4-u00403,t-hv4-u00403-3
hv4-e000782,hv4-u00222,baseline,hv4:main:50,organic_search,assigned,2026-08-27T10:42:33.736Z,,,,
hv4-e000783,hv4-u00222,baseline,hv4:main:50,organic_search,note_saved,2026-08-27T10:46:33.736Z,,,n-hv4-u00222,
hv4-e000265,hv4-u00072,baseline,hv4:main:50,paid_social,note_saved,2026-08-27T11:01:31.018Z,,,n-hv4-u00072,
hv4-e000266,hv4-u00072,baseline,hv4:main:50,paid_social,task_created,2026-08-27T11:03:31.018Z,,,n-hv4-u00072,t-hv4-u00072-1
hv4-e000267,hv4-u00072,baseline,hv4:main:50,paid_social,task_created,2026-08-27T11:04:31.018Z,,,n-hv4-u00072,t-hv4-u00072-2
hv4-e000268,hv4-u00072,baseline,hv4:main:50,paid_social,task_created,2026-08-27T11:05:31.018Z,,,n-hv4-u00072,t-hv4-u00072-3
hv4-e000147,hv4-u00039,task_first,hv4:main:50,organic_search,assigned,2026-08-27T11:26:03.849Z,,,,
hv4-e000148,hv4-u00039,task_first,hv4:main:50,organic_search,note_saved,2026-08-27T11:30:03.849Z,,,n-hv4-u00039,
hv4-e000149,hv4-u00039,task_first,hv4:main:50,organic_search,task_created,2026-08-27T11:32:03.849Z,,,n-hv4-u00039,t-hv4-u00039-1
hv4-e000150,hv4-u00039,task_first,hv4:main:50,organic_search,task_created,2026-08-27T11:33:03.849Z,,,n-hv4-u00039,t-hv4-u00039-2
hv4-e000151,hv4-u00039,task_first,hv4:main:50,organic_search,task_created,2026-08-27T11:34:03.849Z,,,n-hv4-u00039,t-hv4-u00039-3
hv4-e000627,hv4-u00175,baseline,hv4:main:50,organic_search,note_saved,2026-08-27T11:45:44.261Z,,,n-hv4-u00175,
hv4-e000628,hv4-u00175,baseline,hv4:main:50,organic_search,task_created,2026-08-27T11:47:44.261Z,,,n-hv4-u00175,t-hv4-u00175-1
hv4-e000629,hv4-u00175,baseline,hv4:main:50,organic_search,task_created,2026-08-27T11:48:44.261Z,,,n-hv4-u00175,t-hv4-u00175-2
hv4-e000007,hv4-u00003,baseline,hv4:main:50,app_store,note_saved,2026-08-27T12:18:12.707Z,,,n-hv4-u00003,
hv4-e000702,hv4-u00198,task_first,hv4:main:50,organic_search,assigned,2026-08-27T13:20:43.279Z,,,,
hv4-e000703,hv4-u00198,task_first,hv4:main:50,organic_search,note_saved,2026-08-27T13:24:43.279Z,,,n-hv4-u00198,
hv4-e000252,hv4-u00069,task_first,hv4:main:50,organic_search,assigned,2026-08-27T15:12:56.170Z,,,,
hv4-e000454,hv4-u00127,task_first,hv4:main:50,referral,assigned,2026-08-27T16:07:08.303Z,,,,
hv4-e000455,hv4-u00127,task_first,hv4:main:50,referral,note_saved,2026-08-27T16:11:08.303Z,,,n-hv4-u00127,
hv4-e001101,hv4-u00309,task_first,hv4:main:50,referral,assigned,2026-08-27T16:13:57.175Z,,,,
hv4-e000969,hv4-u00275,task_first,hv4:main:50,organic_search,assigned,2026-08-27T16:14:45.364Z,,,,
hv4-e001102,hv4-u00309,task_first,hv4:main:50,referral,note_saved,2026-08-27T16:17:57.175Z,,,n-hv4-u00309,
hv4-e000970,hv4-u00275,task_first,hv4:main:50,organic_search,note_saved,2026-08-27T16:18:45.364Z,,,n-hv4-u00275,
hv4-e001103,hv4-u00309,task_first,hv4:main:50,referral,task_created,2026-08-27T16:19:57.175Z,,,n-hv4-u00309,t-hv4-u00309-1
hv4-e000971,hv4-u00275,task_first,hv4:main:50,organic_search,task_created,2026-08-27T16:20:45.364Z,,,n-hv4-u00275,t-hv4-u00275-1
hv4-e001104,hv4-u00309,task_first,hv4:main:50,referral,task_created,2026-08-27T16:20:57.175Z,,,n-hv4-u00309,t-hv4-u00309-2
hv4-e001105,hv4-u00309,task_first,hv4:main:50,referral,task_created,2026-08-27T16:21:57.175Z,,,n-hv4-u00309,t-hv4-u00309-3
hv4-e000636,hv4-u00177,task_first,hv4:main:50,paid_social,assigned,2026-08-27T17:01:42.337Z,,,,
hv4-e000815,hv4-u00232,task_first,hv4:main:50,referral,assigned,2026-08-27T17:02:11.453Z,,,,
hv4-e000816,hv4-u00232,task_first,hv4:main:50,referral,note_saved,2026-08-27T17:06:11.453Z,,,n-hv4-u00232,
hv4-e001232,hv4-u00343,task_first,hv4:main:50,organic_search,assigned,2026-08-27T17:28:30.252Z,,,,
hv4-e001233,hv4-u00343,task_first,hv4:main:50,organic_search,note_saved,2026-08-27T17:32:30.252Z,,,n-hv4-u00343,
hv4-e001234,hv4-u00343,task_first,hv4:main:50,organic_search,task_created,2026-08-27T17:34:30.252Z,,,n-hv4-u00343,t-hv4-u00343-1
hv4-e001235,hv4-u00343,task_first,hv4:main:50,organic_search,task_created,2026-08-27T17:35:30.252Z,,,n-hv4-u00343,t-hv4-u00343-2
hv4-e001251,hv4-u00349,task_first,hv4:main:50,paid_social,assigned,2026-08-27T20:15:37.631Z,,,,
hv4-e001252,hv4-u00349,task_first,hv4:main:50,paid_social,note_saved,2026-08-27T20:19:37.631Z,,,n-hv4-u00349,
hv4-e001253,hv4-u00349,task_first,hv4:main:50,paid_social,task_created,2026-08-27T20:21:37.631Z,,,n-hv4-u00349,t-hv4-u00349-1
hv4-e001254,hv4-u00349,task_first,hv4:main:50,paid_social,task_created,2026-08-27T20:22:37.631Z,,,n-hv4-u00349,t-hv4-u00349-2
hv4-e001255,hv4-u00349,task_first,hv4:main:50,paid_social,task_created,2026-08-27T20:23:37.631Z,,,n-hv4-u00349,t-hv4-u00349-3
hv4-e000859,hv4-u00242,task_first,hv4:main:50,organic_search,assigned,2026-08-27T20:48:45.148Z,,,,
hv4-e000456,hv4-u00128,baseline,hv4:main:50,app_store,assigned,2026-08-27T21:05:52.082Z,,,,
hv4-e000457,hv4-u00128,baseline,hv4:main:50,app_store,note_saved,2026-08-27T21:09:52.082Z,,,n-hv4-u00128,
hv4-e001153,hv4-u00324,task_first,hv4:main:50,app_store,assigned,2026-08-27T22:35:58.152Z,,,,
hv4-e000337,hv4-u00094,task_first,hv4:main:50,organic_search,assigned,2026-08-27T23:30:09.869Z,,,,
hv4-e001343,hv4-u00372,task_first,hv4:main:50,paid_social,assigned,2026-08-27T23:51:27.251Z,,,,
hv4-e001344,hv4-u00372,task_first,hv4:main:50,paid_social,note_saved,2026-08-27T23:55:27.251Z,,,n-hv4-u00372,
hv4-e001363,hv4-u00379,task_first,hv4:main:50,paid_social,assigned,2026-08-28T01:23:09.806Z,,,,
hv4-e001364,hv4-u00379,task_first,hv4:main:50,paid_social,note_saved,2026-08-28T01:27:09.806Z,,,n-hv4-u00379,
hv4-e000475,hv4-u00137,task_first,hv4:main:50,paid_social,assigned,2026-08-28T02:56:16.839Z,,,,
hv4-e000476,hv4-u00137,task_first,hv4:main:50,paid_social,note_saved,2026-08-28T03:00:16.839Z,,,n-hv4-u00137,
hv4-e000477,hv4-u00137,task_first,hv4:main:50,paid_social,task_created,2026-08-28T03:02:16.839Z,,,n-hv4-u00137,t-hv4-u00137-1
hv4-e000478,hv4-u00137,task_first,hv4:main:50,paid_social,task_created,2026-08-28T03:03:16.839Z,,,n-hv4-u00137,t-hv4-u00137-2
hv4-e000479,hv4-u00137,task_first,hv4:main:50,paid_social,task_created,2026-08-28T03:04:16.839Z,,,n-hv4-u00137,t-hv4-u00137-3
hv4-e000482,hv4-u00137,task_first,hv4:main:50,paid_social,trial_started,2026-08-28T03:56:16.839Z,,,,
hv4-e000085,hv4-u00025,baseline,hv4:main:50,organic_search,note_saved,2026-08-28T04:00:35.729Z,,,n-hv4-u00025,
hv4-e000086,hv4-u00025,baseline,hv4:main:50,organic_search,task_created,2026-08-28T04:02:35.729Z,,,n-hv4-u00025,t-hv4-u00025-1
hv4-e000087,hv4-u00025,baseline,hv4:main:50,organic_search,task_created,2026-08-28T04:03:35.729Z,,,n-hv4-u00025,t-hv4-u00025-2
hv4-e000088,hv4-u00025,baseline,hv4:main:50,organic_search,task_created,2026-08-28T04:04:35.729Z,,,n-hv4-u00025,t-hv4-u00025-3
hv4-e000028,hv4-u00009,baseline,hv4:main:50,organic_search,assigned,2026-08-28T05:21:06.181Z,,,,
hv4-e001099,hv4-u00308,baseline,hv4:main:50,organic_search,assigned,2026-08-28T05:27:50.614Z,,,,
hv4-e000493,hv4-u00139,task_first,hv4:main:50,referral,assigned,2026-08-28T05:28:30.196Z,,,,
hv4-e001100,hv4-u00308,baseline,hv4:main:50,organic_search,note_saved,2026-08-28T05:31:50.614Z,,,n-hv4-u00308,
hv4-e000494,hv4-u00139,task_first,hv4:main:50,referral,note_saved,2026-08-28T05:32:30.196Z,,,n-hv4-u00139,
hv4-e000495,hv4-u00139,task_first,hv4:main:50,referral,task_created,2026-08-28T05:34:30.196Z,,,n-hv4-u00139,t-hv4-u00139-1
hv4-e000393,hv4-u00110,baseline,hv4:main:50,paid_social,assigned,2026-08-28T07:07:42.325Z,,,,
hv4-e000394,hv4-u00110,baseline,hv4:main:50,paid_social,note_saved,2026-08-28T07:11:42.325Z,,,n-hv4-u00110,
hv4-e000238,hv4-u00065,baseline,hv4:main:50,organic_search,assigned,2026-08-28T07:15:37.098Z,,,,
hv4-e001341,hv4-u00371,baseline,hv4:main:50,organic_search,assigned,2026-08-28T07:17:46.876Z,,,,
hv4-e000239,hv4-u00065,baseline,hv4:main:50,organic_search,note_saved,2026-08-28T07:19:37.098Z,,,n-hv4-u00065,
hv4-e001342,hv4-u00371,baseline,hv4:main:50,organic_search,note_saved,2026-08-28T07:21:46.876Z,,,n-hv4-u00371,
hv4-e000361,hv4-u00101,task_first,hv4:main:50,referral,assigned,2026-08-28T07:34:29.691Z,,,,
hv4-e000362,hv4-u00101,task_first,hv4:main:50,referral,note_saved,2026-08-28T07:38:29.691Z,,,n-hv4-u00101,
hv4-e000363,hv4-u00101,task_first,hv4:main:50,referral,task_created,2026-08-28T07:40:29.691Z,,,n-hv4-u00101,t-hv4-u00101-1
hv4-e000364,hv4-u00101,task_first,hv4:main:50,referral,task_created,2026-08-28T07:41:29.691Z,,,n-hv4-u00101,t-hv4-u00101-2
hv4-e001040,hv4-u00293,baseline,hv4:main:50,organic_search,assigned,2026-08-28T08:16:58.587Z,,,,
hv4-e001041,hv4-u00293,baseline,hv4:main:50,organic_search,note_saved,2026-08-28T08:20:58.587Z,,,n-hv4-u00293,
hv4-e000945,hv4-u00268,baseline,hv4:main:50,organic_search,assigned,2026-08-28T10:33:44.182Z,,,,
hv4-e000047,hv4-u00015,baseline,hv4:main:50,paid_social,assigned,2026-08-28T10:45:23.944Z,,,,
hv4-e000048,hv4-u00015,baseline,hv4:main:50,paid_social,note_saved,2026-08-28T10:49:23.944Z,,,n-hv4-u00015,
hv4-e000049,hv4-u00015,baseline,hv4:main:50,paid_social,task_created,2026-08-28T10:51:23.944Z,,,n-hv4-u00015,t-hv4-u00015-1
hv4-e000050,hv4-u00015,baseline,hv4:main:50,paid_social,task_created,2026-08-28T10:52:23.944Z,,,n-hv4-u00015,t-hv4-u00015-2
hv4-e001425,hv4-u00398,task_first,hv4:main:50,app_store,assigned,2026-08-28T10:57:15.900Z,,,,
hv4-e000784,hv4-u00223,task_first,hv4:main:50,app_store,assigned,2026-08-28T10:59:32.766Z,,,,
hv4-e001426,hv4-u00398,task_first,hv4:main:50,app_store,note_saved,2026-08-28T11:01:15.900Z,,,n-hv4-u00398,
hv4-e001427,hv4-u00398,task_first,hv4:main:50,app_store,task_created,2026-08-28T11:03:15.900Z,,,n-hv4-u00398,t-hv4-u00398-1
hv4-e000785,hv4-u00223,task_first,hv4:main:50,app_store,note_saved,2026-08-28T11:03:32.766Z,,,n-hv4-u00223,
hv4-e001428,hv4-u00398,task_first,hv4:main:50,app_store,task_created,2026-08-28T11:04:15.900Z,,,n-hv4-u00398,t-hv4-u00398-2
hv4-e001429,hv4-u00398,task_first,hv4:main:50,app_store,task_created,2026-08-28T11:05:15.900Z,,,n-hv4-u00398,t-hv4-u00398-3
hv4-e000786,hv4-u00223,task_first,hv4:main:50,app_store,task_created,2026-08-28T11:05:32.766Z,,,n-hv4-u00223,t-hv4-u00223-1
hv4-e000787,hv4-u00223,task_first,hv4:main:50,app_store,task_created,2026-08-28T11:06:32.766Z,,,n-hv4-u00223,t-hv4-u00223-2
hv4-e000788,hv4-u00223,task_first,hv4:main:50,app_store,task_created,2026-08-28T11:07:32.766Z,,,n-hv4-u00223,t-hv4-u00223-3
hv4-e000063,hv4-u00019,baseline,hv4:main:50,paid_social,assigned,2026-08-28T11:20:31.960Z,,,,
hv4-e000064,hv4-u00019,baseline,hv4:main:50,paid_social,note_saved,2026-08-28T11:24:31.960Z,,,n-hv4-u00019,
hv4-e000065,hv4-u00019,baseline,hv4:main:50,paid_social,task_created,2026-08-28T11:26:31.960Z,,,n-hv4-u00019,t-hv4-u00019-1
hv4-e000879,hv4-u00249,task_first,hv4:main:50,organic_search,assigned,2026-08-28T11:38:46.465Z,,,,
hv4-e000880,hv4-u00249,task_first,hv4:main:50,organic_search,note_saved,2026-08-28T11:42:46.465Z,,,n-hv4-u00249,
hv4-e000881,hv4-u00249,task_first,hv4:main:50,organic_search,task_created,2026-08-28T11:44:46.465Z,,,n-hv4-u00249,t-hv4-u00249-1
hv4-e000987,hv4-u00280,baseline,hv4:main:50,organic_search,assigned,2026-08-28T13:55:23.353Z,,,,
hv4-e001136,hv4-u00320,baseline,hv4:main:50,organic_search,assigned,2026-08-28T14:58:44.118Z,,,,
hv4-e001137,hv4-u00320,baseline,hv4:main:50,organic_search,note_saved,2026-08-28T15:02:44.118Z,,,n-hv4-u00320,
hv4-e001138,hv4-u00320,baseline,hv4:main:50,organic_search,task_created,2026-08-28T15:04:44.118Z,,,n-hv4-u00320,t-hv4-u00320-1
hv4-e001139,hv4-u00320,baseline,hv4:main:50,organic_search,task_created,2026-08-28T15:05:44.118Z,,,n-hv4-u00320,t-hv4-u00320-2
hv4-e000972,hv4-u00275,task_first,hv4:main:50,organic_search,revisited,2026-08-28T16:44:45.364Z,,,n-hv4-u00275,
hv4-e000973,hv4-u00275,task_first,hv4:main:50,organic_search,task_completed,2026-08-28T16:49:45.364Z,,,n-hv4-u00275,t-hv4-u00275-1
hv4-e001423,hv4-u00397,baseline,hv4:main:50,app_store,assigned,2026-08-28T18:32:46.465Z,,,,
hv4-e001424,hv4-u00397,baseline,hv4:main:50,app_store,note_saved,2026-08-28T18:36:46.465Z,,,n-hv4-u00397,
hv4-e001458,hv4-u00405,baseline,hv4:main:50,paid_social,assigned,2026-08-28T18:38:31.213Z,,,,
hv4-e001459,hv4-u00405,baseline,hv4:main:50,paid_social,note_saved,2026-08-28T18:42:31.213Z,,,n-hv4-u00405,
hv4-e000473,hv4-u00136,baseline,hv4:main:50,paid_social,assigned,2026-08-28T21:16:05.749Z,,,,
hv4-e000587,hv4-u00164,baseline,hv4:main:50,organic_search,assigned,2026-08-28T21:48:21.256Z,,,,
hv4-e000458,hv4-u00128,baseline,hv4:main:50,app_store,trial_started,2026-08-28T22:05:52.082Z,,,,
hv4-e001227,hv4-u00341,baseline,hv4:main:50,organic_search,note_saved,2026-08-28T22:40:23.778Z,,,n-hv4-u00341,
hv4-e001228,hv4-u00341,baseline,hv4:main:50,organic_search,task_created,2026-08-28T22:42:23.778Z,,,n-hv4-u00341,t-hv4-u00341-1
hv4-e000308,hv4-u00085,baseline,hv4:main:50,paid_social,assigned,2026-08-28T23:06:15.622Z,,,,
hv4-e000309,hv4-u00085,baseline,hv4:main:50,paid_social,note_saved,2026-08-28T23:10:15.622Z,,,n-hv4-u00085,
hv4-e000310,hv4-u00085,baseline,hv4:main:50,paid_social,task_created,2026-08-28T23:12:15.622Z,,,n-hv4-u00085,t-hv4-u00085-1
hv4-e000311,hv4-u00085,baseline,hv4:main:50,paid_social,task_created,2026-08-28T23:13:15.622Z,,,n-hv4-u00085,t-hv4-u00085-2
hv4-e000169,hv4-u00047,baseline,hv4:main:50,paid_social,note_saved,2026-08-29T00:40:08.673Z,,,n-hv4-u00047,
hv4-e000170,hv4-u00047,baseline,hv4:main:50,paid_social,task_created,2026-08-29T00:42:08.673Z,,,n-hv4-u00047,t-hv4-u00047-1
hv4-e000387,hv4-u00108,baseline,hv4:main:50,organic_search,assigned,2026-08-29T01:50:48.562Z,,,,
hv4-e000388,hv4-u00108,baseline,hv4:main:50,organic_search,note_saved,2026-08-29T01:54:48.562Z,,,n-hv4-u00108,
hv4-e001295,hv4-u00358,task_first,hv4:main:50,paid_social,assigned,2026-08-29T02:15:41.235Z,,,,
hv4-e001296,hv4-u00358,task_first,hv4:main:50,paid_social,note_saved,2026-08-29T02:19:41.235Z,,,n-hv4-u00358,
hv4-e001297,hv4-u00358,task_first,hv4:main:50,paid_social,task_created,2026-08-29T02:21:41.235Z,,,n-hv4-u00358,t-hv4-u00358-1
hv4-e001298,hv4-u00358,task_first,hv4:main:50,paid_social,task_created,2026-08-29T02:22:41.235Z,,,n-hv4-u00358,t-hv4-u00358-2
hv4-e000106,hv4-u00029,task_first,hv4:main:50,organic_search,assigned,2026-08-29T02:35:04.955Z,,,,
hv4-e000808,hv4-u00229,task_first,hv4:main:50,app_store,assigned,2026-08-29T02:35:29.619Z,,,,
hv4-e000107,hv4-u00029,task_first,hv4:main:50,organic_search,note_saved,2026-08-29T02:39:04.955Z,,,n-hv4-u00029,
hv4-e000447,hv4-u00125,baseline,hv4:main:50,app_store,assigned,2026-08-29T03:41:29.564Z,,,,
hv4-e000448,hv4-u00125,baseline,hv4:main:50,app_store,note_saved,2026-08-29T03:45:29.564Z,,,n-hv4-u00125,
hv4-e000404,hv4-u00114,task_first,hv4:main:50,app_store,assigned,2026-08-29T04:52:58.515Z,,,,
hv4-e000405,hv4-u00114,task_first,hv4:main:50,app_store,note_saved,2026-08-29T04:56:58.515Z,,,n-hv4-u00114,
hv4-e000406,hv4-u00114,task_first,hv4:main:50,app_store,task_created,2026-08-29T04:58:58.515Z,,,n-hv4-u00114,t-hv4-u00114-1
hv4-e000407,hv4-u00114,task_first,hv4:main:50,app_store,task_created,2026-08-29T04:59:58.515Z,,,n-hv4-u00114,t-hv4-u00114-2
hv4-e001478,hv4-u00412,task_first,hv4:main:50,referral,assigned,2026-08-29T05:03:51.055Z,,,,
hv4-e001479,hv4-u00412,task_first,hv4:main:50,referral,note_saved,2026-08-29T05:07:51.055Z,,,n-hv4-u00412,
hv4-e001480,hv4-u00412,task_first,hv4:main:50,referral,task_created,2026-08-29T05:09:51.055Z,,,n-hv4-u00412,t-hv4-u00412-1
hv4-e001336,hv4-u00369,baseline,hv4:main:50,organic_search,note_saved,2026-08-29T05:27:19.364Z,,,n-hv4-u00369,
hv4-e000496,hv4-u00139,task_first,hv4:main:50,referral,revisited,2026-08-29T05:28:30.196Z,,,n-hv4-u00139,
hv4-e001337,hv4-u00369,baseline,hv4:main:50,organic_search,task_created,2026-08-29T05:29:19.364Z,,,n-hv4-u00369,t-hv4-u00369-1
hv4-e001338,hv4-u00369,baseline,hv4:main:50,organic_search,task_created,2026-08-29T05:30:19.364Z,,,n-hv4-u00369,t-hv4-u00369-2
hv4-e001339,hv4-u00369,baseline,hv4:main:50,organic_search,task_created,2026-08-29T05:31:19.364Z,,,n-hv4-u00369,t-hv4-u00369-3
hv4-e000510,hv4-u00143,baseline,hv4:main:50,referral,assigned,2026-08-29T06:02:44.863Z,,,,
hv4-e000511,hv4-u00143,baseline,hv4:main:50,referral,note_saved,2026-08-29T06:06:44.863Z,,,n-hv4-u00143,
hv4-e000512,hv4-u00143,baseline,hv4:main:50,referral,task_created,2026-08-29T06:08:44.863Z,,,n-hv4-u00143,t-hv4-u00143-1
hv4-e000513,hv4-u00143,baseline,hv4:main:50,referral,task_created,2026-08-29T06:09:44.863Z,,,n-hv4-u00143,t-hv4-u00143-2
hv4-e000275,hv4-u00074,task_first,hv4:main:50,referral,assigned,2026-08-29T06:38:22.087Z,,,,
hv4-e000680,hv4-u00194,baseline,hv4:main:50,organic_search,note_saved,2026-08-29T06:41:08.871Z,,,n-hv4-u00194,
hv4-e000276,hv4-u00074,task_first,hv4:main:50,referral,note_saved,2026-08-29T06:42:22.087Z,,,n-hv4-u00074,
hv4-e000681,hv4-u00194,baseline,hv4:main:50,organic_search,task_created,2026-08-29T06:43:08.871Z,,,n-hv4-u00194,t-hv4-u00194-1
hv4-e000682,hv4-u00194,baseline,hv4:main:50,organic_search,task_created,2026-08-29T06:44:08.871Z,,,n-hv4-u00194,t-hv4-u00194-2
hv4-e000683,hv4-u00194,baseline,hv4:main:50,organic_search,task_created,2026-08-29T06:45:08.871Z,,,n-hv4-u00194,t-hv4-u00194-3
hv4-e001316,hv4-u00363,baseline,hv4:main:50,paid_social,assigned,2026-08-29T07:22:32.937Z,,,,
hv4-e001317,hv4-u00363,baseline,hv4:main:50,paid_social,note_saved,2026-08-29T07:26:32.937Z,,,n-hv4-u00363,
hv4-e000631,hv4-u00176,baseline,hv4:main:50,organic_search,assigned,2026-08-29T08:33:33.510Z,,,,
hv4-e000632,hv4-u00176,baseline,hv4:main:50,organic_search,note_saved,2026-08-29T08:37:33.510Z,,,n-hv4-u00176,
hv4-e000633,hv4-u00176,baseline,hv4:main:50,organic_search,task_created,2026-08-29T08:39:33.510Z,,,n-hv4-u00176,t-hv4-u00176-1
hv4-e000634,hv4-u00176,baseline,hv4:main:50,organic_search,task_created,2026-08-29T08:40:33.510Z,,,n-hv4-u00176,t-hv4-u00176-2
hv4-e000635,hv4-u00176,baseline,hv4:main:50,organic_search,task_created,2026-08-29T08:41:33.510Z,,,n-hv4-u00176,t-hv4-u00176-3
hv4-e000964,hv4-u00273,baseline,hv4:main:50,referral,assigned,2026-08-29T09:00:52.395Z,,,,
hv4-e000965,hv4-u00273,baseline,hv4:main:50,referral,note_saved,2026-08-29T09:04:52.395Z,,,n-hv4-u00273,
hv4-e000737,hv4-u00208,baseline,hv4:main:50,app_store,note_saved,2026-08-29T09:46:25.274Z,,,n-hv4-u00208,
hv4-e000738,hv4-u00208,baseline,hv4:main:50,app_store,task_created,2026-08-29T09:48:25.274Z,,,n-hv4-u00208,t-hv4-u00208-1
hv4-e000739,hv4-u00208,baseline,hv4:main:50,app_store,task_created,2026-08-29T09:49:25.274Z,,,n-hv4-u00208,t-hv4-u00208-2
hv4-e000740,hv4-u00208,baseline,hv4:main:50,app_store,task_created,2026-08-29T09:50:25.274Z,,,n-hv4-u00208,t-hv4-u00208-3
hv4-e000604,hv4-u00170,baseline,hv4:main:50,organic_search,assigned,2026-08-29T09:56:26.347Z,,,,
hv4-e000605,hv4-u00170,baseline,hv4:main:50,organic_search,note_saved,2026-08-29T10:00:26.347Z,,,n-hv4-u00170,
hv4-e000606,hv4-u00170,baseline,hv4:main:50,organic_search,task_created,2026-08-29T10:02:26.347Z,,,n-hv4-u00170,t-hv4-u00170-1
hv4-e000051,hv4-u00015,baseline,hv4:main:50,paid_social,revisited,2026-08-29T10:45:23.944Z,,,n-hv4-u00015,
hv4-e000630,hv4-u00175,baseline,hv4:main:50,organic_search,revisited,2026-08-29T11:41:44.261Z,,,n-hv4-u00175,
hv4-e000152,hv4-u00039,task_first,hv4:main:50,organic_search,trial_started,2026-08-29T12:26:03.849Z,,,,
hv4-e000226,hv4-u00062,task_first,hv4:main:50,paid_social,assigned,2026-08-29T12:47:20.374Z,,,,
hv4-e000171,hv4-u00048,task_first,hv4:main:50,app_store,assigned,2026-08-29T12:48:28.514Z,,,,
hv4-e000227,hv4-u00062,task_first,hv4:main:50,paid_social,note_saved,2026-08-29T12:51:20.374Z,,,n-hv4-u00062,
hv4-e000228,hv4-u00062,task_first,hv4:main:50,paid_social,task_created,2026-08-29T12:53:20.374Z,,,n-hv4-u00062,t-hv4-u00062-1
hv4-e001202,hv4-u00337,task_first,hv4:main:50,organic_search,assigned,2026-08-29T13:43:53.383Z,,,,
hv4-e000229,hv4-u00062,task_first,hv4:main:50,paid_social,trial_started,2026-08-29T13:47:20.374Z,,,,
hv4-e001203,hv4-u00337,task_first,hv4:main:50,organic_search,note_saved,2026-08-29T13:47:53.383Z,,,n-hv4-u00337,
hv4-e001204,hv4-u00337,task_first,hv4:main:50,organic_search,task_created,2026-08-29T13:49:53.383Z,,,n-hv4-u00337,t-hv4-u00337-1
hv4-e001205,hv4-u00337,task_first,hv4:main:50,organic_search,task_created,2026-08-29T13:50:53.383Z,,,n-hv4-u00337,t-hv4-u00337-2
hv4-e000938,hv4-u00265,baseline,hv4:main:50,organic_search,assigned,2026-08-29T14:32:16.884Z,,,,
hv4-e000939,hv4-u00265,baseline,hv4:main:50,organic_search,note_saved,2026-08-29T14:36:16.884Z,,,n-hv4-u00265,
hv4-e000940,hv4-u00265,baseline,hv4:main:50,organic_search,task_created,2026-08-29T14:38:16.884Z,,,n-hv4-u00265,t-hv4-u00265-1
hv4-e000941,hv4-u00265,baseline,hv4:main:50,organic_search,task_created,2026-08-29T14:39:16.884Z,,,n-hv4-u00265,t-hv4-u00265-2
hv4-e000040,hv4-u00012,baseline,hv4:main:50,paid_social,note_saved,2026-08-29T14:44:09.423Z,,,n-hv4-u00012,
hv4-e000041,hv4-u00012,baseline,hv4:main:50,paid_social,trial_started,2026-08-29T15:40:09.423Z,,,,
hv4-e001319,hv4-u00364,task_first,hv4:main:50,paid_social,assigned,2026-08-29T16:35:27.785Z,,,,
hv4-e000732,hv4-u00207,baseline,hv4:main:50,organic_search,assigned,2026-08-29T16:39:50.566Z,,,,
hv4-e000733,hv4-u00207,baseline,hv4:main:50,organic_search,note_saved,2026-08-29T16:43:50.566Z,,,n-hv4-u00207,
hv4-e000734,hv4-u00207,baseline,hv4:main:50,organic_search,task_created,2026-08-29T16:45:50.566Z,,,n-hv4-u00207,t-hv4-u00207-1
hv4-e000735,hv4-u00207,baseline,hv4:main:50,organic_search,task_created,2026-08-29T16:46:50.566Z,,,n-hv4-u00207,t-hv4-u00207-2
hv4-e000001,hv4-u00001,task_first,hv4:main:50,app_store,assigned,2026-08-29T18:29:50.177Z,,,,
hv4-e000002,hv4-u00001,task_first,hv4:main:50,app_store,note_saved,2026-08-29T18:33:50.177Z,,,n-hv4-u00001,
hv4-e000289,hv4-u00078,baseline,hv4:main:50,organic_search,note_saved,2026-08-29T18:47:06.508Z,,,n-hv4-u00078,
hv4-e000290,hv4-u00078,baseline,hv4:main:50,organic_search,task_created,2026-08-29T18:49:06.508Z,,,n-hv4-u00078,t-hv4-u00078-1
hv4-e000662,hv4-u00188,task_first,hv4:main:50,organic_search,assigned,2026-08-29T18:55:10.105Z,,,,
hv4-e000663,hv4-u00188,task_first,hv4:main:50,organic_search,note_saved,2026-08-29T18:59:10.105Z,,,n-hv4-u00188,
hv4-e001109,hv4-u00312,task_first,hv4:main:50,app_store,assigned,2026-08-29T20:41:15.084Z,,,,
hv4-e001110,hv4-u00312,task_first,hv4:main:50,app_store,note_saved,2026-08-29T20:45:15.084Z,,,n-hv4-u00312,
hv4-e001111,hv4-u00312,task_first,hv4:main:50,app_store,task_created,2026-08-29T20:47:15.084Z,,,n-hv4-u00312,t-hv4-u00312-1
hv4-e000428,hv4-u00120,task_first,hv4:main:50,organic_search,assigned,2026-08-29T22:28:20.378Z,,,,
hv4-e000429,hv4-u00120,task_first,hv4:main:50,organic_search,note_saved,2026-08-29T22:32:20.378Z,,,n-hv4-u00120,
hv4-e000430,hv4-u00120,task_first,hv4:main:50,organic_search,task_created,2026-08-29T22:34:20.378Z,,,n-hv4-u00120,t-hv4-u00120-1
hv4-e000431,hv4-u00120,task_first,hv4:main:50,organic_search,task_created,2026-08-29T22:35:20.378Z,,,n-hv4-u00120,t-hv4-u00120-2
hv4-e000432,hv4-u00120,task_first,hv4:main:50,organic_search,task_created,2026-08-29T22:36:20.378Z,,,n-hv4-u00120,t-hv4-u00120-3
hv4-e000338,hv4-u00094,task_first,hv4:main:50,organic_search,revisited,2026-08-29T23:30:09.869Z,,,n-hv4-u00094,
hv4-e001124,hv4-u00316,task_first,hv4:main:50,organic_search,assigned,2026-08-30T00:04:20.819Z,,,,
hv4-e001125,hv4-u00316,task_first,hv4:main:50,organic_search,note_saved,2026-08-30T00:08:20.819Z,,,n-hv4-u00316,
hv4-e000796,hv4-u00225,task_first,hv4:main:50,paid_social,assigned,2026-08-30T00:21:33.609Z,,,,
hv4-e000471,hv4-u00135,baseline,hv4:main:50,referral,assigned,2026-08-30T01:43:24.658Z,,,,
hv4-e001085,hv4-u00304,baseline,hv4:main:50,organic_search,note_saved,2026-08-30T02:06:02.809Z,,,n-hv4-u00304,
hv4-e001086,hv4-u00304,baseline,hv4:main:50,organic_search,task_created,2026-08-30T02:08:02.809Z,,,n-hv4-u00304,t-hv4-u00304-1
hv4-e000574,hv4-u00160,baseline,hv4:main:50,referral,assigned,2026-08-30T02:19:37.381Z,,,,
hv4-e000575,hv4-u00160,baseline,hv4:main:50,referral,note_saved,2026-08-30T02:23:37.381Z,,,n-hv4-u00160,
hv4-e000610,hv4-u00171,baseline,hv4:main:50,paid_social,note_saved,2026-08-30T02:26:31.602Z,,,n-hv4-u00171,
hv4-e000611,hv4-u00171,baseline,hv4:main:50,paid_social,task_created,2026-08-30T02:28:31.602Z,,,n-hv4-u00171,t-hv4-u00171-1
hv4-e000612,hv4-u00171,baseline,hv4:main:50,paid_social,task_created,2026-08-30T02:29:31.602Z,,,n-hv4-u00171,t-hv4-u00171-2
hv4-e000613,hv4-u00171,baseline,hv4:main:50,paid_social,task_created,2026-08-30T02:30:31.602Z,,,n-hv4-u00171,t-hv4-u00171-3
hv4-e000863,hv4-u00245,task_first,hv4:main:50,app_store,assigned,2026-08-30T02:44:46.566Z,,,,
hv4-e000864,hv4-u00245,task_first,hv4:main:50,app_store,note_saved,2026-08-30T02:48:46.566Z,,,n-hv4-u00245,
hv4-e000865,hv4-u00245,task_first,hv4:main:50,app_store,task_created,2026-08-30T02:50:46.566Z,,,n-hv4-u00245,t-hv4-u00245-1
hv4-e001193,hv4-u00335,baseline,hv4:main:50,paid_social,assigned,2026-08-30T02:51:44.119Z,,,,
hv4-e000866,hv4-u00245,task_first,hv4:main:50,app_store,task_created,2026-08-30T02:51:46.566Z,,,n-hv4-u00245,t-hv4-u00245-2
hv4-e001194,hv4-u00335,baseline,hv4:main:50,paid_social,note_saved,2026-08-30T02:55:44.119Z,,,n-hv4-u00335,
hv4-e001195,hv4-u00335,baseline,hv4:main:50,paid_social,task_created,2026-08-30T02:57:44.119Z,,,n-hv4-u00335,t-hv4-u00335-1
hv4-e001196,hv4-u00335,baseline,hv4:main:50,paid_social,task_created,2026-08-30T02:58:44.119Z,,,n-hv4-u00335,t-hv4-u00335-2
hv4-e001340,hv4-u00370,baseline,hv4:main:50,app_store,assigned,2026-08-30T03:17:16.762Z,,,,
hv4-e000412,hv4-u00117,baseline,hv4:main:50,paid_social,assigned,2026-08-30T04:11:02.146Z,,,,
hv4-e000413,hv4-u00117,baseline,hv4:main:50,paid_social,note_saved,2026-08-30T04:15:02.146Z,,,n-hv4-u00117,
hv4-e000414,hv4-u00117,baseline,hv4:main:50,paid_social,task_created,2026-08-30T04:17:02.146Z,,,n-hv4-u00117,t-hv4-u00117-1
hv4-e000415,hv4-u00117,baseline,hv4:main:50,paid_social,task_created,2026-08-30T04:18:02.146Z,,,n-hv4-u00117,t-hv4-u00117-2
hv4-e000776,hv4-u00220,baseline,hv4:main:50,app_store,assigned,2026-08-30T05:01:14.152Z,,,,
hv4-e000777,hv4-u00220,baseline,hv4:main:50,app_store,note_saved,2026-08-30T05:05:14.152Z,,,n-hv4-u00220,
hv4-e000515,hv4-u00144,baseline,hv4:main:50,paid_social,note_saved,2026-08-30T05:05:58.633Z,,,n-hv4-u00144,
hv4-e000778,hv4-u00220,baseline,hv4:main:50,app_store,task_created,2026-08-30T05:07:14.152Z,,,n-hv4-u00220,t-hv4-u00220-1
hv4-e000516,hv4-u00144,baseline,hv4:main:50,paid_social,task_created,2026-08-30T05:07:58.633Z,,,n-hv4-u00144,t-hv4-u00144-1
hv4-e000779,hv4-u00220,baseline,hv4:main:50,app_store,task_created,2026-08-30T05:08:14.152Z,,,n-hv4-u00220,t-hv4-u00220-2
hv4-e000517,hv4-u00144,baseline,hv4:main:50,paid_social,task_created,2026-08-30T05:08:58.633Z,,,n-hv4-u00144,t-hv4-u00144-2
hv4-e000819,hv4-u00233,task_first,hv4:main:50,organic_search,assigned,2026-08-30T05:09:56.581Z,,,,
hv4-e000029,hv4-u00009,baseline,hv4:main:50,organic_search,revisited,2026-08-30T05:21:06.181Z,,,n-hv4-u00009,
hv4-e000204,hv4-u00058,task_first,hv4:main:50,referral,assigned,2026-08-30T07:20:24.831Z,,,,
hv4-e000205,hv4-u00058,task_first,hv4:main:50,referral,note_saved,2026-08-30T07:24:24.831Z,,,n-hv4-u00058,
hv4-e000206,hv4-u00058,task_first,hv4:main:50,referral,task_created,2026-08-30T07:26:24.831Z,,,n-hv4-u00058,t-hv4-u00058-1
hv4-e000207,hv4-u00058,task_first,hv4:main:50,referral,task_created,2026-08-30T07:27:24.831Z,,,n-hv4-u00058,t-hv4-u00058-2
hv4-e000395,hv4-u00110,baseline,hv4:main:50,paid_social,trial_started,2026-08-30T08:07:42.325Z,,,,
hv4-e000193,hv4-u00055,task_first,hv4:main:50,referral,assigned,2026-08-30T08:09:57.859Z,,,,
hv4-e000194,hv4-u00055,task_first,hv4:main:50,referral,note_saved,2026-08-30T08:13:57.859Z,,,n-hv4-u00055,
hv4-e000195,hv4-u00055,task_first,hv4:main:50,referral,task_created,2026-08-30T08:15:57.859Z,,,n-hv4-u00055,t-hv4-u00055-1
hv4-e001318,hv4-u00363,baseline,hv4:main:50,paid_social,trial_started,2026-08-30T08:22:32.937Z,,,,
hv4-e000913,hv4-u00257,task_first,hv4:main:50,organic_search,assigned,2026-08-30T08:29:01.016Z,,,,
hv4-e000914,hv4-u00257,task_first,hv4:main:50,organic_search,note_saved,2026-08-30T08:33:01.016Z,,,n-hv4-u00257,
hv4-e000367,hv4-u00101,task_first,hv4:main:50,referral,trial_started,2026-08-30T08:34:29.691Z,,,,
hv4-e000915,hv4-u00257,task_first,hv4:main:50,organic_search,task_created,2026-08-30T08:35:01.016Z,,,n-hv4-u00257,t-hv4-u00257-1
hv4-e000916,hv4-u00257,task_first,hv4:main:50,organic_search,task_created,2026-08-30T08:36:01.016Z,,,n-hv4-u00257,t-hv4-u00257-2
hv4-e000545,hv4-u00154,task_first,hv4:main:50,app_store,assigned,2026-08-30T08:36:40.180Z,,,,
hv4-e000546,hv4-u00154,task_first,hv4:main:50,app_store,note_saved,2026-08-30T08:40:40.180Z,,,n-hv4-u00154,
hv4-e000547,hv4-u00154,task_first,hv4:main:50,app_store,task_created,2026-08-30T08:42:40.180Z,,,n-hv4-u00154,t-hv4-u00154-1
hv4-e000548,hv4-u00154,task_first,hv4:main:50,app_store,task_created,2026-08-30T08:43:40.180Z,,,n-hv4-u00154,t-hv4-u00154-2
hv4-e000549,hv4-u00154,task_first,hv4:main:50,app_store,task_created,2026-08-30T08:44:40.180Z,,,n-hv4-u00154,t-hv4-u00154-3
hv4-e000720,hv4-u00204,baseline,hv4:main:50,app_store,assigned,2026-08-30T08:56:19.552Z,,,,
hv4-e000721,hv4-u00204,baseline,hv4:main:50,app_store,note_saved,2026-08-30T09:00:19.552Z,,,n-hv4-u00204,
hv4-e000722,hv4-u00204,baseline,hv4:main:50,app_store,task_created,2026-08-30T09:02:19.552Z,,,n-hv4-u00204,t-hv4-u00204-1
hv4-e000723,hv4-u00204,baseline,hv4:main:50,app_store,task_created,2026-08-30T09:03:19.552Z,,,n-hv4-u00204,t-hv4-u00204-2
hv4-e000724,hv4-u00204,baseline,hv4:main:50,app_store,task_created,2026-08-30T09:04:19.552Z,,,n-hv4-u00204,t-hv4-u00204-3
hv4-e000269,hv4-u00072,baseline,hv4:main:50,paid_social,revisited,2026-08-30T10:57:31.018Z,,,n-hv4-u00072,
hv4-e000464,hv4-u00132,baseline,hv4:main:50,paid_social,assigned,2026-08-30T11:07:05.876Z,,,,
hv4-e000465,hv4-u00132,baseline,hv4:main:50,paid_social,note_saved,2026-08-30T11:11:05.876Z,,,n-hv4-u00132,
hv4-e000125,hv4-u00034,task_first,hv4:main:50,referral,assigned,2026-08-30T11:40:41.291Z,,,,
hv4-e000126,hv4-u00034,task_first,hv4:main:50,referral,note_saved,2026-08-30T11:44:41.291Z,,,n-hv4-u00034,
hv4-e000127,hv4-u00034,task_first,hv4:main:50,referral,task_created,2026-08-30T11:46:41.291Z,,,n-hv4-u00034,t-hv4-u00034-1
hv4-e000128,hv4-u00034,task_first,hv4:main:50,referral,task_created,2026-08-30T11:47:41.291Z,,,n-hv4-u00034,t-hv4-u00034-2
hv4-e000129,hv4-u00034,task_first,hv4:main:50,referral,task_created,2026-08-30T11:48:41.291Z,,,n-hv4-u00034,t-hv4-u00034-3
hv4-e000172,hv4-u00048,task_first,hv4:main:50,app_store,revisited,2026-08-30T12:48:28.514Z,,,n-hv4-u00048,
hv4-e000821,hv4-u00234,task_first,hv4:main:50,app_store,assigned,2026-08-30T14:09:09.483Z,,,,
hv4-e000822,hv4-u00234,task_first,hv4:main:50,app_store,note_saved,2026-08-30T14:13:09.483Z,,,n-hv4-u00234,
hv4-e000823,hv4-u00234,task_first,hv4:main:50,app_store,task_created,2026-08-30T14:15:09.483Z,,,n-hv4-u00234,t-hv4-u00234-1
hv4-e000824,hv4-u00234,task_first,hv4:main:50,app_store,task_created,2026-08-30T14:16:09.483Z,,,n-hv4-u00234,t-hv4-u00234-2
hv4-e001206,hv4-u00337,task_first,hv4:main:50,organic_search,trial_started,2026-08-30T14:43:53.383Z,,,,
hv4-e000089,hv4-u00026,task_first,hv4:main:50,organic_search,assigned,2026-08-30T15:19:00.182Z,,,,
hv4-e000090,hv4-u00026,task_first,hv4:main:50,organic_search,note_saved,2026-08-30T15:23:00.182Z,,,n-hv4-u00026,
hv4-e000091,hv4-u00026,task_first,hv4:main:50,organic_search,task_created,2026-08-30T15:25:00.182Z,,,n-hv4-u00026,t-hv4-u00026-1
hv4-e000092,hv4-u00026,task_first,hv4:main:50,organic_search,task_created,2026-08-30T15:26:00.182Z,,,n-hv4-u00026,t-hv4-u00026-2
hv4-e000093,hv4-u00026,task_first,hv4:main:50,organic_search,task_created,2026-08-30T15:27:00.182Z,,,n-hv4-u00026,t-hv4-u00026-3
hv4-e000957,hv4-u00271,task_first,hv4:main:50,organic_search,assigned,2026-08-30T16:15:19.821Z,,,,
hv4-e000958,hv4-u00271,task_first,hv4:main:50,organic_search,note_saved,2026-08-30T16:19:19.821Z,,,n-hv4-u00271,
hv4-e000959,hv4-u00271,task_first,hv4:main:50,organic_search,task_created,2026-08-30T16:21:19.821Z,,,n-hv4-u00271,t-hv4-u00271-1
hv4-e000960,hv4-u00271,task_first,hv4:main:50,organic_search,task_created,2026-08-30T16:22:19.821Z,,,n-hv4-u00271,t-hv4-u00271-2
hv4-e001324,hv4-u00366,baseline,hv4:main:50,referral,note_saved,2026-08-30T17:13:16.972Z,,,n-hv4-u00366,
hv4-e000081,hv4-u00024,baseline,hv4:main:50,organic_search,assigned,2026-08-30T17:51:25.891Z,,,,
hv4-e000082,hv4-u00024,baseline,hv4:main:50,organic_search,note_saved,2026-08-30T17:55:25.891Z,,,n-hv4-u00024,
hv4-e000083,hv4-u00024,baseline,hv4:main:50,organic_search,task_created,2026-08-30T17:57:25.891Z,,,n-hv4-u00024,t-hv4-u00024-1
hv4-e001236,hv4-u00343,task_first,hv4:main:50,organic_search,revisited,2026-08-30T17:58:30.252Z,,,n-hv4-u00343,
hv4-e000817,hv4-u00232,task_first,hv4:main:50,referral,trial_started,2026-08-30T18:02:11.453Z,,,,
hv4-e001237,hv4-u00343,task_first,hv4:main:50,organic_search,task_completed,2026-08-30T18:03:30.252Z,,,n-hv4-u00343,t-hv4-u00343-1
hv4-e001460,hv4-u00405,baseline,hv4:main:50,paid_social,trial_started,2026-08-30T19:38:31.213Z,,,,
hv4-e001024,hv4-u00289,task_first,hv4:main:50,organic_search,assigned,2026-08-30T20:22:11.998Z,,,,
hv4-e000398,hv4-u00112,task_first,hv4:main:50,paid_social,assigned,2026-08-30T20:23:35.638Z,,,,
hv4-e001025,hv4-u00289,task_first,hv4:main:50,organic_search,note_saved,2026-08-30T20:26:11.998Z,,,n-hv4-u00289,
hv4-e000399,hv4-u00112,task_first,hv4:main:50,paid_social,note_saved,2026-08-30T20:27:35.638Z,,,n-hv4-u00112,
hv4-e001026,hv4-u00289,task_first,hv4:main:50,organic_search,task_created,2026-08-30T20:28:11.998Z,,,n-hv4-u00289,t-hv4-u00289-1
hv4-e001112,hv4-u00312,task_first,hv4:main:50,app_store,revisited,2026-08-30T21:11:15.084Z,,,n-hv4-u00312,
hv4-e001113,hv4-u00312,task_first,hv4:main:50,app_store,task_completed,2026-08-30T21:16:15.084Z,,,n-hv4-u00312,t-hv4-u00312-1
hv4-e000576,hv4-u00161,baseline,hv4:main:50,app_store,assigned,2026-08-30T21:36:27.042Z,,,,
hv4-e000577,hv4-u00161,baseline,hv4:main:50,app_store,note_saved,2026-08-30T21:40:27.042Z,,,n-hv4-u00161,
hv4-e000578,hv4-u00161,baseline,hv4:main:50,app_store,task_created,2026-08-30T21:42:27.042Z,,,n-hv4-u00161,t-hv4-u00161-1
hv4-e000974,hv4-u00276,task_first,hv4:main:50,organic_search,assigned,2026-08-30T21:53:07.014Z,,,,
hv4-e000975,hv4-u00276,task_first,hv4:main:50,organic_search,note_saved,2026-08-30T21:57:07.014Z,,,n-hv4-u00276,
hv4-e000976,hv4-u00276,task_first,hv4:main:50,organic_search,task_created,2026-08-30T21:59:07.014Z,,,n-hv4-u00276,t-hv4-u00276-1
hv4-e001374,hv4-u00383,task_first,hv4:main:50,app_store,assigned,2026-08-30T22:15:17.929Z,,,,
hv4-e001375,hv4-u00383,task_first,hv4:main:50,app_store,note_saved,2026-08-30T22:19:17.929Z,,,n-hv4-u00383,
hv4-e001376,hv4-u00383,task_first,hv4:main:50,app_store,task_created,2026-08-30T22:21:17.929Z,,,n-hv4-u00383,t-hv4-u00383-1
hv4-e001377,hv4-u00383,task_first,hv4:main:50,app_store,task_created,2026-08-30T22:22:17.929Z,,,n-hv4-u00383,t-hv4-u00383-2
hv4-e001378,hv4-u00383,task_first,hv4:main:50,app_store,task_created,2026-08-30T22:23:17.929Z,,,n-hv4-u00383,t-hv4-u00383-3
hv4-e000677,hv4-u00192,task_first,hv4:main:50,referral,assigned,2026-08-30T23:25:12.124Z,,,,
hv4-e000352,hv4-u00098,task_first,hv4:main:50,app_store,assigned,2026-08-31T00:08:46.516Z,,,,
hv4-e000353,hv4-u00098,task_first,hv4:main:50,app_store,note_saved,2026-08-31T00:12:46.516Z,,,n-hv4-u00098,
hv4-e000354,hv4-u00098,task_first,hv4:main:50,app_store,task_created,2026-08-31T00:14:46.516Z,,,n-hv4-u00098,t-hv4-u00098-1
hv4-e000444,hv4-u00124,baseline,hv4:main:50,app_store,note_saved,2026-08-31T01:06:33.317Z,,,n-hv4-u00124,
hv4-e000870,hv4-u00246,baseline,hv4:main:50,paid_social,assigned,2026-08-31T01:09:53.662Z,,,,
hv4-e001140,hv4-u00321,baseline,hv4:main:50,organic_search,assigned,2026-08-31T01:33:49.742Z,,,,
hv4-e001141,hv4-u00321,baseline,hv4:main:50,organic_search,note_saved,2026-08-31T01:37:49.742Z,,,n-hv4-u00321,
hv4-e000445,hv4-u00124,baseline,hv4:main:50,app_store,trial_started,2026-08-31T02:02:33.317Z,,,,
hv4-e001314,hv4-u00362,baseline,hv4:main:50,organic_search,assigned,2026-08-31T02:25:02.986Z,,,,
hv4-e001315,hv4-u00362,baseline,hv4:main:50,organic_search,note_saved,2026-08-31T02:29:02.986Z,,,n-hv4-u00362,
hv4-e001256,hv4-u00350,baseline,hv4:main:50,referral,assigned,2026-08-31T02:36:31.267Z,,,,
hv4-e001257,hv4-u00350,baseline,hv4:main:50,referral,note_saved,2026-08-31T02:40:31.267Z,,,n-hv4-u00350,
hv4-e001258,hv4-u00350,baseline,hv4:main:50,referral,task_created,2026-08-31T02:42:31.267Z,,,n-hv4-u00350,t-hv4-u00350-1
hv4-e001259,hv4-u00350,baseline,hv4:main:50,referral,task_created,2026-08-31T02:43:31.267Z,,,n-hv4-u00350,t-hv4-u00350-2
hv4-e001301,hv4-u00358,task_first,hv4:main:50,paid_social,trial_started,2026-08-31T03:15:41.235Z,,,,
hv4-e000615,hv4-u00171,baseline,hv4:main:50,paid_social,trial_started,2026-08-31T03:22:31.602Z,,,,
hv4-e001487,hv4-u00415,baseline,hv4:main:50,organic_search,assigned,2026-08-31T03:33:17.770Z,,,,
hv4-e001488,hv4-u00415,baseline,hv4:main:50,organic_search,note_saved,2026-08-31T03:37:17.770Z,,,n-hv4-u00415,
hv4-e001489,hv4-u00415,baseline,hv4:main:50,organic_search,task_created,2026-08-31T03:39:17.770Z,,,n-hv4-u00415,t-hv4-u00415-1
hv4-e001490,hv4-u00415,baseline,hv4:main:50,organic_search,task_created,2026-08-31T03:40:17.770Z,,,n-hv4-u00415,t-hv4-u00415-2
hv4-e001491,hv4-u00415,baseline,hv4:main:50,organic_search,task_created,2026-08-31T03:41:17.770Z,,,n-hv4-u00415,t-hv4-u00415-3
hv4-e000862,hv4-u00244,baseline,hv4:main:50,organic_search,note_saved,2026-08-31T03:44:07.024Z,,,n-hv4-u00244,
hv4-e001430,hv4-u00399,task_first,hv4:main:50,organic_search,assigned,2026-08-31T04:39:43.300Z,,,,
hv4-e000416,hv4-u00117,baseline,hv4:main:50,paid_social,revisited,2026-08-31T04:41:02.146Z,,,n-hv4-u00117,
hv4-e001431,hv4-u00399,task_first,hv4:main:50,organic_search,note_saved,2026-08-31T04:43:43.300Z,,,n-hv4-u00399,
hv4-e001432,hv4-u00399,task_first,hv4:main:50,organic_search,task_created,2026-08-31T04:45:43.300Z,,,n-hv4-u00399,t-hv4-u00399-1
hv4-e000417,hv4-u00117,baseline,hv4:main:50,paid_social,task_completed,2026-08-31T04:46:02.146Z,,,n-hv4-u00117,t-hv4-u00117-1
hv4-e001433,hv4-u00399,task_first,hv4:main:50,organic_search,task_created,2026-08-31T04:46:43.300Z,,,n-hv4-u00399,t-hv4-u00399-2
hv4-e000820,hv4-u00233,task_first,hv4:main:50,organic_search,revisited,2026-08-31T05:09:56.581Z,,,n-hv4-u00233,
hv4-e001071,hv4-u00300,task_first,hv4:main:50,paid_social,assigned,2026-08-31T05:47:52.998Z,,,,
hv4-e001072,hv4-u00300,task_first,hv4:main:50,paid_social,note_saved,2026-08-31T05:51:52.998Z,,,n-hv4-u00300,
hv4-e001073,hv4-u00300,task_first,hv4:main:50,paid_social,task_created,2026-08-31T05:53:52.998Z,,,n-hv4-u00300,t-hv4-u00300-1
hv4-e000531,hv4-u00150,task_first,hv4:main:50,paid_social,assigned,2026-08-31T08:09:11.412Z,,,,
hv4-e000196,hv4-u00055,task_first,hv4:main:50,referral,revisited,2026-08-31T08:09:57.859Z,,,n-hv4-u00055,
hv4-e000532,hv4-u00150,task_first,hv4:main:50,paid_social,note_saved,2026-08-31T08:13:11.412Z,,,n-hv4-u00150,
hv4-e000533,hv4-u00150,task_first,hv4:main:50,paid_social,task_created,2026-08-31T08:15:11.412Z,,,n-hv4-u00150,t-hv4-u00150-1
hv4-e001042,hv4-u00293,baseline,hv4:main:50,organic_search,revisited,2026-08-31T08:16:58.587Z,,,n-hv4-u00293,
hv4-e000917,hv4-u00257,task_first,hv4:main:50,organic_search,revisited,2026-08-31T08:29:01.016Z,,,n-hv4-u00257,
hv4-e001043,hv4-u00293,baseline,hv4:main:50,organic_search,trial_started,2026-08-31T09:16:58.587Z,,,,
hv4-e000424,hv4-u00119,baseline,hv4:main:50,organic_search,assigned,2026-08-31T09:39:42.796Z,,,,
hv4-e000425,hv4-u00119,baseline,hv4:main:50,organic_search,note_saved,2026-08-31T09:43:42.796Z,,,n-hv4-u00119,
hv4-e000426,hv4-u00119,baseline,hv4:main:50,organic_search,task_created,2026-08-31T09:45:42.796Z,,,n-hv4-u00119,t-hv4-u00119-1
hv4-e000427,hv4-u00119,baseline,hv4:main:50,organic_search,task_created,2026-08-31T09:46:42.796Z,,,n-hv4-u00119,t-hv4-u00119-2
hv4-e000704,hv4-u00199,task_first,hv4:main:50,referral,assigned,2026-08-31T09:47:40.599Z,,,,
hv4-e000705,hv4-u00199,task_first,hv4:main:50,referral,note_saved,2026-08-31T09:51:40.599Z,,,n-hv4-u00199,
hv4-e000706,hv4-u00199,task_first,hv4:main:50,referral,task_created,2026-08-31T09:53:40.599Z,,,n-hv4-u00199,t-hv4-u00199-1
hv4-e001065,hv4-u00299,task_first,hv4:main:50,app_store,assigned,2026-08-31T10:26:35.946Z,,,,
hv4-e001066,hv4-u00299,task_first,hv4:main:50,app_store,note_saved,2026-08-31T10:30:35.946Z,,,n-hv4-u00299,
hv4-e001067,hv4-u00299,task_first,hv4:main:50,app_store,task_created,2026-08-31T10:32:35.946Z,,,n-hv4-u00299,t-hv4-u00299-1
hv4-e001068,hv4-u00299,task_first,hv4:main:50,app_store,task_created,2026-08-31T10:33:35.946Z,,,n-hv4-u00299,t-hv4-u00299-2
hv4-e000247,hv4-u00068,baseline,hv4:main:50,paid_social,assigned,2026-08-31T10:38:11.764Z,,,,
hv4-e000248,hv4-u00068,baseline,hv4:main:50,paid_social,note_saved,2026-08-31T10:42:11.764Z,,,n-hv4-u00068,
hv4-e000249,hv4-u00068,baseline,hv4:main:50,paid_social,task_created,2026-08-31T10:44:11.764Z,,,n-hv4-u00068,t-hv4-u00068-1
hv4-e000250,hv4-u00068,baseline,hv4:main:50,paid_social,task_created,2026-08-31T10:45:11.764Z,,,n-hv4-u00068,t-hv4-u00068-2
hv4-e000251,hv4-u00068,baseline,hv4:main:50,paid_social,task_created,2026-08-31T10:46:11.764Z,,,n-hv4-u00068,t-hv4-u00068-3
hv4-e001049,hv4-u00295,baseline,hv4:main:50,app_store,assigned,2026-08-31T12:07:11Z,,,,
hv4-e001050,hv4-u00295,baseline,hv4:main:50,app_store,note_saved,2026-08-31T12:11:11Z,,,n-hv4-u00295,
hv4-e000258,hv4-u00071,task_first,hv4:main:50,referral,assigned,2026-08-31T12:18:05.418Z,,,,
hv4-e000259,hv4-u00071,task_first,hv4:main:50,referral,note_saved,2026-08-31T12:22:05.418Z,,,n-hv4-u00071,
hv4-e000260,hv4-u00071,task_first,hv4:main:50,referral,task_created,2026-08-31T12:24:05.418Z,,,n-hv4-u00071,t-hv4-u00071-1
hv4-e000261,hv4-u00071,task_first,hv4:main:50,referral,task_created,2026-08-31T12:25:05.418Z,,,n-hv4-u00071,t-hv4-u00071-2
hv4-e000884,hv4-u00249,task_first,hv4:main:50,organic_search,trial_started,2026-08-31T12:38:46.465Z,,,,
hv4-e001051,hv4-u00295,baseline,hv4:main:50,app_store,trial_started,2026-08-31T13:07:11Z,,,,
hv4-e000850,hv4-u00240,baseline,hv4:main:50,paid_social,assigned,2026-08-31T13:54:01.273Z,,,,
hv4-e000851,hv4-u00240,baseline,hv4:main:50,paid_social,note_saved,2026-08-31T13:58:01.273Z,,,n-hv4-u00240,
hv4-e000852,hv4-u00240,baseline,hv4:main:50,paid_social,task_created,2026-08-31T14:00:01.273Z,,,n-hv4-u00240,t-hv4-u00240-1
hv4-e000174,hv4-u00049,baseline,hv4:main:50,app_store,note_saved,2026-08-31T15:12:50.184Z,,,n-hv4-u00049,
hv4-e000043,hv4-u00013,baseline,hv4:main:50,organic_search,note_saved,2026-08-31T16:01:22.760Z,,,n-hv4-u00013,
hv4-e001320,hv4-u00364,task_first,hv4:main:50,paid_social,revisited,2026-08-31T16:35:27.785Z,,,n-hv4-u00364,
hv4-e001472,hv4-u00409,task_first,hv4:main:50,referral,assigned,2026-08-31T18:44:09.928Z,,,,
hv4-e001473,hv4-u00409,task_first,hv4:main:50,referral,note_saved,2026-08-31T18:48:09.928Z,,,n-hv4-u00409,
hv4-e000355,hv4-u00099,task_first,hv4:main:50,app_store,assigned,2026-08-31T19:35:15.714Z,,,,
hv4-e000356,hv4-u00099,task_first,hv4:main:50,app_store,note_saved,2026-08-31T19:39:15.714Z,,,n-hv4-u00099,
hv4-e000312,hv4-u00086,baseline,hv4:main:50,app_store,assigned,2026-08-31T20:26:47.229Z,,,,
hv4-e000313,hv4-u00086,baseline,hv4:main:50,app_store,note_saved,2026-08-31T20:30:47.229Z,,,n-hv4-u00086,
hv4-e000474,hv4-u00136,baseline,hv4:main:50,paid_social,revisited,2026-08-31T21:16:05.749Z,,,n-hv4-u00136,
hv4-e000279,hv4-u00076,baseline,hv4:main:50,paid_social,assigned,2026-08-31T22:12:52.597Z,,,,
hv4-e000280,hv4-u00076,baseline,hv4:main:50,paid_social,note_saved,2026-08-31T22:16:52.597Z,,,n-hv4-u00076,
hv4-e000645,hv4-u00181,task_first,hv4:main:50,paid_social,assigned,2026-08-31T22:40:21.860Z,,,,
hv4-e000646,hv4-u00181,task_first,hv4:main:50,paid_social,note_saved,2026-08-31T22:44:21.860Z,,,n-hv4-u00181,
hv4-e000752,hv4-u00213,baseline,hv4:main:50,organic_search,assigned,2026-08-31T23:28:48.679Z,,,,
hv4-e000753,hv4-u00213,baseline,hv4:main:50,organic_search,note_saved,2026-08-31T23:32:48.679Z,,,n-hv4-u00213,
hv4-e000838,hv4-u00238,task_first,hv4:main:50,app_store,assigned,2026-08-31T23:33:29.522Z,,,,
hv4-e000754,hv4-u00213,baseline,hv4:main:50,organic_search,task_created,2026-08-31T23:34:48.679Z,,,n-hv4-u00213,t-hv4-u00213-1
hv4-e000755,hv4-u00213,baseline,hv4:main:50,organic_search,task_created,2026-08-31T23:35:48.679Z,,,n-hv4-u00213,t-hv4-u00213-2
hv4-e000756,hv4-u00213,baseline,hv4:main:50,organic_search,task_created,2026-08-31T23:36:48.679Z,,,n-hv4-u00213,t-hv4-u00213-3
hv4-e000839,hv4-u00238,task_first,hv4:main:50,app_store,note_saved,2026-08-31T23:37:29.522Z,,,n-hv4-u00238,
hv4-e000840,hv4-u00238,task_first,hv4:main:50,app_store,task_created,2026-08-31T23:39:29.522Z,,,n-hv4-u00238,t-hv4-u00238-1
hv4-e000841,hv4-u00238,task_first,hv4:main:50,app_store,task_created,2026-08-31T23:40:29.522Z,,,n-hv4-u00238,t-hv4-u00238-2
hv4-e000842,hv4-u00238,task_first,hv4:main:50,app_store,task_created,2026-08-31T23:41:29.522Z,,,n-hv4-u00238,t-hv4-u00238-3
hv4-e000044,hv4-u00014,task_first,hv4:main:50,app_store,assigned,2026-09-01T00:28:52.263Z,,,,
hv4-e000045,hv4-u00014,task_first,hv4:main:50,app_store,note_saved,2026-09-01T00:32:52.263Z,,,n-hv4-u00014,
hv4-e000644,hv4-u00180,baseline,hv4:main:50,paid_social,note_saved,2026-09-01T01:20:39.847Z,,,n-hv4-u00180,
hv4-e000468,hv4-u00134,baseline,hv4:main:50,paid_social,assigned,2026-09-01T01:35:17.256Z,,,,
hv4-e000469,hv4-u00134,baseline,hv4:main:50,paid_social,note_saved,2026-09-01T01:39:17.256Z,,,n-hv4-u00134,
hv4-e000470,hv4-u00134,baseline,hv4:main:50,paid_social,task_created,2026-09-01T01:41:17.256Z,,,n-hv4-u00134,t-hv4-u00134-1
hv4-e000389,hv4-u00108,baseline,hv4:main:50,organic_search,revisited,2026-09-01T01:50:48.562Z,,,n-hv4-u00108,
hv4-e001114,hv4-u00313,baseline,hv4:main:50,paid_social,assigned,2026-09-01T02:08:04.189Z,,,,
hv4-e001115,hv4-u00313,baseline,hv4:main:50,paid_social,note_saved,2026-09-01T02:12:04.189Z,,,n-hv4-u00313,
hv4-e001116,hv4-u00313,baseline,hv4:main:50,paid_social,task_created,2026-09-01T02:14:04.189Z,,,n-hv4-u00313,t-hv4-u00313-1
hv4-e001117,hv4-u00313,baseline,hv4:main:50,paid_social,task_created,2026-09-01T02:15:04.189Z,,,n-hv4-u00313,t-hv4-u00313-2
hv4-e000711,hv4-u00201,task_first,hv4:main:50,paid_social,assigned,2026-09-01T02:32:48.324Z,,,,
hv4-e000712,hv4-u00201,task_first,hv4:main:50,paid_social,note_saved,2026-09-01T02:36:48.324Z,,,n-hv4-u00201,
hv4-e000867,hv4-u00245,task_first,hv4:main:50,app_store,revisited,2026-09-01T03:14:46.566Z,,,n-hv4-u00245,
hv4-e000868,hv4-u00245,task_first,hv4:main:50,app_store,task_completed,2026-09-01T03:19:46.566Z,,,n-hv4-u00245,t-hv4-u00245-1
hv4-e000480,hv4-u00137,task_first,hv4:main:50,paid_social,revisited,2026-09-01T03:26:16.839Z,,,n-hv4-u00137,
hv4-e000481,hv4-u00137,task_first,hv4:main:50,paid_social,task_completed,2026-09-01T03:31:16.839Z,,,n-hv4-u00137,t-hv4-u00137-1
hv4-e000804,hv4-u00228,task_first,hv4:main:50,organic_search,assigned,2026-09-01T03:32:06.612Z,,,,
hv4-e000869,hv4-u00245,task_first,hv4:main:50,app_store,trial_started,2026-09-01T03:44:46.566Z,,,,
hv4-e001230,hv4-u00342,baseline,hv4:main:50,paid_social,assigned,2026-09-01T05:10:19.481Z,,,,
hv4-e001231,hv4-u00342,baseline,hv4:main:50,paid_social,note_saved,2026-09-01T05:14:19.481Z,,,n-hv4-u00342,
hv4-e000522,hv4-u00147,baseline,hv4:main:50,paid_social,assigned,2026-09-01T05:20:45.053Z,,,,
hv4-e000936,hv4-u00264,task_first,hv4:main:50,app_store,assigned,2026-09-01T05:22:06.727Z,,,,
hv4-e000523,hv4-u00147,baseline,hv4:main:50,paid_social,note_saved,2026-09-01T05:24:45.053Z,,,n-hv4-u00147,
hv4-e000937,hv4-u00264,task_first,hv4:main:50,app_store,note_saved,2026-09-01T05:26:06.727Z,,,n-hv4-u00264,
hv4-e000524,hv4-u00147,baseline,hv4:main:50,paid_social,task_created,2026-09-01T05:26:45.053Z,,,n-hv4-u00147,t-hv4-u00147-1
hv4-e000525,hv4-u00147,baseline,hv4:main:50,paid_social,task_created,2026-09-01T05:27:45.053Z,,,n-hv4-u00147,t-hv4-u00147-2
hv4-e000526,hv4-u00147,baseline,hv4:main:50,paid_social,task_created,2026-09-01T05:28:45.053Z,,,n-hv4-u00147,t-hv4-u00147-3
hv4-e001074,hv4-u00300,task_first,hv4:main:50,paid_social,revisited,2026-09-01T05:47:52.998Z,,,n-hv4-u00300,
hv4-e001276,hv4-u00354,baseline,hv4:main:50,referral,note_saved,2026-09-01T05:52:45.641Z,,,n-hv4-u00354,
hv4-e001277,hv4-u00354,baseline,hv4:main:50,referral,task_created,2026-09-01T05:54:45.641Z,,,n-hv4-u00354,t-hv4-u00354-1
hv4-e001278,hv4-u00354,baseline,hv4:main:50,referral,task_created,2026-09-01T05:55:45.641Z,,,n-hv4-u00354,t-hv4-u00354-2
hv4-e001361,hv4-u00378,task_first,hv4:main:50,referral,assigned,2026-09-01T05:57:14.611Z,,,,
hv4-e001362,hv4-u00378,task_first,hv4:main:50,referral,note_saved,2026-09-01T06:01:14.611Z,,,n-hv4-u00378,
hv4-e000008,hv4-u00004,baseline,hv4:main:50,paid_social,assigned,2026-09-01T06:07:47.164Z,,,,
hv4-e000030,hv4-u00010,task_first,hv4:main:50,referral,assigned,2026-09-01T06:19:06.420Z,,,,
hv4-e000031,hv4-u00010,task_first,hv4:main:50,referral,note_saved,2026-09-01T06:23:06.420Z,,,n-hv4-u00010,
hv4-e000032,hv4-u00010,task_first,hv4:main:50,referral,task_created,2026-09-01T06:25:06.420Z,,,n-hv4-u00010,t-hv4-u00010-1
hv4-e000033,hv4-u00010,task_first,hv4:main:50,referral,task_created,2026-09-01T06:26:06.420Z,,,n-hv4-u00010,t-hv4-u00010-2
hv4-e000034,hv4-u00010,task_first,hv4:main:50,referral,task_created,2026-09-01T06:27:06.420Z,,,n-hv4-u00010,t-hv4-u00010-3
hv4-e000012,hv4-u00006,task_first,hv4:main:50,paid_social,assigned,2026-09-01T07:04:13.538Z,,,,
hv4-e000013,hv4-u00006,task_first,hv4:main:50,paid_social,note_saved,2026-09-01T07:08:13.538Z,,,n-hv4-u00006,
hv4-e000014,hv4-u00006,task_first,hv4:main:50,paid_social,task_created,2026-09-01T07:10:13.538Z,,,n-hv4-u00006,t-hv4-u00006-1
hv4-e000015,hv4-u00006,task_first,hv4:main:50,paid_social,task_created,2026-09-01T07:11:13.538Z,,,n-hv4-u00006,t-hv4-u00006-2
hv4-e000016,hv4-u00006,task_first,hv4:main:50,paid_social,task_created,2026-09-01T07:12:13.538Z,,,n-hv4-u00006,t-hv4-u00006-3
hv4-e000209,hv4-u00058,task_first,hv4:main:50,referral,trial_started,2026-09-01T08:20:24.831Z,,,,
hv4-e000534,hv4-u00150,task_first,hv4:main:50,paid_social,revisited,2026-09-01T08:39:11.412Z,,,n-hv4-u00150,
hv4-e000535,hv4-u00150,task_first,hv4:main:50,paid_social,task_completed,2026-09-01T08:44:11.412Z,,,n-hv4-u00150,t-hv4-u00150-1
hv4-e000550,hv4-u00154,task_first,hv4:main:50,app_store,trial_started,2026-09-01T09:36:40.180Z,,,,
hv4-e000802,hv4-u00227,baseline,hv4:main:50,organic_search,assigned,2026-09-01T09:54:39.981Z,,,,
hv4-e000725,hv4-u00204,baseline,hv4:main:50,app_store,trial_started,2026-09-01T09:56:19.552Z,,,,
hv4-e000803,hv4-u00227,baseline,hv4:main:50,organic_search,note_saved,2026-09-01T09:58:39.981Z,,,n-hv4-u00227,
hv4-e000607,hv4-u00170,baseline,hv4:main:50,organic_search,revisited,2026-09-01T10:26:26.347Z,,,n-hv4-u00170,
hv4-e000608,hv4-u00170,baseline,hv4:main:50,organic_search,task_completed,2026-09-01T10:31:26.347Z,,,n-hv4-u00170,t-hv4-u00170-1
hv4-e001243,hv4-u00346,baseline,hv4:main:50,organic_search,note_saved,2026-09-01T10:41:20.428Z,,,n-hv4-u00346,
hv4-e000052,hv4-u00016,baseline,hv4:main:50,organic_search,assigned,2026-09-01T10:53:06.991Z,,,,
hv4-e000053,hv4-u00016,baseline,hv4:main:50,organic_search,note_saved,2026-09-01T10:57:06.991Z,,,n-hv4-u00016,
hv4-e000054,hv4-u00016,baseline,hv4:main:50,organic_search,task_created,2026-09-01T10:59:06.991Z,,,n-hv4-u00016,t-hv4-u00016-1
hv4-e000789,hv4-u00223,task_first,hv4:main:50,app_store,revisited,2026-09-01T10:59:32.766Z,,,n-hv4-u00223,
hv4-e000055,hv4-u00016,baseline,hv4:main:50,organic_search,task_created,2026-09-01T11:00:06.991Z,,,n-hv4-u00016,t-hv4-u00016-2
hv4-e000317,hv4-u00088,task_first,hv4:main:50,organic_search,assigned,2026-09-01T11:10:54.424Z,,,,
hv4-e000318,hv4-u00088,task_first,hv4:main:50,organic_search,note_saved,2026-09-01T11:14:54.424Z,,,n-hv4-u00088,
hv4-e000319,hv4-u00088,task_first,hv4:main:50,organic_search,task_created,2026-09-01T11:16:54.424Z,,,n-hv4-u00088,t-hv4-u00088-1
hv4-e000320,hv4-u00088,task_first,hv4:main:50,organic_search,task_created,2026-09-01T11:17:54.424Z,,,n-hv4-u00088,t-hv4-u00088-2
hv4-e001092,hv4-u00306,task_first,hv4:main:50,organic_search,assigned,2026-09-01T11:38:17.641Z,,,,
hv4-e001093,hv4-u00306,task_first,hv4:main:50,organic_search,note_saved,2026-09-01T11:42:17.641Z,,,n-hv4-u00306,
hv4-e001094,hv4-u00306,task_first,hv4:main:50,organic_search,task_created,2026-09-01T11:44:17.641Z,,,n-hv4-u00306,t-hv4-u00306-1
hv4-e000460,hv4-u00130,task_first,hv4:main:50,paid_social,assigned,2026-09-01T11:54:25.434Z,,,,
hv4-e000461,hv4-u00130,task_first,hv4:main:50,paid_social,note_saved,2026-09-01T11:58:25.434Z,,,n-hv4-u00130,
hv4-e000262,hv4-u00071,task_first,hv4:main:50,referral,trial_started,2026-09-01T13:18:05.418Z,,,,
hv4-e001165,hv4-u00328,task_first,hv4:main:50,app_store,assigned,2026-09-01T14:34:35.897Z,,,,
hv4-e001166,hv4-u00328,task_first,hv4:main:50,app_store,note_saved,2026-09-01T14:38:35.897Z,,,n-hv4-u00328,
hv4-e001492,hv4-u00416,task_first,hv4:main:50,paid_social,assigned,2026-09-01T16:02:58.061Z,,,,
hv4-e001493,hv4-u00416,task_first,hv4:main:50,paid_social,note_saved,2026-09-01T16:06:58.061Z,,,n-hv4-u00416,
hv4-e001494,hv4-u00416,task_first,hv4:main:50,paid_social,task_created,2026-09-01T16:08:58.061Z,,,n-hv4-u00416,t-hv4-u00416-1
hv4-e000844,hv4-u00239,baseline,hv4:main:50,referral,assigned,2026-09-01T16:13:55.245Z,,,,
hv4-e000845,hv4-u00239,baseline,hv4:main:50,referral,note_saved,2026-09-01T16:17:55.245Z,,,n-hv4-u00239,
hv4-e000096,hv4-u00026,task_first,hv4:main:50,organic_search,trial_started,2026-09-01T16:19:00.182Z,,,,
hv4-e000846,hv4-u00239,baseline,hv4:main:50,referral,task_created,2026-09-01T16:19:55.245Z,,,n-hv4-u00239,t-hv4-u00239-1
hv4-e000847,hv4-u00239,baseline,hv4:main:50,referral,task_created,2026-09-01T16:20:55.245Z,,,n-hv4-u00239,t-hv4-u00239-2
hv4-e000714,hv4-u00202,baseline,hv4:main:50,organic_search,note_saved,2026-09-01T18:50:14.609Z,,,n-hv4-u00202,
hv4-e000715,hv4-u00202,baseline,hv4:main:50,organic_search,task_created,2026-09-01T18:52:14.609Z,,,n-hv4-u00202,t-hv4-u00202-1
hv4-e001290,hv4-u00357,task_first,hv4:main:50,organic_search,assigned,2026-09-01T19:40:10.249Z,,,,
hv4-e001291,hv4-u00357,task_first,hv4:main:50,organic_search,note_saved,2026-09-01T19:44:10.249Z,,,n-hv4-u00357,
hv4-e001292,hv4-u00357,task_first,hv4:main:50,organic_search,task_created,2026-09-01T19:46:10.249Z,,,n-hv4-u00357,t-hv4-u00357-1
hv4-e000449,hv4-u00126,task_first,hv4:main:50,app_store,assigned,2026-09-01T19:53:30.298Z,,,,
hv4-e000450,hv4-u00126,task_first,hv4:main:50,app_store,note_saved,2026-09-01T19:57:30.298Z,,,n-hv4-u00126,
hv4-e000451,hv4-u00126,task_first,hv4:main:50,app_store,task_created,2026-09-01T19:59:30.298Z,,,n-hv4-u00126,t-hv4-u00126-1
hv4-e000452,hv4-u00126,task_first,hv4:main:50,app_store,task_created,2026-09-01T20:00:30.298Z,,,n-hv4-u00126,t-hv4-u00126-2
hv4-e000678,hv4-u00193,task_first,hv4:main:50,app_store,assigned,2026-09-01T20:01:08.213Z,,,,
hv4-e000453,hv4-u00126,task_first,hv4:main:50,app_store,task_created,2026-09-01T20:01:30.298Z,,,n-hv4-u00126,t-hv4-u00126-3
hv4-e000556,hv4-u00156,baseline,hv4:main:50,paid_social,assigned,2026-09-01T20:36:25.383Z,,,,
hv4-e000518,hv4-u00145,task_first,hv4:main:50,app_store,assigned,2026-09-01T21:27:52.544Z,,,,
hv4-e000277,hv4-u00075,task_first,hv4:main:50,referral,assigned,2026-09-01T22:18:13.505Z,,,,
hv4-e001379,hv4-u00383,task_first,hv4:main:50,app_store,revisited,2026-09-01T22:45:17.929Z,,,n-hv4-u00383,
hv4-e001380,hv4-u00383,task_first,hv4:main:50,app_store,task_completed,2026-09-01T22:50:17.929Z,,,n-hv4-u00383,t-hv4-u00383-1
hv4-e000538,hv4-u00152,baseline,hv4:main:50,paid_social,assigned,2026-09-01T22:50:23.573Z,,,,
hv4-e000539,hv4-u00152,baseline,hv4:main:50,paid_social,note_saved,2026-09-01T22:54:23.573Z,,,n-hv4-u00152,
hv4-e000540,hv4-u00152,baseline,hv4:main:50,paid_social,task_created,2026-09-01T22:56:23.573Z,,,n-hv4-u00152,t-hv4-u00152-1
hv4-e000649,hv4-u00183,baseline,hv4:main:50,referral,assigned,2026-09-01T23:17:42.742Z,,,,
hv4-e000650,hv4-u00183,baseline,hv4:main:50,referral,note_saved,2026-09-01T23:21:42.742Z,,,n-hv4-u00183,
hv4-e000843,hv4-u00238,task_first,hv4:main:50,app_store,revisited,2026-09-01T23:33:29.522Z,,,n-hv4-u00238,
hv4-e000003,hv4-u00002,baseline,hv4:main:50,paid_social,assigned,2026-09-02T00:05:09.678Z,,,,
hv4-e000004,hv4-u00002,baseline,hv4:main:50,paid_social,note_saved,2026-09-02T00:09:09.678Z,,,n-hv4-u00002,
hv4-e000676,hv4-u00191,baseline,hv4:main:50,app_store,assigned,2026-09-02T00:21:24.834Z,,,,
hv4-e000294,hv4-u00079,baseline,hv4:main:50,organic_search,note_saved,2026-09-02T02:00:40.844Z,,,n-hv4-u00079,
hv4-e001497,hv4-u00417,task_first,hv4:main:50,paid_social,assigned,2026-09-02T02:10:28.216Z,,,,
hv4-e001498,hv4-u00417,task_first,hv4:main:50,paid_social,note_saved,2026-09-02T02:14:28.216Z,,,n-hv4-u00417,
hv4-e000614,hv4-u00171,baseline,hv4:main:50,paid_social,revisited,2026-09-02T02:22:31.602Z,,,n-hv4-u00171,
hv4-e000056,hv4-u00017,task_first,hv4:main:50,organic_search,assigned,2026-09-02T02:42:03.637Z,,,,
hv4-e000472,hv4-u00135,baseline,hv4:main:50,referral,trial_started,2026-09-02T02:43:24.658Z,,,,
hv4-e001299,hv4-u00358,task_first,hv4:main:50,paid_social,revisited,2026-09-02T02:45:41.235Z,,,n-hv4-u00358,
hv4-e000057,hv4-u00017,task_first,hv4:main:50,organic_search,note_saved,2026-09-02T02:46:03.637Z,,,n-hv4-u00017,
hv4-e001300,hv4-u00358,task_first,hv4:main:50,paid_social,task_completed,2026-09-02T02:50:41.235Z,,,n-hv4-u00358,t-hv4-u00358-1
hv4-e000295,hv4-u00079,baseline,hv4:main:50,organic_search,trial_started,2026-09-02T02:56:40.844Z,,,,
hv4-e001419,hv4-u00396,baseline,hv4:main:50,organic_search,note_saved,2026-09-02T03:10:49.281Z,,,n-hv4-u00396,
hv4-e001420,hv4-u00396,baseline,hv4:main:50,organic_search,task_created,2026-09-02T03:12:49.281Z,,,n-hv4-u00396,t-hv4-u00396-1
hv4-e001421,hv4-u00396,baseline,hv4:main:50,organic_search,task_created,2026-09-02T03:13:49.281Z,,,n-hv4-u00396,t-hv4-u00396-2
hv4-e001422,hv4-u00396,baseline,hv4:main:50,organic_search,task_created,2026-09-02T03:14:49.281Z,,,n-hv4-u00396,t-hv4-u00396-3
hv4-e001395,hv4-u00388,task_first,hv4:main:50,app_store,assigned,2026-09-02T03:34:59.619Z,,,,
hv4-e000806,hv4-u00228,task_first,hv4:main:50,organic_search,trial_started,2026-09-02T04:32:06.612Z,,,,
hv4-e001434,hv4-u00399,task_first,hv4:main:50,organic_search,revisited,2026-09-02T05:09:43.300Z,,,n-hv4-u00399,
hv4-e001435,hv4-u00399,task_first,hv4:main:50,organic_search,task_completed,2026-09-02T05:14:43.300Z,,,n-hv4-u00399,t-hv4-u00399-1
hv4-e000365,hv4-u00101,task_first,hv4:main:50,referral,revisited,2026-09-02T08:04:29.691Z,,,n-hv4-u00101,
hv4-e000366,hv4-u00101,task_first,hv4:main:50,referral,task_completed,2026-09-02T08:09:29.691Z,,,n-hv4-u00101,t-hv4-u00101-1
hv4-e000582,hv4-u00163,task_first,hv4:main:50,paid_social,assigned,2026-09-02T10:02:12.681Z,,,,
hv4-e000583,hv4-u00163,task_first,hv4:main:50,paid_social,note_saved,2026-09-02T10:06:12.681Z,,,n-hv4-u00163,
hv4-e000442,hv4-u00123,baseline,hv4:main:50,referral,note_saved,2026-09-02T10:39:58.716Z,,,n-hv4-u00123,
hv4-e000585,hv4-u00163,task_first,hv4:main:50,paid_social,trial_started,2026-09-02T11:02:12.681Z,,,,
hv4-e000188,hv4-u00054,task_first,hv4:main:50,referral,assigned,2026-09-02T11:56:03.483Z,,,,
hv4-e000189,hv4-u00054,task_first,hv4:main:50,referral,note_saved,2026-09-02T12:00:03.483Z,,,n-hv4-u00054,
hv4-e000190,hv4-u00054,task_first,hv4:main:50,referral,task_created,2026-09-02T12:02:03.483Z,,,n-hv4-u00054,t-hv4-u00054-1
hv4-e000191,hv4-u00054,task_first,hv4:main:50,referral,task_created,2026-09-02T12:03:03.483Z,,,n-hv4-u00054,t-hv4-u00054-2
hv4-e000192,hv4-u00054,task_first,hv4:main:50,referral,task_created,2026-09-02T12:04:03.483Z,,,n-hv4-u00054,t-hv4-u00054-3
hv4-e000882,hv4-u00249,task_first,hv4:main:50,organic_search,revisited,2026-09-02T12:08:46.465Z,,,n-hv4-u00249,
hv4-e000883,hv4-u00249,task_first,hv4:main:50,organic_search,task_completed,2026-09-02T12:13:46.465Z,,,n-hv4-u00249,t-hv4-u00249-1
hv4-e001477,hv4-u00411,task_first,hv4:main:50,paid_social,assigned,2026-09-02T12:13:59.168Z,,,,
hv4-e001391,hv4-u00386,task_first,hv4:main:50,paid_social,assigned,2026-09-02T13:47:49.972Z,,,,
hv4-e001345,hv4-u00373,task_first,hv4:main:50,app_store,assigned,2026-09-02T14:26:42.560Z,,,,
hv4-e001346,hv4-u00373,task_first,hv4:main:50,app_store,note_saved,2026-09-02T14:30:42.560Z,,,n-hv4-u00373,
hv4-e001392,hv4-u00386,task_first,hv4:main:50,paid_social,trial_started,2026-09-02T14:47:49.972Z,,,,
hv4-e000854,hv4-u00240,baseline,hv4:main:50,paid_social,trial_started,2026-09-02T14:54:01.273Z,,,,
hv4-e000886,hv4-u00250,task_first,hv4:main:50,organic_search,assigned,2026-09-02T16:05:08.166Z,,,,
hv4-e000887,hv4-u00250,task_first,hv4:main:50,organic_search,note_saved,2026-09-02T16:09:08.166Z,,,n-hv4-u00250,
hv4-e000888,hv4-u00250,task_first,hv4:main:50,organic_search,task_created,2026-09-02T16:11:08.166Z,,,n-hv4-u00250,t-hv4-u00250-1
hv4-e000889,hv4-u00250,task_first,hv4:main:50,organic_search,task_created,2026-09-02T16:12:08.166Z,,,n-hv4-u00250,t-hv4-u00250-2
hv4-e000890,hv4-u00250,task_first,hv4:main:50,organic_search,task_created,2026-09-02T16:13:08.166Z,,,n-hv4-u00250,t-hv4-u00250-3
hv4-e001495,hv4-u00416,task_first,hv4:main:50,paid_social,revisited,2026-09-02T16:32:58.061Z,,,n-hv4-u00416,
hv4-e001496,hv4-u00416,task_first,hv4:main:50,paid_social,task_completed,2026-09-02T16:37:58.061Z,,,n-hv4-u00416,t-hv4-u00416-1
hv4-e000848,hv4-u00239,baseline,hv4:main:50,referral,revisited,2026-09-02T16:43:55.245Z,,,n-hv4-u00239,
hv4-e000849,hv4-u00239,baseline,hv4:main:50,referral,task_completed,2026-09-02T16:48:55.245Z,,,n-hv4-u00239,t-hv4-u00239-1
hv4-e000296,hv4-u00080,baseline,hv4:main:50,organic_search,assigned,2026-09-02T17:03:08.987Z,,,,
hv4-e000297,hv4-u00080,baseline,hv4:main:50,organic_search,note_saved,2026-09-02T17:07:08.987Z,,,n-hv4-u00080,
hv4-e001330,hv4-u00368,task_first,hv4:main:50,paid_social,assigned,2026-09-02T19:12:31.346Z,,,,
hv4-e000291,hv4-u00078,baseline,hv4:main:50,organic_search,revisited,2026-09-02T19:13:06.508Z,,,n-hv4-u00078,
hv4-e001331,hv4-u00368,task_first,hv4:main:50,paid_social,note_saved,2026-09-02T19:16:31.346Z,,,n-hv4-u00368,
hv4-e000292,hv4-u00078,baseline,hv4:main:50,organic_search,task_completed,2026-09-02T19:18:06.508Z,,,n-hv4-u00078,t-hv4-u00078-1
hv4-e001332,hv4-u00368,task_first,hv4:main:50,paid_social,task_created,2026-09-02T19:18:31.346Z,,,n-hv4-u00368,t-hv4-u00368-1
hv4-e001333,hv4-u00368,task_first,hv4:main:50,paid_social,task_created,2026-09-02T19:19:31.346Z,,,n-hv4-u00368,t-hv4-u00368-2
hv4-e000158,hv4-u00042,task_first,hv4:main:50,organic_search,assigned,2026-09-02T20:01:42.025Z,,,,
hv4-e000813,hv4-u00231,task_first,hv4:main:50,referral,assigned,2026-09-02T20:09:54.928Z,,,,
hv4-e000814,hv4-u00231,task_first,hv4:main:50,referral,note_saved,2026-09-02T20:13:54.928Z,,,n-hv4-u00231,
hv4-e001027,hv4-u00289,task_first,hv4:main:50,organic_search,revisited,2026-09-02T20:22:11.998Z,,,n-hv4-u00289,
hv4-e000693,hv4-u00196,task_first,hv4:main:50,referral,assigned,2026-09-02T22:15:43.014Z,,,,
hv4-e000197,hv4-u00056,baseline,hv4:main:50,referral,assigned,2026-09-02T22:16:03.420Z,,,,
hv4-e000694,hv4-u00196,task_first,hv4:main:50,referral,note_saved,2026-09-02T22:19:43.014Z,,,n-hv4-u00196,
hv4-e000198,hv4-u00056,baseline,hv4:main:50,referral,note_saved,2026-09-02T22:20:03.420Z,,,n-hv4-u00056,
hv4-e000695,hv4-u00196,task_first,hv4:main:50,referral,task_created,2026-09-02T22:21:43.014Z,,,n-hv4-u00196,t-hv4-u00196-1
hv4-e000199,hv4-u00056,baseline,hv4:main:50,referral,task_created,2026-09-02T22:22:03.420Z,,,n-hv4-u00056,t-hv4-u00056-1
hv4-e000433,hv4-u00120,task_first,hv4:main:50,organic_search,revisited,2026-09-02T22:28:20.378Z,,,n-hv4-u00120,
hv4-e001229,hv4-u00341,baseline,hv4:main:50,organic_search,revisited,2026-09-02T22:36:23.778Z,,,n-hv4-u00341,
hv4-e000153,hv4-u00040,baseline,hv4:main:50,referral,assigned,2026-09-02T23:29:26.270Z,,,,
hv4-e000154,hv4-u00040,baseline,hv4:main:50,referral,note_saved,2026-09-02T23:33:26.270Z,,,n-hv4-u00040,
hv4-e000462,hv4-u00131,baseline,hv4:main:50,paid_social,assigned,2026-09-02T23:40:11.472Z,,,,
hv4-e000463,hv4-u00131,baseline,hv4:main:50,paid_social,note_saved,2026-09-02T23:44:11.472Z,,,n-hv4-u00131,
hv4-e000346,hv4-u00097,baseline,hv4:main:50,paid_social,assigned,2026-09-03T00:27:39.577Z,,,,
hv4-e000347,hv4-u00097,baseline,hv4:main:50,paid_social,note_saved,2026-09-03T00:31:39.577Z,,,n-hv4-u00097,
hv4-e000348,hv4-u00097,baseline,hv4:main:50,paid_social,task_created,2026-09-03T00:33:39.577Z,,,n-hv4-u00097,t-hv4-u00097-1
hv4-e000046,hv4-u00014,task_first,hv4:main:50,app_store,trial_started,2026-09-03T01:28:52.263Z,,,,
hv4-e000907,hv4-u00255,baseline,hv4:main:50,app_store,assigned,2026-09-03T02:30:31.302Z,,,,
hv4-e000396,hv4-u00111,task_first,hv4:main:50,organic_search,assigned,2026-09-03T02:45:09.693Z,,,,
hv4-e000397,hv4-u00111,task_first,hv4:main:50,organic_search,note_saved,2026-09-03T02:49:09.693Z,,,n-hv4-u00111,
hv4-e001463,hv4-u00407,task_first,hv4:main:50,referral,assigned,2026-09-03T02:52:33.510Z,,,,
hv4-e001464,hv4-u00407,task_first,hv4:main:50,referral,note_saved,2026-09-03T02:56:33.510Z,,,n-hv4-u00407,
hv4-e001465,hv4-u00407,task_first,hv4:main:50,referral,task_created,2026-09-03T02:58:33.510Z,,,n-hv4-u00407,t-hv4-u00407-1
hv4-e001167,hv4-u00329,task_first,hv4:main:50,paid_social,assigned,2026-09-03T04:50:24.903Z,,,,
hv4-e001168,hv4-u00329,task_first,hv4:main:50,paid_social,note_saved,2026-09-03T04:54:24.903Z,,,n-hv4-u00329,
hv4-e001169,hv4-u00329,task_first,hv4:main:50,paid_social,task_created,2026-09-03T04:56:24.903Z,,,n-hv4-u00329,t-hv4-u00329-1
hv4-e001170,hv4-u00329,task_first,hv4:main:50,paid_social,task_created,2026-09-03T04:57:24.903Z,,,n-hv4-u00329,t-hv4-u00329-2
hv4-e001171,hv4-u00329,task_first,hv4:main:50,paid_social,task_created,2026-09-03T04:58:24.903Z,,,n-hv4-u00329,t-hv4-u00329-3
hv4-e000009,hv4-u00004,baseline,hv4:main:50,paid_social,revisited,2026-09-03T06:07:47.164Z,,,n-hv4-u00004,
hv4-e000527,hv4-u00147,baseline,hv4:main:50,paid_social,trial_started,2026-09-03T06:20:45.053Z,,,,
hv4-e000418,hv4-u00118,task_first,hv4:main:50,paid_social,assigned,2026-09-03T06:30:54.216Z,,,,
hv4-e000419,hv4-u00118,task_first,hv4:main:50,paid_social,note_saved,2026-09-03T06:34:54.216Z,,,n-hv4-u00118,
hv4-e000420,hv4-u00118,task_first,hv4:main:50,paid_social,task_created,2026-09-03T06:36:54.216Z,,,n-hv4-u00118,t-hv4-u00118-1
hv4-e000421,hv4-u00118,task_first,hv4:main:50,paid_social,task_created,2026-09-03T06:37:54.216Z,,,n-hv4-u00118,t-hv4-u00118-2
hv4-e000684,hv4-u00194,baseline,hv4:main:50,organic_search,revisited,2026-09-03T07:07:08.871Z,,,n-hv4-u00194,
hv4-e000685,hv4-u00194,baseline,hv4:main:50,organic_search,task_completed,2026-09-03T07:12:08.871Z,,,n-hv4-u00194,t-hv4-u00194-1
hv4-e000208,hv4-u00058,task_first,hv4:main:50,referral,revisited,2026-09-03T07:20:24.831Z,,,n-hv4-u00058,
hv4-e000966,hv4-u00273,baseline,hv4:main:50,referral,revisited,2026-09-03T09:00:52.395Z,,,n-hv4-u00273,
hv4-e001467,hv4-u00408,baseline,hv4:main:50,paid_social,assigned,2026-09-03T10:44:53.184Z,,,,
hv4-e001468,hv4-u00408,baseline,hv4:main:50,paid_social,note_saved,2026-09-03T10:48:53.184Z,,,n-hv4-u00408,
hv4-e001469,hv4-u00408,baseline,hv4:main:50,paid_social,task_created,2026-09-03T10:50:53.184Z,,,n-hv4-u00408,t-hv4-u00408-1
hv4-e001470,hv4-u00408,baseline,hv4:main:50,paid_social,task_created,2026-09-03T10:51:53.184Z,,,n-hv4-u00408,t-hv4-u00408-2
hv4-e001471,hv4-u00408,baseline,hv4:main:50,paid_social,task_created,2026-09-03T10:52:53.184Z,,,n-hv4-u00408,t-hv4-u00408-3
hv4-e001069,hv4-u00299,task_first,hv4:main:50,app_store,revisited,2026-09-03T10:56:35.946Z,,,n-hv4-u00299,
hv4-e000946,hv4-u00269,baseline,hv4:main:50,app_store,assigned,2026-09-03T10:59:34.109Z,,,,
hv4-e001070,hv4-u00299,task_first,hv4:main:50,app_store,task_completed,2026-09-03T11:01:35.946Z,,,n-hv4-u00299,t-hv4-u00299-1
hv4-e000947,hv4-u00269,baseline,hv4:main:50,app_store,note_saved,2026-09-03T11:03:34.109Z,,,n-hv4-u00269,
hv4-e000948,hv4-u00269,baseline,hv4:main:50,app_store,task_created,2026-09-03T11:05:34.109Z,,,n-hv4-u00269,t-hv4-u00269-1
hv4-e000949,hv4-u00269,baseline,hv4:main:50,app_store,task_created,2026-09-03T11:06:34.109Z,,,n-hv4-u00269,t-hv4-u00269-2
hv4-e000466,hv4-u00132,baseline,hv4:main:50,paid_social,revisited,2026-09-03T11:07:05.876Z,,,n-hv4-u00132,
hv4-e000950,hv4-u00269,baseline,hv4:main:50,app_store,task_created,2026-09-03T11:07:34.109Z,,,n-hv4-u00269,t-hv4-u00269-3
hv4-e000305,hv4-u00083,task_first,hv4:main:50,referral,assigned,2026-09-03T11:26:12.785Z,,,,
hv4-e000306,hv4-u00083,task_first,hv4:main:50,referral,note_saved,2026-09-03T11:30:12.785Z,,,n-hv4-u00083,
hv4-e000022,hv4-u00008,baseline,hv4:main:50,paid_social,note_saved,2026-09-03T11:30:58.288Z,,,n-hv4-u00008,
hv4-e000023,hv4-u00008,baseline,hv4:main:50,paid_social,task_created,2026-09-03T11:32:58.288Z,,,n-hv4-u00008,t-hv4-u00008-1
hv4-e000024,hv4-u00008,baseline,hv4:main:50,paid_social,task_created,2026-09-03T11:33:58.288Z,,,n-hv4-u00008,t-hv4-u00008-2
hv4-e000025,hv4-u00008,baseline,hv4:main:50,paid_social,task_created,2026-09-03T11:34:58.288Z,,,n-hv4-u00008,t-hv4-u00008-3
hv4-e000825,hv4-u00234,task_first,hv4:main:50,app_store,revisited,2026-09-03T14:39:09.483Z,,,n-hv4-u00234,
hv4-e000826,hv4-u00234,task_first,hv4:main:50,app_store,task_completed,2026-09-03T14:44:09.483Z,,,n-hv4-u00234,t-hv4-u00234-1
hv4-e000856,hv4-u00241,baseline,hv4:main:50,organic_search,assigned,2026-09-03T15:32:28.338Z,,,,
hv4-e000857,hv4-u00241,baseline,hv4:main:50,organic_search,note_saved,2026-09-03T15:36:28.338Z,,,n-hv4-u00241,
hv4-e000858,hv4-u00241,baseline,hv4:main:50,organic_search,task_created,2026-09-03T15:38:28.338Z,,,n-hv4-u00241,t-hv4-u00241-1
hv4-e001121,hv4-u00315,baseline,hv4:main:50,app_store,assigned,2026-09-03T16:32:15.742Z,,,,
hv4-e001122,hv4-u00315,baseline,hv4:main:50,app_store,note_saved,2026-09-03T16:36:15.742Z,,,n-hv4-u00315,
hv4-e000717,hv4-u00203,baseline,hv4:main:50,organic_search,assigned,2026-09-03T17:22:59.702Z,,,,
hv4-e000718,hv4-u00203,baseline,hv4:main:50,organic_search,note_saved,2026-09-03T17:26:59.702Z,,,n-hv4-u00203,
hv4-e000270,hv4-u00073,baseline,hv4:main:50,referral,assigned,2026-09-03T18:25:14.222Z,,,,
hv4-e000271,hv4-u00073,baseline,hv4:main:50,referral,note_saved,2026-09-03T18:29:14.222Z,,,n-hv4-u00073,
hv4-e000272,hv4-u00073,baseline,hv4:main:50,referral,task_created,2026-09-03T18:31:14.222Z,,,n-hv4-u00073,t-hv4-u00073-1
hv4-e000988,hv4-u00281,baseline,hv4:main:50,paid_social,assigned,2026-09-03T20:04:10.599Z,,,,
hv4-e000989,hv4-u00281,baseline,hv4:main:50,paid_social,note_saved,2026-09-03T20:08:10.599Z,,,n-hv4-u00281,
hv4-e001293,hv4-u00357,task_first,hv4:main:50,organic_search,revisited,2026-09-03T20:10:10.249Z,,,n-hv4-u00357,
hv4-e001294,hv4-u00357,task_first,hv4:main:50,organic_search,task_completed,2026-09-03T20:15:10.249Z,,,n-hv4-u00357,t-hv4-u00357-1
hv4-e000557,hv4-u00156,baseline,hv4:main:50,paid_social,revisited,2026-09-03T20:36:25.383Z,,,n-hv4-u00156,
hv4-e001032,hv4-u00292,task_first,hv4:main:50,organic_search,assigned,2026-09-03T20:45:35.280Z,,,,
hv4-e001033,hv4-u00292,task_first,hv4:main:50,organic_search,note_saved,2026-09-03T20:49:35.280Z,,,n-hv4-u00292,
hv4-e001034,hv4-u00292,task_first,hv4:main:50,organic_search,task_created,2026-09-03T20:51:35.280Z,,,n-hv4-u00292,t-hv4-u00292-1
hv4-e001035,hv4-u00292,task_first,hv4:main:50,organic_search,task_created,2026-09-03T20:52:35.280Z,,,n-hv4-u00292,t-hv4-u00292-2
hv4-e001416,hv4-u00394,task_first,hv4:main:50,organic_search,assigned,2026-09-03T21:53:14.009Z,,,,
hv4-e000390,hv4-u00109,baseline,hv4:main:50,referral,assigned,2026-09-03T22:31:39.977Z,,,,
hv4-e000391,hv4-u00109,baseline,hv4:main:50,referral,note_saved,2026-09-03T22:35:39.977Z,,,n-hv4-u00109,
hv4-e000392,hv4-u00109,baseline,hv4:main:50,referral,task_created,2026-09-03T22:37:39.977Z,,,n-hv4-u00109,t-hv4-u00109-1
hv4-e001456,hv4-u00404,baseline,hv4:main:50,app_store,note_saved,2026-09-03T22:48:19.864Z,,,n-hv4-u00404,
hv4-e001457,hv4-u00404,baseline,hv4:main:50,app_store,task_created,2026-09-03T22:50:19.864Z,,,n-hv4-u00404,t-hv4-u00404-1
hv4-e001053,hv4-u00296,task_first,hv4:main:50,organic_search,assigned,2026-09-03T23:42:18.659Z,,,,
hv4-e001054,hv4-u00296,task_first,hv4:main:50,organic_search,note_saved,2026-09-03T23:46:18.659Z,,,n-hv4-u00296,
hv4-e000357,hv4-u00100,task_first,hv4:main:50,referral,assigned,2026-09-03T23:51:22.903Z,,,,
hv4-e000358,hv4-u00100,task_first,hv4:main:50,referral,note_saved,2026-09-03T23:55:22.903Z,,,n-hv4-u00100,
hv4-e000201,hv4-u00057,baseline,hv4:main:50,paid_social,assigned,2026-09-04T00:18:26.428Z,,,,
hv4-e000202,hv4-u00057,baseline,hv4:main:50,paid_social,note_saved,2026-09-04T00:22:26.428Z,,,n-hv4-u00057,
hv4-e001056,hv4-u00296,task_first,hv4:main:50,organic_search,trial_started,2026-09-04T00:42:18.659Z,,,,
hv4-e001062,hv4-u00298,task_first,hv4:main:50,paid_social,assigned,2026-09-04T00:53:43.549Z,,,,
hv4-e001063,hv4-u00298,task_first,hv4:main:50,paid_social,note_saved,2026-09-04T00:57:43.549Z,,,n-hv4-u00298,
hv4-e001238,hv4-u00344,task_first,hv4:main:50,paid_social,assigned,2026-09-04T01:13:22.128Z,,,,
hv4-e000669,hv4-u00190,baseline,hv4:main:50,organic_search,assigned,2026-09-04T01:32:16.027Z,,,,
hv4-e000670,hv4-u00190,baseline,hv4:main:50,organic_search,note_saved,2026-09-04T01:36:16.027Z,,,n-hv4-u00190,
hv4-e000671,hv4-u00190,baseline,hv4:main:50,organic_search,task_created,2026-09-04T01:38:16.027Z,,,n-hv4-u00190,t-hv4-u00190-1
hv4-e000175,hv4-u00050,task_first,hv4:main:50,paid_social,assigned,2026-09-04T01:38:20.826Z,,,,
hv4-e000672,hv4-u00190,baseline,hv4:main:50,organic_search,task_created,2026-09-04T01:39:16.027Z,,,n-hv4-u00190,t-hv4-u00190-2
hv4-e000176,hv4-u00050,task_first,hv4:main:50,paid_social,note_saved,2026-09-04T01:42:20.826Z,,,n-hv4-u00050,
hv4-e001321,hv4-u00365,task_first,hv4:main:50,paid_social,assigned,2026-09-04T01:44:17.335Z,,,,
hv4-e000132,hv4-u00036,task_first,hv4:main:50,paid_social,assigned,2026-09-04T02:14:30.250Z,,,,
hv4-e000133,hv4-u00036,task_first,hv4:main:50,paid_social,note_saved,2026-09-04T02:18:30.250Z,,,n-hv4-u00036,
hv4-e000134,hv4-u00036,task_first,hv4:main:50,paid_social,task_created,2026-09-04T02:20:30.250Z,,,n-hv4-u00036,t-hv4-u00036-1
hv4-e000135,hv4-u00036,task_first,hv4:main:50,paid_social,task_created,2026-09-04T02:21:30.250Z,,,n-hv4-u00036,t-hv4-u00036-2
hv4-e000136,hv4-u00036,task_first,hv4:main:50,paid_social,task_created,2026-09-04T02:22:30.250Z,,,n-hv4-u00036,t-hv4-u00036-3
hv4-e001250,hv4-u00348,baseline,hv4:main:50,organic_search,note_saved,2026-09-04T02:30:42.382Z,,,n-hv4-u00348,
hv4-e001322,hv4-u00365,task_first,hv4:main:50,paid_social,trial_started,2026-09-04T02:44:17.335Z,,,,
hv4-e001158,hv4-u00326,baseline,hv4:main:50,paid_social,trial_started,2026-09-04T02:44:17.377Z,,,,
hv4-e001466,hv4-u00407,task_first,hv4:main:50,referral,revisited,2026-09-04T02:52:33.510Z,,,n-hv4-u00407,
hv4-e001462,hv4-u00406,task_first,hv4:main:50,referral,assigned,2026-09-04T03:02:44.464Z,,,,
hv4-e001260,hv4-u00350,baseline,hv4:main:50,referral,revisited,2026-09-04T03:06:31.267Z,,,n-hv4-u00350,
hv4-e001261,hv4-u00350,baseline,hv4:main:50,referral,task_completed,2026-09-04T03:11:31.267Z,,,n-hv4-u00350,t-hv4-u00350-1
hv4-e000253,hv4-u00070,task_first,hv4:main:50,paid_social,assigned,2026-09-04T03:19:16.052Z,,,,
hv4-e000254,hv4-u00070,task_first,hv4:main:50,paid_social,note_saved,2026-09-04T03:23:16.052Z,,,n-hv4-u00070,
hv4-e000255,hv4-u00070,task_first,hv4:main:50,paid_social,task_created,2026-09-04T03:25:16.052Z,,,n-hv4-u00070,t-hv4-u00070-1
hv4-e000058,hv4-u00017,task_first,hv4:main:50,organic_search,trial_started,2026-09-04T03:42:03.637Z,,,,
hv4-e001372,hv4-u00381,baseline,hv4:main:50,referral,note_saved,2026-09-04T03:45:36.974Z,,,n-hv4-u00381,
hv4-e000483,hv4-u00137,task_first,hv4:main:50,paid_social,paid,2026-09-04T03:56:16.839Z,10.00,XTS,,
hv4-e000954,hv4-u00270,task_first,hv4:main:50,organic_search,assigned,2026-09-04T03:58:35.211Z,,,,
hv4-e000955,hv4-u00270,task_first,hv4:main:50,organic_search,note_saved,2026-09-04T04:02:35.211Z,,,n-hv4-u00270,
hv4-e000956,hv4-u00270,task_first,hv4:main:50,organic_search,task_created,2026-09-04T04:04:35.211Z,,,n-hv4-u00270,t-hv4-u00270-1
hv4-e000760,hv4-u00215,task_first,hv4:main:50,referral,assigned,2026-09-04T04:36:41.765Z,,,,
hv4-e000368,hv4-u00102,baseline,hv4:main:50,paid_social,assigned,2026-09-04T05:09:01.237Z,,,,
hv4-e000369,hv4-u00102,baseline,hv4:main:50,paid_social,note_saved,2026-09-04T05:13:01.237Z,,,n-hv4-u00102,
hv4-e000370,hv4-u00102,baseline,hv4:main:50,paid_social,task_created,2026-09-04T05:15:01.237Z,,,n-hv4-u00102,t-hv4-u00102-1
hv4-e000371,hv4-u00102,baseline,hv4:main:50,paid_social,task_created,2026-09-04T05:16:01.237Z,,,n-hv4-u00102,t-hv4-u00102-2
hv4-e000327,hv4-u00091,baseline,hv4:main:50,paid_social,assigned,2026-09-04T06:01:21.374Z,,,,
hv4-e000872,hv4-u00248,task_first,hv4:main:50,paid_social,assigned,2026-09-04T06:21:39.692Z,,,,
hv4-e000873,hv4-u00248,task_first,hv4:main:50,paid_social,note_saved,2026-09-04T06:25:39.692Z,,,n-hv4-u00248,
hv4-e000874,hv4-u00248,task_first,hv4:main:50,paid_social,task_created,2026-09-04T06:27:39.692Z,,,n-hv4-u00248,t-hv4-u00248-1
hv4-e000875,hv4-u00248,task_first,hv4:main:50,paid_social,task_created,2026-09-04T06:28:39.692Z,,,n-hv4-u00248,t-hv4-u00248-2
hv4-e000876,hv4-u00248,task_first,hv4:main:50,paid_social,task_created,2026-09-04T06:29:39.692Z,,,n-hv4-u00248,t-hv4-u00248-3
hv4-e001126,hv4-u00317,task_first,hv4:main:50,organic_search,assigned,2026-09-04T07:03:43.238Z,,,,
hv4-e001127,hv4-u00317,task_first,hv4:main:50,organic_search,note_saved,2026-09-04T07:07:43.238Z,,,n-hv4-u00317,
hv4-e001128,hv4-u00317,task_first,hv4:main:50,organic_search,task_created,2026-09-04T07:09:43.238Z,,,n-hv4-u00317,t-hv4-u00317-1
hv4-e001129,hv4-u00317,task_first,hv4:main:50,organic_search,task_created,2026-09-04T07:10:43.238Z,,,n-hv4-u00317,t-hv4-u00317-2
hv4-e001130,hv4-u00317,task_first,hv4:main:50,organic_search,task_created,2026-09-04T07:11:43.238Z,,,n-hv4-u00317,t-hv4-u00317-3
hv4-e000017,hv4-u00006,task_first,hv4:main:50,paid_social,revisited,2026-09-04T07:34:13.538Z,,,n-hv4-u00006,
hv4-e000018,hv4-u00006,task_first,hv4:main:50,paid_social,task_completed,2026-09-04T07:39:13.538Z,,,n-hv4-u00006,t-hv4-u00006-1
hv4-e000066,hv4-u00020,baseline,hv4:main:50,app_store,assigned,2026-09-04T08:09:24.221Z,,,,
hv4-e000067,hv4-u00020,baseline,hv4:main:50,app_store,note_saved,2026-09-04T08:13:24.221Z,,,n-hv4-u00020,
hv4-e001406,hv4-u00391,baseline,hv4:main:50,organic_search,assigned,2026-09-04T08:31:03.293Z,,,,
hv4-e000699,hv4-u00197,baseline,hv4:main:50,paid_social,note_saved,2026-09-04T08:46:35.380Z,,,n-hv4-u00197,
hv4-e000700,hv4-u00197,baseline,hv4:main:50,paid_social,task_created,2026-09-04T08:48:35.380Z,,,n-hv4-u00197,t-hv4-u00197-1
hv4-e000967,hv4-u00274,task_first,hv4:main:50,paid_social,assigned,2026-09-04T09:26:39.852Z,,,,
hv4-e000145,hv4-u00038,task_first,hv4:main:50,paid_social,assigned,2026-09-04T09:30:11.289Z,,,,
hv4-e000968,hv4-u00274,task_first,hv4:main:50,paid_social,note_saved,2026-09-04T09:30:39.852Z,,,n-hv4-u00274,
hv4-e000146,hv4-u00038,task_first,hv4:main:50,paid_social,note_saved,2026-09-04T09:34:11.289Z,,,n-hv4-u00038,
hv4-e000213,hv4-u00060,task_first,hv4:main:50,paid_social,assigned,2026-09-04T09:48:03.738Z,,,,
hv4-e000552,hv4-u00155,task_first,hv4:main:50,organic_search,assigned,2026-09-04T09:48:52.035Z,,,,
hv4-e000214,hv4-u00060,task_first,hv4:main:50,paid_social,note_saved,2026-09-04T09:52:03.738Z,,,n-hv4-u00060,
hv4-e000553,hv4-u00155,task_first,hv4:main:50,organic_search,note_saved,2026-09-04T09:52:52.035Z,,,n-hv4-u00155,
hv4-e000215,hv4-u00060,task_first,hv4:main:50,paid_social,task_created,2026-09-04T09:54:03.738Z,,,n-hv4-u00060,t-hv4-u00060-1
hv4-e000554,hv4-u00155,task_first,hv4:main:50,organic_search,task_created,2026-09-04T09:54:52.035Z,,,n-hv4-u00155,t-hv4-u00155-1
hv4-e000216,hv4-u00060,task_first,hv4:main:50,paid_social,task_created,2026-09-04T09:55:03.738Z,,,n-hv4-u00060,t-hv4-u00060-2
hv4-e000555,hv4-u00155,task_first,hv4:main:50,organic_search,task_created,2026-09-04T09:55:52.035Z,,,n-hv4-u00155,t-hv4-u00155-2
hv4-e001302,hv4-u00359,task_first,hv4:main:50,app_store,assigned,2026-09-04T10:14:22.279Z,,,,
hv4-e001303,hv4-u00359,task_first,hv4:main:50,app_store,note_saved,2026-09-04T10:18:22.279Z,,,n-hv4-u00359,
hv4-e000871,hv4-u00247,baseline,hv4:main:50,paid_social,assigned,2026-09-04T10:22:21.782Z,,,,
hv4-e000953,hv4-u00269,baseline,hv4:main:50,app_store,trial_started,2026-09-04T11:59:34.109Z,,,,
hv4-e000138,hv4-u00037,task_first,hv4:main:50,paid_social,assigned,2026-09-04T12:01:36.327Z,,,,
hv4-e000139,hv4-u00037,task_first,hv4:main:50,paid_social,note_saved,2026-09-04T12:05:36.327Z,,,n-hv4-u00037,
hv4-e000140,hv4-u00037,task_first,hv4:main:50,paid_social,task_created,2026-09-04T12:07:36.327Z,,,n-hv4-u00037,t-hv4-u00037-1
hv4-e000141,hv4-u00037,task_first,hv4:main:50,paid_social,task_created,2026-09-04T12:08:36.327Z,,,n-hv4-u00037,t-hv4-u00037-2
hv4-e000142,hv4-u00037,task_first,hv4:main:50,paid_social,task_created,2026-09-04T12:09:36.327Z,,,n-hv4-u00037,t-hv4-u00037-3
hv4-e000281,hv4-u00077,task_first,hv4:main:50,organic_search,assigned,2026-09-04T13:00:43.483Z,,,,
hv4-e000619,hv4-u00174,task_first,hv4:main:50,app_store,assigned,2026-09-04T13:00:52.060Z,,,,
hv4-e000282,hv4-u00077,task_first,hv4:main:50,organic_search,note_saved,2026-09-04T13:04:43.483Z,,,n-hv4-u00077,
hv4-e000620,hv4-u00174,task_first,hv4:main:50,app_store,note_saved,2026-09-04T13:04:52.060Z,,,n-hv4-u00174,
hv4-e000484,hv4-u00138,baseline,hv4:main:50,app_store,assigned,2026-09-04T13:06:07.005Z,,,,
hv4-e000283,hv4-u00077,task_first,hv4:main:50,organic_search,task_created,2026-09-04T13:06:43.483Z,,,n-hv4-u00077,t-hv4-u00077-1
hv4-e000621,hv4-u00174,task_first,hv4:main:50,app_store,task_created,2026-09-04T13:06:52.060Z,,,n-hv4-u00174,t-hv4-u00174-1
hv4-e000284,hv4-u00077,task_first,hv4:main:50,organic_search,task_created,2026-09-04T13:07:43.483Z,,,n-hv4-u00077,t-hv4-u00077-2
hv4-e000622,hv4-u00174,task_first,hv4:main:50,app_store,task_created,2026-09-04T13:07:52.060Z,,,n-hv4-u00174,t-hv4-u00174-2
hv4-e000285,hv4-u00077,task_first,hv4:main:50,organic_search,task_created,2026-09-04T13:08:43.483Z,,,n-hv4-u00077,t-hv4-u00077-3
hv4-e000485,hv4-u00138,baseline,hv4:main:50,app_store,note_saved,2026-09-04T13:10:07.005Z,,,n-hv4-u00138,
hv4-e000486,hv4-u00138,baseline,hv4:main:50,app_store,task_created,2026-09-04T13:12:07.005Z,,,n-hv4-u00138,t-hv4-u00138-1
hv4-e000487,hv4-u00138,baseline,hv4:main:50,app_store,task_created,2026-09-04T13:13:07.005Z,,,n-hv4-u00138,t-hv4-u00138-2
hv4-e000488,hv4-u00138,baseline,hv4:main:50,app_store,task_created,2026-09-04T13:14:07.005Z,,,n-hv4-u00138,t-hv4-u00138-3
hv4-e000741,hv4-u00209,baseline,hv4:main:50,app_store,assigned,2026-09-04T13:16:13.152Z,,,,
hv4-e000742,hv4-u00209,baseline,hv4:main:50,app_store,note_saved,2026-09-04T13:20:13.152Z,,,n-hv4-u00209,
hv4-e000491,hv4-u00138,baseline,hv4:main:50,app_store,trial_started,2026-09-04T14:06:07.005Z,,,,
hv4-e001365,hv4-u00380,baseline,hv4:main:50,referral,assigned,2026-09-04T15:07:18.751Z,,,,
hv4-e001366,hv4-u00380,baseline,hv4:main:50,referral,note_saved,2026-09-04T15:11:18.751Z,,,n-hv4-u00380,
hv4-e001367,hv4-u00380,baseline,hv4:main:50,referral,task_created,2026-09-04T15:13:18.751Z,,,n-hv4-u00380,t-hv4-u00380-1
hv4-e001368,hv4-u00380,baseline,hv4:main:50,referral,task_created,2026-09-04T15:14:18.751Z,,,n-hv4-u00380,t-hv4-u00380-2
hv4-e001369,hv4-u00380,baseline,hv4:main:50,referral,task_created,2026-09-04T15:15:18.751Z,,,n-hv4-u00380,t-hv4-u00380-3
hv4-e001436,hv4-u00400,task_first,hv4:main:50,referral,assigned,2026-09-04T15:27:43.809Z,,,,
hv4-e001437,hv4-u00400,task_first,hv4:main:50,referral,note_saved,2026-09-04T15:31:43.809Z,,,n-hv4-u00400,
hv4-e001438,hv4-u00400,task_first,hv4:main:50,referral,task_created,2026-09-04T15:33:43.809Z,,,n-hv4-u00400,t-hv4-u00400-1
hv4-e001439,hv4-u00400,task_first,hv4:main:50,referral,task_created,2026-09-04T15:34:43.809Z,,,n-hv4-u00400,t-hv4-u00400-2
hv4-e000094,hv4-u00026,task_first,hv4:main:50,organic_search,revisited,2026-09-04T15:49:00.182Z,,,n-hv4-u00026,
hv4-e000095,hv4-u00026,task_first,hv4:main:50,organic_search,task_completed,2026-09-04T15:54:00.182Z,,,n-hv4-u00026,t-hv4-u00026-1
hv4-e000654,hv4-u00185,task_first,hv4:main:50,paid_social,assigned,2026-09-04T16:04:45.965Z,,,,
hv4-e000655,hv4-u00185,task_first,hv4:main:50,paid_social,note_saved,2026-09-04T16:08:45.965Z,,,n-hv4-u00185,
hv4-e000656,hv4-u00185,task_first,hv4:main:50,paid_social,task_created,2026-09-04T16:10:45.965Z,,,n-hv4-u00185,t-hv4-u00185-1
hv4-e000891,hv4-u00250,task_first,hv4:main:50,organic_search,revisited,2026-09-04T16:35:08.166Z,,,n-hv4-u00250,
hv4-e000892,hv4-u00250,task_first,hv4:main:50,organic_search,task_completed,2026-09-04T16:40:08.166Z,,,n-hv4-u00250,t-hv4-u00250-1
hv4-e000298,hv4-u00080,baseline,hv4:main:50,organic_search,revisited,2026-09-04T17:03:08.987Z,,,n-hv4-u00080,
hv4-e000657,hv4-u00185,task_first,hv4:main:50,paid_social,trial_started,2026-09-04T17:04:45.965Z,,,,
hv4-e001443,hv4-u00401,baseline,hv4:main:50,referral,note_saved,2026-09-04T17:22:16.221Z,,,n-hv4-u00401,
hv4-e001444,hv4-u00401,baseline,hv4:main:50,referral,task_created,2026-09-04T17:24:16.221Z,,,n-hv4-u00401,t-hv4-u00401-1
hv4-e001445,hv4-u00401,baseline,hv4:main:50,referral,task_created,2026-09-04T17:25:16.221Z,,,n-hv4-u00401,t-hv4-u00401-2
hv4-e001446,hv4-u00401,baseline,hv4:main:50,referral,task_created,2026-09-04T17:26:16.221Z,,,n-hv4-u00401,t-hv4-u00401-3
hv4-e000616,hv4-u00172,task_first,hv4:main:50,app_store,assigned,2026-09-04T17:55:40.896Z,,,,
hv4-e000617,hv4-u00172,task_first,hv4:main:50,app_store,note_saved,2026-09-04T17:59:40.896Z,,,n-hv4-u00172,
hv4-e000893,hv4-u00251,baseline,hv4:main:50,paid_social,assigned,2026-09-04T18:04:20.177Z,,,,
hv4-e000894,hv4-u00251,baseline,hv4:main:50,paid_social,note_saved,2026-09-04T18:08:20.177Z,,,n-hv4-u00251,
hv4-e000745,hv4-u00211,task_first,hv4:main:50,app_store,assigned,2026-09-04T18:41:01.220Z,,,,
hv4-e000746,hv4-u00211,task_first,hv4:main:50,app_store,note_saved,2026-09-04T18:45:01.220Z,,,n-hv4-u00211,
hv4-e000747,hv4-u00211,task_first,hv4:main:50,app_store,task_created,2026-09-04T18:47:01.220Z,,,n-hv4-u00211,t-hv4-u00211-1
hv4-e001334,hv4-u00368,task_first,hv4:main:50,paid_social,revisited,2026-09-04T19:12:31.346Z,,,n-hv4-u00368,
hv4-e000541,hv4-u00153,task_first,hv4:main:50,paid_social,assigned,2026-09-04T20:27:57.398Z,,,,
hv4-e000542,hv4-u00153,task_first,hv4:main:50,paid_social,note_saved,2026-09-04T20:31:57.398Z,,,n-hv4-u00153,
hv4-e000543,hv4-u00153,task_first,hv4:main:50,paid_social,task_created,2026-09-04T20:33:57.398Z,,,n-hv4-u00153,t-hv4-u00153-1
hv4-e000544,hv4-u00153,task_first,hv4:main:50,paid_social,task_created,2026-09-04T20:34:57.398Z,,,n-hv4-u00153,t-hv4-u00153-2
hv4-e001036,hv4-u00292,task_first,hv4:main:50,organic_search,revisited,2026-09-04T21:15:35.280Z,,,n-hv4-u00292,
hv4-e001037,hv4-u00292,task_first,hv4:main:50,organic_search,task_completed,2026-09-04T21:20:35.280Z,,,n-hv4-u00292,t-hv4-u00292-1
hv4-e000769,hv4-u00217,baseline,hv4:main:50,referral,note_saved,2026-09-04T21:25:20.399Z,,,n-hv4-u00217,
hv4-e000770,hv4-u00217,baseline,hv4:main:50,referral,task_created,2026-09-04T21:27:20.399Z,,,n-hv4-u00217,t-hv4-u00217-1
hv4-e000918,hv4-u00258,baseline,hv4:main:50,paid_social,assigned,2026-09-04T21:29:48.436Z,,,,
hv4-e000919,hv4-u00258,baseline,hv4:main:50,paid_social,note_saved,2026-09-04T21:33:48.436Z,,,n-hv4-u00258,
hv4-e000920,hv4-u00258,baseline,hv4:main:50,paid_social,task_created,2026-09-04T21:35:48.436Z,,,n-hv4-u00258,t-hv4-u00258-1
hv4-e000743,hv4-u00210,task_first,hv4:main:50,organic_search,assigned,2026-09-04T21:50:08.744Z,,,,
hv4-e000744,hv4-u00210,task_first,hv4:main:50,organic_search,note_saved,2026-09-04T21:54:08.744Z,,,n-hv4-u00210,
hv4-e001209,hv4-u00338,task_first,hv4:main:50,organic_search,assigned,2026-09-04T23:17:15.562Z,,,,
hv4-e000130,hv4-u00035,baseline,hv4:main:50,referral,assigned,2026-09-04T23:17:17.815Z,,,,
hv4-e001210,hv4-u00338,task_first,hv4:main:50,organic_search,note_saved,2026-09-04T23:21:15.562Z,,,n-hv4-u00338,
hv4-e000131,hv4-u00035,baseline,hv4:main:50,referral,note_saved,2026-09-04T23:21:17.815Z,,,n-hv4-u00035,
hv4-e001211,hv4-u00338,task_first,hv4:main:50,organic_search,task_created,2026-09-04T23:23:15.562Z,,,n-hv4-u00338,t-hv4-u00338-1
hv4-e001212,hv4-u00338,task_first,hv4:main:50,organic_search,task_created,2026-09-04T23:24:15.562Z,,,n-hv4-u00338,t-hv4-u00338-2
hv4-e001213,hv4-u00338,task_first,hv4:main:50,organic_search,task_created,2026-09-04T23:25:15.562Z,,,n-hv4-u00338,t-hv4-u00338-3
hv4-e000243,hv4-u00067,task_first,hv4:main:50,referral,assigned,2026-09-04T23:33:18.209Z,,,,
hv4-e000244,hv4-u00067,task_first,hv4:main:50,referral,note_saved,2026-09-04T23:37:18.209Z,,,n-hv4-u00067,
hv4-e000245,hv4-u00067,task_first,hv4:main:50,referral,task_created,2026-09-04T23:39:18.209Z,,,n-hv4-u00067,t-hv4-u00067-1
hv4-e000359,hv4-u00100,task_first,hv4:main:50,referral,revisited,2026-09-04T23:51:22.903Z,,,n-hv4-u00100,
hv4-e000005,hv4-u00002,baseline,hv4:main:50,paid_social,trial_started,2026-09-05T01:05:09.678Z,,,,
hv4-e000203,hv4-u00057,baseline,hv4:main:50,paid_social,trial_started,2026-09-05T01:18:26.428Z,,,,
hv4-e000102,hv4-u00028,task_first,hv4:main:50,referral,assigned,2026-09-05T01:20:07.883Z,,,,
hv4-e000103,hv4-u00028,task_first,hv4:main:50,referral,note_saved,2026-09-05T01:24:07.883Z,,,n-hv4-u00028,
hv4-e000104,hv4-u00028,task_first,hv4:main:50,referral,task_created,2026-09-05T01:26:07.883Z,,,n-hv4-u00028,t-hv4-u00028-1
hv4-e000105,hv4-u00028,task_first,hv4:main:50,referral,task_created,2026-09-05T01:27:07.883Z,,,n-hv4-u00028,t-hv4-u00028-2
hv4-e000351,hv4-u00097,baseline,hv4:main:50,paid_social,trial_started,2026-09-05T01:27:39.577Z,,,,
hv4-e000805,hv4-u00228,task_first,hv4:main:50,organic_search,revisited,2026-09-05T03:32:06.612Z,,,n-hv4-u00228,
hv4-e000408,hv4-u00115,task_first,hv4:main:50,paid_social,assigned,2026-09-05T04:15:31.291Z,,,,
hv4-e000409,hv4-u00115,task_first,hv4:main:50,paid_social,note_saved,2026-09-05T04:19:31.291Z,,,n-hv4-u00115,
hv4-e001412,hv4-u00393,task_first,hv4:main:50,app_store,assigned,2026-09-05T04:25:27.523Z,,,,
hv4-e001413,hv4-u00393,task_first,hv4:main:50,app_store,note_saved,2026-09-05T04:29:27.523Z,,,n-hv4-u00393,
hv4-e000528,hv4-u00148,baseline,hv4:main:50,referral,assigned,2026-09-05T04:39:27.266Z,,,,
hv4-e001486,hv4-u00414,baseline,hv4:main:50,app_store,assigned,2026-09-05T04:56:11.182Z,,,,
hv4-e000877,hv4-u00248,task_first,hv4:main:50,paid_social,revisited,2026-09-05T06:51:39.692Z,,,n-hv4-u00248,
hv4-e000878,hv4-u00248,task_first,hv4:main:50,paid_social,task_completed,2026-09-05T06:56:39.692Z,,,n-hv4-u00248,t-hv4-u00248-1
hv4-e001106,hv4-u00310,task_first,hv4:main:50,app_store,assigned,2026-09-05T07:02:05.124Z,,,,
hv4-e000579,hv4-u00162,task_first,hv4:main:50,referral,assigned,2026-09-05T08:28:09.101Z,,,,
hv4-e000580,hv4-u00162,task_first,hv4:main:50,referral,note_saved,2026-09-05T08:32:09.101Z,,,n-hv4-u00162,
hv4-e000707,hv4-u00199,task_first,hv4:main:50,referral,revisited,2026-09-05T09:47:40.599Z,,,n-hv4-u00199,
hv4-e001184,hv4-u00333,baseline,hv4:main:50,organic_search,assigned,2026-09-05T11:02:37.237Z,,,,
hv4-e001185,hv4-u00333,baseline,hv4:main:50,organic_search,note_saved,2026-09-05T11:06:37.237Z,,,n-hv4-u00333,
hv4-e001186,hv4-u00333,baseline,hv4:main:50,organic_search,task_created,2026-09-05T11:08:37.237Z,,,n-hv4-u00333,t-hv4-u00333-1
hv4-e001187,hv4-u00333,baseline,hv4:main:50,organic_search,task_created,2026-09-05T11:09:37.237Z,,,n-hv4-u00333,t-hv4-u00333-2
hv4-e001188,hv4-u00333,baseline,hv4:main:50,organic_search,task_created,2026-09-05T11:10:37.237Z,,,n-hv4-u00333,t-hv4-u00333-3
hv4-e000951,hv4-u00269,baseline,hv4:main:50,app_store,revisited,2026-09-05T11:29:34.109Z,,,n-hv4-u00269,
hv4-e000952,hv4-u00269,baseline,hv4:main:50,app_store,task_completed,2026-09-05T11:34:34.109Z,,,n-hv4-u00269,t-hv4-u00269-1
hv4-e001347,hv4-u00374,baseline,hv4:main:50,referral,assigned,2026-09-05T12:24:23.702Z,,,,
hv4-e001326,hv4-u00367,baseline,hv4:main:50,app_store,note_saved,2026-09-05T12:55:31.614Z,,,n-hv4-u00367,
hv4-e001327,hv4-u00367,baseline,hv4:main:50,app_store,task_created,2026-09-05T12:57:31.614Z,,,n-hv4-u00367,t-hv4-u00367-1
hv4-e001328,hv4-u00367,baseline,hv4:main:50,app_store,task_created,2026-09-05T12:58:31.614Z,,,n-hv4-u00367,t-hv4-u00367-2
hv4-e001329,hv4-u00367,baseline,hv4:main:50,app_store,task_created,2026-09-05T12:59:31.614Z,,,n-hv4-u00367,t-hv4-u00367-3
hv4-e000230,hv4-u00062,task_first,hv4:main:50,paid_social,paid,2026-09-05T13:47:20.374Z,10.00,XTS,,
hv4-e000853,hv4-u00240,baseline,hv4:main:50,paid_social,revisited,2026-09-05T13:54:01.273Z,,,n-hv4-u00240,
hv4-e000078,hv4-u00023,baseline,hv4:main:50,organic_search,assigned,2026-09-05T14:03:13.400Z,,,,
hv4-e000079,hv4-u00023,baseline,hv4:main:50,organic_search,note_saved,2026-09-05T14:07:13.400Z,,,n-hv4-u00023,
hv4-e000156,hv4-u00041,task_first,hv4:main:50,organic_search,assigned,2026-09-05T14:22:28.962Z,,,,
hv4-e000157,hv4-u00041,task_first,hv4:main:50,organic_search,note_saved,2026-09-05T14:26:28.962Z,,,n-hv4-u00041,
hv4-e000080,hv4-u00023,baseline,hv4:main:50,organic_search,trial_started,2026-09-05T15:03:13.400Z,,,,
hv4-e000588,hv4-u00165,task_first,hv4:main:50,app_store,assigned,2026-09-05T15:56:11.637Z,,,,
hv4-e000019,hv4-u00007,baseline,hv4:main:50,organic_search,assigned,2026-09-05T16:33:56.512Z,,,,
hv4-e000020,hv4-u00007,baseline,hv4:main:50,organic_search,note_saved,2026-09-05T16:37:56.512Z,,,n-hv4-u00007,
hv4-e000120,hv4-u00032,task_first,hv4:main:50,referral,assigned,2026-09-05T17:10:08.288Z,,,,
hv4-e000924,hv4-u00259,task_first,hv4:main:50,organic_search,assigned,2026-09-05T17:47:53.945Z,,,,
hv4-e000716,hv4-u00202,baseline,hv4:main:50,organic_search,revisited,2026-09-05T18:46:14.609Z,,,n-hv4-u00202,
hv4-e000810,hv4-u00230,baseline,hv4:main:50,paid_social,note_saved,2026-09-05T18:48:42.134Z,,,n-hv4-u00230,
hv4-e000811,hv4-u00230,baseline,hv4:main:50,paid_social,task_created,2026-09-05T18:50:42.134Z,,,n-hv4-u00230,t-hv4-u00230-1
hv4-e000380,hv4-u00105,baseline,hv4:main:50,referral,note_saved,2026-09-05T18:58:02.416Z,,,n-hv4-u00105,
hv4-e001474,hv4-u00410,baseline,hv4:main:50,referral,assigned,2026-09-05T18:59:23.702Z,,,,
hv4-e000381,hv4-u00105,baseline,hv4:main:50,referral,task_created,2026-09-05T19:00:02.416Z,,,n-hv4-u00105,t-hv4-u00105-1
hv4-e000382,hv4-u00105,baseline,hv4:main:50,referral,task_created,2026-09-05T19:01:02.416Z,,,n-hv4-u00105,t-hv4-u00105-2
hv4-e001475,hv4-u00410,baseline,hv4:main:50,referral,note_saved,2026-09-05T19:03:23.702Z,,,n-hv4-u00410,
hv4-e000314,hv4-u00086,baseline,hv4:main:50,app_store,revisited,2026-09-05T20:26:47.229Z,,,n-hv4-u00086,
hv4-e000730,hv4-u00206,task_first,hv4:main:50,organic_search,assigned,2026-09-05T21:25:51.547Z,,,,
hv4-e000731,hv4-u00206,task_first,hv4:main:50,organic_search,note_saved,2026-09-05T21:29:51.547Z,,,n-hv4-u00206,
hv4-e001038,hv4-u00292,task_first,hv4:main:50,organic_search,trial_started,2026-09-05T21:45:35.280Z,,,,
hv4-e000036,hv4-u00011,task_first,hv4:main:50,organic_search,assigned,2026-09-05T21:56:36.823Z,,,,
hv4-e000037,hv4-u00011,task_first,hv4:main:50,organic_search,note_saved,2026-09-05T22:00:36.823Z,,,n-hv4-u00011,
hv4-e000200,hv4-u00056,baseline,hv4:main:50,referral,revisited,2026-09-05T22:16:03.420Z,,,n-hv4-u00056,
hv4-e000696,hv4-u00196,task_first,hv4:main:50,referral,revisited,2026-09-05T22:45:43.014Z,,,n-hv4-u00196,
hv4-e000697,hv4-u00196,task_first,hv4:main:50,referral,task_completed,2026-09-05T22:50:43.014Z,,,n-hv4-u00196,t-hv4-u00196-1
hv4-e001000,hv4-u00284,task_first,hv4:main:50,paid_social,assigned,2026-09-05T23:39:22.351Z,,,,
hv4-e001001,hv4-u00284,task_first,hv4:main:50,paid_social,note_saved,2026-09-05T23:43:22.351Z,,,n-hv4-u00284,
hv4-e001002,hv4-u00284,task_first,hv4:main:50,paid_social,task_created,2026-09-05T23:45:22.351Z,,,n-hv4-u00284,t-hv4-u00284-1
hv4-e001216,hv4-u00338,task_first,hv4:main:50,organic_search,trial_started,2026-09-06T00:17:15.562Z,,,,
hv4-e001222,hv4-u00340,task_first,hv4:main:50,organic_search,assigned,2026-09-06T00:23:39.833Z,,,,
hv4-e001223,hv4-u00340,task_first,hv4:main:50,organic_search,note_saved,2026-09-06T00:27:39.833Z,,,n-hv4-u00340,
hv4-e000349,hv4-u00097,baseline,hv4:main:50,paid_social,revisited,2026-09-06T00:57:39.577Z,,,n-hv4-u00097,
hv4-e000350,hv4-u00097,baseline,hv4:main:50,paid_social,task_completed,2026-09-06T01:02:39.577Z,,,n-hv4-u00097,t-hv4-u00097-1
hv4-e001045,hv4-u00294,baseline,hv4:main:50,referral,note_saved,2026-09-06T01:18:16.365Z,,,n-hv4-u00294,
hv4-e001046,hv4-u00294,baseline,hv4:main:50,referral,task_created,2026-09-06T01:20:16.365Z,,,n-hv4-u00294,t-hv4-u00294-1
hv4-e001047,hv4-u00294,baseline,hv4:main:50,referral,task_created,2026-09-06T01:21:16.365Z,,,n-hv4-u00294,t-hv4-u00294-2
hv4-e001244,hv4-u00347,baseline,hv4:main:50,paid_social,assigned,2026-09-06T01:43:03.563Z,,,,
hv4-e001245,hv4-u00347,baseline,hv4:main:50,paid_social,note_saved,2026-09-06T01:47:03.563Z,,,n-hv4-u00347,
hv4-e001246,hv4-u00347,baseline,hv4:main:50,paid_social,task_created,2026-09-06T01:49:03.563Z,,,n-hv4-u00347,t-hv4-u00347-1
hv4-e000675,hv4-u00190,baseline,hv4:main:50,organic_search,trial_started,2026-09-06T02:32:16.027Z,,,,
hv4-e000162,hv4-u00044,task_first,hv4:main:50,app_store,assigned,2026-09-06T04:00:14.120Z,,,,
hv4-e000163,hv4-u00044,task_first,hv4:main:50,app_store,note_saved,2026-09-06T04:04:14.120Z,,,n-hv4-u00044,
hv4-e000372,hv4-u00102,baseline,hv4:main:50,paid_social,revisited,2026-09-06T05:09:01.237Z,,,n-hv4-u00102,
hv4-e000211,hv4-u00059,task_first,hv4:main:50,referral,assigned,2026-09-06T05:18:35.979Z,,,,
hv4-e000212,hv4-u00059,task_first,hv4:main:50,referral,note_saved,2026-09-06T05:22:35.979Z,,,n-hv4-u00059,
hv4-e000035,hv4-u00010,task_first,hv4:main:50,referral,revisited,2026-09-06T06:19:06.420Z,,,n-hv4-u00010,
hv4-e001107,hv4-u00310,task_first,hv4:main:50,app_store,revisited,2026-09-06T07:02:05.124Z,,,n-hv4-u00310,
hv4-e000931,hv4-u00262,baseline,hv4:main:50,paid_social,note_saved,2026-09-06T07:39:07.077Z,,,n-hv4-u00262,
hv4-e000932,hv4-u00262,baseline,hv4:main:50,paid_social,task_created,2026-09-06T07:41:07.077Z,,,n-hv4-u00262,t-hv4-u00262-1
hv4-e000933,hv4-u00262,baseline,hv4:main:50,paid_social,task_created,2026-09-06T07:42:07.077Z,,,n-hv4-u00262,t-hv4-u00262-2
hv4-e000307,hv4-u00084,task_first,hv4:main:50,app_store,assigned,2026-09-06T08:14:15.620Z,,,,
hv4-e001357,hv4-u00377,baseline,hv4:main:50,paid_social,assigned,2026-09-06T08:51:12.542Z,,,,
hv4-e001358,hv4-u00377,baseline,hv4:main:50,paid_social,note_saved,2026-09-06T08:55:12.542Z,,,n-hv4-u00377,
hv4-e001359,hv4-u00377,baseline,hv4:main:50,paid_social,task_created,2026-09-06T08:57:12.542Z,,,n-hv4-u00377,t-hv4-u00377-1
hv4-e000400,hv4-u00113,baseline,hv4:main:50,app_store,assigned,2026-09-06T08:58:25.930Z,,,,
hv4-e000401,hv4-u00113,baseline,hv4:main:50,app_store,note_saved,2026-09-06T09:02:25.930Z,,,n-hv4-u00113,
hv4-e000402,hv4-u00113,baseline,hv4:main:50,app_store,task_created,2026-09-06T09:04:25.930Z,,,n-hv4-u00113,t-hv4-u00113-1
hv4-e000403,hv4-u00113,baseline,hv4:main:50,app_store,task_created,2026-09-06T09:05:25.930Z,,,n-hv4-u00113,t-hv4-u00113-2
hv4-e000109,hv4-u00030,baseline,hv4:main:50,organic_search,note_saved,2026-09-06T09:07:37.704Z,,,n-hv4-u00030,
hv4-e000110,hv4-u00030,baseline,hv4:main:50,organic_search,task_created,2026-09-06T09:09:37.704Z,,,n-hv4-u00030,t-hv4-u00030-1
hv4-e000111,hv4-u00030,baseline,hv4:main:50,organic_search,task_created,2026-09-06T09:10:37.704Z,,,n-hv4-u00030,t-hv4-u00030-2
hv4-e001408,hv4-u00391,baseline,hv4:main:50,organic_search,trial_started,2026-09-06T09:31:03.293Z,,,,
hv4-e001360,hv4-u00377,baseline,hv4:main:50,paid_social,trial_started,2026-09-06T09:51:12.542Z,,,,
hv4-e000217,hv4-u00060,task_first,hv4:main:50,paid_social,trial_started,2026-09-06T10:48:03.738Z,,,,
hv4-e001189,hv4-u00333,baseline,hv4:main:50,organic_search,revisited,2026-09-06T11:02:37.237Z,,,n-hv4-u00333,
hv4-e001348,hv4-u00375,baseline,hv4:main:50,referral,assigned,2026-09-06T11:13:44.206Z,,,,
hv4-e001349,hv4-u00375,baseline,hv4:main:50,referral,note_saved,2026-09-06T11:17:44.206Z,,,n-hv4-u00375,
hv4-e001350,hv4-u00375,baseline,hv4:main:50,referral,task_created,2026-09-06T11:19:44.206Z,,,n-hv4-u00375,t-hv4-u00375-1
hv4-e001307,hv4-u00361,task_first,hv4:main:50,app_store,assigned,2026-09-06T11:26:45.351Z,,,,
hv4-e001308,hv4-u00361,task_first,hv4:main:50,app_store,note_saved,2026-09-06T11:30:45.351Z,,,n-hv4-u00361,
hv4-e001309,hv4-u00361,task_first,hv4:main:50,app_store,task_created,2026-09-06T11:32:45.351Z,,,n-hv4-u00361,t-hv4-u00361-1
hv4-e001310,hv4-u00361,task_first,hv4:main:50,app_store,task_created,2026-09-06T11:33:45.351Z,,,n-hv4-u00361,t-hv4-u00361-2
hv4-e001311,hv4-u00361,task_first,hv4:main:50,app_store,task_created,2026-09-06T11:34:45.351Z,,,n-hv4-u00361,t-hv4-u00361-3
hv4-e000961,hv4-u00272,baseline,hv4:main:50,referral,assigned,2026-09-06T12:15:39.167Z,,,,
hv4-e000962,hv4-u00272,baseline,hv4:main:50,referral,note_saved,2026-09-06T12:19:39.167Z,,,n-hv4-u00272,
hv4-e000963,hv4-u00272,baseline,hv4:main:50,referral,task_created,2026-09-06T12:21:39.167Z,,,n-hv4-u00272,t-hv4-u00272-1
hv4-e001016,hv4-u00288,task_first,hv4:main:50,referral,assigned,2026-09-06T13:02:30.954Z,,,,
hv4-e001017,hv4-u00288,task_first,hv4:main:50,referral,note_saved,2026-09-06T13:06:30.954Z,,,n-hv4-u00288,
hv4-e001018,hv4-u00288,task_first,hv4:main:50,referral,task_created,2026-09-06T13:08:30.954Z,,,n-hv4-u00288,t-hv4-u00288-1
hv4-e001019,hv4-u00288,task_first,hv4:main:50,referral,task_created,2026-09-06T13:09:30.954Z,,,n-hv4-u00288,t-hv4-u00288-2
hv4-e001020,hv4-u00288,task_first,hv4:main:50,referral,task_created,2026-09-06T13:10:30.954Z,,,n-hv4-u00288,t-hv4-u00288-3
hv4-e000597,hv4-u00168,task_first,hv4:main:50,referral,assigned,2026-09-06T13:18:44.650Z,,,,
hv4-e000598,hv4-u00168,task_first,hv4:main:50,referral,note_saved,2026-09-06T13:22:44.650Z,,,n-hv4-u00168,
hv4-e000599,hv4-u00168,task_first,hv4:main:50,referral,task_created,2026-09-06T13:24:44.650Z,,,n-hv4-u00168,t-hv4-u00168-1
hv4-e000600,hv4-u00168,task_first,hv4:main:50,referral,task_created,2026-09-06T13:25:44.650Z,,,n-hv4-u00168,t-hv4-u00168-2
hv4-e000601,hv4-u00168,task_first,hv4:main:50,referral,task_created,2026-09-06T13:26:44.650Z,,,n-hv4-u00168,t-hv4-u00168-3
hv4-e000489,hv4-u00138,baseline,hv4:main:50,app_store,revisited,2026-09-06T13:36:07.005Z,,,n-hv4-u00138,
hv4-e000490,hv4-u00138,baseline,hv4:main:50,app_store,task_completed,2026-09-06T13:41:07.005Z,,,n-hv4-u00138,t-hv4-u00138-1
hv4-e000895,hv4-u00252,task_first,hv4:main:50,organic_search,assigned,2026-09-06T14:07:52.626Z,,,,
hv4-e000896,hv4-u00252,task_first,hv4:main:50,organic_search,note_saved,2026-09-06T14:11:52.626Z,,,n-hv4-u00252,
hv4-e001207,hv4-u00337,task_first,hv4:main:50,organic_search,paid,2026-09-06T14:43:53.383Z,10.00,XTS,,
hv4-e001370,hv4-u00380,baseline,hv4:main:50,referral,revisited,2026-09-06T15:07:18.751Z,,,n-hv4-u00380,
hv4-e000908,hv4-u00256,task_first,hv4:main:50,app_store,assigned,2026-09-06T15:54:38.395Z,,,,
hv4-e000909,hv4-u00256,task_first,hv4:main:50,app_store,note_saved,2026-09-06T15:58:38.395Z,,,n-hv4-u00256,
hv4-e000910,hv4-u00256,task_first,hv4:main:50,app_store,task_created,2026-09-06T16:00:38.395Z,,,n-hv4-u00256,t-hv4-u00256-1
hv4-e001132,hv4-u00318,task_first,hv4:main:50,organic_search,assigned,2026-09-06T16:03:07.053Z,,,,
hv4-e001133,hv4-u00318,task_first,hv4:main:50,organic_search,note_saved,2026-09-06T16:07:07.053Z,,,n-hv4-u00318,
hv4-e001123,hv4-u00315,baseline,hv4:main:50,app_store,revisited,2026-09-06T16:32:15.742Z,,,n-hv4-u00315,
hv4-e000637,hv4-u00178,task_first,hv4:main:50,paid_social,assigned,2026-09-06T16:38:11.934Z,,,,
hv4-e000385,hv4-u00107,task_first,hv4:main:50,paid_social,assigned,2026-09-06T17:35:33.831Z,,,,
hv4-e000386,hv4-u00107,task_first,hv4:main:50,paid_social,note_saved,2026-09-06T17:39:33.831Z,,,n-hv4-u00107,
hv4-e000818,hv4-u00232,task_first,hv4:main:50,referral,paid,2026-09-06T18:02:11.453Z,10.00,XTS,,
hv4-e000122,hv4-u00032,task_first,hv4:main:50,referral,trial_started,2026-09-06T18:10:08.288Z,,,,
hv4-e000570,hv4-u00159,baseline,hv4:main:50,organic_search,assigned,2026-09-06T18:21:29.705Z,,,,
hv4-e000719,hv4-u00203,baseline,hv4:main:50,organic_search,trial_started,2026-09-06T18:22:59.702Z,,,,
hv4-e000748,hv4-u00211,task_first,hv4:main:50,app_store,revisited,2026-09-06T19:11:01.220Z,,,n-hv4-u00211,
hv4-e000749,hv4-u00211,task_first,hv4:main:50,app_store,task_completed,2026-09-06T19:16:01.220Z,,,n-hv4-u00211,t-hv4-u00211-1
hv4-e001461,hv4-u00405,baseline,hv4:main:50,paid_social,paid,2026-09-06T19:38:31.213Z,10.00,XTS,,
hv4-e000278,hv4-u00075,task_first,hv4:main:50,referral,revisited,2026-09-06T22:18:13.505Z,,,n-hv4-u00075,
hv4-e001396,hv4-u00389,task_first,hv4:main:50,app_store,assigned,2026-09-06T23:08:57.575Z,,,,
hv4-e001397,hv4-u00389,task_first,hv4:main:50,app_store,note_saved,2026-09-06T23:12:57.575Z,,,n-hv4-u00389,
hv4-e001398,hv4-u00389,task_first,hv4:main:50,app_store,task_created,2026-09-06T23:14:57.575Z,,,n-hv4-u00389,t-hv4-u00389-1
hv4-e001399,hv4-u00389,task_first,hv4:main:50,app_store,task_created,2026-09-06T23:15:57.575Z,,,n-hv4-u00389,t-hv4-u00389-2
hv4-e001400,hv4-u00389,task_first,hv4:main:50,app_store,task_created,2026-09-06T23:16:57.575Z,,,n-hv4-u00389,t-hv4-u00389-3
hv4-e000376,hv4-u00104,task_first,hv4:main:50,app_store,assigned,2026-09-06T23:36:55.999Z,,,,
hv4-e000377,hv4-u00104,task_first,hv4:main:50,app_store,note_saved,2026-09-06T23:40:55.999Z,,,n-hv4-u00104,
hv4-e001055,hv4-u00296,task_first,hv4:main:50,organic_search,revisited,2026-09-06T23:42:18.659Z,,,n-hv4-u00296,
hv4-e000246,hv4-u00067,task_first,hv4:main:50,referral,trial_started,2026-09-07T00:33:18.209Z,,,,
hv4-e000360,hv4-u00100,task_first,hv4:main:50,referral,trial_started,2026-09-07T00:51:22.903Z,,,,
hv4-e001064,hv4-u00298,task_first,hv4:main:50,paid_social,revisited,2026-09-07T00:53:43.549Z,,,n-hv4-u00298,
hv4-e001048,hv4-u00294,baseline,hv4:main:50,referral,revisited,2026-09-07T01:14:16.365Z,,,n-hv4-u00294,
hv4-e000934,hv4-u00263,baseline,hv4:main:50,organic_search,assigned,2026-09-07T01:31:47.026Z,,,,
hv4-e000935,hv4-u00263,baseline,hv4:main:50,organic_search,note_saved,2026-09-07T01:35:47.026Z,,,n-hv4-u00263,
hv4-e000177,hv4-u00050,task_first,hv4:main:50,paid_social,revisited,2026-09-07T01:38:20.826Z,,,n-hv4-u00050,
hv4-e000673,hv4-u00190,baseline,hv4:main:50,organic_search,revisited,2026-09-07T02:02:16.027Z,,,n-hv4-u00190,
hv4-e000446,hv4-u00124,baseline,hv4:main:50,app_store,paid,2026-09-07T02:02:33.317Z,10.00,XTS,,
hv4-e000674,hv4-u00190,baseline,hv4:main:50,organic_search,task_completed,2026-09-07T02:07:16.027Z,,,n-hv4-u00190,t-hv4-u00190-1
hv4-e000602,hv4-u00169,task_first,hv4:main:50,organic_search,assigned,2026-09-07T02:11:56.009Z,,,,
hv4-e000603,hv4-u00169,task_first,hv4:main:50,organic_search,note_saved,2026-09-07T02:15:56.009Z,,,n-hv4-u00169,
hv4-e000830,hv4-u00236,baseline,hv4:main:50,organic_search,assigned,2026-09-07T02:57:04.415Z,,,,
hv4-e000831,hv4-u00236,baseline,hv4:main:50,organic_search,note_saved,2026-09-07T03:01:04.415Z,,,n-hv4-u00236,
hv4-e000832,hv4-u00236,baseline,hv4:main:50,organic_search,task_created,2026-09-07T03:03:04.415Z,,,n-hv4-u00236,t-hv4-u00236-1
hv4-e000256,hv4-u00070,task_first,hv4:main:50,paid_social,trial_started,2026-09-07T04:19:16.052Z,,,,
hv4-e000164,hv4-u00044,task_first,hv4:main:50,app_store,trial_started,2026-09-07T05:00:14.120Z,,,,
hv4-e001082,hv4-u00303,baseline,hv4:main:50,referral,assigned,2026-09-07T05:10:33.151Z,,,,
hv4-e001083,hv4-u00303,baseline,hv4:main:50,referral,note_saved,2026-09-07T05:14:33.151Z,,,n-hv4-u00303,
hv4-e000321,hv4-u00089,task_first,hv4:main:50,organic_search,assigned,2026-09-07T05:17:12.957Z,,,,
hv4-e000322,hv4-u00089,task_first,hv4:main:50,organic_search,note_saved,2026-09-07T05:21:12.957Z,,,n-hv4-u00089,
hv4-e000323,hv4-u00089,task_first,hv4:main:50,organic_search,task_created,2026-09-07T05:23:12.957Z,,,n-hv4-u00089,t-hv4-u00089-1
hv4-e000761,hv4-u00215,task_first,hv4:main:50,referral,trial_started,2026-09-07T05:36:41.765Z,,,,
hv4-e000097,hv4-u00027,task_first,hv4:main:50,referral,assigned,2026-09-07T05:41:17.495Z,,,,
hv4-e000098,hv4-u00027,task_first,hv4:main:50,referral,note_saved,2026-09-07T05:45:17.495Z,,,n-hv4-u00027,
hv4-e000099,hv4-u00027,task_first,hv4:main:50,referral,task_created,2026-09-07T05:47:17.495Z,,,n-hv4-u00027,t-hv4-u00027-1
hv4-e000100,hv4-u00027,task_first,hv4:main:50,referral,task_created,2026-09-07T05:48:17.495Z,,,n-hv4-u00027,t-hv4-u00027-2
hv4-e000101,hv4-u00027,task_first,hv4:main:50,referral,task_created,2026-09-07T05:49:17.495Z,,,n-hv4-u00027,t-hv4-u00027-3
hv4-e001239,hv4-u00345,task_first,hv4:main:50,referral,assigned,2026-09-07T06:24:29.643Z,,,,
hv4-e001240,hv4-u00345,task_first,hv4:main:50,referral,note_saved,2026-09-07T06:28:29.643Z,,,n-hv4-u00345,
hv4-e000986,hv4-u00279,baseline,hv4:main:50,app_store,note_saved,2026-09-07T07:08:12.423Z,,,n-hv4-u00279,
hv4-e001389,hv4-u00385,task_first,hv4:main:50,organic_search,assigned,2026-09-07T07:41:36.509Z,,,,
hv4-e001390,hv4-u00385,task_first,hv4:main:50,organic_search,note_saved,2026-09-07T07:45:36.509Z,,,n-hv4-u00385,
hv4-e000068,hv4-u00021,baseline,hv4:main:50,paid_social,assigned,2026-09-07T08:38:13.061Z,,,,
hv4-e000069,hv4-u00021,baseline,hv4:main:50,paid_social,note_saved,2026-09-07T08:42:13.061Z,,,n-hv4-u00021,
hv4-e000701,hv4-u00197,baseline,hv4:main:50,paid_social,revisited,2026-09-07T08:42:35.380Z,,,n-hv4-u00197,
hv4-e000410,hv4-u00116,baseline,hv4:main:50,paid_social,assigned,2026-09-07T09:04:32.523Z,,,,
hv4-e000411,hv4-u00116,baseline,hv4:main:50,paid_social,note_saved,2026-09-07T09:08:32.523Z,,,n-hv4-u00116,
hv4-e000977,hv4-u00277,baseline,hv4:main:50,organic_search,assigned,2026-09-07T09:52:00.413Z,,,,
hv4-e000978,hv4-u00277,baseline,hv4:main:50,organic_search,note_saved,2026-09-07T09:56:00.413Z,,,n-hv4-u00277,
hv4-e000584,hv4-u00163,task_first,hv4:main:50,paid_social,revisited,2026-09-07T10:02:12.681Z,,,n-hv4-u00163,
hv4-e000658,hv4-u00186,baseline,hv4:main:50,organic_search,assigned,2026-09-07T11:12:24.289Z,,,,
hv4-e000026,hv4-u00008,baseline,hv4:main:50,paid_social,revisited,2026-09-07T11:56:58.288Z,,,n-hv4-u00008,
hv4-e001217,hv4-u00339,baseline,hv4:main:50,paid_social,assigned,2026-09-07T11:57:17.492Z,,,,
hv4-e001218,hv4-u00339,baseline,hv4:main:50,paid_social,note_saved,2026-09-07T12:01:17.492Z,,,n-hv4-u00339,
hv4-e000027,hv4-u00008,baseline,hv4:main:50,paid_social,task_completed,2026-09-07T12:01:58.288Z,,,n-hv4-u00008,t-hv4-u00008-1
hv4-e001219,hv4-u00339,baseline,hv4:main:50,paid_social,task_created,2026-09-07T12:03:17.492Z,,,n-hv4-u00339,t-hv4-u00339-1
hv4-e001447,hv4-u00402,baseline,hv4:main:50,paid_social,assigned,2026-09-07T12:19:23.219Z,,,,
hv4-e000183,hv4-u00053,task_first,hv4:main:50,paid_social,assigned,2026-09-07T12:20:06.632Z,,,,
hv4-e000184,hv4-u00053,task_first,hv4:main:50,paid_social,note_saved,2026-09-07T12:24:06.632Z,,,n-hv4-u00053,
hv4-e000143,hv4-u00037,task_first,hv4:main:50,paid_social,revisited,2026-09-07T12:31:36.327Z,,,n-hv4-u00037,
hv4-e000144,hv4-u00037,task_first,hv4:main:50,paid_social,task_completed,2026-09-07T12:36:36.327Z,,,n-hv4-u00037,t-hv4-u00037-1
hv4-e000885,hv4-u00249,task_first,hv4:main:50,organic_search,paid,2026-09-07T12:38:46.465Z,10.00,XTS,,
hv4-e000623,hv4-u00174,task_first,hv4:main:50,app_store,revisited,2026-09-07T13:00:52.060Z,,,n-hv4-u00174,
hv4-e001052,hv4-u00295,baseline,hv4:main:50,app_store,paid,2026-09-07T13:07:11Z,10.00,XTS,,
hv4-e000927,hv4-u00261,task_first,hv4:main:50,organic_search,assigned,2026-09-07T13:18:28.516Z,,,,
hv4-e000928,hv4-u00261,task_first,hv4:main:50,organic_search,note_saved,2026-09-07T13:22:28.516Z,,,n-hv4-u00261,
hv4-e000929,hv4-u00261,task_first,hv4:main:50,organic_search,task_created,2026-09-07T13:24:28.516Z,,,n-hv4-u00261,t-hv4-u00261-1
hv4-e001021,hv4-u00288,task_first,hv4:main:50,referral,revisited,2026-09-07T13:32:30.954Z,,,n-hv4-u00288,
hv4-e001022,hv4-u00288,task_first,hv4:main:50,referral,task_completed,2026-09-07T13:37:30.954Z,,,n-hv4-u00288,t-hv4-u00288-1
hv4-e001180,hv4-u00332,task_first,hv4:main:50,paid_social,assigned,2026-09-07T13:45:53.838Z,,,,
hv4-e001181,hv4-u00332,task_first,hv4:main:50,paid_social,note_saved,2026-09-07T13:49:53.838Z,,,n-hv4-u00332,
hv4-e000624,hv4-u00174,task_first,hv4:main:50,app_store,trial_started,2026-09-07T14:00:52.060Z,,,,
hv4-e001283,hv4-u00356,task_first,hv4:main:50,organic_search,assigned,2026-09-07T15:05:31.511Z,,,,
hv4-e001284,hv4-u00356,task_first,hv4:main:50,organic_search,note_saved,2026-09-07T15:09:31.511Z,,,n-hv4-u00356,
hv4-e001285,hv4-u00356,task_first,hv4:main:50,organic_search,task_created,2026-09-07T15:11:31.511Z,,,n-hv4-u00356,t-hv4-u00356-1
hv4-e001286,hv4-u00356,task_first,hv4:main:50,organic_search,task_created,2026-09-07T15:12:31.511Z,,,n-hv4-u00356,t-hv4-u00356-2
hv4-e001287,hv4-u00356,task_first,hv4:main:50,organic_search,task_created,2026-09-07T15:13:31.511Z,,,n-hv4-u00356,t-hv4-u00356-3
hv4-e000686,hv4-u00195,task_first,hv4:main:50,paid_social,assigned,2026-09-07T15:51:09.404Z,,,,
hv4-e000687,hv4-u00195,task_first,hv4:main:50,paid_social,note_saved,2026-09-07T15:55:09.404Z,,,n-hv4-u00195,
hv4-e000688,hv4-u00195,task_first,hv4:main:50,paid_social,task_created,2026-09-07T15:57:09.404Z,,,n-hv4-u00195,t-hv4-u00195-1
hv4-e000689,hv4-u00195,task_first,hv4:main:50,paid_social,task_created,2026-09-07T15:58:09.404Z,,,n-hv4-u00195,t-hv4-u00195-2
hv4-e000690,hv4-u00195,task_first,hv4:main:50,paid_social,task_created,2026-09-07T15:59:09.404Z,,,n-hv4-u00195,t-hv4-u00195-3
hv4-e001134,hv4-u00319,baseline,hv4:main:50,paid_social,assigned,2026-09-07T17:26:27.370Z,,,,
hv4-e000373,hv4-u00103,task_first,hv4:main:50,referral,assigned,2026-09-07T17:28:41.964Z,,,,
hv4-e001135,hv4-u00319,baseline,hv4:main:50,paid_social,note_saved,2026-09-07T17:30:27.370Z,,,n-hv4-u00319,
hv4-e000374,hv4-u00103,task_first,hv4:main:50,referral,note_saved,2026-09-07T17:32:41.964Z,,,n-hv4-u00103,
hv4-e000519,hv4-u00146,baseline,hv4:main:50,paid_social,assigned,2026-09-07T18:01:47.770Z,,,,
hv4-e000520,hv4-u00146,baseline,hv4:main:50,paid_social,note_saved,2026-09-07T18:05:47.770Z,,,n-hv4-u00146,
hv4-e000571,hv4-u00159,baseline,hv4:main:50,organic_search,revisited,2026-09-07T18:21:29.705Z,,,n-hv4-u00159,
hv4-e000273,hv4-u00073,baseline,hv4:main:50,referral,revisited,2026-09-07T18:55:14.222Z,,,n-hv4-u00073,
hv4-e000274,hv4-u00073,baseline,hv4:main:50,referral,task_completed,2026-09-07T19:00:14.222Z,,,n-hv4-u00073,t-hv4-u00073-1
hv4-e000750,hv4-u00211,task_first,hv4:main:50,app_store,trial_started,2026-09-07T19:41:01.220Z,,,,
hv4-e000070,hv4-u00022,task_first,hv4:main:50,referral,assigned,2026-09-07T22:26:05.707Z,,,,
hv4-e000923,hv4-u00258,baseline,hv4:main:50,paid_social,trial_started,2026-09-07T22:29:48.436Z,,,,
hv4-e000071,hv4-u00022,task_first,hv4:main:50,referral,note_saved,2026-09-07T22:30:05.707Z,,,n-hv4-u00022,
hv4-e000072,hv4-u00022,task_first,hv4:main:50,referral,task_created,2026-09-07T22:32:05.707Z,,,n-hv4-u00022,t-hv4-u00022-1
hv4-e000073,hv4-u00022,task_first,hv4:main:50,referral,task_created,2026-09-07T22:33:05.707Z,,,n-hv4-u00022,t-hv4-u00022-2
hv4-e000074,hv4-u00022,task_first,hv4:main:50,referral,task_created,2026-09-07T22:34:05.707Z,,,n-hv4-u00022,t-hv4-u00022-3
hv4-e000638,hv4-u00179,task_first,hv4:main:50,paid_social,assigned,2026-09-07T22:36:48.190Z,,,,
hv4-e000639,hv4-u00179,task_first,hv4:main:50,paid_social,note_saved,2026-09-07T22:40:48.190Z,,,n-hv4-u00179,
hv4-e000640,hv4-u00179,task_first,hv4:main:50,paid_social,task_created,2026-09-07T22:42:48.190Z,,,n-hv4-u00179,t-hv4-u00179-1
hv4-e000641,hv4-u00179,task_first,hv4:main:50,paid_social,task_created,2026-09-07T22:43:48.190Z,,,n-hv4-u00179,t-hv4-u00179-2
hv4-e000642,hv4-u00179,task_first,hv4:main:50,paid_social,task_created,2026-09-07T22:44:48.190Z,,,n-hv4-u00179,t-hv4-u00179-3
hv4-e001265,hv4-u00352,task_first,hv4:main:50,organic_search,assigned,2026-09-07T22:47:58.376Z,,,,
hv4-e001266,hv4-u00352,task_first,hv4:main:50,organic_search,note_saved,2026-09-07T22:51:58.376Z,,,n-hv4-u00352,
hv4-e001267,hv4-u00352,task_first,hv4:main:50,organic_search,task_created,2026-09-07T22:53:58.376Z,,,n-hv4-u00352,t-hv4-u00352-1
hv4-e001268,hv4-u00352,task_first,hv4:main:50,organic_search,task_created,2026-09-07T22:54:58.376Z,,,n-hv4-u00352,t-hv4-u00352-2
hv4-e000155,hv4-u00040,baseline,hv4:main:50,referral,revisited,2026-09-07T23:29:26.270Z,,,n-hv4-u00040,
hv4-e000378,hv4-u00104,task_first,hv4:main:50,app_store,trial_started,2026-09-08T00:36:55.999Z,,,,
hv4-e001273,hv4-u00353,task_first,hv4:main:50,paid_social,assigned,2026-09-08T01:08:34.747Z,,,,
hv4-e001095,hv4-u00307,task_first,hv4:main:50,referral,assigned,2026-09-08T01:32:49.063Z,,,,
hv4-e001096,hv4-u00307,task_first,hv4:main:50,referral,note_saved,2026-09-08T01:36:49.063Z,,,n-hv4-u00307,
hv4-e001274,hv4-u00353,task_first,hv4:main:50,paid_social,trial_started,2026-09-08T02:08:34.747Z,,,,
hv4-e001247,hv4-u00347,baseline,hv4:main:50,paid_social,revisited,2026-09-08T02:13:03.563Z,,,n-hv4-u00347,
hv4-e000137,hv4-u00036,task_first,hv4:main:50,paid_social,revisited,2026-09-08T02:14:30.250Z,,,n-hv4-u00036,
hv4-e001248,hv4-u00347,baseline,hv4:main:50,paid_social,task_completed,2026-09-08T02:18:03.563Z,,,n-hv4-u00347,t-hv4-u00347-1
hv4-e001097,hv4-u00307,task_first,hv4:main:50,referral,trial_started,2026-09-08T02:32:49.063Z,,,,
hv4-e000774,hv4-u00219,baseline,hv4:main:50,organic_search,assigned,2026-09-08T02:32:49.754Z,,,,
hv4-e000775,hv4-u00219,baseline,hv4:main:50,organic_search,note_saved,2026-09-08T02:36:49.754Z,,,n-hv4-u00219,
hv4-e000434,hv4-u00121,task_first,hv4:main:50,organic_search,assigned,2026-09-08T02:55:51.926Z,,,,
hv4-e000435,hv4-u00121,task_first,hv4:main:50,organic_search,note_saved,2026-09-08T02:59:51.926Z,,,n-hv4-u00121,
hv4-e000436,hv4-u00121,task_first,hv4:main:50,organic_search,task_created,2026-09-08T03:01:51.926Z,,,n-hv4-u00121,t-hv4-u00121-1
hv4-e000798,hv4-u00226,baseline,hv4:main:50,paid_social,note_saved,2026-09-08T03:06:28.119Z,,,n-hv4-u00226,
hv4-e000799,hv4-u00226,baseline,hv4:main:50,paid_social,task_created,2026-09-08T03:08:28.119Z,,,n-hv4-u00226,t-hv4-u00226-1
hv4-e000944,hv4-u00267,baseline,hv4:main:50,organic_search,assigned,2026-09-08T03:08:29.616Z,,,,
hv4-e000800,hv4-u00226,baseline,hv4:main:50,paid_social,task_created,2026-09-08T03:09:28.119Z,,,n-hv4-u00226,t-hv4-u00226-2
hv4-e000801,hv4-u00226,baseline,hv4:main:50,paid_social,task_created,2026-09-08T03:10:28.119Z,,,n-hv4-u00226,t-hv4-u00226-3
hv4-e001058,hv4-u00297,task_first,hv4:main:50,app_store,assigned,2026-09-08T03:51:17.464Z,,,,
hv4-e001059,hv4-u00297,task_first,hv4:main:50,app_store,note_saved,2026-09-08T03:55:17.464Z,,,n-hv4-u00297,
hv4-e001060,hv4-u00297,task_first,hv4:main:50,app_store,task_created,2026-09-08T03:57:17.464Z,,,n-hv4-u00297,t-hv4-u00297-1
hv4-e001061,hv4-u00297,task_first,hv4:main:50,app_store,task_created,2026-09-08T03:58:17.464Z,,,n-hv4-u00297,t-hv4-u00297-2
hv4-e000558,hv4-u00157,baseline,hv4:main:50,paid_social,assigned,2026-09-08T04:39:21.686Z,,,,
hv4-e000559,hv4-u00157,baseline,hv4:main:50,paid_social,note_saved,2026-09-08T04:43:21.686Z,,,n-hv4-u00157,
hv4-e000560,hv4-u00157,baseline,hv4:main:50,paid_social,task_created,2026-09-08T04:45:21.686Z,,,n-hv4-u00157,t-hv4-u00157-1
hv4-e000561,hv4-u00157,baseline,hv4:main:50,paid_social,task_created,2026-09-08T04:46:21.686Z,,,n-hv4-u00157,t-hv4-u00157-2
hv4-e000993,hv4-u00283,task_first,hv4:main:50,app_store,assigned,2026-09-08T04:58:43.909Z,,,,
hv4-e000994,hv4-u00283,task_first,hv4:main:50,app_store,note_saved,2026-09-08T05:02:43.909Z,,,n-hv4-u00283,
hv4-e000995,hv4-u00283,task_first,hv4:main:50,app_store,task_created,2026-09-08T05:04:43.909Z,,,n-hv4-u00283,t-hv4-u00283-1
hv4-e000996,hv4-u00283,task_first,hv4:main:50,app_store,task_created,2026-09-08T05:05:43.909Z,,,n-hv4-u00283,t-hv4-u00283-2
hv4-e000997,hv4-u00283,task_first,hv4:main:50,app_store,task_created,2026-09-08T05:06:43.909Z,,,n-hv4-u00283,t-hv4-u00283-3
hv4-e001414,hv4-u00393,task_first,hv4:main:50,app_store,trial_started,2026-09-08T05:25:27.523Z,,,,
hv4-e000113,hv4-u00031,baseline,hv4:main:50,paid_social,assigned,2026-09-08T05:27:49.041Z,,,,
hv4-e000114,hv4-u00031,baseline,hv4:main:50,paid_social,note_saved,2026-09-08T05:31:49.041Z,,,n-hv4-u00031,
hv4-e000115,hv4-u00031,baseline,hv4:main:50,paid_social,task_created,2026-09-08T05:33:49.041Z,,,n-hv4-u00031,t-hv4-u00031-1
hv4-e000116,hv4-u00031,baseline,hv4:main:50,paid_social,task_created,2026-09-08T05:34:49.041Z,,,n-hv4-u00031,t-hv4-u00031-2
hv4-e000117,hv4-u00031,baseline,hv4:main:50,paid_social,task_created,2026-09-08T05:35:49.041Z,,,n-hv4-u00031,t-hv4-u00031-3
hv4-e000564,hv4-u00157,baseline,hv4:main:50,paid_social,trial_started,2026-09-08T05:39:21.686Z,,,,
hv4-e000324,hv4-u00089,task_first,hv4:main:50,organic_search,revisited,2026-09-08T05:47:12.957Z,,,n-hv4-u00089,
hv4-e000325,hv4-u00089,task_first,hv4:main:50,organic_search,task_completed,2026-09-08T05:52:12.957Z,,,n-hv4-u00089,t-hv4-u00089-1
hv4-e000999,hv4-u00283,task_first,hv4:main:50,app_store,trial_started,2026-09-08T05:58:43.909Z,,,,
hv4-e000651,hv4-u00184,task_first,hv4:main:50,organic_search,assigned,2026-09-08T06:33:48.288Z,,,,
hv4-e000060,hv4-u00018,baseline,hv4:main:50,app_store,note_saved,2026-09-08T07:00:06.262Z,,,n-hv4-u00018,
hv4-e000422,hv4-u00118,task_first,hv4:main:50,paid_social,revisited,2026-09-08T07:00:54.216Z,,,n-hv4-u00118,
hv4-e000423,hv4-u00118,task_first,hv4:main:50,paid_social,task_completed,2026-09-08T07:05:54.216Z,,,n-hv4-u00118,t-hv4-u00118-1
hv4-e001241,hv4-u00345,task_first,hv4:main:50,referral,trial_started,2026-09-08T07:24:29.643Z,,,,
hv4-e001501,hv4-u00419,baseline,hv4:main:50,referral,assigned,2026-09-08T07:45:15.552Z,,,,
hv4-e000210,hv4-u00058,task_first,hv4:main:50,referral,paid,2026-09-08T08:20:24.831Z,10.00,XTS,,
hv4-e000112,hv4-u00030,baseline,hv4:main:50,organic_search,revisited,2026-09-08T09:03:37.704Z,,,n-hv4-u00030,
hv4-e000500,hv4-u00141,task_first,hv4:main:50,organic_search,assigned,2026-09-08T09:17:25.194Z,,,,
hv4-e000501,hv4-u00141,task_first,hv4:main:50,organic_search,note_saved,2026-09-08T09:21:25.194Z,,,n-hv4-u00141,
hv4-e000315,hv4-u00087,baseline,hv4:main:50,app_store,assigned,2026-09-08T09:25:16.228Z,,,,
hv4-e000990,hv4-u00282,task_first,hv4:main:50,organic_search,assigned,2026-09-08T09:25:44.946Z,,,,
hv4-e000581,hv4-u00162,task_first,hv4:main:50,referral,trial_started,2026-09-08T09:28:09.101Z,,,,
hv4-e000316,hv4-u00087,baseline,hv4:main:50,app_store,note_saved,2026-09-08T09:29:16.228Z,,,n-hv4-u00087,
hv4-e000991,hv4-u00282,task_first,hv4:main:50,organic_search,note_saved,2026-09-08T09:29:44.946Z,,,n-hv4-u00282,
hv4-e000992,hv4-u00282,task_first,hv4:main:50,organic_search,task_created,2026-09-08T09:31:44.946Z,,,n-hv4-u00282,t-hv4-u00282-1
hv4-e000551,hv4-u00154,task_first,hv4:main:50,app_store,paid,2026-09-08T09:36:40.180Z,10.00,XTS,,
hv4-e000181,hv4-u00052,baseline,hv4:main:50,organic_search,assigned,2026-09-08T10:42:35.306Z,,,,
hv4-e000182,hv4-u00052,baseline,hv4:main:50,organic_search,note_saved,2026-09-08T10:46:35.306Z,,,n-hv4-u00052,
hv4-e000220,hv4-u00061,baseline,hv4:main:50,organic_search,note_saved,2026-09-08T12:17:57.624Z,,,n-hv4-u00061,
hv4-e000221,hv4-u00061,baseline,hv4:main:50,organic_search,task_created,2026-09-08T12:19:57.624Z,,,n-hv4-u00061,t-hv4-u00061-1
hv4-e000222,hv4-u00061,baseline,hv4:main:50,organic_search,task_created,2026-09-08T12:20:57.624Z,,,n-hv4-u00061,t-hv4-u00061-2
hv4-e000223,hv4-u00061,baseline,hv4:main:50,organic_search,task_created,2026-09-08T12:21:57.624Z,,,n-hv4-u00061,t-hv4-u00061-3
hv4-e001220,hv4-u00339,baseline,hv4:main:50,paid_social,revisited,2026-09-08T12:27:17.492Z,,,n-hv4-u00339,
hv4-e001013,hv4-u00287,task_first,hv4:main:50,paid_social,assigned,2026-09-08T12:27:28.385Z,,,,
hv4-e001014,hv4-u00287,task_first,hv4:main:50,paid_social,note_saved,2026-09-08T12:31:28.385Z,,,n-hv4-u00287,
hv4-e001221,hv4-u00339,baseline,hv4:main:50,paid_social,task_completed,2026-09-08T12:32:17.492Z,,,n-hv4-u00339,t-hv4-u00339-1
hv4-e001015,hv4-u00287,task_first,hv4:main:50,paid_social,task_created,2026-09-08T12:33:28.385Z,,,n-hv4-u00287,t-hv4-u00287-1
hv4-e000231,hv4-u00063,task_first,hv4:main:50,organic_search,assigned,2026-09-08T12:57:10.971Z,,,,
hv4-e000592,hv4-u00167,baseline,hv4:main:50,organic_search,assigned,2026-09-08T13:16:53.120Z,,,,
hv4-e000263,hv4-u00071,task_first,hv4:main:50,referral,paid,2026-09-08T13:18:05.418Z,10.00,XTS,,
hv4-e000593,hv4-u00167,baseline,hv4:main:50,organic_search,note_saved,2026-09-08T13:20:53.120Z,,,n-hv4-u00167,
hv4-e000594,hv4-u00167,baseline,hv4:main:50,organic_search,task_created,2026-09-08T13:22:53.120Z,,,n-hv4-u00167,t-hv4-u00167-1
hv4-e000763,hv4-u00216,task_first,hv4:main:50,paid_social,assigned,2026-09-08T14:27:05.517Z,,,,
hv4-e000764,hv4-u00216,task_first,hv4:main:50,paid_social,note_saved,2026-09-08T14:31:05.517Z,,,n-hv4-u00216,
hv4-e000765,hv4-u00216,task_first,hv4:main:50,paid_social,task_created,2026-09-08T14:33:05.517Z,,,n-hv4-u00216,t-hv4-u00216-1
hv4-e000766,hv4-u00216,task_first,hv4:main:50,paid_social,task_created,2026-09-08T14:34:05.517Z,,,n-hv4-u00216,t-hv4-u00216-2
hv4-e000767,hv4-u00216,task_first,hv4:main:50,paid_social,task_created,2026-09-08T14:35:05.517Z,,,n-hv4-u00216,t-hv4-u00216-3
hv4-e001182,hv4-u00332,task_first,hv4:main:50,paid_social,trial_started,2026-09-08T14:45:53.838Z,,,,
hv4-e000326,hv4-u00090,baseline,hv4:main:50,organic_search,assigned,2026-09-08T14:58:54.403Z,,,,
hv4-e000459,hv4-u00129,baseline,hv4:main:50,paid_social,assigned,2026-09-08T14:59:36.211Z,,,,
hv4-e001502,hv4-u00420,task_first,hv4:main:50,paid_social,assigned,2026-09-08T15:09:06.519Z,,,,
hv4-e000860,hv4-u00243,baseline,hv4:main:50,app_store,assigned,2026-09-08T15:28:54.903Z,,,,
hv4-e000618,hv4-u00173,task_first,hv4:main:50,app_store,assigned,2026-09-08T15:46:42.433Z,,,,
hv4-e000751,hv4-u00212,baseline,hv4:main:50,paid_social,assigned,2026-09-08T15:48:18.015Z,,,,
hv4-e001440,hv4-u00400,task_first,hv4:main:50,referral,revisited,2026-09-08T15:57:43.809Z,,,n-hv4-u00400,
hv4-e001441,hv4-u00400,task_first,hv4:main:50,referral,task_completed,2026-09-08T16:02:43.809Z,,,n-hv4-u00400,t-hv4-u00400-1
hv4-e001504,hv4-u00420,task_first,hv4:main:50,paid_social,trial_started,2026-09-08T16:09:06.519Z,,,,
hv4-e000589,hv4-u00166,task_first,hv4:main:50,paid_social,assigned,2026-09-08T16:37:25.450Z,,,,
hv4-e000590,hv4-u00166,task_first,hv4:main:50,paid_social,note_saved,2026-09-08T16:41:25.450Z,,,n-hv4-u00166,
hv4-e000790,hv4-u00224,task_first,hv4:main:50,organic_search,assigned,2026-09-08T16:45:42.478Z,,,,
hv4-e000791,hv4-u00224,task_first,hv4:main:50,organic_search,note_saved,2026-09-08T16:49:42.478Z,,,n-hv4-u00224,
hv4-e000792,hv4-u00224,task_first,hv4:main:50,organic_search,task_created,2026-09-08T16:51:42.478Z,,,n-hv4-u00224,t-hv4-u00224-1
hv4-e000793,hv4-u00224,task_first,hv4:main:50,organic_search,task_created,2026-09-08T16:52:42.478Z,,,n-hv4-u00224,t-hv4-u00224-2
hv4-e001007,hv4-u00286,task_first,hv4:main:50,organic_search,assigned,2026-09-08T17:46:04.827Z,,,,
hv4-e001008,hv4-u00286,task_first,hv4:main:50,organic_search,note_saved,2026-09-08T17:50:04.827Z,,,n-hv4-u00286,
hv4-e001009,hv4-u00286,task_first,hv4:main:50,organic_search,task_created,2026-09-08T17:52:04.827Z,,,n-hv4-u00286,t-hv4-u00286-1
hv4-e000757,hv4-u00214,baseline,hv4:main:50,organic_search,assigned,2026-09-08T18:55:20.476Z,,,,
hv4-e000758,hv4-u00214,baseline,hv4:main:50,organic_search,note_saved,2026-09-08T18:59:20.476Z,,,n-hv4-u00214,
hv4-e000342,hv4-u00096,task_first,hv4:main:50,organic_search,assigned,2026-09-08T19:30:29.904Z,,,,
hv4-e000343,hv4-u00096,task_first,hv4:main:50,organic_search,note_saved,2026-09-08T19:34:29.904Z,,,n-hv4-u00096,
hv4-e000344,hv4-u00096,task_first,hv4:main:50,organic_search,task_created,2026-09-08T19:36:29.904Z,,,n-hv4-u00096,t-hv4-u00096-1
hv4-e001149,hv4-u00323,task_first,hv4:main:50,paid_social,assigned,2026-09-08T21:19:07.547Z,,,,
hv4-e001150,hv4-u00323,task_first,hv4:main:50,paid_social,note_saved,2026-09-08T21:23:07.547Z,,,n-hv4-u00323,
hv4-e001151,hv4-u00323,task_first,hv4:main:50,paid_social,task_created,2026-09-08T21:25:07.547Z,,,n-hv4-u00323,t-hv4-u00323-1
hv4-e001152,hv4-u00323,task_first,hv4:main:50,paid_social,task_created,2026-09-08T21:26:07.547Z,,,n-hv4-u00323,t-hv4-u00323-2
hv4-e000921,hv4-u00258,baseline,hv4:main:50,paid_social,revisited,2026-09-08T21:59:48.436Z,,,n-hv4-u00258,
hv4-e000922,hv4-u00258,baseline,hv4:main:50,paid_social,task_completed,2026-09-08T22:04:48.436Z,,,n-hv4-u00258,t-hv4-u00258-1
hv4-e000980,hv4-u00278,baseline,hv4:main:50,organic_search,note_saved,2026-09-08T22:16:10.377Z,,,n-hv4-u00278,
hv4-e000981,hv4-u00278,baseline,hv4:main:50,organic_search,task_created,2026-09-08T22:18:10.377Z,,,n-hv4-u00278,t-hv4-u00278-1
hv4-e000982,hv4-u00278,baseline,hv4:main:50,organic_search,task_created,2026-09-08T22:19:10.377Z,,,n-hv4-u00278,t-hv4-u00278-2
hv4-e000983,hv4-u00278,baseline,hv4:main:50,organic_search,task_created,2026-09-08T22:20:10.377Z,,,n-hv4-u00278,t-hv4-u00278-3
hv4-e000708,hv4-u00200,task_first,hv4:main:50,organic_search,assigned,2026-09-08T23:27:33.401Z,,,,
hv4-e000709,hv4-u00200,task_first,hv4:main:50,organic_search,note_saved,2026-09-08T23:31:33.401Z,,,n-hv4-u00200,
hv4-e001214,hv4-u00338,task_first,hv4:main:50,organic_search,revisited,2026-09-08T23:47:15.562Z,,,n-hv4-u00338,
hv4-e001271,hv4-u00352,task_first,hv4:main:50,organic_search,trial_started,2026-09-08T23:47:58.376Z,,,,
hv4-e001215,hv4-u00338,task_first,hv4:main:50,organic_search,task_completed,2026-09-08T23:52:15.562Z,,,n-hv4-u00338,t-hv4-u00338-1
hv4-e000780,hv4-u00221,baseline,hv4:main:50,paid_social,assigned,2026-09-09T00:11:49.361Z,,,,
hv4-e000781,hv4-u00221,baseline,hv4:main:50,paid_social,note_saved,2026-09-09T00:15:49.361Z,,,n-hv4-u00221,
hv4-e001224,hv4-u00340,task_first,hv4:main:50,organic_search,revisited,2026-09-09T00:23:39.833Z,,,n-hv4-u00340,
hv4-e000383,hv4-u00106,task_first,hv4:main:50,paid_social,assigned,2026-09-09T00:23:48.439Z,,,,
hv4-e000384,hv4-u00106,task_first,hv4:main:50,paid_social,note_saved,2026-09-09T00:27:48.439Z,,,n-hv4-u00106,
hv4-e001225,hv4-u00340,task_first,hv4:main:50,organic_search,trial_started,2026-09-09T01:23:39.833Z,,,,
hv4-e001160,hv4-u00327,task_first,hv4:main:50,organic_search,assigned,2026-09-09T01:57:30.069Z,,,,
hv4-e001161,hv4-u00327,task_first,hv4:main:50,organic_search,note_saved,2026-09-09T02:01:30.069Z,,,n-hv4-u00327,
hv4-e001162,hv4-u00327,task_first,hv4:main:50,organic_search,task_created,2026-09-09T02:03:30.069Z,,,n-hv4-u00327,t-hv4-u00327-1
hv4-e001163,hv4-u00327,task_first,hv4:main:50,organic_search,task_created,2026-09-09T02:04:30.069Z,,,n-hv4-u00327,t-hv4-u00327-2
hv4-e001164,hv4-u00327,task_first,hv4:main:50,organic_search,task_created,2026-09-09T02:05:30.069Z,,,n-hv4-u00327,t-hv4-u00327-3
hv4-e000566,hv4-u00158,baseline,hv4:main:50,organic_search,assigned,2026-09-09T02:53:10.033Z,,,,
hv4-e000567,hv4-u00158,baseline,hv4:main:50,organic_search,note_saved,2026-09-09T02:57:10.033Z,,,n-hv4-u00158,
hv4-e001175,hv4-u00331,task_first,hv4:main:50,organic_search,assigned,2026-09-09T02:57:58.504Z,,,,
hv4-e000568,hv4-u00158,baseline,hv4:main:50,organic_search,task_created,2026-09-09T02:59:10.033Z,,,n-hv4-u00158,t-hv4-u00158-1
hv4-e000569,hv4-u00158,baseline,hv4:main:50,organic_search,task_created,2026-09-09T03:00:10.033Z,,,n-hv4-u00158,t-hv4-u00158-2
hv4-e001176,hv4-u00331,task_first,hv4:main:50,organic_search,note_saved,2026-09-09T03:01:58.504Z,,,n-hv4-u00331,
hv4-e001177,hv4-u00331,task_first,hv4:main:50,organic_search,task_created,2026-09-09T03:03:58.504Z,,,n-hv4-u00331,t-hv4-u00331-1
hv4-e000833,hv4-u00236,baseline,hv4:main:50,organic_search,revisited,2026-09-09T03:27:04.415Z,,,n-hv4-u00236,
hv4-e000834,hv4-u00236,baseline,hv4:main:50,organic_search,task_completed,2026-09-09T03:32:04.415Z,,,n-hv4-u00236,t-hv4-u00236-1
hv4-e000807,hv4-u00228,task_first,hv4:main:50,organic_search,paid,2026-09-09T04:32:06.612Z,10.00,XTS,,
hv4-e000998,hv4-u00283,task_first,hv4:main:50,app_store,revisited,2026-09-09T04:58:43.909Z,,,n-hv4-u00283,
hv4-e000562,hv4-u00157,baseline,hv4:main:50,paid_social,revisited,2026-09-09T05:09:21.686Z,,,n-hv4-u00157,
hv4-e000563,hv4-u00157,baseline,hv4:main:50,paid_social,task_completed,2026-09-09T05:14:21.686Z,,,n-hv4-u00157,t-hv4-u00157-1
hv4-e001131,hv4-u00317,task_first,hv4:main:50,organic_search,revisited,2026-09-09T07:03:43.238Z,,,n-hv4-u00317,
hv4-e000062,hv4-u00018,baseline,hv4:main:50,app_store,trial_started,2026-09-09T07:56:06.262Z,,,,
hv4-e000339,hv4-u00095,task_first,hv4:main:50,referral,assigned,2026-09-09T08:18:33.018Z,,,,
hv4-e001499,hv4-u00418,task_first,hv4:main:50,organic_search,assigned,2026-09-09T08:29:15.084Z,,,,
hv4-e001407,hv4-u00391,baseline,hv4:main:50,organic_search,revisited,2026-09-09T08:31:03.293Z,,,n-hv4-u00391,
hv4-e001482,hv4-u00413,baseline,hv4:main:50,app_store,note_saved,2026-09-09T08:32:14.809Z,,,n-hv4-u00413,
hv4-e001500,hv4-u00418,task_first,hv4:main:50,organic_search,note_saved,2026-09-09T08:33:15.084Z,,,n-hv4-u00418,
hv4-e001483,hv4-u00413,baseline,hv4:main:50,app_store,task_created,2026-09-09T08:34:14.809Z,,,n-hv4-u00413,t-hv4-u00413-1
hv4-e001484,hv4-u00413,baseline,hv4:main:50,app_store,task_created,2026-09-09T08:35:14.809Z,,,n-hv4-u00413,t-hv4-u00413-2
hv4-e001119,hv4-u00314,baseline,hv4:main:50,paid_social,note_saved,2026-09-09T08:42:10.024Z,,,n-hv4-u00314,
hv4-e000502,hv4-u00141,task_first,hv4:main:50,organic_search,revisited,2026-09-09T09:17:25.194Z,,,n-hv4-u00141,
hv4-e000586,hv4-u00163,task_first,hv4:main:50,paid_social,paid,2026-09-09T11:02:12.681Z,10.00,XTS,,
hv4-e001381,hv4-u00384,task_first,hv4:main:50,app_store,assigned,2026-09-09T11:13:36.243Z,,,,
hv4-e001382,hv4-u00384,task_first,hv4:main:50,app_store,note_saved,2026-09-09T11:17:36.243Z,,,n-hv4-u00384,
hv4-e001383,hv4-u00384,task_first,hv4:main:50,app_store,task_created,2026-09-09T11:19:36.243Z,,,n-hv4-u00384,t-hv4-u00384-1
hv4-e001384,hv4-u00384,task_first,hv4:main:50,app_store,task_created,2026-09-09T11:20:36.243Z,,,n-hv4-u00384,t-hv4-u00384-2
hv4-e001385,hv4-u00384,task_first,hv4:main:50,app_store,task_created,2026-09-09T11:21:36.243Z,,,n-hv4-u00384,t-hv4-u00384-3
hv4-e001312,hv4-u00361,task_first,hv4:main:50,app_store,trial_started,2026-09-09T12:26:45.351Z,,,,
hv4-e001448,hv4-u00402,baseline,hv4:main:50,paid_social,trial_started,2026-09-09T13:19:23.219Z,,,,
hv4-e000185,hv4-u00053,task_first,hv4:main:50,paid_social,trial_started,2026-09-09T13:20:06.632Z,,,,
hv4-e000286,hv4-u00077,task_first,hv4:main:50,organic_search,revisited,2026-09-09T13:30:43.483Z,,,n-hv4-u00077,
hv4-e000287,hv4-u00077,task_first,hv4:main:50,organic_search,task_completed,2026-09-09T13:35:43.483Z,,,n-hv4-u00077,t-hv4-u00077-1
hv4-e000123,hv4-u00033,task_first,hv4:main:50,organic_search,assigned,2026-09-09T13:52:10.295Z,,,,
hv4-e000233,hv4-u00063,task_first,hv4:main:50,organic_search,trial_started,2026-09-09T13:57:10.971Z,,,,
hv4-e001023,hv4-u00288,task_first,hv4:main:50,referral,trial_started,2026-09-09T14:02:30.954Z,,,,
hv4-e001005,hv4-u00285,baseline,hv4:main:50,organic_search,assigned,2026-09-09T14:12:18.708Z,,,,
hv4-e001208,hv4-u00337,task_first,hv4:main:50,organic_search,cancelled,2026-09-09T14:43:53.383Z,,,,
hv4-e001262,hv4-u00351,baseline,hv4:main:50,app_store,assigned,2026-09-09T14:45:13.319Z,,,,
hv4-e001263,hv4-u00351,baseline,hv4:main:50,app_store,note_saved,2026-09-09T14:49:13.319Z,,,n-hv4-u00351,
hv4-e001264,hv4-u00351,baseline,hv4:main:50,app_store,task_created,2026-09-09T14:51:13.319Z,,,n-hv4-u00351,t-hv4-u00351-1
hv4-e000855,hv4-u00240,baseline,hv4:main:50,paid_social,paid,2026-09-09T14:54:01.273Z,10.00,XTS,,
hv4-e001503,hv4-u00420,task_first,hv4:main:50,paid_social,revisited,2026-09-09T15:09:06.519Z,,,n-hv4-u00420,
hv4-e000691,hv4-u00195,task_first,hv4:main:50,paid_social,revisited,2026-09-09T16:21:09.404Z,,,n-hv4-u00195,
hv4-e000692,hv4-u00195,task_first,hv4:main:50,paid_social,task_completed,2026-09-09T16:26:09.404Z,,,n-hv4-u00195,t-hv4-u00195-1
hv4-e000591,hv4-u00166,task_first,hv4:main:50,paid_social,revisited,2026-09-09T16:37:25.450Z,,,n-hv4-u00166,
hv4-e001401,hv4-u00390,baseline,hv4:main:50,paid_social,assigned,2026-09-09T16:43:31.054Z,,,,
hv4-e001402,hv4-u00390,baseline,hv4:main:50,paid_social,note_saved,2026-09-09T16:47:31.054Z,,,n-hv4-u00390,
hv4-e001403,hv4-u00390,baseline,hv4:main:50,paid_social,task_created,2026-09-09T16:49:31.054Z,,,n-hv4-u00390,t-hv4-u00390-1
hv4-e001404,hv4-u00390,baseline,hv4:main:50,paid_social,task_created,2026-09-09T16:50:31.054Z,,,n-hv4-u00390,t-hv4-u00390-2
hv4-e001405,hv4-u00390,baseline,hv4:main:50,paid_social,task_created,2026-09-09T16:51:31.054Z,,,n-hv4-u00390,t-hv4-u00390-3
hv4-e000505,hv4-u00142,baseline,hv4:main:50,app_store,assigned,2026-09-09T17:03:29.735Z,,,,
hv4-e000506,hv4-u00142,baseline,hv4:main:50,app_store,note_saved,2026-09-09T17:07:29.735Z,,,n-hv4-u00142,
hv4-e000507,hv4-u00142,baseline,hv4:main:50,app_store,task_created,2026-09-09T17:09:29.735Z,,,n-hv4-u00142,t-hv4-u00142-1
hv4-e000121,hv4-u00032,task_first,hv4:main:50,referral,revisited,2026-09-09T17:10:08.288Z,,,n-hv4-u00032,
hv4-e000508,hv4-u00142,baseline,hv4:main:50,app_store,task_created,2026-09-09T17:10:29.735Z,,,n-hv4-u00142,t-hv4-u00142-2
hv4-e000794,hv4-u00224,task_first,hv4:main:50,organic_search,trial_started,2026-09-09T17:45:42.478Z,,,,
hv4-e001030,hv4-u00291,baseline,hv4:main:50,referral,note_saved,2026-09-09T17:58:40.352Z,,,n-hv4-u00291,
hv4-e001031,hv4-u00291,baseline,hv4:main:50,referral,task_created,2026-09-09T18:00:40.352Z,,,n-hv4-u00291,t-hv4-u00291-1
hv4-e001476,hv4-u00410,baseline,hv4:main:50,referral,revisited,2026-09-09T18:59:23.702Z,,,n-hv4-u00410,
hv4-e000521,hv4-u00146,baseline,hv4:main:50,paid_social,trial_started,2026-09-09T19:01:47.770Z,,,,
hv4-e000572,hv4-u00159,baseline,hv4:main:50,organic_search,trial_started,2026-09-09T19:21:29.705Z,,,,
hv4-e000647,hv4-u00182,task_first,hv4:main:50,app_store,assigned,2026-09-09T19:28:37.574Z,,,,
hv4-e000345,hv4-u00096,task_first,hv4:main:50,organic_search,revisited,2026-09-09T19:30:29.904Z,,,n-hv4-u00096,
hv4-e000648,hv4-u00182,task_first,hv4:main:50,app_store,note_saved,2026-09-09T19:32:37.574Z,,,n-hv4-u00182,
hv4-e000529,hv4-u00149,baseline,hv4:main:50,organic_search,assigned,2026-09-09T19:49:56.913Z,,,,
hv4-e000530,hv4-u00149,baseline,hv4:main:50,organic_search,note_saved,2026-09-09T19:53:56.913Z,,,n-hv4-u00149,
hv4-e000984,hv4-u00278,baseline,hv4:main:50,organic_search,revisited,2026-09-09T22:12:10.377Z,,,n-hv4-u00278,
hv4-e001279,hv4-u00355,task_first,hv4:main:50,organic_search,assigned,2026-09-09T22:21:18.202Z,,,,
hv4-e000165,hv4-u00045,task_first,hv4:main:50,organic_search,assigned,2026-09-09T22:23:35.693Z,,,,
hv4-e001280,hv4-u00355,task_first,hv4:main:50,organic_search,note_saved,2026-09-09T22:25:18.202Z,,,n-hv4-u00355,
hv4-e001281,hv4-u00355,task_first,hv4:main:50,organic_search,task_created,2026-09-09T22:27:18.202Z,,,n-hv4-u00355,t-hv4-u00355-1
hv4-e000166,hv4-u00045,task_first,hv4:main:50,organic_search,note_saved,2026-09-09T22:27:35.693Z,,,n-hv4-u00045,
hv4-e001269,hv4-u00352,task_first,hv4:main:50,organic_search,revisited,2026-09-09T23:17:58.376Z,,,n-hv4-u00352,
hv4-e001270,hv4-u00352,task_first,hv4:main:50,organic_search,task_completed,2026-09-09T23:22:58.376Z,,,n-hv4-u00352,t-hv4-u00352-1
hv4-e000077,hv4-u00022,task_first,hv4:main:50,referral,trial_started,2026-09-09T23:26:05.707Z,,,,
hv4-e000710,hv4-u00200,task_first,hv4:main:50,organic_search,revisited,2026-09-09T23:27:33.401Z,,,n-hv4-u00200,
hv4-e000942,hv4-u00266,baseline,hv4:main:50,app_store,assigned,2026-09-09T23:31:45.231Z,,,,
hv4-e000943,hv4-u00266,baseline,hv4:main:50,app_store,note_saved,2026-09-09T23:35:45.231Z,,,n-hv4-u00266,
hv4-e000903,hv4-u00254,baseline,hv4:main:50,app_store,note_saved,2026-09-10T00:54:58.535Z,,,n-hv4-u00254,
hv4-e000904,hv4-u00254,baseline,hv4:main:50,app_store,task_created,2026-09-10T00:56:58.535Z,,,n-hv4-u00254,t-hv4-u00254-1
hv4-e000905,hv4-u00254,baseline,hv4:main:50,app_store,task_created,2026-09-10T00:57:58.535Z,,,n-hv4-u00254,t-hv4-u00254-2
hv4-e000906,hv4-u00254,baseline,hv4:main:50,app_store,task_created,2026-09-10T00:58:58.535Z,,,n-hv4-u00254,t-hv4-u00254-3
hv4-e001142,hv4-u00322,task_first,hv4:main:50,paid_social,assigned,2026-09-10T01:39:23.207Z,,,,
hv4-e001143,hv4-u00322,task_first,hv4:main:50,paid_social,note_saved,2026-09-10T01:43:23.207Z,,,n-hv4-u00322,
hv4-e001144,hv4-u00322,task_first,hv4:main:50,paid_social,task_created,2026-09-10T01:45:23.207Z,,,n-hv4-u00322,t-hv4-u00322-1
hv4-e001145,hv4-u00322,task_first,hv4:main:50,paid_social,task_created,2026-09-10T01:46:23.207Z,,,n-hv4-u00322,t-hv4-u00322-2
hv4-e001146,hv4-u00322,task_first,hv4:main:50,paid_social,task_created,2026-09-10T01:47:23.207Z,,,n-hv4-u00322,t-hv4-u00322-3
hv4-e000660,hv4-u00187,baseline,hv4:main:50,organic_search,note_saved,2026-09-10T04:18:31.529Z,,,n-hv4-u00187,
hv4-e000661,hv4-u00187,baseline,hv4:main:50,organic_search,task_created,2026-09-10T04:20:31.529Z,,,n-hv4-u00187,t-hv4-u00187-1
hv4-e001190,hv4-u00334,baseline,hv4:main:50,organic_search,assigned,2026-09-10T04:52:11.736Z,,,,
hv4-e001191,hv4-u00334,baseline,hv4:main:50,organic_search,note_saved,2026-09-10T04:56:11.736Z,,,n-hv4-u00334,
hv4-e001192,hv4-u00334,baseline,hv4:main:50,organic_search,task_created,2026-09-10T04:58:11.736Z,,,n-hv4-u00334,t-hv4-u00334-1
hv4-e000664,hv4-u00189,baseline,hv4:main:50,app_store,assigned,2026-09-10T05:10:15.576Z,,,,
hv4-e000665,hv4-u00189,baseline,hv4:main:50,app_store,note_saved,2026-09-10T05:14:15.576Z,,,n-hv4-u00189,
hv4-e000666,hv4-u00189,baseline,hv4:main:50,app_store,task_created,2026-09-10T05:16:15.576Z,,,n-hv4-u00189,t-hv4-u00189-1
hv4-e000667,hv4-u00189,baseline,hv4:main:50,app_store,task_created,2026-09-10T05:17:15.576Z,,,n-hv4-u00189,t-hv4-u00189-2
hv4-e000668,hv4-u00189,baseline,hv4:main:50,app_store,task_created,2026-09-10T05:18:15.576Z,,,n-hv4-u00189,t-hv4-u00189-3
hv4-e000240,hv4-u00066,task_first,hv4:main:50,app_store,assigned,2026-09-10T05:34:04.618Z,,,,
hv4-e000241,hv4-u00066,task_first,hv4:main:50,app_store,note_saved,2026-09-10T05:38:04.618Z,,,n-hv4-u00066,
hv4-e000242,hv4-u00066,task_first,hv4:main:50,app_store,task_created,2026-09-10T05:40:04.618Z,,,n-hv4-u00066,t-hv4-u00066-1
hv4-e001172,hv4-u00330,baseline,hv4:main:50,referral,assigned,2026-09-10T05:55:21.930Z,,,,
hv4-e001173,hv4-u00330,baseline,hv4:main:50,referral,note_saved,2026-09-10T05:59:21.930Z,,,n-hv4-u00330,
hv4-e001174,hv4-u00330,baseline,hv4:main:50,referral,task_created,2026-09-10T06:01:21.930Z,,,n-hv4-u00330,t-hv4-u00330-1
hv4-e001197,hv4-u00336,task_first,hv4:main:50,organic_search,assigned,2026-09-10T11:11:28.403Z,,,,
hv4-e001198,hv4-u00336,task_first,hv4:main:50,organic_search,note_saved,2026-09-10T11:15:28.403Z,,,n-hv4-u00336,
hv4-e001199,hv4-u00336,task_first,hv4:main:50,organic_search,task_created,2026-09-10T11:17:28.403Z,,,n-hv4-u00336,t-hv4-u00336-1
hv4-e001200,hv4-u00336,task_first,hv4:main:50,organic_search,task_created,2026-09-10T11:18:28.403Z,,,n-hv4-u00336,t-hv4-u00336-2
hv4-e001201,hv4-u00336,task_first,hv4:main:50,organic_search,task_created,2026-09-10T11:19:28.403Z,,,n-hv4-u00336,t-hv4-u00336-3
hv4-e000827,hv4-u00235,task_first,hv4:main:50,referral,assigned,2026-09-10T11:57:08.672Z,,,,
hv4-e000828,hv4-u00235,task_first,hv4:main:50,referral,note_saved,2026-09-10T12:01:08.672Z,,,n-hv4-u00235,
hv4-e001305,hv4-u00360,baseline,hv4:main:50,app_store,note_saved,2026-09-10T12:54:09.961Z,,,n-hv4-u00360,
hv4-e001306,hv4-u00360,baseline,hv4:main:50,app_store,task_created,2026-09-10T12:56:09.961Z,,,n-hv4-u00360,t-hv4-u00360-1
hv4-e000224,hv4-u00061,baseline,hv4:main:50,organic_search,trial_started,2026-09-10T13:13:57.624Z,,,,
hv4-e000124,hv4-u00033,task_first,hv4:main:50,organic_search,revisited,2026-09-10T13:52:10.295Z,,,n-hv4-u00033,
hv4-e000595,hv4-u00167,baseline,hv4:main:50,organic_search,trial_started,2026-09-10T14:16:53.120Z,,,,
hv4-e000335,hv4-u00093,task_first,hv4:main:50,app_store,assigned,2026-09-10T14:43:56.178Z,,,,
hv4-e000336,hv4-u00093,task_first,hv4:main:50,app_store,note_saved,2026-09-10T14:47:56.178Z,,,n-hv4-u00093,
hv4-e001288,hv4-u00356,task_first,hv4:main:50,organic_search,revisited,2026-09-10T15:35:31.511Z,,,n-hv4-u00356,
hv4-e001289,hv4-u00356,task_first,hv4:main:50,organic_search,task_completed,2026-09-10T15:40:31.511Z,,,n-hv4-u00356,t-hv4-u00356-1
hv4-e000536,hv4-u00151,task_first,hv4:main:50,organic_search,assigned,2026-09-10T16:18:34.584Z,,,,
hv4-e000159,hv4-u00043,task_first,hv4:main:50,organic_search,assigned,2026-09-10T16:57:27.178Z,,,,
hv4-e000160,hv4-u00043,task_first,hv4:main:50,organic_search,note_saved,2026-09-10T17:01:27.178Z,,,n-hv4-u00043,
hv4-e000161,hv4-u00043,task_first,hv4:main:50,organic_search,task_created,2026-09-10T17:03:27.178Z,,,n-hv4-u00043,t-hv4-u00043-1
hv4-e000509,hv4-u00142,baseline,hv4:main:50,app_store,revisited,2026-09-10T17:03:29.735Z,,,n-hv4-u00142,
hv4-e001010,hv4-u00286,task_first,hv4:main:50,organic_search,revisited,2026-09-10T17:46:04.827Z,,,n-hv4-u00286,
hv4-e000771,hv4-u00218,baseline,hv4:main:50,paid_social,assigned,2026-09-10T18:20:25.677Z,,,,
hv4-e000772,hv4-u00218,baseline,hv4:main:50,paid_social,note_saved,2026-09-10T18:24:25.677Z,,,n-hv4-u00218,
hv4-e000178,hv4-u00051,baseline,hv4:main:50,organic_search,assigned,2026-09-10T18:27:22.615Z,,,,
hv4-e000179,hv4-u00051,baseline,hv4:main:50,organic_search,note_saved,2026-09-10T18:31:22.615Z,,,n-hv4-u00051,
hv4-e000812,hv4-u00230,baseline,hv4:main:50,paid_social,revisited,2026-09-10T18:44:42.134Z,,,n-hv4-u00230,
hv4-e000759,hv4-u00214,baseline,hv4:main:50,organic_search,revisited,2026-09-10T18:55:20.476Z,,,n-hv4-u00214,
hv4-e001108,hv4-u00311,task_first,hv4:main:50,app_store,assigned,2026-09-10T19:27:28.948Z,,,,
hv4-e000328,hv4-u00092,task_first,hv4:main:50,organic_search,assigned,2026-09-10T19:41:13.778Z,,,,
hv4-e000329,hv4-u00092,task_first,hv4:main:50,organic_search,note_saved,2026-09-10T19:45:13.778Z,,,n-hv4-u00092,
hv4-e000330,hv4-u00092,task_first,hv4:main:50,organic_search,task_created,2026-09-10T19:47:13.778Z,,,n-hv4-u00092,t-hv4-u00092-1
hv4-e000331,hv4-u00092,task_first,hv4:main:50,organic_search,task_created,2026-09-10T19:48:13.778Z,,,n-hv4-u00092,t-hv4-u00092-2
hv4-e000332,hv4-u00092,task_first,hv4:main:50,organic_search,task_created,2026-09-10T19:49:13.778Z,,,n-hv4-u00092,t-hv4-u00092-3
hv4-e000300,hv4-u00082,task_first,hv4:main:50,organic_search,assigned,2026-09-10T20:43:36.956Z,,,,
hv4-e000301,hv4-u00082,task_first,hv4:main:50,organic_search,note_saved,2026-09-10T20:47:36.956Z,,,n-hv4-u00082,
hv4-e000302,hv4-u00082,task_first,hv4:main:50,organic_search,task_created,2026-09-10T20:49:36.956Z,,,n-hv4-u00082,t-hv4-u00082-1
hv4-e000897,hv4-u00253,task_first,hv4:main:50,organic_search,assigned,2026-09-10T21:17:50.908Z,,,,
hv4-e000898,hv4-u00253,task_first,hv4:main:50,organic_search,note_saved,2026-09-10T21:21:50.908Z,,,n-hv4-u00253,
hv4-e000899,hv4-u00253,task_first,hv4:main:50,organic_search,task_created,2026-09-10T21:23:50.908Z,,,n-hv4-u00253,t-hv4-u00253-1
hv4-e000900,hv4-u00253,task_first,hv4:main:50,organic_search,task_created,2026-09-10T21:24:50.908Z,,,n-hv4-u00253,t-hv4-u00253-2
hv4-e000038,hv4-u00011,task_first,hv4:main:50,organic_search,revisited,2026-09-10T21:56:36.823Z,,,n-hv4-u00011,
hv4-e000497,hv4-u00140,task_first,hv4:main:50,organic_search,assigned,2026-09-10T22:27:16.874Z,,,,
hv4-e000498,hv4-u00140,task_first,hv4:main:50,organic_search,note_saved,2026-09-10T22:31:16.874Z,,,n-hv4-u00140,
hv4-e000499,hv4-u00140,task_first,hv4:main:50,organic_search,task_created,2026-09-10T22:33:16.874Z,,,n-hv4-u00140,t-hv4-u00140-1
hv4-e001075,hv4-u00301,baseline,hv4:main:50,paid_social,assigned,2026-09-10T22:48:27.619Z,,,,
hv4-e001076,hv4-u00301,baseline,hv4:main:50,paid_social,note_saved,2026-09-10T22:52:27.619Z,,,n-hv4-u00301,
hv4-e000075,hv4-u00022,task_first,hv4:main:50,referral,revisited,2026-09-10T22:56:05.707Z,,,n-hv4-u00022,
hv4-e000835,hv4-u00237,baseline,hv4:main:50,paid_social,assigned,2026-09-10T22:57:09.252Z,,,,
hv4-e000076,hv4-u00022,task_first,hv4:main:50,referral,task_completed,2026-09-10T23:01:05.707Z,,,n-hv4-u00022,t-hv4-u00022-1
hv4-e000836,hv4-u00237,baseline,hv4:main:50,paid_social,note_saved,2026-09-10T23:01:09.252Z,,,n-hv4-u00237,
hv4-e000235,hv4-u00064,baseline,hv4:main:50,organic_search,assigned,2026-09-10T23:19:33.771Z,,,,
hv4-e000236,hv4-u00064,baseline,hv4:main:50,organic_search,note_saved,2026-09-10T23:23:33.771Z,,,n-hv4-u00064,
hv4-e001003,hv4-u00284,task_first,hv4:main:50,paid_social,revisited,2026-09-11T00:09:22.351Z,,,n-hv4-u00284,
hv4-e001004,hv4-u00284,task_first,hv4:main:50,paid_social,task_completed,2026-09-11T00:14:22.351Z,,,n-hv4-u00284,t-hv4-u00284-1
hv4-e001057,hv4-u00296,task_first,hv4:main:50,organic_search,paid,2026-09-11T00:42:18.659Z,10.00,XTS,,
hv4-e001409,hv4-u00392,baseline,hv4:main:50,paid_social,assigned,2026-09-11T00:45:02.178Z,,,,
hv4-e001410,hv4-u00392,baseline,hv4:main:50,paid_social,note_saved,2026-09-11T00:49:02.178Z,,,n-hv4-u00392,
hv4-e001411,hv4-u00392,baseline,hv4:main:50,paid_social,task_created,2026-09-11T00:51:02.178Z,,,n-hv4-u00392,t-hv4-u00392-1
hv4-e001147,hv4-u00322,task_first,hv4:main:50,paid_social,revisited,2026-09-11T02:09:23.207Z,,,n-hv4-u00322,
hv4-e001148,hv4-u00322,task_first,hv4:main:50,paid_social,task_completed,2026-09-11T02:14:23.207Z,,,n-hv4-u00322,t-hv4-u00322-1
hv4-e001159,hv4-u00326,baseline,hv4:main:50,paid_social,paid,2026-09-11T02:44:17.377Z,10.00,XTS,,
hv4-e001393,hv4-u00387,baseline,hv4:main:50,app_store,assigned,2026-09-11T02:45:51.893Z,,,,
hv4-e001394,hv4-u00387,baseline,hv4:main:50,app_store,note_saved,2026-09-11T02:49:51.893Z,,,n-hv4-u00387,
hv4-e001178,hv4-u00331,task_first,hv4:main:50,organic_search,revisited,2026-09-11T03:27:58.504Z,,,n-hv4-u00331,
hv4-e001154,hv4-u00325,baseline,hv4:main:50,referral,assigned,2026-09-11T03:31:14.643Z,,,,
hv4-e001179,hv4-u00331,task_first,hv4:main:50,organic_search,task_completed,2026-09-11T03:32:58.504Z,,,n-hv4-u00331,t-hv4-u00331-1
hv4-e001351,hv4-u00376,task_first,hv4:main:50,app_store,assigned,2026-09-11T03:40:31.046Z,,,,
hv4-e001352,hv4-u00376,task_first,hv4:main:50,app_store,note_saved,2026-09-11T03:44:31.046Z,,,n-hv4-u00376,
hv4-e001353,hv4-u00376,task_first,hv4:main:50,app_store,task_created,2026-09-11T03:46:31.046Z,,,n-hv4-u00376,t-hv4-u00376-1
hv4-e000726,hv4-u00205,baseline,hv4:main:50,app_store,assigned,2026-09-11T03:52:13.453Z,,,,
hv4-e000727,hv4-u00205,baseline,hv4:main:50,app_store,note_saved,2026-09-11T03:56:13.453Z,,,n-hv4-u00205,
hv4-e000728,hv4-u00205,baseline,hv4:main:50,app_store,task_created,2026-09-11T03:58:13.453Z,,,n-hv4-u00205,t-hv4-u00205-1
hv4-e001087,hv4-u00305,baseline,hv4:main:50,paid_social,assigned,2026-09-11T04:17:03.959Z,,,,
hv4-e001088,hv4-u00305,baseline,hv4:main:50,paid_social,note_saved,2026-09-11T04:21:03.959Z,,,n-hv4-u00305,
hv4-e001089,hv4-u00305,baseline,hv4:main:50,paid_social,task_created,2026-09-11T04:23:03.959Z,,,n-hv4-u00305,t-hv4-u00305-1
hv4-e001373,hv4-u00382,task_first,hv4:main:50,organic_search,assigned,2026-09-11T04:33:50.495Z,,,,
hv4-e001078,hv4-u00302,baseline,hv4:main:50,paid_social,note_saved,2026-09-11T05:10:21.690Z,,,n-hv4-u00302,
hv4-e001079,hv4-u00302,baseline,hv4:main:50,paid_social,task_created,2026-09-11T05:12:21.690Z,,,n-hv4-u00302,t-hv4-u00302-1
hv4-e001090,hv4-u00305,baseline,hv4:main:50,paid_social,trial_started,2026-09-11T05:17:03.959Z,,,,
hv4-e000010,hv4-u00005,task_first,hv4:main:50,paid_social,assigned,2026-09-11T05:59:46.950Z,,,,
hv4-e000011,hv4-u00005,task_first,hv4:main:50,paid_social,note_saved,2026-09-11T06:03:46.950Z,,,n-hv4-u00005,
hv4-e000652,hv4-u00184,task_first,hv4:main:50,organic_search,revisited,2026-09-11T06:33:48.288Z,,,n-hv4-u00184,
hv4-e000653,hv4-u00184,task_first,hv4:main:50,organic_search,trial_started,2026-09-11T07:33:48.288Z,,,,
hv4-e000925,hv4-u00260,task_first,hv4:main:50,referral,assigned,2026-09-11T08:04:26.673Z,,,,
hv4-e001485,hv4-u00413,baseline,hv4:main:50,app_store,revisited,2026-09-11T08:28:14.809Z,,,n-hv4-u00413,
hv4-e001120,hv4-u00314,baseline,hv4:main:50,paid_social,revisited,2026-09-11T08:38:10.024Z,,,n-hv4-u00314,
hv4-e000503,hv4-u00141,task_first,hv4:main:50,organic_search,trial_started,2026-09-11T10:17:25.194Z,,,,
hv4-e001387,hv4-u00384,task_first,hv4:main:50,app_store,trial_started,2026-09-11T12:13:36.243Z,,,,
hv4-e000492,hv4-u00138,baseline,hv4:main:50,app_store,paid,2026-09-11T14:06:07.005Z,10.00,XTS,,
hv4-e000911,hv4-u00256,task_first,hv4:main:50,app_store,revisited,2026-09-11T16:24:38.395Z,,,n-hv4-u00256,
hv4-e000912,hv4-u00256,task_first,hv4:main:50,app_store,task_completed,2026-09-11T16:29:38.395Z,,,n-hv4-u00256,t-hv4-u00256-1
hv4-e000375,hv4-u00103,task_first,hv4:main:50,referral,revisited,2026-09-11T17:28:41.964Z,,,n-hv4-u00103,
hv4-e000773,hv4-u00218,baseline,hv4:main:50,paid_social,revisited,2026-09-11T18:20:25.677Z,,,n-hv4-u00218,
hv4-e001011,hv4-u00286,task_first,hv4:main:50,organic_search,trial_started,2026-09-11T18:46:04.827Z,,,,
hv4-e000333,hv4-u00092,task_first,hv4:main:50,organic_search,revisited,2026-09-11T20:11:13.778Z,,,n-hv4-u00092,
hv4-e000334,hv4-u00092,task_first,hv4:main:50,organic_search,task_completed,2026-09-11T20:16:13.778Z,,,n-hv4-u00092,t-hv4-u00092-1
hv4-e001282,hv4-u00355,task_first,hv4:main:50,organic_search,trial_started,2026-09-11T23:21:18.202Z,,,,
hv4-e000729,hv4-u00205,baseline,hv4:main:50,app_store,revisited,2026-09-12T03:52:13.453Z,,,n-hv4-u00205,
hv4-x0,hv4-u00122,baseline,hv4:main:50,app_store,revisited,2026-08-28T09:55:37.108Z,,,n-hv4-u00122,
hv4-x1,hv4-u00403,baseline,hv4:main:50,app_store,revisited,2026-08-28T10:01:12.627Z,,,n-hv4-u00403,
hv4-x2,hv4-u00039,baseline,hv4:main:50,organic_search,revisited,2026-08-28T11:30:03.849Z,,,n-hv4-u00039,
hv4-x3,hv4-u00198,baseline,hv4:main:50,organic_search,revisited,2026-08-28T13:24:43.279Z,,,n-hv4-u00198,
hv4-x4,hv4-u00127,baseline,hv4:main:50,referral,revisited,2026-08-28T16:11:08.303Z,,,n-hv4-u00127,
hv4-x5,hv4-u00309,baseline,hv4:main:50,referral,revisited,2026-08-28T16:17:57.175Z,,,n-hv4-u00309,
hv4-x6,hv4-u00275,baseline,hv4:main:50,organic_search,revisited,2026-08-28T16:18:45.364Z,,,n-hv4-u00275,
hv4-x7,hv4-u00232,baseline,hv4:main:50,referral,revisited,2026-08-28T17:06:11.453Z,,,n-hv4-u00232,
hv4-x8,hv4-u00343,baseline,hv4:main:50,organic_search,revisited,2026-08-28T17:32:30.252Z,,,n-hv4-u00343,
hv4-x9,hv4-u00349,baseline,hv4:main:50,paid_social,revisited,2026-08-28T20:19:37.631Z,,,n-hv4-u00349,
hv4-x10,hv4-u00372,baseline,hv4:main:50,paid_social,revisited,2026-08-28T23:55:27.251Z,,,n-hv4-u00372,
hv4-x11,hv4-u00379,baseline,hv4:main:50,paid_social,revisited,2026-08-29T01:27:09.806Z,,,n-hv4-u00379,
hv4-e001453,hv4-u00403,task_first,hv4:main:50,app_store,task_created,2026-08-27T10:04:12.627Z,,,n-hv4-u00403,t-hv4-u00403-2
hv4-e001454,hv4-u00403,task_first,hv4:main:50,app_store,task_created,2026-08-27T10:05:12.627Z,,,n-hv4-u00403,t-hv4-u00403-3
hv4-bad-1,hv4-u00222,baseline,hv4:main:50,organic_search,paid,2026-08-27T10:42:33.736Z,-5.00,XTS,,
