event_id,user_id,variant,assignment_seed,acquisition_source,event_type,occurred_at,amount,currency,note_id,task_id
hv3-e003093,hv3-u00889,task_first,hv3:main:50,organic_search,assigned,2026-08-03T09:20:34.103Z,,,,
hv3-e003094,hv3-u00889,task_first,hv3:main:50,organic_search,note_saved,2026-08-03T09:24:34.103Z,,,n-hv3-u00889,
hv3-e003095,hv3-u00889,task_first,hv3:main:50,organic_search,task_created,2026-08-03T09:26:34.103Z,,,n-hv3-u00889,t-hv3-u00889-1
hv3-e003097,hv3-u00889,task_first,hv3:main:50,organic_search,trial_started,2026-08-03T10:20:34.103Z,,,,
hv3-e001517,hv3-u00428,task_first,hv3:main:50,organic_search,assigned,2026-08-03T10:55:24.470Z,,,,
hv3-e002917,hv3-u00839,task_first,hv3:main:50,referral,assigned,2026-08-03T10:55:35.002Z,,,,
hv3-e001518,hv3-u00428,task_first,hv3:main:50,organic_search,note_saved,2026-08-03T10:59:24.470Z,,,n-hv3-u00428,
hv3-e002918,hv3-u00839,task_first,hv3:main:50,referral,note_saved,2026-08-03T10:59:35.002Z,,,n-hv3-u00839,
hv3-e002723,hv3-u00784,baseline,hv3:main:50,organic_search,assigned,2026-08-03T12:03:46.679Z,,,,
hv3-e002724,hv3-u00784,baseline,hv3:main:50,organic_search,note_saved,2026-08-03T12:07:46.679Z,,,n-hv3-u00784,
hv3-e002650,hv3-u00761,baseline,hv3:main:50,paid_social,assigned,2026-08-03T12:44:08.131Z,,,,
hv3-e002651,hv3-u00761,baseline,hv3:main:50,paid_social,note_saved,2026-08-03T12:48:08.131Z,,,n-hv3-u00761,
hv3-e001761,hv3-u00501,task_first,hv3:main:50,organic_search,assigned,2026-08-03T13:34:29.736Z,,,,
hv3-e001762,hv3-u00501,task_first,hv3:main:50,organic_search,note_saved,2026-08-03T13:38:29.736Z,,,n-hv3-u00501,
hv3-e000623,hv3-u00182,task_first,hv3:main:50,app_store,assigned,2026-08-03T13:41:38.188Z,,,,
hv3-e000624,hv3-u00182,task_first,hv3:main:50,app_store,note_saved,2026-08-03T13:45:38.188Z,,,n-hv3-u00182,
hv3-e000301,hv3-u00092,baseline,hv3:main:50,app_store,assigned,2026-08-03T14:18:34.863Z,,,,
hv3-e000302,hv3-u00092,baseline,hv3:main:50,app_store,note_saved,2026-08-03T14:22:34.863Z,,,n-hv3-u00092,
hv3-e003607,hv3-u01044,baseline,hv3:main:50,organic_search,assigned,2026-08-03T14:22:52.835Z,,,,
hv3-e000303,hv3-u00092,baseline,hv3:main:50,app_store,task_created,2026-08-03T14:24:34.863Z,,,n-hv3-u00092,t-hv3-u00092-1
hv3-e000304,hv3-u00092,baseline,hv3:main:50,app_store,task_created,2026-08-03T14:25:34.863Z,,,n-hv3-u00092,t-hv3-u00092-2
hv3-e000305,hv3-u00092,baseline,hv3:main:50,app_store,task_created,2026-08-03T14:26:34.863Z,,,n-hv3-u00092,t-hv3-u00092-3
hv3-e001650,hv3-u00466,task_first,hv3:main:50,organic_search,assigned,2026-08-03T14:54:39.386Z,,,,
hv3-e001651,hv3-u00466,task_first,hv3:main:50,organic_search,note_saved,2026-08-03T14:58:39.386Z,,,n-hv3-u00466,
hv3-e003296,hv3-u00949,task_first,hv3:main:50,app_store,assigned,2026-08-03T15:21:17.550Z,,,,
hv3-e003297,hv3-u00949,task_first,hv3:main:50,app_store,note_saved,2026-08-03T15:25:17.550Z,,,n-hv3-u00949,
hv3-e003298,hv3-u00949,task_first,hv3:main:50,app_store,task_created,2026-08-03T15:27:17.550Z,,,n-hv3-u00949,t-hv3-u00949-1
hv3-e003299,hv3-u00949,task_first,hv3:main:50,app_store,task_created,2026-08-03T15:28:17.550Z,,,n-hv3-u00949,t-hv3-u00949-2
hv3-e003300,hv3-u00949,task_first,hv3:main:50,app_store,task_created,2026-08-03T15:29:17.550Z,,,n-hv3-u00949,t-hv3-u00949-3
hv3-e003381,hv3-u00978,task_first,hv3:main:50,app_store,assigned,2026-08-03T15:38:27.173Z,,,,
hv3-e003382,hv3-u00978,task_first,hv3:main:50,app_store,note_saved,2026-08-03T15:42:27.173Z,,,n-hv3-u00978,
hv3-e003383,hv3-u00978,task_first,hv3:main:50,app_store,task_created,2026-08-03T15:44:27.173Z,,,n-hv3-u00978,t-hv3-u00978-1
hv3-e003384,hv3-u00978,task_first,hv3:main:50,app_store,task_created,2026-08-03T15:45:27.173Z,,,n-hv3-u00978,t-hv3-u00978-2
hv3-e002483,hv3-u00713,baseline,hv3:main:50,organic_search,assigned,2026-08-03T16:08:47.831Z,,,,
hv3-e002484,hv3-u00713,baseline,hv3:main:50,organic_search,note_saved,2026-08-03T16:12:47.831Z,,,n-hv3-u00713,
hv3-e001023,hv3-u00290,task_first,hv3:main:50,organic_search,assigned,2026-08-03T16:13:57.185Z,,,,
hv3-e002485,hv3-u00713,baseline,hv3:main:50,organic_search,task_created,2026-08-03T16:14:47.831Z,,,n-hv3-u00713,t-hv3-u00713-1
hv3-e002486,hv3-u00713,baseline,hv3:main:50,organic_search,task_created,2026-08-03T16:15:47.831Z,,,n-hv3-u00713,t-hv3-u00713-2
hv3-e002487,hv3-u00713,baseline,hv3:main:50,organic_search,task_created,2026-08-03T16:16:47.831Z,,,n-hv3-u00713,t-hv3-u00713-3
hv3-e001024,hv3-u00290,task_first,hv3:main:50,organic_search,note_saved,2026-08-03T16:17:57.185Z,,,n-hv3-u00290,
hv3-e001025,hv3-u00290,task_first,hv3:main:50,organic_search,task_created,2026-08-03T16:19:57.185Z,,,n-hv3-u00290,t-hv3-u00290-1
hv3-e001026,hv3-u00290,task_first,hv3:main:50,organic_search,task_created,2026-08-03T16:20:57.185Z,,,n-hv3-u00290,t-hv3-u00290-2
hv3-e001027,hv3-u00290,task_first,hv3:main:50,organic_search,task_created,2026-08-03T16:21:57.185Z,,,n-hv3-u00290,t-hv3-u00290-3
hv3-e002348,hv3-u00674,baseline,hv3:main:50,organic_search,assigned,2026-08-03T16:22:48.632Z,,,,
hv3-e002349,hv3-u00674,baseline,hv3:main:50,organic_search,note_saved,2026-08-03T16:26:48.632Z,,,n-hv3-u00674,
hv3-e000707,hv3-u00206,task_first,hv3:main:50,organic_search,assigned,2026-08-03T16:43:08.714Z,,,,
hv3-e000708,hv3-u00206,task_first,hv3:main:50,organic_search,note_saved,2026-08-03T16:47:08.714Z,,,n-hv3-u00206,
hv3-e000709,hv3-u00206,task_first,hv3:main:50,organic_search,task_created,2026-08-03T16:49:08.714Z,,,n-hv3-u00206,t-hv3-u00206-1
hv3-e003098,hv3-u00890,baseline,hv3:main:50,paid_social,assigned,2026-08-03T16:53:52.120Z,,,,
hv3-e003099,hv3-u00890,baseline,hv3:main:50,paid_social,note_saved,2026-08-03T16:57:52.120Z,,,n-hv3-u00890,
hv3-e002511,hv3-u00719,baseline,hv3:main:50,paid_social,assigned,2026-08-03T18:14:34.512Z,,,,
hv3-e002611,hv3-u00753,task_first,hv3:main:50,organic_search,assigned,2026-08-03T18:40:22.944Z,,,,
hv3-e002612,hv3-u00753,task_first,hv3:main:50,organic_search,note_saved,2026-08-03T18:44:22.944Z,,,n-hv3-u00753,
hv3-e002613,hv3-u00753,task_first,hv3:main:50,organic_search,task_created,2026-08-03T18:46:22.944Z,,,n-hv3-u00753,t-hv3-u00753-1
hv3-e002614,hv3-u00753,task_first,hv3:main:50,organic_search,task_created,2026-08-03T18:47:22.944Z,,,n-hv3-u00753,t-hv3-u00753-2
hv3-e002615,hv3-u00753,task_first,hv3:main:50,organic_search,task_created,2026-08-03T18:48:22.944Z,,,n-hv3-u00753,t-hv3-u00753-3
hv3-e001636,hv3-u00461,baseline,hv3:main:50,referral,assigned,2026-08-03T18:49:09.698Z,,,,
hv3-e001637,hv3-u00461,baseline,hv3:main:50,referral,note_saved,2026-08-03T18:53:09.698Z,,,n-hv3-u00461,
hv3-e001638,hv3-u00461,baseline,hv3:main:50,referral,task_created,2026-08-03T18:55:09.698Z,,,n-hv3-u00461,t-hv3-u00461-1
hv3-e000079,hv3-u00025,baseline,hv3:main:50,referral,assigned,2026-08-03T20:11:29.673Z,,,,
hv3-e000080,hv3-u00025,baseline,hv3:main:50,referral,note_saved,2026-08-03T20:15:29.673Z,,,n-hv3-u00025,
hv3-e001218,hv3-u00345,task_first,hv3:main:50,organic_search,assigned,2026-08-03T20:53:50.608Z,,,,
hv3-e000154,hv3-u00047,task_first,hv3:main:50,organic_search,assigned,2026-08-03T20:56:08.231Z,,,,
hv3-e001219,hv3-u00345,task_first,hv3:main:50,organic_search,note_saved,2026-08-03T20:57:50.608Z,,,n-hv3-u00345,
hv3-e001422,hv3-u00402,baseline,hv3:main:50,organic_search,assigned,2026-08-03T20:59:24.097Z,,,,
hv3-e000155,hv3-u00047,task_first,hv3:main:50,organic_search,note_saved,2026-08-03T21:00:08.231Z,,,n-hv3-u00047,
hv3-e001423,hv3-u00402,baseline,hv3:main:50,organic_search,note_saved,2026-08-03T21:03:24.097Z,,,n-hv3-u00402,
hv3-e001424,hv3-u00402,baseline,hv3:main:50,organic_search,task_created,2026-08-03T21:05:24.097Z,,,n-hv3-u00402,t-hv3-u00402-1
hv3-e001425,hv3-u00402,baseline,hv3:main:50,organic_search,task_created,2026-08-03T21:06:24.097Z,,,n-hv3-u00402,t-hv3-u00402-2
hv3-e001426,hv3-u00402,baseline,hv3:main:50,organic_search,task_created,2026-08-03T21:07:24.097Z,,,n-hv3-u00402,t-hv3-u00402-3
hv3-e000739,hv3-u00213,baseline,hv3:main:50,organic_search,assigned,2026-08-03T21:25:13.880Z,,,,
hv3-e000740,hv3-u00213,baseline,hv3:main:50,organic_search,note_saved,2026-08-03T21:29:13.880Z,,,n-hv3-u00213,
hv3-e002128,hv3-u00609,baseline,hv3:main:50,paid_social,assigned,2026-08-03T21:51:32.639Z,,,,
hv3-e002129,hv3-u00609,baseline,hv3:main:50,paid_social,note_saved,2026-08-03T21:55:32.639Z,,,n-hv3-u00609,
hv3-e002130,hv3-u00609,baseline,hv3:main:50,paid_social,task_created,2026-08-03T21:57:32.639Z,,,n-hv3-u00609,t-hv3-u00609-1
hv3-e002131,hv3-u00609,baseline,hv3:main:50,paid_social,task_created,2026-08-03T21:58:32.639Z,,,n-hv3-u00609,t-hv3-u00609-2
hv3-e001530,hv3-u00433,task_first,hv3:main:50,paid_social,assigned,2026-08-03T22:07:06.068Z,,,,
hv3-e001531,hv3-u00433,task_first,hv3:main:50,paid_social,note_saved,2026-08-03T22:11:06.068Z,,,n-hv3-u00433,
hv3-e001532,hv3-u00433,task_first,hv3:main:50,paid_social,task_created,2026-08-03T22:13:06.068Z,,,n-hv3-u00433,t-hv3-u00433-1
hv3-e001533,hv3-u00433,task_first,hv3:main:50,paid_social,task_created,2026-08-03T22:14:06.068Z,,,n-hv3-u00433,t-hv3-u00433-2
hv3-e002698,hv3-u00777,baseline,hv3:main:50,referral,assigned,2026-08-04T00:41:48.291Z,,,,
hv3-e002699,hv3-u00777,baseline,hv3:main:50,referral,note_saved,2026-08-04T00:45:48.291Z,,,n-hv3-u00777,
hv3-e002700,hv3-u00777,baseline,hv3:main:50,referral,task_created,2026-08-04T00:47:48.291Z,,,n-hv3-u00777,t-hv3-u00777-1
hv3-e002701,hv3-u00777,baseline,hv3:main:50,referral,task_created,2026-08-04T00:48:48.291Z,,,n-hv3-u00777,t-hv3-u00777-2
hv3-e002702,hv3-u00777,baseline,hv3:main:50,referral,task_created,2026-08-04T00:49:48.291Z,,,n-hv3-u00777,t-hv3-u00777-3
hv3-e002811,hv3-u00809,baseline,hv3:main:50,app_store,assigned,2026-08-04T00:59:00.517Z,,,,
hv3-e003670,hv3-u01063,baseline,hv3:main:50,referral,assigned,2026-08-04T01:09:15.208Z,,,,
hv3-e003671,hv3-u01063,baseline,hv3:main:50,referral,note_saved,2026-08-04T01:13:15.208Z,,,n-hv3-u01063,
hv3-e003009,hv3-u00864,baseline,hv3:main:50,paid_social,assigned,2026-08-04T01:15:06.338Z,,,,
hv3-e003010,hv3-u00864,baseline,hv3:main:50,paid_social,note_saved,2026-08-04T01:19:06.338Z,,,n-hv3-u00864,
hv3-e000511,hv3-u00151,task_first,hv3:main:50,app_store,assigned,2026-08-04T01:31:15.172Z,,,,
hv3-e000512,hv3-u00151,task_first,hv3:main:50,app_store,note_saved,2026-08-04T01:35:15.172Z,,,n-hv3-u00151,
hv3-e000513,hv3-u00151,task_first,hv3:main:50,app_store,task_created,2026-08-04T01:37:15.172Z,,,n-hv3-u00151,t-hv3-u00151-1
hv3-e000514,hv3-u00151,task_first,hv3:main:50,app_store,task_created,2026-08-04T01:38:15.172Z,,,n-hv3-u00151,t-hv3-u00151-2
hv3-e000515,hv3-u00151,task_first,hv3:main:50,app_store,task_created,2026-08-04T01:39:15.172Z,,,n-hv3-u00151,t-hv3-u00151-3
hv3-e000354,hv3-u00107,baseline,hv3:main:50,organic_search,assigned,2026-08-04T01:43:31.173Z,,,,
hv3-e001247,hv3-u00352,baseline,hv3:main:50,referral,assigned,2026-08-04T01:56:58.004Z,,,,
hv3-e001248,hv3-u00352,baseline,hv3:main:50,referral,note_saved,2026-08-04T02:00:58.004Z,,,n-hv3-u00352,
hv3-e001249,hv3-u00352,baseline,hv3:main:50,referral,task_created,2026-08-04T02:02:58.004Z,,,n-hv3-u00352,t-hv3-u00352-1
hv3-e001250,hv3-u00352,baseline,hv3:main:50,referral,task_created,2026-08-04T02:03:58.004Z,,,n-hv3-u00352,t-hv3-u00352-2
hv3-e001879,hv3-u00537,task_first,hv3:main:50,organic_search,assigned,2026-08-04T02:16:14.440Z,,,,
hv3-e001880,hv3-u00537,task_first,hv3:main:50,organic_search,note_saved,2026-08-04T02:20:14.440Z,,,n-hv3-u00537,
hv3-e001881,hv3-u00537,task_first,hv3:main:50,organic_search,task_created,2026-08-04T02:22:14.440Z,,,n-hv3-u00537,t-hv3-u00537-1
hv3-e001882,hv3-u00537,task_first,hv3:main:50,organic_search,task_created,2026-08-04T02:23:14.440Z,,,n-hv3-u00537,t-hv3-u00537-2
hv3-e001055,hv3-u00299,task_first,hv3:main:50,organic_search,assigned,2026-08-04T02:25:13.950Z,,,,
hv3-e001883,hv3-u00537,task_first,hv3:main:50,organic_search,trial_started,2026-08-04T03:16:14.440Z,,,,
hv3-e002445,hv3-u00701,task_first,hv3:main:50,paid_social,assigned,2026-08-04T03:41:50.505Z,,,,
hv3-e003001,hv3-u00860,task_first,hv3:main:50,organic_search,assigned,2026-08-04T03:54:46.456Z,,,,
hv3-e000836,hv3-u00238,task_first,hv3:main:50,organic_search,assigned,2026-08-04T04:02:09.685Z,,,,
hv3-e000837,hv3-u00238,task_first,hv3:main:50,organic_search,note_saved,2026-08-04T04:06:09.685Z,,,n-hv3-u00238,
hv3-e000838,hv3-u00238,task_first,hv3:main:50,organic_search,task_created,2026-08-04T04:08:09.685Z,,,n-hv3-u00238,t-hv3-u00238-1
hv3-e003397,hv3-u00985,baseline,hv3:main:50,organic_search,assigned,2026-08-04T04:08:55.245Z,,,,
hv3-e003398,hv3-u00985,baseline,hv3:main:50,organic_search,note_saved,2026-08-04T04:12:55.245Z,,,n-hv3-u00985,
hv3-e003399,hv3-u00985,baseline,hv3:main:50,organic_search,task_created,2026-08-04T04:14:55.245Z,,,n-hv3-u00985,t-hv3-u00985-1
hv3-e003286,hv3-u00947,task_first,hv3:main:50,referral,assigned,2026-08-04T04:36:20.989Z,,,,
hv3-e003287,hv3-u00947,task_first,hv3:main:50,referral,note_saved,2026-08-04T04:40:20.989Z,,,n-hv3-u00947,
hv3-e003288,hv3-u00947,task_first,hv3:main:50,referral,task_created,2026-08-04T04:42:20.989Z,,,n-hv3-u00947,t-hv3-u00947-1
hv3-e000934,hv3-u00264,baseline,hv3:main:50,paid_social,assigned,2026-08-04T04:58:28.561Z,,,,
hv3-e000935,hv3-u00264,baseline,hv3:main:50,paid_social,note_saved,2026-08-04T05:02:28.561Z,,,n-hv3-u00264,
hv3-e001810,hv3-u00517,task_first,hv3:main:50,organic_search,assigned,2026-08-04T05:31:48.528Z,,,,
hv3-e001561,hv3-u00442,baseline,hv3:main:50,paid_social,assigned,2026-08-04T05:42:57.595Z,,,,
hv3-e001562,hv3-u00442,baseline,hv3:main:50,paid_social,note_saved,2026-08-04T05:46:57.595Z,,,n-hv3-u00442,
hv3-e001563,hv3-u00442,baseline,hv3:main:50,paid_social,task_created,2026-08-04T05:48:57.595Z,,,n-hv3-u00442,t-hv3-u00442-1
hv3-e001564,hv3-u00442,baseline,hv3:main:50,paid_social,task_created,2026-08-04T05:49:57.595Z,,,n-hv3-u00442,t-hv3-u00442-2
hv3-e002416,hv3-u00694,task_first,hv3:main:50,app_store,assigned,2026-08-04T06:07:05.061Z,,,,
hv3-e000120,hv3-u00035,baseline,hv3:main:50,organic_search,assigned,2026-08-04T06:29:24.611Z,,,,
hv3-e001567,hv3-u00442,baseline,hv3:main:50,paid_social,trial_started,2026-08-04T06:42:57.595Z,,,,
hv3-e000441,hv3-u00134,task_first,hv3:main:50,paid_social,assigned,2026-08-04T07:19:27.441Z,,,,
hv3-e000442,hv3-u00134,task_first,hv3:main:50,paid_social,note_saved,2026-08-04T07:23:27.441Z,,,n-hv3-u00134,
hv3-e000443,hv3-u00134,task_first,hv3:main:50,paid_social,task_created,2026-08-04T07:25:27.441Z,,,n-hv3-u00134,t-hv3-u00134-1
hv3-e000444,hv3-u00134,task_first,hv3:main:50,paid_social,task_created,2026-08-04T07:26:27.441Z,,,n-hv3-u00134,t-hv3-u00134-2
hv3-e000445,hv3-u00134,task_first,hv3:main:50,paid_social,task_created,2026-08-04T07:27:27.441Z,,,n-hv3-u00134,t-hv3-u00134-3
hv3-e001401,hv3-u00396,task_first,hv3:main:50,paid_social,assigned,2026-08-04T07:35:51.272Z,,,,
hv3-e001170,hv3-u00335,task_first,hv3:main:50,referral,assigned,2026-08-04T07:36:32.326Z,,,,
hv3-e001402,hv3-u00396,task_first,hv3:main:50,paid_social,note_saved,2026-08-04T07:39:51.272Z,,,n-hv3-u00396,
hv3-e001171,hv3-u00335,task_first,hv3:main:50,referral,note_saved,2026-08-04T07:40:32.326Z,,,n-hv3-u00335,
hv3-e001172,hv3-u00335,task_first,hv3:main:50,referral,task_created,2026-08-04T07:42:32.326Z,,,n-hv3-u00335,t-hv3-u00335-1
hv3-e001173,hv3-u00335,task_first,hv3:main:50,referral,task_created,2026-08-04T07:43:32.326Z,,,n-hv3-u00335,t-hv3-u00335-2
hv3-e001174,hv3-u00335,task_first,hv3:main:50,referral,task_created,2026-08-04T07:44:32.326Z,,,n-hv3-u00335,t-hv3-u00335-3
hv3-e001717,hv3-u00488,task_first,hv3:main:50,organic_search,assigned,2026-08-04T07:59:27.978Z,,,,
hv3-e001657,hv3-u00469,task_first,hv3:main:50,organic_search,assigned,2026-08-04T08:07:11.478Z,,,,
hv3-e001658,hv3-u00469,task_first,hv3:main:50,organic_search,note_saved,2026-08-04T08:11:11.478Z,,,n-hv3-u00469,
hv3-e001659,hv3-u00469,task_first,hv3:main:50,organic_search,task_created,2026-08-04T08:13:11.478Z,,,n-hv3-u00469,t-hv3-u00469-1
hv3-e001176,hv3-u00335,task_first,hv3:main:50,referral,trial_started,2026-08-04T08:36:32.326Z,,,,
hv3-e001453,hv3-u00411,task_first,hv3:main:50,app_store,assigned,2026-08-04T08:50:45.481Z,,,,
hv3-e001454,hv3-u00411,task_first,hv3:main:50,app_store,note_saved,2026-08-04T08:54:45.481Z,,,n-hv3-u00411,
hv3-e001455,hv3-u00411,task_first,hv3:main:50,app_store,task_created,2026-08-04T08:56:45.481Z,,,n-hv3-u00411,t-hv3-u00411-1
hv3-e001456,hv3-u00411,task_first,hv3:main:50,app_store,task_created,2026-08-04T08:57:45.481Z,,,n-hv3-u00411,t-hv3-u00411-2
hv3-e001457,hv3-u00411,task_first,hv3:main:50,app_store,task_created,2026-08-04T08:58:45.481Z,,,n-hv3-u00411,t-hv3-u00411-3
hv3-e003096,hv3-u00889,task_first,hv3:main:50,organic_search,revisited,2026-08-04T09:20:34.103Z,,,n-hv3-u00889,
hv3-e000940,hv3-u00266,baseline,hv3:main:50,organic_search,assigned,2026-08-04T09:34:21.252Z,,,,
hv3-e001140,hv3-u00324,baseline,hv3:main:50,paid_social,assigned,2026-08-04T09:37:49.172Z,,,,
hv3-e001141,hv3-u00324,baseline,hv3:main:50,paid_social,note_saved,2026-08-04T09:41:49.172Z,,,n-hv3-u00324,
hv3-e001147,hv3-u00326,baseline,hv3:main:50,paid_social,assigned,2026-08-04T09:43:03.037Z,,,,
hv3-e001148,hv3-u00326,baseline,hv3:main:50,paid_social,note_saved,2026-08-04T09:47:03.037Z,,,n-hv3-u00326,
hv3-e003471,hv3-u01005,baseline,hv3:main:50,paid_social,assigned,2026-08-04T10:09:00.890Z,,,,
hv3-e003455,hv3-u00999,task_first,hv3:main:50,referral,assigned,2026-08-04T10:26:21.124Z,,,,
hv3-e000646,hv3-u00189,baseline,hv3:main:50,organic_search,assigned,2026-08-04T10:42:04.288Z,,,,
hv3-e000647,hv3-u00189,baseline,hv3:main:50,organic_search,note_saved,2026-08-04T10:46:04.288Z,,,n-hv3-u00189,
hv3-e000622,hv3-u00181,task_first,hv3:main:50,organic_search,assigned,2026-08-04T10:55:24.491Z,,,,
hv3-e001326,hv3-u00376,baseline,hv3:main:50,referral,assigned,2026-08-04T11:11:31.328Z,,,,
hv3-e001327,hv3-u00376,baseline,hv3:main:50,referral,note_saved,2026-08-04T11:15:31.328Z,,,n-hv3-u00376,
hv3-e000377,hv3-u00116,task_first,hv3:main:50,organic_search,assigned,2026-08-04T11:16:36.712Z,,,,
hv3-e001328,hv3-u00376,baseline,hv3:main:50,referral,task_created,2026-08-04T11:17:31.328Z,,,n-hv3-u00376,t-hv3-u00376-1
hv3-e001329,hv3-u00376,baseline,hv3:main:50,referral,task_created,2026-08-04T11:18:31.328Z,,,n-hv3-u00376,t-hv3-u00376-2
hv3-e000378,hv3-u00116,task_first,hv3:main:50,organic_search,note_saved,2026-08-04T11:20:36.712Z,,,n-hv3-u00116,
hv3-e003238,hv3-u00931,baseline,hv3:main:50,app_store,assigned,2026-08-04T11:24:40.401Z,,,,
hv3-e003239,hv3-u00931,baseline,hv3:main:50,app_store,note_saved,2026-08-04T11:28:40.401Z,,,n-hv3-u00931,
hv3-e000610,hv3-u00177,baseline,hv3:main:50,organic_search,assigned,2026-08-04T12:01:58.255Z,,,,
hv3-e002658,hv3-u00764,baseline,hv3:main:50,organic_search,assigned,2026-08-04T12:48:58.737Z,,,,
hv3-e003274,hv3-u00942,task_first,hv3:main:50,paid_social,assigned,2026-08-04T13:30:23.146Z,,,,
hv3-e003275,hv3-u00942,task_first,hv3:main:50,paid_social,note_saved,2026-08-04T13:34:23.146Z,,,n-hv3-u00942,
hv3-e000060,hv3-u00020,task_first,hv3:main:50,organic_search,assigned,2026-08-04T14:12:58.011Z,,,,
hv3-e000061,hv3-u00020,task_first,hv3:main:50,organic_search,note_saved,2026-08-04T14:16:58.011Z,,,n-hv3-u00020,
hv3-e000062,hv3-u00020,task_first,hv3:main:50,organic_search,task_created,2026-08-04T14:18:58.011Z,,,n-hv3-u00020,t-hv3-u00020-1
hv3-e000063,hv3-u00020,task_first,hv3:main:50,organic_search,task_created,2026-08-04T14:19:58.011Z,,,n-hv3-u00020,t-hv3-u00020-2
hv3-e000064,hv3-u00020,task_first,hv3:main:50,organic_search,task_created,2026-08-04T14:20:58.011Z,,,n-hv3-u00020,t-hv3-u00020-3
hv3-e003628,hv3-u01050,baseline,hv3:main:50,app_store,assigned,2026-08-04T14:21:00.022Z,,,,
hv3-e003608,hv3-u01044,baseline,hv3:main:50,organic_search,revisited,2026-08-04T14:22:52.835Z,,,n-hv3-u01044,
hv3-e003629,hv3-u01050,baseline,hv3:main:50,app_store,note_saved,2026-08-04T14:25:00.022Z,,,n-hv3-u01050,
hv3-e001735,hv3-u00494,baseline,hv3:main:50,paid_social,assigned,2026-08-04T14:33:06.354Z,,,,
hv3-e001676,hv3-u00475,task_first,hv3:main:50,referral,assigned,2026-08-04T15:22:10.514Z,,,,
hv3-e001677,hv3-u00475,task_first,hv3:main:50,referral,note_saved,2026-08-04T15:26:10.514Z,,,n-hv3-u00475,
hv3-e001678,hv3-u00475,task_first,hv3:main:50,referral,task_created,2026-08-04T15:28:10.514Z,,,n-hv3-u00475,t-hv3-u00475-1
hv3-e001679,hv3-u00475,task_first,hv3:main:50,referral,task_created,2026-08-04T15:29:10.514Z,,,n-hv3-u00475,t-hv3-u00475-2
hv3-e003162,hv3-u00912,task_first,hv3:main:50,app_store,assigned,2026-08-04T16:14:27.303Z,,,,
hv3-e003163,hv3-u00912,task_first,hv3:main:50,app_store,note_saved,2026-08-04T16:18:27.303Z,,,n-hv3-u00912,
hv3-e001130,hv3-u00321,baseline,hv3:main:50,referral,assigned,2026-08-04T16:36:21.453Z,,,,
hv3-e001131,hv3-u00321,baseline,hv3:main:50,referral,note_saved,2026-08-04T16:40:21.453Z,,,n-hv3-u00321,
hv3-e001132,hv3-u00321,baseline,hv3:main:50,referral,task_created,2026-08-04T16:42:21.453Z,,,n-hv3-u00321,t-hv3-u00321-1
hv3-e002156,hv3-u00617,task_first,hv3:main:50,organic_search,assigned,2026-08-04T17:08:56.085Z,,,,
hv3-e002157,hv3-u00617,task_first,hv3:main:50,organic_search,note_saved,2026-08-04T17:12:56.085Z,,,n-hv3-u00617,
hv3-e002158,hv3-u00617,task_first,hv3:main:50,organic_search,task_created,2026-08-04T17:14:56.085Z,,,n-hv3-u00617,t-hv3-u00617-1
hv3-e002159,hv3-u00617,task_first,hv3:main:50,organic_search,task_created,2026-08-04T17:15:56.085Z,,,n-hv3-u00617,t-hv3-u00617-2
hv3-e002160,hv3-u00617,task_first,hv3:main:50,organic_search,task_created,2026-08-04T17:16:56.085Z,,,n-hv3-u00617,t-hv3-u00617-3
hv3-e002472,hv3-u00710,task_first,hv3:main:50,organic_search,assigned,2026-08-04T18:08:03.913Z,,,,
hv3-e003322,hv3-u00957,task_first,hv3:main:50,organic_search,assigned,2026-08-04T18:09:27.159Z,,,,
hv3-e002473,hv3-u00710,task_first,hv3:main:50,organic_search,note_saved,2026-08-04T18:12:03.913Z,,,n-hv3-u00710,
hv3-e003323,hv3-u00957,task_first,hv3:main:50,organic_search,note_saved,2026-08-04T18:13:27.159Z,,,n-hv3-u00957,
hv3-e002399,hv3-u00688,task_first,hv3:main:50,referral,assigned,2026-08-04T19:09:49.091Z,,,,
hv3-e000875,hv3-u00248,task_first,hv3:main:50,paid_social,assigned,2026-08-04T19:10:26.512Z,,,,
hv3-e000876,hv3-u00248,task_first,hv3:main:50,paid_social,note_saved,2026-08-04T19:14:26.512Z,,,n-hv3-u00248,
hv3-e001639,hv3-u00461,baseline,hv3:main:50,referral,trial_started,2026-08-04T19:49:09.698Z,,,,
hv3-e003306,hv3-u00952,baseline,hv3:main:50,organic_search,assigned,2026-08-04T20:53:29.551Z,,,,
hv3-e003224,hv3-u00927,task_first,hv3:main:50,organic_search,assigned,2026-08-04T20:53:52.551Z,,,,
hv3-e003307,hv3-u00952,baseline,hv3:main:50,organic_search,note_saved,2026-08-04T20:57:29.551Z,,,n-hv3-u00952,
hv3-e003225,hv3-u00927,task_first,hv3:main:50,organic_search,note_saved,2026-08-04T20:57:52.551Z,,,n-hv3-u00927,
hv3-e003226,hv3-u00927,task_first,hv3:main:50,organic_search,task_created,2026-08-04T20:59:52.551Z,,,n-hv3-u00927,t-hv3-u00927-1
hv3-e003227,hv3-u00927,task_first,hv3:main:50,organic_search,task_created,2026-08-04T21:00:52.551Z,,,n-hv3-u00927,t-hv3-u00927-2
hv3-e002044,hv3-u00585,task_first,hv3:main:50,organic_search,assigned,2026-08-04T21:28:36.044Z,,,,
hv3-e003488,hv3-u01009,baseline,hv3:main:50,organic_search,assigned,2026-08-04T21:31:47.909Z,,,,
hv3-e002045,hv3-u00585,task_first,hv3:main:50,organic_search,note_saved,2026-08-04T21:32:36.044Z,,,n-hv3-u00585,
hv3-e003489,hv3-u01009,baseline,hv3:main:50,organic_search,note_saved,2026-08-04T21:35:47.909Z,,,n-hv3-u01009,
hv3-e002439,hv3-u00699,task_first,hv3:main:50,paid_social,assigned,2026-08-04T21:37:47.242Z,,,,
hv3-e003490,hv3-u01009,baseline,hv3:main:50,organic_search,task_created,2026-08-04T21:37:47.909Z,,,n-hv3-u01009,t-hv3-u01009-1
hv3-e002385,hv3-u00683,baseline,hv3:main:50,referral,assigned,2026-08-04T22:23:39.971Z,,,,
hv3-e000741,hv3-u00213,baseline,hv3:main:50,organic_search,trial_started,2026-08-04T22:25:13.880Z,,,,
hv3-e002138,hv3-u00612,task_first,hv3:main:50,paid_social,assigned,2026-08-05T00:28:34.869Z,,,,
hv3-e002139,hv3-u00612,task_first,hv3:main:50,paid_social,note_saved,2026-08-05T00:32:34.869Z,,,n-hv3-u00612,
hv3-e002140,hv3-u00612,task_first,hv3:main:50,paid_social,task_created,2026-08-05T00:34:34.869Z,,,n-hv3-u00612,t-hv3-u00612-1
hv3-e003687,hv3-u01068,task_first,hv3:main:50,referral,assigned,2026-08-05T00:38:40.110Z,,,,
hv3-e003688,hv3-u01068,task_first,hv3:main:50,referral,note_saved,2026-08-05T00:42:40.110Z,,,n-hv3-u01068,
hv3-e003689,hv3-u01068,task_first,hv3:main:50,referral,task_created,2026-08-05T00:44:40.110Z,,,n-hv3-u01068,t-hv3-u01068-1
hv3-e000028,hv3-u00011,baseline,hv3:main:50,referral,assigned,2026-08-05T00:46:47.583Z,,,,
hv3-e000029,hv3-u00011,baseline,hv3:main:50,referral,note_saved,2026-08-05T00:50:47.583Z,,,n-hv3-u00011,
hv3-e000030,hv3-u00011,baseline,hv3:main:50,referral,task_created,2026-08-05T00:52:47.583Z,,,n-hv3-u00011,t-hv3-u00011-1
hv3-e000031,hv3-u00011,baseline,hv3:main:50,referral,task_created,2026-08-05T00:53:47.583Z,,,n-hv3-u00011,t-hv3-u00011-2
hv3-e001293,hv3-u00367,baseline,hv3:main:50,organic_search,assigned,2026-08-05T00:54:39.408Z,,,,
hv3-e001741,hv3-u00496,task_first,hv3:main:50,paid_social,assigned,2026-08-05T00:54:44.887Z,,,,
hv3-e000032,hv3-u00011,baseline,hv3:main:50,referral,task_created,2026-08-05T00:54:47.583Z,,,n-hv3-u00011,t-hv3-u00011-3
hv3-e001294,hv3-u00367,baseline,hv3:main:50,organic_search,note_saved,2026-08-05T00:58:39.408Z,,,n-hv3-u00367,
hv3-e001742,hv3-u00496,task_first,hv3:main:50,paid_social,note_saved,2026-08-05T00:58:44.887Z,,,n-hv3-u00496,
hv3-e001295,hv3-u00367,baseline,hv3:main:50,organic_search,task_created,2026-08-05T01:00:39.408Z,,,n-hv3-u00367,t-hv3-u00367-1
hv3-e001811,hv3-u00518,baseline,hv3:main:50,app_store,assigned,2026-08-05T01:05:41.334Z,,,,
hv3-e001812,hv3-u00518,baseline,hv3:main:50,app_store,note_saved,2026-08-05T01:09:41.334Z,,,n-hv3-u00518,
hv3-e001813,hv3-u00518,baseline,hv3:main:50,app_store,task_created,2026-08-05T01:11:41.334Z,,,n-hv3-u00518,t-hv3-u00518-1
hv3-e000516,hv3-u00151,task_first,hv3:main:50,app_store,revisited,2026-08-05T01:31:15.172Z,,,n-hv3-u00151,
hv3-e002575,hv3-u00743,baseline,hv3:main:50,paid_social,assigned,2026-08-05T01:34:48.715Z,,,,
hv3-e002576,hv3-u00743,baseline,hv3:main:50,paid_social,note_saved,2026-08-05T01:38:48.715Z,,,n-hv3-u00743,
hv3-e003407,hv3-u00988,task_first,hv3:main:50,paid_social,assigned,2026-08-05T01:47:39.336Z,,,,
hv3-e003408,hv3-u00988,task_first,hv3:main:50,paid_social,note_saved,2026-08-05T01:51:39.336Z,,,n-hv3-u00988,
hv3-e003409,hv3-u00988,task_first,hv3:main:50,paid_social,task_created,2026-08-05T01:53:39.336Z,,,n-hv3-u00988,t-hv3-u00988-1
hv3-e003410,hv3-u00988,task_first,hv3:main:50,paid_social,task_created,2026-08-05T01:54:39.336Z,,,n-hv3-u00988,t-hv3-u00988-2
hv3-e001744,hv3-u00496,task_first,hv3:main:50,paid_social,trial_started,2026-08-05T01:54:44.887Z,,,,
hv3-e003411,hv3-u00988,task_first,hv3:main:50,paid_social,task_created,2026-08-05T01:55:39.336Z,,,n-hv3-u00988,t-hv3-u00988-3
hv3-e002714,hv3-u00781,baseline,hv3:main:50,app_store,assigned,2026-08-05T02:03:50.984Z,,,,
hv3-e002715,hv3-u00781,baseline,hv3:main:50,app_store,note_saved,2026-08-05T02:07:50.984Z,,,n-hv3-u00781,
hv3-e001251,hv3-u00352,baseline,hv3:main:50,referral,revisited,2026-08-05T02:26:58.004Z,,,n-hv3-u00352,
hv3-e001252,hv3-u00352,baseline,hv3:main:50,referral,task_completed,2026-08-05T02:31:58.004Z,,,n-hv3-u00352,t-hv3-u00352-1
hv3-e000676,hv3-u00197,task_first,hv3:main:50,organic_search,assigned,2026-08-05T02:37:17.293Z,,,,
hv3-e001459,hv3-u00413,baseline,hv3:main:50,paid_social,assigned,2026-08-05T03:05:52.192Z,,,,
hv3-e001460,hv3-u00413,baseline,hv3:main:50,paid_social,note_saved,2026-08-05T03:09:52.192Z,,,n-hv3-u00413,
hv3-e000318,hv3-u00096,baseline,hv3:main:50,paid_social,assigned,2026-08-05T03:11:37.300Z,,,,
hv3-e001461,hv3-u00413,baseline,hv3:main:50,paid_social,task_created,2026-08-05T03:11:52.192Z,,,n-hv3-u00413,t-hv3-u00413-1
hv3-e001462,hv3-u00413,baseline,hv3:main:50,paid_social,task_created,2026-08-05T03:12:52.192Z,,,n-hv3-u00413,t-hv3-u00413-2
hv3-e000319,hv3-u00096,baseline,hv3:main:50,paid_social,note_saved,2026-08-05T03:15:37.300Z,,,n-hv3-u00096,
hv3-e000320,hv3-u00096,baseline,hv3:main:50,paid_social,task_created,2026-08-05T03:17:37.300Z,,,n-hv3-u00096,t-hv3-u00096-1
hv3-e000321,hv3-u00096,baseline,hv3:main:50,paid_social,task_created,2026-08-05T03:18:37.300Z,,,n-hv3-u00096,t-hv3-u00096-2
hv3-e000322,hv3-u00096,baseline,hv3:main:50,paid_social,task_created,2026-08-05T03:19:37.300Z,,,n-hv3-u00096,t-hv3-u00096-3
hv3-e003348,hv3-u00967,task_first,hv3:main:50,app_store,assigned,2026-08-05T03:59:48.562Z,,,,
hv3-e002690,hv3-u00774,baseline,hv3:main:50,organic_search,assigned,2026-08-05T04:01:35.363Z,,,,
hv3-e002543,hv3-u00730,task_first,hv3:main:50,organic_search,assigned,2026-08-05T04:03:35.171Z,,,,
hv3-e003349,hv3-u00967,task_first,hv3:main:50,app_store,note_saved,2026-08-05T04:03:48.562Z,,,n-hv3-u00967,
hv3-e002691,hv3-u00774,baseline,hv3:main:50,organic_search,note_saved,2026-08-05T04:05:35.363Z,,,n-hv3-u00774,
hv3-e002544,hv3-u00730,task_first,hv3:main:50,organic_search,note_saved,2026-08-05T04:07:35.171Z,,,n-hv3-u00730,
hv3-e002692,hv3-u00774,baseline,hv3:main:50,organic_search,task_created,2026-08-05T04:07:35.363Z,,,n-hv3-u00774,t-hv3-u00774-1
hv3-e002693,hv3-u00774,baseline,hv3:main:50,organic_search,task_created,2026-08-05T04:08:35.363Z,,,n-hv3-u00774,t-hv3-u00774-2
hv3-e002694,hv3-u00774,baseline,hv3:main:50,organic_search,task_created,2026-08-05T04:09:35.363Z,,,n-hv3-u00774,t-hv3-u00774-3
hv3-e000308,hv3-u00093,baseline,hv3:main:50,organic_search,assigned,2026-08-05T04:38:25.648Z,,,,
hv3-e000841,hv3-u00238,task_first,hv3:main:50,organic_search,trial_started,2026-08-05T05:02:09.685Z,,,,
hv3-e001192,hv3-u00339,task_first,hv3:main:50,app_store,assigned,2026-08-05T05:34:31.553Z,,,,
hv3-e001193,hv3-u00339,task_first,hv3:main:50,app_store,note_saved,2026-08-05T05:38:31.553Z,,,n-hv3-u00339,
hv3-e001194,hv3-u00339,task_first,hv3:main:50,app_store,task_created,2026-08-05T05:40:31.553Z,,,n-hv3-u00339,t-hv3-u00339-1
hv3-e001195,hv3-u00339,task_first,hv3:main:50,app_store,task_created,2026-08-05T05:41:31.553Z,,,n-hv3-u00339,t-hv3-u00339-2
hv3-e001196,hv3-u00339,task_first,hv3:main:50,app_store,task_created,2026-08-05T05:42:31.553Z,,,n-hv3-u00339,t-hv3-u00339-3
hv3-e000936,hv3-u00264,baseline,hv3:main:50,paid_social,trial_started,2026-08-05T05:58:28.561Z,,,,
hv3-e002448,hv3-u00703,baseline,hv3:main:50,paid_social,assigned,2026-08-05T06:22:19.735Z,,,,
hv3-e002449,hv3-u00703,baseline,hv3:main:50,paid_social,note_saved,2026-08-05T06:26:19.735Z,,,n-hv3-u00703,
hv3-e002703,hv3-u00778,task_first,hv3:main:50,app_store,assigned,2026-08-05T06:26:26.280Z,,,,
hv3-e002704,hv3-u00778,task_first,hv3:main:50,app_store,note_saved,2026-08-05T06:30:26.280Z,,,n-hv3-u00778,
hv3-e002705,hv3-u00778,task_first,hv3:main:50,app_store,task_created,2026-08-05T06:32:26.280Z,,,n-hv3-u00778,t-hv3-u00778-1
hv3-e002706,hv3-u00778,task_first,hv3:main:50,app_store,task_created,2026-08-05T06:33:26.280Z,,,n-hv3-u00778,t-hv3-u00778-2
hv3-e002955,hv3-u00848,baseline,hv3:main:50,organic_search,assigned,2026-08-05T07:05:34.252Z,,,,
hv3-e002418,hv3-u00694,task_first,hv3:main:50,app_store,trial_started,2026-08-05T07:07:05.061Z,,,,
hv3-e002956,hv3-u00848,baseline,hv3:main:50,organic_search,note_saved,2026-08-05T07:09:34.252Z,,,n-hv3-u00848,
hv3-e002957,hv3-u00848,baseline,hv3:main:50,organic_search,task_created,2026-08-05T07:11:34.252Z,,,n-hv3-u00848,t-hv3-u00848-1
hv3-e002958,hv3-u00848,baseline,hv3:main:50,organic_search,task_created,2026-08-05T07:12:34.252Z,,,n-hv3-u00848,t-hv3-u00848-2
hv3-e002959,hv3-u00848,baseline,hv3:main:50,organic_search,task_created,2026-08-05T07:13:34.252Z,,,n-hv3-u00848,t-hv3-u00848-3
hv3-e000612,hv3-u00178,task_first,hv3:main:50,referral,assigned,2026-08-05T07:13:55.955Z,,,,
hv3-e003555,hv3-u01030,task_first,hv3:main:50,organic_search,assigned,2026-08-05T07:14:08.411Z,,,,
hv3-e000613,hv3-u00178,task_first,hv3:main:50,referral,note_saved,2026-08-05T07:17:55.955Z,,,n-hv3-u00178,
hv3-e003556,hv3-u01030,task_first,hv3:main:50,organic_search,note_saved,2026-08-05T07:18:08.411Z,,,n-hv3-u01030,
hv3-e000614,hv3-u00178,task_first,hv3:main:50,referral,task_created,2026-08-05T07:19:55.955Z,,,n-hv3-u00178,t-hv3-u00178-1
hv3-e001427,hv3-u00403,baseline,hv3:main:50,referral,assigned,2026-08-05T07:20:41.505Z,,,,
hv3-e000615,hv3-u00178,task_first,hv3:main:50,referral,task_created,2026-08-05T07:20:55.955Z,,,n-hv3-u00178,t-hv3-u00178-2
hv3-e001428,hv3-u00403,baseline,hv3:main:50,referral,note_saved,2026-08-05T07:24:41.505Z,,,n-hv3-u00403,
hv3-e001429,hv3-u00403,baseline,hv3:main:50,referral,task_created,2026-08-05T07:26:41.505Z,,,n-hv3-u00403,t-hv3-u00403-1
hv3-e001430,hv3-u00403,baseline,hv3:main:50,referral,task_created,2026-08-05T07:27:41.505Z,,,n-hv3-u00403,t-hv3-u00403-2
hv3-e000286,hv3-u00088,task_first,hv3:main:50,app_store,assigned,2026-08-05T07:27:51.232Z,,,,
hv3-e000287,hv3-u00088,task_first,hv3:main:50,app_store,note_saved,2026-08-05T07:31:51.232Z,,,n-hv3-u00088,
hv3-e003068,hv3-u00881,baseline,hv3:main:50,organic_search,assigned,2026-08-05T08:02:50.993Z,,,,
hv3-e001063,hv3-u00301,task_first,hv3:main:50,app_store,assigned,2026-08-05T08:03:00.990Z,,,,
hv3-e003069,hv3-u00881,baseline,hv3:main:50,organic_search,note_saved,2026-08-05T08:06:50.993Z,,,n-hv3-u00881,
hv3-e001064,hv3-u00301,task_first,hv3:main:50,app_store,note_saved,2026-08-05T08:07:00.990Z,,,n-hv3-u00301,
hv3-e003031,hv3-u00870,task_first,hv3:main:50,organic_search,assigned,2026-08-05T08:12:56.005Z,,,,
hv3-e000269,hv3-u00084,task_first,hv3:main:50,paid_social,assigned,2026-08-05T08:14:06.911Z,,,,
hv3-e003032,hv3-u00870,task_first,hv3:main:50,organic_search,note_saved,2026-08-05T08:16:56.005Z,,,n-hv3-u00870,
hv3-e000270,hv3-u00084,task_first,hv3:main:50,paid_social,note_saved,2026-08-05T08:18:06.911Z,,,n-hv3-u00084,
hv3-e003033,hv3-u00870,task_first,hv3:main:50,organic_search,trial_started,2026-08-05T09:12:56.005Z,,,,
hv3-e000648,hv3-u00189,baseline,hv3:main:50,organic_search,trial_started,2026-08-05T11:42:04.288Z,,,,
hv3-e000379,hv3-u00116,task_first,hv3:main:50,organic_search,trial_started,2026-08-05T12:16:36.712Z,,,,
hv3-e001149,hv3-u00327,baseline,hv3:main:50,paid_social,assigned,2026-08-05T12:32:01.615Z,,,,
hv3-e000863,hv3-u00243,task_first,hv3:main:50,organic_search,assigned,2026-08-05T13:18:24.567Z,,,,
hv3-e000864,hv3-u00243,task_first,hv3:main:50,organic_search,note_saved,2026-08-05T13:22:24.567Z,,,n-hv3-u00243,
hv3-e001536,hv3-u00435,task_first,hv3:main:50,app_store,assigned,2026-08-05T13:52:18.823Z,,,,
hv3-e001537,hv3-u00435,task_first,hv3:main:50,app_store,note_saved,2026-08-05T13:56:18.823Z,,,n-hv3-u00435,
hv3-e001538,hv3-u00435,task_first,hv3:main:50,app_store,task_created,2026-08-05T13:58:18.823Z,,,n-hv3-u00435,t-hv3-u00435-1
hv3-e001539,hv3-u00435,task_first,hv3:main:50,app_store,task_created,2026-08-05T13:59:18.823Z,,,n-hv3-u00435,t-hv3-u00435-2
hv3-e003276,hv3-u00942,task_first,hv3:main:50,paid_social,trial_started,2026-08-05T14:30:23.146Z,,,,
hv3-e000410,hv3-u00125,baseline,hv3:main:50,referral,assigned,2026-08-05T14:36:11.920Z,,,,
hv3-e000411,hv3-u00125,baseline,hv3:main:50,referral,note_saved,2026-08-05T14:40:11.920Z,,,n-hv3-u00125,
hv3-e000306,hv3-u00092,baseline,hv3:main:50,app_store,revisited,2026-08-05T14:48:34.863Z,,,n-hv3-u00092,
hv3-e000362,hv3-u00110,baseline,hv3:main:50,paid_social,assigned,2026-08-05T14:49:40.948Z,,,,
hv3-e000307,hv3-u00092,baseline,hv3:main:50,app_store,task_completed,2026-08-05T14:53:34.863Z,,,n-hv3-u00092,t-hv3-u00092-1
hv3-e003272,hv3-u00941,baseline,hv3:main:50,paid_social,assigned,2026-08-05T15:15:25.948Z,,,,
hv3-e003273,hv3-u00941,baseline,hv3:main:50,paid_social,note_saved,2026-08-05T15:19:25.948Z,,,n-hv3-u00941,
hv3-e001448,hv3-u00410,task_first,hv3:main:50,referral,assigned,2026-08-05T15:30:39.198Z,,,,
hv3-e001449,hv3-u00410,task_first,hv3:main:50,referral,note_saved,2026-08-05T15:34:39.198Z,,,n-hv3-u00410,
hv3-e003529,hv3-u01022,baseline,hv3:main:50,app_store,assigned,2026-08-05T15:41:43.813Z,,,,
hv3-e003530,hv3-u01022,baseline,hv3:main:50,app_store,note_saved,2026-08-05T15:45:43.813Z,,,n-hv3-u01022,
hv3-e003531,hv3-u01022,baseline,hv3:main:50,app_store,task_created,2026-08-05T15:47:43.813Z,,,n-hv3-u01022,t-hv3-u01022-1
hv3-e003532,hv3-u01022,baseline,hv3:main:50,app_store,task_created,2026-08-05T15:48:43.813Z,,,n-hv3-u01022,t-hv3-u01022-2
hv3-e002434,hv3-u00698,task_first,hv3:main:50,app_store,assigned,2026-08-05T16:41:50.165Z,,,,
hv3-e002435,hv3-u00698,task_first,hv3:main:50,app_store,note_saved,2026-08-05T16:45:50.165Z,,,n-hv3-u00698,
hv3-e002436,hv3-u00698,task_first,hv3:main:50,app_store,task_created,2026-08-05T16:47:50.165Z,,,n-hv3-u00698,t-hv3-u00698-1
hv3-e002437,hv3-u00698,task_first,hv3:main:50,app_store,task_created,2026-08-05T16:48:50.165Z,,,n-hv3-u00698,t-hv3-u00698-2
hv3-e002438,hv3-u00698,task_first,hv3:main:50,app_store,task_created,2026-08-05T16:49:50.165Z,,,n-hv3-u00698,t-hv3-u00698-3
hv3-e000710,hv3-u00206,task_first,hv3:main:50,organic_search,revisited,2026-08-05T17:13:08.714Z,,,n-hv3-u00206,
hv3-e000711,hv3-u00206,task_first,hv3:main:50,organic_search,task_completed,2026-08-05T17:18:08.714Z,,,n-hv3-u00206,t-hv3-u00206-1
hv3-e001133,hv3-u00321,baseline,hv3:main:50,referral,trial_started,2026-08-05T17:36:21.453Z,,,,
hv3-e000712,hv3-u00206,task_first,hv3:main:50,organic_search,trial_started,2026-08-05T17:43:08.714Z,,,,
hv3-e000276,hv3-u00086,baseline,hv3:main:50,paid_social,assigned,2026-08-05T17:55:12.381Z,,,,
hv3-e000277,hv3-u00086,baseline,hv3:main:50,paid_social,note_saved,2026-08-05T17:59:12.381Z,,,n-hv3-u00086,
hv3-e000278,hv3-u00086,baseline,hv3:main:50,paid_social,task_created,2026-08-05T18:01:12.381Z,,,n-hv3-u00086,t-hv3-u00086-1
hv3-e000279,hv3-u00086,baseline,hv3:main:50,paid_social,task_created,2026-08-05T18:02:12.381Z,,,n-hv3-u00086,t-hv3-u00086-2
hv3-e000280,hv3-u00086,baseline,hv3:main:50,paid_social,task_created,2026-08-05T18:03:12.381Z,,,n-hv3-u00086,t-hv3-u00086-3
hv3-e000600,hv3-u00173,baseline,hv3:main:50,paid_social,assigned,2026-08-05T18:09:11.788Z,,,,
hv3-e000601,hv3-u00173,baseline,hv3:main:50,paid_social,note_saved,2026-08-05T18:13:11.788Z,,,n-hv3-u00173,
hv3-e000602,hv3-u00173,baseline,hv3:main:50,paid_social,task_created,2026-08-05T18:15:11.788Z,,,n-hv3-u00173,t-hv3-u00173-1
hv3-e000603,hv3-u00173,baseline,hv3:main:50,paid_social,task_created,2026-08-05T18:16:11.788Z,,,n-hv3-u00173,t-hv3-u00173-2
hv3-e001619,hv3-u00455,task_first,hv3:main:50,organic_search,assigned,2026-08-05T18:26:23.290Z,,,,
hv3-e001620,hv3-u00455,task_first,hv3:main:50,organic_search,note_saved,2026-08-05T18:30:23.290Z,,,n-hv3-u00455,
hv3-e002371,hv3-u00680,baseline,hv3:main:50,app_store,assigned,2026-08-05T18:49:55.704Z,,,,
hv3-e002372,hv3-u00680,baseline,hv3:main:50,app_store,note_saved,2026-08-05T18:53:55.704Z,,,n-hv3-u00680,
hv3-e002373,hv3-u00680,baseline,hv3:main:50,app_store,task_created,2026-08-05T18:55:55.704Z,,,n-hv3-u00680,t-hv3-u00680-1
hv3-e002857,hv3-u00821,baseline,hv3:main:50,app_store,assigned,2026-08-05T18:56:14.163Z,,,,
hv3-e002374,hv3-u00680,baseline,hv3:main:50,app_store,task_created,2026-08-05T18:56:55.704Z,,,n-hv3-u00680,t-hv3-u00680-2
hv3-e002858,hv3-u00821,baseline,hv3:main:50,app_store,note_saved,2026-08-05T19:00:14.163Z,,,n-hv3-u00821,
hv3-e002859,hv3-u00821,baseline,hv3:main:50,app_store,task_created,2026-08-05T19:02:14.163Z,,,n-hv3-u00821,t-hv3-u00821-1
hv3-e002860,hv3-u00821,baseline,hv3:main:50,app_store,task_created,2026-08-05T19:03:14.163Z,,,n-hv3-u00821,t-hv3-u00821-2
hv3-e002861,hv3-u00821,baseline,hv3:main:50,app_store,task_created,2026-08-05T19:04:14.163Z,,,n-hv3-u00821,t-hv3-u00821-3
hv3-e001017,hv3-u00287,baseline,hv3:main:50,referral,assigned,2026-08-05T19:22:18.213Z,,,,
hv3-e003703,hv3-u01073,task_first,hv3:main:50,paid_social,assigned,2026-08-05T20:00:06.884Z,,,,
hv3-e003704,hv3-u01073,task_first,hv3:main:50,paid_social,note_saved,2026-08-05T20:04:06.884Z,,,n-hv3-u01073,
hv3-e003705,hv3-u01073,task_first,hv3:main:50,paid_social,task_created,2026-08-05T20:06:06.884Z,,,n-hv3-u01073,t-hv3-u01073-1
hv3-e003706,hv3-u01073,task_first,hv3:main:50,paid_social,task_created,2026-08-05T20:07:06.884Z,,,n-hv3-u01073,t-hv3-u01073-2
hv3-e001843,hv3-u00527,task_first,hv3:main:50,paid_social,assigned,2026-08-05T20:50:36.142Z,,,,
hv3-e001844,hv3-u00527,task_first,hv3:main:50,paid_social,note_saved,2026-08-05T20:54:36.142Z,,,n-hv3-u00527,
hv3-e003050,hv3-u00875,task_first,hv3:main:50,referral,assigned,2026-08-05T20:56:03.547Z,,,,
hv3-e001845,hv3-u00527,task_first,hv3:main:50,paid_social,task_created,2026-08-05T20:56:36.142Z,,,n-hv3-u00527,t-hv3-u00527-1
hv3-e001846,hv3-u00527,task_first,hv3:main:50,paid_social,task_created,2026-08-05T20:57:36.142Z,,,n-hv3-u00527,t-hv3-u00527-2
hv3-e001847,hv3-u00527,task_first,hv3:main:50,paid_social,task_created,2026-08-05T20:58:36.142Z,,,n-hv3-u00527,t-hv3-u00527-3
hv3-e003707,hv3-u01073,task_first,hv3:main:50,paid_social,trial_started,2026-08-05T21:00:06.884Z,,,,
hv3-e003228,hv3-u00927,task_first,hv3:main:50,organic_search,revisited,2026-08-05T21:23:52.551Z,,,n-hv3-u00927,
hv3-e003229,hv3-u00927,task_first,hv3:main:50,organic_search,task_completed,2026-08-05T21:28:52.551Z,,,n-hv3-u00927,t-hv3-u00927-1
hv3-e002759,hv3-u00795,baseline,hv3:main:50,paid_social,assigned,2026-08-05T21:58:57.944Z,,,,
hv3-e002760,hv3-u00795,baseline,hv3:main:50,paid_social,note_saved,2026-08-05T22:02:57.944Z,,,n-hv3-u00795,
hv3-e000310,hv3-u00094,task_first,hv3:main:50,paid_social,assigned,2026-08-05T22:33:05.512Z,,,,
hv3-e000311,hv3-u00094,task_first,hv3:main:50,paid_social,note_saved,2026-08-05T22:37:05.512Z,,,n-hv3-u00094,
hv3-e000422,hv3-u00128,baseline,hv3:main:50,organic_search,assigned,2026-08-05T23:09:08.482Z,,,,
hv3-e001540,hv3-u00436,baseline,hv3:main:50,referral,assigned,2026-08-05T23:25:24.012Z,,,,
hv3-e000077,hv3-u00024,task_first,hv3:main:50,referral,assigned,2026-08-06T00:07:15.992Z,,,,
hv3-e000078,hv3-u00024,task_first,hv3:main:50,referral,note_saved,2026-08-06T00:11:15.992Z,,,n-hv3-u00024,
hv3-e003328,hv3-u00959,baseline,hv3:main:50,paid_social,assigned,2026-08-06T00:30:40.753Z,,,,
hv3-e002342,hv3-u00673,baseline,hv3:main:50,paid_social,assigned,2026-08-06T00:38:29.141Z,,,,
hv3-e002343,hv3-u00673,baseline,hv3:main:50,paid_social,note_saved,2026-08-06T00:42:29.141Z,,,n-hv3-u00673,
hv3-e002344,hv3-u00673,baseline,hv3:main:50,paid_social,task_created,2026-08-06T00:44:29.141Z,,,n-hv3-u00673,t-hv3-u00673-1
hv3-e002345,hv3-u00673,baseline,hv3:main:50,paid_social,task_created,2026-08-06T00:45:29.141Z,,,n-hv3-u00673,t-hv3-u00673-2
hv3-e002346,hv3-u00673,baseline,hv3:main:50,paid_social,task_created,2026-08-06T00:46:29.141Z,,,n-hv3-u00673,t-hv3-u00673-3
hv3-e001913,hv3-u00547,baseline,hv3:main:50,app_store,assigned,2026-08-06T01:20:44.187Z,,,,
hv3-e001914,hv3-u00547,baseline,hv3:main:50,app_store,note_saved,2026-08-06T01:24:44.187Z,,,n-hv3-u00547,
hv3-e001915,hv3-u00547,baseline,hv3:main:50,app_store,task_created,2026-08-06T01:26:44.187Z,,,n-hv3-u00547,t-hv3-u00547-1
hv3-e001916,hv3-u00547,baseline,hv3:main:50,app_store,task_created,2026-08-06T01:27:44.187Z,,,n-hv3-u00547,t-hv3-u00547-2
hv3-e001917,hv3-u00547,baseline,hv3:main:50,app_store,task_created,2026-08-06T01:28:44.187Z,,,n-hv3-u00547,t-hv3-u00547-3
hv3-e001814,hv3-u00518,baseline,hv3:main:50,app_store,revisited,2026-08-06T01:35:41.334Z,,,n-hv3-u00518,
hv3-e001815,hv3-u00518,baseline,hv3:main:50,app_store,task_completed,2026-08-06T01:40:41.334Z,,,n-hv3-u00518,t-hv3-u00518-1
hv3-e001347,hv3-u00382,baseline,hv3:main:50,organic_search,assigned,2026-08-06T02:00:44.376Z,,,,
hv3-e000727,hv3-u00210,task_first,hv3:main:50,app_store,assigned,2026-08-06T02:03:22.686Z,,,,
hv3-e001348,hv3-u00382,baseline,hv3:main:50,organic_search,note_saved,2026-08-06T02:04:44.376Z,,,n-hv3-u00382,
hv3-e001349,hv3-u00382,baseline,hv3:main:50,organic_search,task_created,2026-08-06T02:06:44.376Z,,,n-hv3-u00382,t-hv3-u00382-1
hv3-e000728,hv3-u00210,task_first,hv3:main:50,app_store,note_saved,2026-08-06T02:07:22.686Z,,,n-hv3-u00210,
hv3-e001350,hv3-u00382,baseline,hv3:main:50,organic_search,task_created,2026-08-06T02:07:44.376Z,,,n-hv3-u00382,t-hv3-u00382-2
hv3-e000355,hv3-u00107,baseline,hv3:main:50,organic_search,trial_started,2026-08-06T02:43:31.173Z,,,,
hv3-e003414,hv3-u00988,task_first,hv3:main:50,paid_social,trial_started,2026-08-06T02:47:39.336Z,,,,
hv3-e003535,hv3-u01024,task_first,hv3:main:50,organic_search,assigned,2026-08-06T02:48:49.708Z,,,,
hv3-e003536,hv3-u01024,task_first,hv3:main:50,organic_search,note_saved,2026-08-06T02:52:49.708Z,,,n-hv3-u01024,
hv3-e001714,hv3-u00487,task_first,hv3:main:50,paid_social,assigned,2026-08-06T02:53:26.289Z,,,,
hv3-e003537,hv3-u01024,task_first,hv3:main:50,organic_search,task_created,2026-08-06T02:54:49.708Z,,,n-hv3-u01024,t-hv3-u01024-1
hv3-e001715,hv3-u00487,task_first,hv3:main:50,paid_social,note_saved,2026-08-06T02:57:26.289Z,,,n-hv3-u00487,
hv3-e001716,hv3-u00487,task_first,hv3:main:50,paid_social,task_created,2026-08-06T02:59:26.289Z,,,n-hv3-u00487,t-hv3-u00487-1
hv3-e000948,hv3-u00269,task_first,hv3:main:50,paid_social,assigned,2026-08-06T03:07:18.495Z,,,,
hv3-e000949,hv3-u00269,task_first,hv3:main:50,paid_social,note_saved,2026-08-06T03:11:18.495Z,,,n-hv3-u00269,
hv3-e000950,hv3-u00269,task_first,hv3:main:50,paid_social,task_created,2026-08-06T03:13:18.495Z,,,n-hv3-u00269,t-hv3-u00269-1
hv3-e000951,hv3-u00269,task_first,hv3:main:50,paid_social,task_created,2026-08-06T03:14:18.495Z,,,n-hv3-u00269,t-hv3-u00269-2
hv3-e000952,hv3-u00269,task_first,hv3:main:50,paid_social,task_created,2026-08-06T03:15:18.495Z,,,n-hv3-u00269,t-hv3-u00269-3
hv3-e001020,hv3-u00289,task_first,hv3:main:50,referral,assigned,2026-08-06T03:36:22.419Z,,,,
hv3-e001021,hv3-u00289,task_first,hv3:main:50,referral,note_saved,2026-08-06T03:40:22.419Z,,,n-hv3-u00289,
hv3-e000323,hv3-u00096,baseline,hv3:main:50,paid_social,revisited,2026-08-06T03:41:37.300Z,,,n-hv3-u00096,
hv3-e000324,hv3-u00096,baseline,hv3:main:50,paid_social,task_completed,2026-08-06T03:46:37.300Z,,,n-hv3-u00096,t-hv3-u00096-1
hv3-e001941,hv3-u00556,baseline,hv3:main:50,referral,assigned,2026-08-06T03:49:43.147Z,,,,
hv3-e001942,hv3-u00556,baseline,hv3:main:50,referral,note_saved,2026-08-06T03:53:43.147Z,,,n-hv3-u00556,
hv3-e001943,hv3-u00556,baseline,hv3:main:50,referral,task_created,2026-08-06T03:55:43.147Z,,,n-hv3-u00556,t-hv3-u00556-1
hv3-e001944,hv3-u00556,baseline,hv3:main:50,referral,task_created,2026-08-06T03:56:43.147Z,,,n-hv3-u00556,t-hv3-u00556-2
hv3-e000213,hv3-u00068,task_first,hv3:main:50,app_store,assigned,2026-08-06T04:11:07.530Z,,,,
hv3-e001925,hv3-u00552,task_first,hv3:main:50,organic_search,assigned,2026-08-06T04:13:43.667Z,,,,
hv3-e000214,hv3-u00068,task_first,hv3:main:50,app_store,note_saved,2026-08-06T04:15:07.530Z,,,n-hv3-u00068,
hv3-e000215,hv3-u00068,task_first,hv3:main:50,app_store,task_created,2026-08-06T04:17:07.530Z,,,n-hv3-u00068,t-hv3-u00068-1
hv3-e001926,hv3-u00552,task_first,hv3:main:50,organic_search,note_saved,2026-08-06T04:17:43.667Z,,,n-hv3-u00552,
hv3-e000216,hv3-u00068,task_first,hv3:main:50,app_store,task_created,2026-08-06T04:18:07.530Z,,,n-hv3-u00068,t-hv3-u00068-2
hv3-e001927,hv3-u00552,task_first,hv3:main:50,organic_search,task_created,2026-08-06T04:19:43.667Z,,,n-hv3-u00552,t-hv3-u00552-1
hv3-e001928,hv3-u00552,task_first,hv3:main:50,organic_search,task_created,2026-08-06T04:20:43.667Z,,,n-hv3-u00552,t-hv3-u00552-2
hv3-e000839,hv3-u00238,task_first,hv3:main:50,organic_search,revisited,2026-08-06T04:32:09.685Z,,,n-hv3-u00238,
hv3-e000840,hv3-u00238,task_first,hv3:main:50,organic_search,task_completed,2026-08-06T04:37:09.685Z,,,n-hv3-u00238,t-hv3-u00238-1
hv3-e002951,hv3-u00847,baseline,hv3:main:50,organic_search,assigned,2026-08-06T04:46:31.431Z,,,,
hv3-e002952,hv3-u00847,baseline,hv3:main:50,organic_search,note_saved,2026-08-06T04:50:31.431Z,,,n-hv3-u00847,
hv3-e002953,hv3-u00847,baseline,hv3:main:50,organic_search,task_created,2026-08-06T04:52:31.431Z,,,n-hv3-u00847,t-hv3-u00847-1
hv3-e002954,hv3-u00847,baseline,hv3:main:50,organic_search,task_created,2026-08-06T04:53:31.431Z,,,n-hv3-u00847,t-hv3-u00847-2
hv3-e003546,hv3-u01028,baseline,hv3:main:50,app_store,assigned,2026-08-06T05:01:22.174Z,,,,
hv3-e003547,hv3-u01028,baseline,hv3:main:50,app_store,note_saved,2026-08-06T05:05:22.174Z,,,n-hv3-u01028,
hv3-e003548,hv3-u01028,baseline,hv3:main:50,app_store,task_created,2026-08-06T05:07:22.174Z,,,n-hv3-u01028,t-hv3-u01028-1
hv3-e003549,hv3-u01028,baseline,hv3:main:50,app_store,task_created,2026-08-06T05:08:22.174Z,,,n-hv3-u01028,t-hv3-u01028-2
hv3-e003550,hv3-u01028,baseline,hv3:main:50,app_store,task_created,2026-08-06T05:09:22.174Z,,,n-hv3-u01028,t-hv3-u01028-3
hv3-e000737,hv3-u00212,baseline,hv3:main:50,organic_search,assigned,2026-08-06T05:51:27.734Z,,,,
hv3-e001565,hv3-u00442,baseline,hv3:main:50,paid_social,revisited,2026-08-06T06:12:57.595Z,,,n-hv3-u00442,
hv3-e001566,hv3-u00442,baseline,hv3:main:50,paid_social,task_completed,2026-08-06T06:17:57.595Z,,,n-hv3-u00442,t-hv3-u00442-1
hv3-e001688,hv3-u00479,baseline,hv3:main:50,paid_social,assigned,2026-08-06T06:21:43.751Z,,,,
hv3-e001689,hv3-u00479,baseline,hv3:main:50,paid_social,note_saved,2026-08-06T06:25:43.751Z,,,n-hv3-u00479,
hv3-e001690,hv3-u00479,baseline,hv3:main:50,paid_social,task_created,2026-08-06T06:27:43.751Z,,,n-hv3-u00479,t-hv3-u00479-1
hv3-e001691,hv3-u00479,baseline,hv3:main:50,paid_social,task_created,2026-08-06T06:28:43.751Z,,,n-hv3-u00479,t-hv3-u00479-2
hv3-e001692,hv3-u00479,baseline,hv3:main:50,paid_social,task_created,2026-08-06T06:29:43.751Z,,,n-hv3-u00479,t-hv3-u00479-3
hv3-e001197,hv3-u00339,task_first,hv3:main:50,app_store,trial_started,2026-08-06T06:34:31.553Z,,,,
hv3-e000122,hv3-u00035,baseline,hv3:main:50,organic_search,trial_started,2026-08-06T07:29:24.611Z,,,,
hv3-e001698,hv3-u00482,task_first,hv3:main:50,app_store,assigned,2026-08-06T07:43:10.051Z,,,,
hv3-e001699,hv3-u00482,task_first,hv3:main:50,app_store,note_saved,2026-08-06T07:47:10.051Z,,,n-hv3-u00482,
hv3-e001700,hv3-u00482,task_first,hv3:main:50,app_store,task_created,2026-08-06T07:49:10.051Z,,,n-hv3-u00482,t-hv3-u00482-1
hv3-e001701,hv3-u00482,task_first,hv3:main:50,app_store,task_created,2026-08-06T07:50:10.051Z,,,n-hv3-u00482,t-hv3-u00482-2
hv3-e003645,hv3-u01055,baseline,hv3:main:50,organic_search,assigned,2026-08-06T08:08:42.011Z,,,,
hv3-e000616,hv3-u00178,task_first,hv3:main:50,referral,trial_started,2026-08-06T08:13:55.955Z,,,,
hv3-e000412,hv3-u00126,baseline,hv3:main:50,app_store,assigned,2026-08-06T08:19:30.449Z,,,,
hv3-e000413,hv3-u00126,baseline,hv3:main:50,app_store,note_saved,2026-08-06T08:23:30.449Z,,,n-hv3-u00126,
hv3-e000742,hv3-u00214,task_first,hv3:main:50,referral,assigned,2026-08-06T08:34:06.778Z,,,,
hv3-e001389,hv3-u00390,baseline,hv3:main:50,organic_search,assigned,2026-08-06T08:43:51.910Z,,,,
hv3-e002557,hv3-u00737,baseline,hv3:main:50,organic_search,assigned,2026-08-06T08:45:45.707Z,,,,
hv3-e001390,hv3-u00390,baseline,hv3:main:50,organic_search,note_saved,2026-08-06T08:47:51.910Z,,,n-hv3-u00390,
hv3-e002558,hv3-u00737,baseline,hv3:main:50,organic_search,note_saved,2026-08-06T08:49:45.707Z,,,n-hv3-u00737,
hv3-e001067,hv3-u00303,baseline,hv3:main:50,organic_search,assigned,2026-08-06T09:55:59.377Z,,,,
hv3-e001068,hv3-u00303,baseline,hv3:main:50,organic_search,note_saved,2026-08-06T09:59:59.377Z,,,n-hv3-u00303,
hv3-e001519,hv3-u00428,task_first,hv3:main:50,organic_search,revisited,2026-08-06T10:55:24.470Z,,,n-hv3-u00428,
hv3-e002297,hv3-u00658,baseline,hv3:main:50,paid_social,assigned,2026-08-06T11:07:43.424Z,,,,
hv3-e003512,hv3-u01017,task_first,hv3:main:50,app_store,assigned,2026-08-06T11:08:59.064Z,,,,
hv3-e002298,hv3-u00658,baseline,hv3:main:50,paid_social,note_saved,2026-08-06T11:11:43.424Z,,,n-hv3-u00658,
hv3-e002299,hv3-u00658,baseline,hv3:main:50,paid_social,task_created,2026-08-06T11:13:43.424Z,,,n-hv3-u00658,t-hv3-u00658-1
hv3-e002300,hv3-u00658,baseline,hv3:main:50,paid_social,task_created,2026-08-06T11:14:43.424Z,,,n-hv3-u00658,t-hv3-u00658-2
hv3-e002301,hv3-u00658,baseline,hv3:main:50,paid_social,task_created,2026-08-06T11:15:43.424Z,,,n-hv3-u00658,t-hv3-u00658-3
hv3-e001945,hv3-u00557,task_first,hv3:main:50,paid_social,assigned,2026-08-06T11:19:24.671Z,,,,
hv3-e001503,hv3-u00424,baseline,hv3:main:50,app_store,assigned,2026-08-06T11:45:59.162Z,,,,
hv3-e000050,hv3-u00017,task_first,hv3:main:50,referral,assigned,2026-08-06T11:58:52.320Z,,,,
hv3-e000798,hv3-u00230,baseline,hv3:main:50,app_store,assigned,2026-08-06T12:01:41.311Z,,,,
hv3-e000051,hv3-u00017,task_first,hv3:main:50,referral,note_saved,2026-08-06T12:02:52.320Z,,,n-hv3-u00017,
hv3-e000052,hv3-u00017,task_first,hv3:main:50,referral,task_created,2026-08-06T12:04:52.320Z,,,n-hv3-u00017,t-hv3-u00017-1
hv3-e000799,hv3-u00230,baseline,hv3:main:50,app_store,note_saved,2026-08-06T12:05:41.311Z,,,n-hv3-u00230,
hv3-e000053,hv3-u00017,task_first,hv3:main:50,referral,task_created,2026-08-06T12:05:52.320Z,,,n-hv3-u00017,t-hv3-u00017-2
hv3-e000054,hv3-u00017,task_first,hv3:main:50,referral,task_created,2026-08-06T12:06:52.320Z,,,n-hv3-u00017,t-hv3-u00017-3
hv3-e000611,hv3-u00177,baseline,hv3:main:50,organic_search,trial_started,2026-08-06T13:01:58.255Z,,,,
hv3-e003377,hv3-u00976,task_first,hv3:main:50,app_store,assigned,2026-08-06T13:44:28.386Z,,,,
hv3-e002013,hv3-u00576,task_first,hv3:main:50,referral,assigned,2026-08-06T14:56:22.633Z,,,,
hv3-e002014,hv3-u00576,task_first,hv3:main:50,referral,note_saved,2026-08-06T15:00:22.633Z,,,n-hv3-u00576,
hv3-e000424,hv3-u00129,baseline,hv3:main:50,paid_social,assigned,2026-08-06T15:28:00.335Z,,,,
hv3-e000425,hv3-u00129,baseline,hv3:main:50,paid_social,note_saved,2026-08-06T15:32:00.335Z,,,n-hv3-u00129,
hv3-e002163,hv3-u00619,task_first,hv3:main:50,referral,assigned,2026-08-06T15:39:09.729Z,,,,
hv3-e002164,hv3-u00619,task_first,hv3:main:50,referral,note_saved,2026-08-06T15:43:09.729Z,,,n-hv3-u00619,
hv3-e002165,hv3-u00619,task_first,hv3:main:50,referral,task_created,2026-08-06T15:45:09.729Z,,,n-hv3-u00619,t-hv3-u00619-1
hv3-e002166,hv3-u00619,task_first,hv3:main:50,referral,task_created,2026-08-06T15:46:09.729Z,,,n-hv3-u00619,t-hv3-u00619-2
hv3-e003780,hv3-u01091,task_first,hv3:main:50,organic_search,assigned,2026-08-06T16:09:23.893Z,,,,
hv3-e003781,hv3-u01091,task_first,hv3:main:50,organic_search,note_saved,2026-08-06T16:13:23.893Z,,,n-hv3-u01091,
hv3-e003782,hv3-u01091,task_first,hv3:main:50,organic_search,task_created,2026-08-06T16:15:23.893Z,,,n-hv3-u01091,t-hv3-u01091-1
hv3-e003783,hv3-u01091,task_first,hv3:main:50,organic_search,task_created,2026-08-06T16:16:23.893Z,,,n-hv3-u01091,t-hv3-u01091-2
hv3-e003394,hv3-u00984,task_first,hv3:main:50,paid_social,assigned,2026-08-06T16:55:17.007Z,,,,
hv3-e003395,hv3-u00984,task_first,hv3:main:50,paid_social,note_saved,2026-08-06T16:59:17.007Z,,,n-hv3-u00984,
hv3-e002350,hv3-u00674,baseline,hv3:main:50,organic_search,trial_started,2026-08-06T17:22:48.632Z,,,,
hv3-e003802,hv3-u01095,baseline,hv3:main:50,organic_search,assigned,2026-08-06T17:23:25.092Z,,,,
hv3-e003803,hv3-u01095,baseline,hv3:main:50,organic_search,note_saved,2026-08-06T17:27:25.092Z,,,n-hv3-u01095,
hv3-e003804,hv3-u01095,baseline,hv3:main:50,organic_search,task_created,2026-08-06T17:29:25.092Z,,,n-hv3-u01095,t-hv3-u01095-1
hv3-e003805,hv3-u01095,baseline,hv3:main:50,organic_search,task_created,2026-08-06T17:30:25.092Z,,,n-hv3-u01095,t-hv3-u01095-2
hv3-e003806,hv3-u01095,baseline,hv3:main:50,organic_search,task_created,2026-08-06T17:31:25.092Z,,,n-hv3-u01095,t-hv3-u01095-3
hv3-e001931,hv3-u00553,task_first,hv3:main:50,organic_search,assigned,2026-08-06T17:56:24.798Z,,,,
hv3-e001932,hv3-u00553,task_first,hv3:main:50,organic_search,note_saved,2026-08-06T18:00:24.798Z,,,n-hv3-u00553,
hv3-e001933,hv3-u00553,task_first,hv3:main:50,organic_search,task_created,2026-08-06T18:02:24.798Z,,,n-hv3-u00553,t-hv3-u00553-1
hv3-e001934,hv3-u00553,task_first,hv3:main:50,organic_search,task_created,2026-08-06T18:03:24.798Z,,,n-hv3-u00553,t-hv3-u00553-2
hv3-e001338,hv3-u00379,baseline,hv3:main:50,app_store,assigned,2026-08-06T18:10:10.841Z,,,,
hv3-e001872,hv3-u00534,baseline,hv3:main:50,app_store,assigned,2026-08-06T18:24:32.514Z,,,,
hv3-e001873,hv3-u00534,baseline,hv3:main:50,app_store,note_saved,2026-08-06T18:28:32.514Z,,,n-hv3-u00534,
hv3-e000282,hv3-u00086,baseline,hv3:main:50,paid_social,trial_started,2026-08-06T18:55:12.381Z,,,,
hv3-e002616,hv3-u00753,task_first,hv3:main:50,organic_search,revisited,2026-08-06T19:10:22.944Z,,,n-hv3-u00753,
hv3-e002617,hv3-u00753,task_first,hv3:main:50,organic_search,task_completed,2026-08-06T19:15:22.944Z,,,n-hv3-u00753,t-hv3-u00753-1
hv3-e000357,hv3-u00108,baseline,hv3:main:50,referral,assigned,2026-08-06T19:16:32.266Z,,,,
hv3-e000358,hv3-u00108,baseline,hv3:main:50,referral,note_saved,2026-08-06T19:20:32.266Z,,,n-hv3-u00108,
hv3-e003712,hv3-u01075,task_first,hv3:main:50,paid_social,assigned,2026-08-06T19:52:05.380Z,,,,
hv3-e000385,hv3-u00119,baseline,hv3:main:50,app_store,assigned,2026-08-06T19:55:07.937Z,,,,
hv3-e003713,hv3-u01075,task_first,hv3:main:50,paid_social,note_saved,2026-08-06T19:56:05.380Z,,,n-hv3-u01075,
hv3-e000125,hv3-u00037,task_first,hv3:main:50,referral,assigned,2026-08-06T20:16:34.857Z,,,,
hv3-e003715,hv3-u01075,task_first,hv3:main:50,paid_social,trial_started,2026-08-06T20:52:05.380Z,,,,
hv3-e003210,hv3-u00923,task_first,hv3:main:50,app_store,assigned,2026-08-06T20:53:56.665Z,,,,
hv3-e003211,hv3-u00923,task_first,hv3:main:50,app_store,note_saved,2026-08-06T20:57:56.665Z,,,n-hv3-u00923,
hv3-e002813,hv3-u00811,task_first,hv3:main:50,paid_social,assigned,2026-08-06T20:59:59.048Z,,,,
hv3-e002814,hv3-u00811,task_first,hv3:main:50,paid_social,note_saved,2026-08-06T21:03:59.048Z,,,n-hv3-u00811,
hv3-e002052,hv3-u00587,baseline,hv3:main:50,app_store,assigned,2026-08-06T21:28:40.693Z,,,,
hv3-e002053,hv3-u00587,baseline,hv3:main:50,app_store,note_saved,2026-08-06T21:32:40.693Z,,,n-hv3-u00587,
hv3-e002054,hv3-u00587,baseline,hv3:main:50,app_store,task_created,2026-08-06T21:34:40.693Z,,,n-hv3-u00587,t-hv3-u00587-1
hv3-e001848,hv3-u00527,task_first,hv3:main:50,paid_social,trial_started,2026-08-06T21:50:36.142Z,,,,
hv3-e003469,hv3-u01004,baseline,hv3:main:50,referral,assigned,2026-08-06T21:57:15.350Z,,,,
hv3-e003470,hv3-u01004,baseline,hv3:main:50,referral,note_saved,2026-08-06T22:01:15.350Z,,,n-hv3-u01004,
hv3-e002675,hv3-u00769,task_first,hv3:main:50,paid_social,assigned,2026-08-06T22:13:14.830Z,,,,
hv3-e002676,hv3-u00769,task_first,hv3:main:50,paid_social,note_saved,2026-08-06T22:17:14.830Z,,,n-hv3-u00769,
hv3-e002677,hv3-u00769,task_first,hv3:main:50,paid_social,task_created,2026-08-06T22:19:14.830Z,,,n-hv3-u00769,t-hv3-u00769-1
hv3-e002678,hv3-u00769,task_first,hv3:main:50,paid_social,task_created,2026-08-06T22:20:14.830Z,,,n-hv3-u00769,t-hv3-u00769-2
hv3-e003572,hv3-u01034,task_first,hv3:main:50,paid_social,assigned,2026-08-06T22:22:38.300Z,,,,
hv3-e003726,hv3-u01080,task_first,hv3:main:50,app_store,assigned,2026-08-06T22:54:41.819Z,,,,
hv3-e003727,hv3-u01080,task_first,hv3:main:50,app_store,note_saved,2026-08-06T22:58:41.819Z,,,n-hv3-u01080,
hv3-e003728,hv3-u01080,task_first,hv3:main:50,app_store,task_created,2026-08-06T23:00:41.819Z,,,n-hv3-u01080,t-hv3-u01080-1
hv3-e003729,hv3-u01080,task_first,hv3:main:50,app_store,task_created,2026-08-06T23:01:41.819Z,,,n-hv3-u01080,t-hv3-u01080-2
hv3-e003730,hv3-u01080,task_first,hv3:main:50,app_store,task_created,2026-08-06T23:02:41.819Z,,,n-hv3-u01080,t-hv3-u01080-3
hv3-e001851,hv3-u00528,task_first,hv3:main:50,app_store,assigned,2026-08-06T23:35:03.488Z,,,,
hv3-e001852,hv3-u00528,task_first,hv3:main:50,app_store,note_saved,2026-08-06T23:39:03.488Z,,,n-hv3-u00528,
hv3-e001961,hv3-u00561,baseline,hv3:main:50,organic_search,assigned,2026-08-06T23:55:19.225Z,,,,
hv3-e001745,hv3-u00497,task_first,hv3:main:50,organic_search,assigned,2026-08-06T23:56:27.935Z,,,,
hv3-e001962,hv3-u00561,baseline,hv3:main:50,organic_search,note_saved,2026-08-06T23:59:19.225Z,,,n-hv3-u00561,
hv3-e002096,hv3-u00600,task_first,hv3:main:50,paid_social,assigned,2026-08-06T23:59:44.312Z,,,,
hv3-e001746,hv3-u00497,task_first,hv3:main:50,organic_search,note_saved,2026-08-07T00:00:27.935Z,,,n-hv3-u00497,
hv3-e001963,hv3-u00561,baseline,hv3:main:50,organic_search,task_created,2026-08-07T00:01:19.225Z,,,n-hv3-u00561,t-hv3-u00561-1
hv3-e001964,hv3-u00561,baseline,hv3:main:50,organic_search,task_created,2026-08-07T00:02:19.225Z,,,n-hv3-u00561,t-hv3-u00561-2
hv3-e003034,hv3-u00871,task_first,hv3:main:50,paid_social,assigned,2026-08-07T00:02:33.661Z,,,,
hv3-e001965,hv3-u00561,baseline,hv3:main:50,organic_search,task_created,2026-08-07T00:03:19.225Z,,,n-hv3-u00561,t-hv3-u00561-3
hv3-e002097,hv3-u00600,task_first,hv3:main:50,paid_social,note_saved,2026-08-07T00:03:44.312Z,,,n-hv3-u00600,
hv3-e003035,hv3-u00871,task_first,hv3:main:50,paid_social,note_saved,2026-08-07T00:06:33.661Z,,,n-hv3-u00871,
hv3-e003036,hv3-u00871,task_first,hv3:main:50,paid_social,task_created,2026-08-07T00:08:33.661Z,,,n-hv3-u00871,t-hv3-u00871-1
hv3-e003037,hv3-u00871,task_first,hv3:main:50,paid_social,task_created,2026-08-07T00:09:33.661Z,,,n-hv3-u00871,t-hv3-u00871-2
hv3-e001253,hv3-u00353,task_first,hv3:main:50,app_store,assigned,2026-08-07T00:21:42.643Z,,,,
hv3-e000571,hv3-u00166,baseline,hv3:main:50,organic_search,assigned,2026-08-07T00:38:16.782Z,,,,
hv3-e000572,hv3-u00166,baseline,hv3:main:50,organic_search,note_saved,2026-08-07T00:42:16.782Z,,,n-hv3-u00166,
hv3-e000573,hv3-u00166,baseline,hv3:main:50,organic_search,task_created,2026-08-07T00:44:16.782Z,,,n-hv3-u00166,t-hv3-u00166-1
hv3-e000574,hv3-u00166,baseline,hv3:main:50,organic_search,task_created,2026-08-07T00:45:16.782Z,,,n-hv3-u00166,t-hv3-u00166-2
hv3-e000787,hv3-u00226,task_first,hv3:main:50,organic_search,assigned,2026-08-07T02:12:28.564Z,,,,
hv3-e000788,hv3-u00226,task_first,hv3:main:50,organic_search,note_saved,2026-08-07T02:16:28.564Z,,,n-hv3-u00226,
hv3-e001056,hv3-u00299,task_first,hv3:main:50,organic_search,revisited,2026-08-07T02:25:13.950Z,,,n-hv3-u00299,
hv3-e002577,hv3-u00743,baseline,hv3:main:50,paid_social,trial_started,2026-08-07T02:34:48.715Z,,,,
hv3-e003116,hv3-u00897,task_first,hv3:main:50,referral,assigned,2026-08-07T02:38:36.461Z,,,,
hv3-e002600,hv3-u00750,baseline,hv3:main:50,paid_social,assigned,2026-08-07T02:46:17.563Z,,,,
hv3-e002601,hv3-u00750,baseline,hv3:main:50,paid_social,note_saved,2026-08-07T02:50:17.563Z,,,n-hv3-u00750,
hv3-e002602,hv3-u00750,baseline,hv3:main:50,paid_social,task_created,2026-08-07T02:52:17.563Z,,,n-hv3-u00750,t-hv3-u00750-1
hv3-e002603,hv3-u00750,baseline,hv3:main:50,paid_social,task_created,2026-08-07T02:53:17.563Z,,,n-hv3-u00750,t-hv3-u00750-2
hv3-e002604,hv3-u00750,baseline,hv3:main:50,paid_social,task_created,2026-08-07T02:54:17.563Z,,,n-hv3-u00750,t-hv3-u00750-3
hv3-e002490,hv3-u00715,task_first,hv3:main:50,referral,assigned,2026-08-07T03:27:58.266Z,,,,
hv3-e002491,hv3-u00715,task_first,hv3:main:50,referral,note_saved,2026-08-07T03:31:58.266Z,,,n-hv3-u00715,
hv3-e002492,hv3-u00715,task_first,hv3:main:50,referral,task_created,2026-08-07T03:33:58.266Z,,,n-hv3-u00715,t-hv3-u00715-1
hv3-e001463,hv3-u00413,baseline,hv3:main:50,paid_social,revisited,2026-08-07T03:35:52.192Z,,,n-hv3-u00413,
hv3-e001464,hv3-u00413,baseline,hv3:main:50,paid_social,task_completed,2026-08-07T03:40:52.192Z,,,n-hv3-u00413,t-hv3-u00413-1
hv3-e000955,hv3-u00269,task_first,hv3:main:50,paid_social,trial_started,2026-08-07T04:07:18.495Z,,,,
hv3-e002303,hv3-u00660,task_first,hv3:main:50,organic_search,assigned,2026-08-07T04:11:44.184Z,,,,
hv3-e002304,hv3-u00660,task_first,hv3:main:50,organic_search,note_saved,2026-08-07T04:15:44.184Z,,,n-hv3-u00660,
hv3-e003557,hv3-u01031,task_first,hv3:main:50,paid_social,assigned,2026-08-07T04:20:50.251Z,,,,
hv3-e003000,hv3-u00859,baseline,hv3:main:50,organic_search,assigned,2026-08-07T04:21:24.479Z,,,,
hv3-e003558,hv3-u01031,task_first,hv3:main:50,paid_social,note_saved,2026-08-07T04:24:50.251Z,,,n-hv3-u01031,
hv3-e003189,hv3-u00919,task_first,hv3:main:50,organic_search,assigned,2026-08-07T05:14:12.015Z,,,,
hv3-e003190,hv3-u00919,task_first,hv3:main:50,organic_search,note_saved,2026-08-07T05:18:12.015Z,,,n-hv3-u00919,
hv3-e003191,hv3-u00919,task_first,hv3:main:50,organic_search,task_created,2026-08-07T05:20:12.015Z,,,n-hv3-u00919,t-hv3-u00919-1
hv3-e003192,hv3-u00919,task_first,hv3:main:50,organic_search,task_created,2026-08-07T05:21:12.015Z,,,n-hv3-u00919,t-hv3-u00919-2
hv3-e003193,hv3-u00919,task_first,hv3:main:50,organic_search,task_created,2026-08-07T05:22:12.015Z,,,n-hv3-u00919,t-hv3-u00919-3
hv3-e000335,hv3-u00101,task_first,hv3:main:50,paid_social,assigned,2026-08-07T05:43:49.353Z,,,,
hv3-e000336,hv3-u00101,task_first,hv3:main:50,paid_social,note_saved,2026-08-07T05:47:49.353Z,,,n-hv3-u00101,
hv3-e000337,hv3-u00101,task_first,hv3:main:50,paid_social,task_created,2026-08-07T05:49:49.353Z,,,n-hv3-u00101,t-hv3-u00101-1
hv3-e000338,hv3-u00101,task_first,hv3:main:50,paid_social,task_created,2026-08-07T05:50:49.353Z,,,n-hv3-u00101,t-hv3-u00101-2
hv3-e001583,hv3-u00447,baseline,hv3:main:50,referral,assigned,2026-08-07T05:55:34.737Z,,,,
hv3-e001584,hv3-u00447,baseline,hv3:main:50,referral,note_saved,2026-08-07T05:59:34.737Z,,,n-hv3-u00447,
hv3-e003551,hv3-u01028,baseline,hv3:main:50,app_store,trial_started,2026-08-07T06:01:22.174Z,,,,
hv3-e001585,hv3-u00447,baseline,hv3:main:50,referral,task_created,2026-08-07T06:01:34.737Z,,,n-hv3-u00447,t-hv3-u00447-1
hv3-e001586,hv3-u00447,baseline,hv3:main:50,referral,task_created,2026-08-07T06:02:34.737Z,,,n-hv3-u00447,t-hv3-u00447-2
hv3-e000121,hv3-u00035,baseline,hv3:main:50,organic_search,revisited,2026-08-07T06:29:24.611Z,,,n-hv3-u00035,
hv3-e001874,hv3-u00535,task_first,hv3:main:50,organic_search,assigned,2026-08-07T06:53:03.949Z,,,,
hv3-e001875,hv3-u00535,task_first,hv3:main:50,organic_search,note_saved,2026-08-07T06:57:03.949Z,,,n-hv3-u00535,
hv3-e002319,hv3-u00666,baseline,hv3:main:50,referral,assigned,2026-08-07T07:22:12.637Z,,,,
hv3-e002206,hv3-u00630,baseline,hv3:main:50,paid_social,assigned,2026-08-07T07:22:28.884Z,,,,
hv3-e000271,hv3-u00085,task_first,hv3:main:50,referral,assigned,2026-08-07T07:23:54.352Z,,,,
hv3-e002207,hv3-u00630,baseline,hv3:main:50,paid_social,note_saved,2026-08-07T07:26:28.884Z,,,n-hv3-u00630,
hv3-e000272,hv3-u00085,task_first,hv3:main:50,referral,note_saved,2026-08-07T07:27:54.352Z,,,n-hv3-u00085,
hv3-e000273,hv3-u00085,task_first,hv3:main:50,referral,task_created,2026-08-07T07:29:54.352Z,,,n-hv3-u00085,t-hv3-u00085-1
hv3-e001175,hv3-u00335,task_first,hv3:main:50,referral,revisited,2026-08-07T07:36:32.326Z,,,n-hv3-u00335,
hv3-e002321,hv3-u00666,baseline,hv3:main:50,referral,trial_started,2026-08-07T08:22:12.637Z,,,,
hv3-e002028,hv3-u00580,baseline,hv3:main:50,app_store,assigned,2026-08-07T08:36:59.271Z,,,,
hv3-e002029,hv3-u00580,baseline,hv3:main:50,app_store,note_saved,2026-08-07T08:40:59.271Z,,,n-hv3-u00580,
hv3-e003819,hv3-u01099,baseline,hv3:main:50,organic_search,assigned,2026-08-07T08:46:35.187Z,,,,
hv3-e003820,hv3-u01099,baseline,hv3:main:50,organic_search,note_saved,2026-08-07T08:50:35.187Z,,,n-hv3-u01099,
hv3-e002070,hv3-u00591,task_first,hv3:main:50,paid_social,assigned,2026-08-07T10:08:45.392Z,,,,
hv3-e002071,hv3-u00591,task_first,hv3:main:50,paid_social,note_saved,2026-08-07T10:12:45.392Z,,,n-hv3-u00591,
hv3-e002072,hv3-u00591,task_first,hv3:main:50,paid_social,task_created,2026-08-07T10:14:45.392Z,,,n-hv3-u00591,t-hv3-u00591-1
hv3-e002073,hv3-u00591,task_first,hv3:main:50,paid_social,task_created,2026-08-07T10:15:45.392Z,,,n-hv3-u00591,t-hv3-u00591-2
hv3-e002074,hv3-u00591,task_first,hv3:main:50,paid_social,task_created,2026-08-07T10:16:45.392Z,,,n-hv3-u00591,t-hv3-u00591-3
hv3-e001623,hv3-u00457,baseline,hv3:main:50,organic_search,assigned,2026-08-07T10:17:17.245Z,,,,
hv3-e001624,hv3-u00457,baseline,hv3:main:50,organic_search,note_saved,2026-08-07T10:21:17.245Z,,,n-hv3-u00457,
hv3-e001625,hv3-u00457,baseline,hv3:main:50,organic_search,task_created,2026-08-07T10:23:17.245Z,,,n-hv3-u00457,t-hv3-u00457-1
hv3-e001626,hv3-u00457,baseline,hv3:main:50,organic_search,task_created,2026-08-07T10:24:17.245Z,,,n-hv3-u00457,t-hv3-u00457-2
hv3-e003016,hv3-u00866,task_first,hv3:main:50,paid_social,assigned,2026-08-07T11:08:22.550Z,,,,
hv3-e003017,hv3-u00866,task_first,hv3:main:50,paid_social,note_saved,2026-08-07T11:12:22.550Z,,,n-hv3-u00866,
hv3-e000815,hv3-u00234,task_first,hv3:main:50,app_store,assigned,2026-08-07T11:23:05.163Z,,,,
hv3-e002695,hv3-u00775,task_first,hv3:main:50,paid_social,assigned,2026-08-07T11:54:56.799Z,,,,
hv3-e002696,hv3-u00775,task_first,hv3:main:50,paid_social,note_saved,2026-08-07T11:58:56.799Z,,,n-hv3-u00775,
hv3-e002719,hv3-u00783,task_first,hv3:main:50,organic_search,assigned,2026-08-07T12:02:45.141Z,,,,
hv3-e002720,hv3-u00783,task_first,hv3:main:50,organic_search,note_saved,2026-08-07T12:06:45.141Z,,,n-hv3-u00783,
hv3-e002721,hv3-u00783,task_first,hv3:main:50,organic_search,task_created,2026-08-07T12:08:45.141Z,,,n-hv3-u00783,t-hv3-u00783-1
hv3-e003514,hv3-u01017,task_first,hv3:main:50,app_store,trial_started,2026-08-07T12:08:59.064Z,,,,
hv3-e003692,hv3-u01070,task_first,hv3:main:50,paid_social,assigned,2026-08-07T12:36:54.489Z,,,,
hv3-e003693,hv3-u01070,task_first,hv3:main:50,paid_social,note_saved,2026-08-07T12:40:54.489Z,,,n-hv3-u01070,
hv3-e003694,hv3-u01070,task_first,hv3:main:50,paid_social,task_created,2026-08-07T12:42:54.489Z,,,n-hv3-u01070,t-hv3-u01070-1
hv3-e003695,hv3-u01070,task_first,hv3:main:50,paid_social,task_created,2026-08-07T12:43:54.489Z,,,n-hv3-u01070,t-hv3-u01070-2
hv3-e003696,hv3-u01070,task_first,hv3:main:50,paid_social,task_created,2026-08-07T12:44:54.489Z,,,n-hv3-u01070,t-hv3-u01070-3
hv3-e003370,hv3-u00974,baseline,hv3:main:50,organic_search,assigned,2026-08-07T13:19:33.922Z,,,,
hv3-e003371,hv3-u00974,baseline,hv3:main:50,organic_search,note_saved,2026-08-07T13:23:33.922Z,,,n-hv3-u00974,
hv3-e003372,hv3-u00974,baseline,hv3:main:50,organic_search,task_created,2026-08-07T13:25:33.922Z,,,n-hv3-u00974,t-hv3-u00974-1
hv3-e003373,hv3-u00974,baseline,hv3:main:50,organic_search,task_created,2026-08-07T13:26:33.922Z,,,n-hv3-u00974,t-hv3-u00974-2
hv3-e002199,hv3-u00628,task_first,hv3:main:50,paid_social,assigned,2026-08-07T13:36:29.910Z,,,,
hv3-e002200,hv3-u00628,task_first,hv3:main:50,paid_social,note_saved,2026-08-07T13:40:29.910Z,,,n-hv3-u00628,
hv3-e002201,hv3-u00628,task_first,hv3:main:50,paid_social,task_created,2026-08-07T13:42:29.910Z,,,n-hv3-u00628,t-hv3-u00628-1
hv3-e002202,hv3-u00628,task_first,hv3:main:50,paid_social,task_created,2026-08-07T13:43:29.910Z,,,n-hv3-u00628,t-hv3-u00628-2
hv3-e003318,hv3-u00955,task_first,hv3:main:50,organic_search,assigned,2026-08-07T13:45:50.604Z,,,,
hv3-e003319,hv3-u00955,task_first,hv3:main:50,organic_search,note_saved,2026-08-07T13:49:50.604Z,,,n-hv3-u00955,
hv3-e001953,hv3-u00559,task_first,hv3:main:50,referral,assigned,2026-08-07T13:55:06.740Z,,,,
hv3-e001954,hv3-u00559,task_first,hv3:main:50,referral,note_saved,2026-08-07T13:59:06.740Z,,,n-hv3-u00559,
hv3-e001955,hv3-u00559,task_first,hv3:main:50,referral,task_created,2026-08-07T14:01:06.740Z,,,n-hv3-u00559,t-hv3-u00559-1
hv3-e000065,hv3-u00020,task_first,hv3:main:50,organic_search,revisited,2026-08-07T14:12:58.011Z,,,n-hv3-u00020,
hv3-e003172,hv3-u00915,task_first,hv3:main:50,paid_social,assigned,2026-08-07T14:20:20.406Z,,,,
hv3-e003173,hv3-u00915,task_first,hv3:main:50,paid_social,note_saved,2026-08-07T14:24:20.406Z,,,n-hv3-u00915,
hv3-e003174,hv3-u00915,task_first,hv3:main:50,paid_social,task_created,2026-08-07T14:26:20.406Z,,,n-hv3-u00915,t-hv3-u00915-1
hv3-e003175,hv3-u00915,task_first,hv3:main:50,paid_social,task_created,2026-08-07T14:27:20.406Z,,,n-hv3-u00915,t-hv3-u00915-2
hv3-e000404,hv3-u00124,task_first,hv3:main:50,organic_search,assigned,2026-08-07T14:32:09.717Z,,,,
hv3-e000405,hv3-u00124,task_first,hv3:main:50,organic_search,note_saved,2026-08-07T14:36:09.717Z,,,n-hv3-u00124,
hv3-e000406,hv3-u00124,task_first,hv3:main:50,organic_search,task_created,2026-08-07T14:38:09.717Z,,,n-hv3-u00124,t-hv3-u00124-1
hv3-e000407,hv3-u00124,task_first,hv3:main:50,organic_search,task_created,2026-08-07T14:39:09.717Z,,,n-hv3-u00124,t-hv3-u00124-2
hv3-e000408,hv3-u00124,task_first,hv3:main:50,organic_search,task_created,2026-08-07T14:40:09.717Z,,,n-hv3-u00124,t-hv3-u00124-3
hv3-e003170,hv3-u00914,task_first,hv3:main:50,paid_social,assigned,2026-08-07T15:00:30.458Z,,,,
hv3-e003565,hv3-u01033,baseline,hv3:main:50,organic_search,assigned,2026-08-07T15:03:28.832Z,,,,
hv3-e003171,hv3-u00914,task_first,hv3:main:50,paid_social,note_saved,2026-08-07T15:04:30.458Z,,,n-hv3-u00914,
hv3-e003566,hv3-u01033,baseline,hv3:main:50,organic_search,note_saved,2026-08-07T15:07:28.832Z,,,n-hv3-u01033,
hv3-e003567,hv3-u01033,baseline,hv3:main:50,organic_search,task_created,2026-08-07T15:09:28.832Z,,,n-hv3-u01033,t-hv3-u01033-1
hv3-e003568,hv3-u01033,baseline,hv3:main:50,organic_search,task_created,2026-08-07T15:10:28.832Z,,,n-hv3-u01033,t-hv3-u01033-2
hv3-e003569,hv3-u01033,baseline,hv3:main:50,organic_search,task_created,2026-08-07T15:11:28.832Z,,,n-hv3-u01033,t-hv3-u01033-3
hv3-e003389,hv3-u00982,task_first,hv3:main:50,organic_search,assigned,2026-08-07T15:21:58.991Z,,,,
hv3-e003390,hv3-u00982,task_first,hv3:main:50,organic_search,note_saved,2026-08-07T15:25:58.991Z,,,n-hv3-u00982,
hv3-e001681,hv3-u00475,task_first,hv3:main:50,referral,trial_started,2026-08-07T16:22:10.514Z,,,,
hv3-e001609,hv3-u00453,baseline,hv3:main:50,organic_search,assigned,2026-08-07T16:55:43.803Z,,,,
hv3-e001610,hv3-u00453,baseline,hv3:main:50,organic_search,note_saved,2026-08-07T16:59:43.803Z,,,n-hv3-u00453,
hv3-e003573,hv3-u01035,baseline,hv3:main:50,paid_social,assigned,2026-08-07T17:08:07.534Z,,,,
hv3-e003574,hv3-u01035,baseline,hv3:main:50,paid_social,note_saved,2026-08-07T17:12:07.534Z,,,n-hv3-u01035,
hv3-e000658,hv3-u00192,task_first,hv3:main:50,organic_search,assigned,2026-08-07T17:18:04.692Z,,,,
hv3-e000659,hv3-u00192,task_first,hv3:main:50,organic_search,note_saved,2026-08-07T17:22:04.692Z,,,n-hv3-u00192,
hv3-e000660,hv3-u00192,task_first,hv3:main:50,organic_search,task_created,2026-08-07T17:24:04.692Z,,,n-hv3-u00192,t-hv3-u00192-1
hv3-e000661,hv3-u00192,task_first,hv3:main:50,organic_search,task_created,2026-08-07T17:25:04.692Z,,,n-hv3-u00192,t-hv3-u00192-2
hv3-e003105,hv3-u00893,task_first,hv3:main:50,app_store,assigned,2026-08-07T17:27:28.002Z,,,,
hv3-e000281,hv3-u00086,baseline,hv3:main:50,paid_social,revisited,2026-08-07T17:55:12.381Z,,,n-hv3-u00086,
hv3-e003575,hv3-u01035,baseline,hv3:main:50,paid_social,trial_started,2026-08-07T18:08:07.534Z,,,,
hv3-e003324,hv3-u00957,task_first,hv3:main:50,organic_search,revisited,2026-08-07T18:09:27.159Z,,,n-hv3-u00957,
hv3-e000427,hv3-u00130,task_first,hv3:main:50,paid_social,assigned,2026-08-07T18:17:09.858Z,,,,
hv3-e000662,hv3-u00192,task_first,hv3:main:50,organic_search,trial_started,2026-08-07T18:18:04.692Z,,,,
hv3-e000428,hv3-u00130,task_first,hv3:main:50,paid_social,note_saved,2026-08-07T18:21:09.858Z,,,n-hv3-u00130,
hv3-e000429,hv3-u00130,task_first,hv3:main:50,paid_social,task_created,2026-08-07T18:23:09.858Z,,,n-hv3-u00130,t-hv3-u00130-1
hv3-e000430,hv3-u00130,task_first,hv3:main:50,paid_social,task_created,2026-08-07T18:24:09.858Z,,,n-hv3-u00130,t-hv3-u00130-2
hv3-e000431,hv3-u00130,task_first,hv3:main:50,paid_social,task_created,2026-08-07T18:25:09.858Z,,,n-hv3-u00130,t-hv3-u00130-3
hv3-e001935,hv3-u00553,task_first,hv3:main:50,organic_search,trial_started,2026-08-07T18:56:24.798Z,,,,
hv3-e002316,hv3-u00664,baseline,hv3:main:50,paid_social,assigned,2026-08-07T19:03:29.544Z,,,,
hv3-e002317,hv3-u00664,baseline,hv3:main:50,paid_social,note_saved,2026-08-07T19:07:29.544Z,,,n-hv3-u00664,
hv3-e002474,hv3-u00710,task_first,hv3:main:50,organic_search,trial_started,2026-08-07T19:08:03.913Z,,,,
hv3-e002375,hv3-u00680,baseline,hv3:main:50,app_store,trial_started,2026-08-07T19:49:55.704Z,,,,
hv3-e002400,hv3-u00688,task_first,hv3:main:50,referral,trial_started,2026-08-07T20:09:49.091Z,,,,
hv3-e003221,hv3-u00926,task_first,hv3:main:50,organic_search,assigned,2026-08-07T20:13:24.753Z,,,,
hv3-e003222,hv3-u00926,task_first,hv3:main:50,organic_search,note_saved,2026-08-07T20:17:24.753Z,,,n-hv3-u00926,
hv3-e002936,hv3-u00843,baseline,hv3:main:50,referral,assigned,2026-08-07T20:32:56.403Z,,,,
hv3-e002937,hv3-u00843,baseline,hv3:main:50,referral,note_saved,2026-08-07T20:36:56.403Z,,,n-hv3-u00843,
hv3-e000656,hv3-u00191,baseline,hv3:main:50,referral,assigned,2026-08-07T20:38:12.954Z,,,,
hv3-e002938,hv3-u00843,baseline,hv3:main:50,referral,task_created,2026-08-07T20:38:56.403Z,,,n-hv3-u00843,t-hv3-u00843-1
hv3-e000657,hv3-u00191,baseline,hv3:main:50,referral,note_saved,2026-08-07T20:42:12.954Z,,,n-hv3-u00191,
hv3-e001235,hv3-u00350,baseline,hv3:main:50,organic_search,assigned,2026-08-07T21:04:37.872Z,,,,
hv3-e001236,hv3-u00350,baseline,hv3:main:50,organic_search,note_saved,2026-08-07T21:08:37.872Z,,,n-hv3-u00350,
hv3-e001237,hv3-u00350,baseline,hv3:main:50,organic_search,task_created,2026-08-07T21:10:37.872Z,,,n-hv3-u00350,t-hv3-u00350-1
hv3-e002885,hv3-u00829,task_first,hv3:main:50,organic_search,assigned,2026-08-07T21:14:34.569Z,,,,
hv3-e002886,hv3-u00829,task_first,hv3:main:50,organic_search,note_saved,2026-08-07T21:18:34.569Z,,,n-hv3-u00829,
hv3-e002887,hv3-u00829,task_first,hv3:main:50,organic_search,task_created,2026-08-07T21:20:34.569Z,,,n-hv3-u00829,t-hv3-u00829-1
hv3-e002132,hv3-u00609,baseline,hv3:main:50,paid_social,revisited,2026-08-07T21:51:32.639Z,,,n-hv3-u00609,
hv3-e002815,hv3-u00811,task_first,hv3:main:50,paid_social,trial_started,2026-08-07T21:59:59.048Z,,,,
hv3-e002152,hv3-u00616,task_first,hv3:main:50,paid_social,assigned,2026-08-07T22:16:49.419Z,,,,
hv3-e002153,hv3-u00616,task_first,hv3:main:50,paid_social,note_saved,2026-08-07T22:20:49.419Z,,,n-hv3-u00616,
hv3-e000238,hv3-u00077,task_first,hv3:main:50,paid_social,assigned,2026-08-07T22:24:52.954Z,,,,
hv3-e001115,hv3-u00317,task_first,hv3:main:50,app_store,assigned,2026-08-07T22:26:45.847Z,,,,
hv3-e002046,hv3-u00585,task_first,hv3:main:50,organic_search,trial_started,2026-08-07T22:28:36.044Z,,,,
hv3-e000239,hv3-u00077,task_first,hv3:main:50,paid_social,note_saved,2026-08-07T22:28:52.954Z,,,n-hv3-u00077,
hv3-e001116,hv3-u00317,task_first,hv3:main:50,app_store,note_saved,2026-08-07T22:30:45.847Z,,,n-hv3-u00317,
hv3-e001718,hv3-u00489,baseline,hv3:main:50,app_store,assigned,2026-08-07T22:37:18.749Z,,,,
hv3-e002440,hv3-u00699,task_first,hv3:main:50,paid_social,trial_started,2026-08-07T22:37:47.242Z,,,,
hv3-e001719,hv3-u00489,baseline,hv3:main:50,app_store,note_saved,2026-08-07T22:41:18.749Z,,,n-hv3-u00489,
hv3-e000423,hv3-u00128,baseline,hv3:main:50,organic_search,revisited,2026-08-07T23:09:08.482Z,,,n-hv3-u00128,
hv3-e001117,hv3-u00317,task_first,hv3:main:50,app_store,trial_started,2026-08-07T23:26:45.847Z,,,,
hv3-e000312,hv3-u00094,task_first,hv3:main:50,paid_social,trial_started,2026-08-07T23:33:05.512Z,,,,
hv3-e002506,hv3-u00717,baseline,hv3:main:50,paid_social,assigned,2026-08-08T00:11:33.359Z,,,,
hv3-e000504,hv3-u00149,task_first,hv3:main:50,paid_social,assigned,2026-08-08T00:15:54.220Z,,,,
hv3-e000505,hv3-u00149,task_first,hv3:main:50,paid_social,note_saved,2026-08-08T00:19:54.220Z,,,n-hv3-u00149,
hv3-e002347,hv3-u00673,baseline,hv3:main:50,paid_social,revisited,2026-08-08T00:38:29.141Z,,,n-hv3-u00673,
hv3-e001696,hv3-u00481,task_first,hv3:main:50,app_store,assigned,2026-08-08T00:41:11.674Z,,,,
hv3-e001697,hv3-u00481,task_first,hv3:main:50,app_store,note_saved,2026-08-08T00:45:11.674Z,,,n-hv3-u00481,
hv3-e002099,hv3-u00600,task_first,hv3:main:50,paid_social,trial_started,2026-08-08T00:59:44.312Z,,,,
hv3-e001254,hv3-u00353,task_first,hv3:main:50,app_store,trial_started,2026-08-08T01:21:42.643Z,,,,
hv3-e001263,hv3-u00356,baseline,hv3:main:50,paid_social,assigned,2026-08-08T02:22:52.515Z,,,,
hv3-e001264,hv3-u00356,baseline,hv3:main:50,paid_social,note_saved,2026-08-08T02:26:52.515Z,,,n-hv3-u00356,
hv3-e001265,hv3-u00356,baseline,hv3:main:50,paid_social,task_created,2026-08-08T02:28:52.515Z,,,n-hv3-u00356,t-hv3-u00356-1
hv3-e000913,hv3-u00259,task_first,hv3:main:50,app_store,assigned,2026-08-08T02:41:05.258Z,,,,
hv3-e000914,hv3-u00259,task_first,hv3:main:50,app_store,note_saved,2026-08-08T02:45:05.258Z,,,n-hv3-u00259,
hv3-e000576,hv3-u00167,baseline,hv3:main:50,paid_social,assigned,2026-08-08T03:31:56.055Z,,,,
hv3-e000677,hv3-u00197,task_first,hv3:main:50,organic_search,trial_started,2026-08-08T03:37:17.293Z,,,,
hv3-e000953,hv3-u00269,task_first,hv3:main:50,paid_social,revisited,2026-08-08T03:37:18.495Z,,,n-hv3-u00269,
hv3-e000954,hv3-u00269,task_first,hv3:main:50,paid_social,task_completed,2026-08-08T03:42:18.495Z,,,n-hv3-u00269,t-hv3-u00269-1
hv3-e003071,hv3-u00883,task_first,hv3:main:50,app_store,assigned,2026-08-08T04:00:06.047Z,,,,
hv3-e003072,hv3-u00883,task_first,hv3:main:50,app_store,note_saved,2026-08-08T04:04:06.047Z,,,n-hv3-u00883,
hv3-e003073,hv3-u00883,task_first,hv3:main:50,app_store,task_created,2026-08-08T04:06:06.047Z,,,n-hv3-u00883,t-hv3-u00883-1
hv3-e000309,hv3-u00093,baseline,hv3:main:50,organic_search,revisited,2026-08-08T04:38:25.648Z,,,n-hv3-u00093,
hv3-e003400,hv3-u00985,baseline,hv3:main:50,organic_search,revisited,2026-08-08T04:38:55.245Z,,,n-hv3-u00985,
hv3-e003401,hv3-u00985,baseline,hv3:main:50,organic_search,task_completed,2026-08-08T04:43:55.245Z,,,n-hv3-u00985,t-hv3-u00985-1
hv3-e003350,hv3-u00967,task_first,hv3:main:50,app_store,trial_started,2026-08-08T04:59:48.562Z,,,,
hv3-e003330,hv3-u00961,task_first,hv3:main:50,app_store,assigned,2026-08-08T05:19:36.492Z,,,,
hv3-e003331,hv3-u00961,task_first,hv3:main:50,app_store,note_saved,2026-08-08T05:23:36.492Z,,,n-hv3-u00961,
hv3-e003194,hv3-u00919,task_first,hv3:main:50,organic_search,revisited,2026-08-08T05:44:12.015Z,,,n-hv3-u00919,
hv3-e003195,hv3-u00919,task_first,hv3:main:50,organic_search,task_completed,2026-08-08T05:49:12.015Z,,,n-hv3-u00919,t-hv3-u00919-1
hv3-e000738,hv3-u00212,baseline,hv3:main:50,organic_search,revisited,2026-08-08T05:51:27.734Z,,,n-hv3-u00212,
hv3-e002409,hv3-u00692,task_first,hv3:main:50,referral,assigned,2026-08-08T06:06:43.129Z,,,,
hv3-e002410,hv3-u00692,task_first,hv3:main:50,referral,note_saved,2026-08-08T06:10:43.129Z,,,n-hv3-u00692,
hv3-e002411,hv3-u00692,task_first,hv3:main:50,referral,task_created,2026-08-08T06:12:43.129Z,,,n-hv3-u00692,t-hv3-u00692-1
hv3-e002412,hv3-u00692,task_first,hv3:main:50,referral,task_created,2026-08-08T06:13:43.129Z,,,n-hv3-u00692,t-hv3-u00692-2
hv3-e003196,hv3-u00919,task_first,hv3:main:50,organic_search,trial_started,2026-08-08T06:14:12.015Z,,,,
hv3-e002413,hv3-u00692,task_first,hv3:main:50,referral,task_created,2026-08-08T06:14:43.129Z,,,n-hv3-u00692,t-hv3-u00692-3
hv3-e000870,hv3-u00247,task_first,hv3:main:50,paid_social,assigned,2026-08-08T06:26:33.211Z,,,,
hv3-e001939,hv3-u00555,task_first,hv3:main:50,paid_social,assigned,2026-08-08T07:04:35.197Z,,,,
hv3-e001077,hv3-u00305,task_first,hv3:main:50,referral,assigned,2026-08-08T07:07:45.850Z,,,,
hv3-e001940,hv3-u00555,task_first,hv3:main:50,paid_social,note_saved,2026-08-08T07:08:35.197Z,,,n-hv3-u00555,
hv3-e001078,hv3-u00305,task_first,hv3:main:50,referral,note_saved,2026-08-08T07:11:45.850Z,,,n-hv3-u00305,
hv3-e001079,hv3-u00305,task_first,hv3:main:50,referral,task_created,2026-08-08T07:13:45.850Z,,,n-hv3-u00305,t-hv3-u00305-1
hv3-e001080,hv3-u00305,task_first,hv3:main:50,referral,task_created,2026-08-08T07:14:45.850Z,,,n-hv3-u00305,t-hv3-u00305-2
hv3-e001081,hv3-u00305,task_first,hv3:main:50,referral,task_created,2026-08-08T07:15:45.850Z,,,n-hv3-u00305,t-hv3-u00305-3
hv3-e001155,hv3-u00330,baseline,hv3:main:50,organic_search,assigned,2026-08-08T07:25:27.604Z,,,,
hv3-e001156,hv3-u00330,baseline,hv3:main:50,organic_search,note_saved,2026-08-08T07:29:27.604Z,,,n-hv3-u00330,
hv3-e003417,hv3-u00990,baseline,hv3:main:50,organic_search,assigned,2026-08-08T07:59:19.961Z,,,,
hv3-e003418,hv3-u00990,baseline,hv3:main:50,organic_search,note_saved,2026-08-08T08:03:19.961Z,,,n-hv3-u00990,
hv3-e000435,hv3-u00132,baseline,hv3:main:50,paid_social,assigned,2026-08-08T08:05:27.619Z,,,,
hv3-e001660,hv3-u00469,task_first,hv3:main:50,organic_search,revisited,2026-08-08T08:07:11.478Z,,,n-hv3-u00469,
hv3-e000436,hv3-u00132,baseline,hv3:main:50,paid_social,note_saved,2026-08-08T08:09:27.619Z,,,n-hv3-u00132,
hv3-e001534,hv3-u00434,task_first,hv3:main:50,referral,assigned,2026-08-08T08:18:37.047Z,,,,
hv3-e001535,hv3-u00434,task_first,hv3:main:50,referral,note_saved,2026-08-08T08:22:37.047Z,,,n-hv3-u00434,
hv3-e000438,hv3-u00132,baseline,hv3:main:50,paid_social,trial_started,2026-08-08T09:05:27.619Z,,,,
hv3-e002837,hv3-u00817,task_first,hv3:main:50,paid_social,assigned,2026-08-08T10:00:45.720Z,,,,
hv3-e002838,hv3-u00817,task_first,hv3:main:50,paid_social,note_saved,2026-08-08T10:04:45.720Z,,,n-hv3-u00817,
hv3-e002839,hv3-u00817,task_first,hv3:main:50,paid_social,task_created,2026-08-08T10:06:45.720Z,,,n-hv3-u00817,t-hv3-u00817-1
hv3-e002840,hv3-u00817,task_first,hv3:main:50,paid_social,task_created,2026-08-08T10:07:45.720Z,,,n-hv3-u00817,t-hv3-u00817-2
hv3-e002841,hv3-u00817,task_first,hv3:main:50,paid_social,task_created,2026-08-08T10:08:45.720Z,,,n-hv3-u00817,t-hv3-u00817-3
hv3-e003200,hv3-u00921,baseline,hv3:main:50,referral,assigned,2026-08-08T10:14:19.713Z,,,,
hv3-e003201,hv3-u00921,baseline,hv3:main:50,referral,note_saved,2026-08-08T10:18:19.713Z,,,n-hv3-u00921,
hv3-e003202,hv3-u00921,baseline,hv3:main:50,referral,task_created,2026-08-08T10:20:19.713Z,,,n-hv3-u00921,t-hv3-u00921-1
hv3-e003203,hv3-u00921,baseline,hv3:main:50,referral,task_created,2026-08-08T10:21:19.713Z,,,n-hv3-u00921,t-hv3-u00921-2
hv3-e001627,hv3-u00457,baseline,hv3:main:50,organic_search,revisited,2026-08-08T10:47:17.245Z,,,n-hv3-u00457,
hv3-e001227,hv3-u00348,task_first,hv3:main:50,paid_social,assigned,2026-08-08T10:47:47.618Z,,,,
hv3-e001228,hv3-u00348,task_first,hv3:main:50,paid_social,note_saved,2026-08-08T10:51:47.618Z,,,n-hv3-u00348,
hv3-e001628,hv3-u00457,baseline,hv3:main:50,organic_search,task_completed,2026-08-08T10:52:17.245Z,,,n-hv3-u00457,t-hv3-u00457-1
hv3-e001229,hv3-u00348,task_first,hv3:main:50,paid_social,task_created,2026-08-08T10:53:47.618Z,,,n-hv3-u00348,t-hv3-u00348-1
hv3-e002919,hv3-u00839,task_first,hv3:main:50,referral,revisited,2026-08-08T10:55:35.002Z,,,n-hv3-u00839,
hv3-e001946,hv3-u00557,task_first,hv3:main:50,paid_social,revisited,2026-08-08T11:19:24.671Z,,,n-hv3-u00557,
hv3-e003100,hv3-u00891,baseline,hv3:main:50,paid_social,assigned,2026-08-08T11:51:06.109Z,,,,
hv3-e000208,hv3-u00067,task_first,hv3:main:50,app_store,assigned,2026-08-08T11:51:47.649Z,,,,
hv3-e003101,hv3-u00891,baseline,hv3:main:50,paid_social,note_saved,2026-08-08T11:55:06.109Z,,,n-hv3-u00891,
hv3-e000209,hv3-u00067,task_first,hv3:main:50,app_store,note_saved,2026-08-08T11:55:47.649Z,,,n-hv3-u00067,
hv3-e000210,hv3-u00067,task_first,hv3:main:50,app_store,task_created,2026-08-08T11:57:47.649Z,,,n-hv3-u00067,t-hv3-u00067-1
hv3-e000211,hv3-u00067,task_first,hv3:main:50,app_store,task_created,2026-08-08T11:58:47.649Z,,,n-hv3-u00067,t-hv3-u00067-2
hv3-e001150,hv3-u00327,baseline,hv3:main:50,paid_social,revisited,2026-08-08T12:32:01.615Z,,,n-hv3-u00327,
hv3-e003256,hv3-u00935,baseline,hv3:main:50,organic_search,assigned,2026-08-08T12:34:10.002Z,,,,
hv3-e003252,hv3-u00934,task_first,hv3:main:50,paid_social,assigned,2026-08-08T12:34:20.560Z,,,,
hv3-e003257,hv3-u00935,baseline,hv3:main:50,organic_search,note_saved,2026-08-08T12:38:10.002Z,,,n-hv3-u00935,
hv3-e003253,hv3-u00934,task_first,hv3:main:50,paid_social,note_saved,2026-08-08T12:38:20.560Z,,,n-hv3-u00934,
hv3-e003254,hv3-u00934,task_first,hv3:main:50,paid_social,task_created,2026-08-08T12:40:20.560Z,,,n-hv3-u00934,t-hv3-u00934-1
hv3-e003188,hv3-u00918,baseline,hv3:main:50,app_store,assigned,2026-08-08T12:50:29.773Z,,,,
hv3-e001394,hv3-u00392,baseline,hv3:main:50,organic_search,assigned,2026-08-08T13:16:59.162Z,,,,
hv3-e000865,hv3-u00243,task_first,hv3:main:50,organic_search,revisited,2026-08-08T13:18:24.567Z,,,n-hv3-u00243,
hv3-e003698,hv3-u01070,task_first,hv3:main:50,paid_social,trial_started,2026-08-08T13:36:54.489Z,,,,
hv3-e000223,hv3-u00071,task_first,hv3:main:50,paid_social,assigned,2026-08-08T13:52:41.414Z,,,,
hv3-e002322,hv3-u00667,task_first,hv3:main:50,paid_social,assigned,2026-08-08T14:49:42.344Z,,,,
hv3-e002323,hv3-u00667,task_first,hv3:main:50,paid_social,note_saved,2026-08-08T14:53:42.344Z,,,n-hv3-u00667,
hv3-e003755,hv3-u01086,task_first,hv3:main:50,paid_social,assigned,2026-08-08T15:01:05.629Z,,,,
hv3-e003756,hv3-u01086,task_first,hv3:main:50,paid_social,note_saved,2026-08-08T15:05:05.629Z,,,n-hv3-u01086,
hv3-e003301,hv3-u00949,task_first,hv3:main:50,app_store,revisited,2026-08-08T15:21:17.550Z,,,n-hv3-u00949,
hv3-e003051,hv3-u00876,baseline,hv3:main:50,app_store,assigned,2026-08-08T15:26:31.657Z,,,,
hv3-e003052,hv3-u00876,baseline,hv3:main:50,app_store,note_saved,2026-08-08T15:30:31.657Z,,,n-hv3-u00876,
hv3-e003053,hv3-u00876,baseline,hv3:main:50,app_store,task_created,2026-08-08T15:32:31.657Z,,,n-hv3-u00876,t-hv3-u00876-1
hv3-e002277,hv3-u00653,task_first,hv3:main:50,paid_social,assigned,2026-08-08T16:08:00.735Z,,,,
hv3-e000372,hv3-u00114,baseline,hv3:main:50,organic_search,assigned,2026-08-08T16:10:06.100Z,,,,
hv3-e002278,hv3-u00653,task_first,hv3:main:50,paid_social,note_saved,2026-08-08T16:12:00.735Z,,,n-hv3-u00653,
hv3-e002279,hv3-u00653,task_first,hv3:main:50,paid_social,task_created,2026-08-08T16:14:00.735Z,,,n-hv3-u00653,t-hv3-u00653-1
hv3-e000373,hv3-u00114,baseline,hv3:main:50,organic_search,note_saved,2026-08-08T16:14:06.100Z,,,n-hv3-u00114,
hv3-e002280,hv3-u00653,task_first,hv3:main:50,paid_social,task_created,2026-08-08T16:15:00.735Z,,,n-hv3-u00653,t-hv3-u00653-2
hv3-e001450,hv3-u00410,task_first,hv3:main:50,referral,trial_started,2026-08-08T16:30:39.198Z,,,,
hv3-e001304,hv3-u00370,task_first,hv3:main:50,organic_search,assigned,2026-08-08T16:30:42.548Z,,,,
hv3-e001305,hv3-u00370,task_first,hv3:main:50,organic_search,note_saved,2026-08-08T16:34:42.548Z,,,n-hv3-u00370,
hv3-e001967,hv3-u00562,baseline,hv3:main:50,organic_search,assigned,2026-08-08T16:45:50.637Z,,,,
hv3-e001968,hv3-u00562,baseline,hv3:main:50,organic_search,note_saved,2026-08-08T16:49:50.637Z,,,n-hv3-u00562,
hv3-e003396,hv3-u00984,task_first,hv3:main:50,paid_social,revisited,2026-08-08T16:55:17.007Z,,,n-hv3-u00984,
hv3-e002100,hv3-u00601,task_first,hv3:main:50,app_store,assigned,2026-08-08T17:31:12.410Z,,,,
hv3-e002101,hv3-u00601,task_first,hv3:main:50,app_store,note_saved,2026-08-08T17:35:12.410Z,,,n-hv3-u00601,
hv3-e002226,hv3-u00638,task_first,hv3:main:50,referral,assigned,2026-08-08T17:56:00.636Z,,,,
hv3-e002227,hv3-u00638,task_first,hv3:main:50,referral,note_saved,2026-08-08T18:00:00.636Z,,,n-hv3-u00638,
hv3-e003814,hv3-u01098,baseline,hv3:main:50,paid_social,assigned,2026-08-08T18:49:41.419Z,,,,
hv3-e003815,hv3-u01098,baseline,hv3:main:50,paid_social,note_saved,2026-08-08T18:53:41.419Z,,,n-hv3-u01098,
hv3-e003816,hv3-u01098,baseline,hv3:main:50,paid_social,task_created,2026-08-08T18:55:41.419Z,,,n-hv3-u01098,t-hv3-u01098-1
hv3-e000188,hv3-u00060,baseline,hv3:main:50,app_store,assigned,2026-08-08T19:38:19.899Z,,,,
hv3-e000189,hv3-u00060,baseline,hv3:main:50,app_store,note_saved,2026-08-08T19:42:19.899Z,,,n-hv3-u00060,
hv3-e001220,hv3-u00345,task_first,hv3:main:50,organic_search,revisited,2026-08-08T20:53:50.608Z,,,n-hv3-u00345,
hv3-e002788,hv3-u00804,task_first,hv3:main:50,paid_social,assigned,2026-08-08T21:26:58.286Z,,,,
hv3-e002789,hv3-u00804,task_first,hv3:main:50,paid_social,note_saved,2026-08-08T21:30:58.286Z,,,n-hv3-u00804,
hv3-e002790,hv3-u00804,task_first,hv3:main:50,paid_social,task_created,2026-08-08T21:32:58.286Z,,,n-hv3-u00804,t-hv3-u00804-1
hv3-e002791,hv3-u00804,task_first,hv3:main:50,paid_social,task_created,2026-08-08T21:33:58.286Z,,,n-hv3-u00804,t-hv3-u00804-2
hv3-e002792,hv3-u00804,task_first,hv3:main:50,paid_social,task_created,2026-08-08T21:34:58.286Z,,,n-hv3-u00804,t-hv3-u00804-3
hv3-e003595,hv3-u01040,task_first,hv3:main:50,referral,assigned,2026-08-08T21:38:39.686Z,,,,
hv3-e003596,hv3-u01040,task_first,hv3:main:50,referral,note_saved,2026-08-08T21:42:39.686Z,,,n-hv3-u01040,
hv3-e001240,hv3-u00350,baseline,hv3:main:50,organic_search,trial_started,2026-08-08T22:04:37.872Z,,,,
hv3-e002155,hv3-u00616,task_first,hv3:main:50,paid_social,trial_started,2026-08-08T23:16:49.419Z,,,,
hv3-e000582,hv3-u00169,task_first,hv3:main:50,paid_social,assigned,2026-08-09T00:02:08.436Z,,,,
hv3-e000583,hv3-u00169,task_first,hv3:main:50,paid_social,note_saved,2026-08-09T00:06:08.436Z,,,n-hv3-u00169,
hv3-e002037,hv3-u00583,task_first,hv3:main:50,paid_social,assigned,2026-08-09T00:50:18.299Z,,,,
hv3-e002911,hv3-u00836,baseline,hv3:main:50,referral,assigned,2026-08-09T00:54:04.485Z,,,,
hv3-e002038,hv3-u00583,task_first,hv3:main:50,paid_social,note_saved,2026-08-09T00:54:18.299Z,,,n-hv3-u00583,
hv3-e001743,hv3-u00496,task_first,hv3:main:50,paid_social,revisited,2026-08-09T00:54:44.887Z,,,n-hv3-u00496,
hv3-e002179,hv3-u00623,task_first,hv3:main:50,app_store,assigned,2026-08-09T01:17:17.936Z,,,,
hv3-e002180,hv3-u00623,task_first,hv3:main:50,app_store,note_saved,2026-08-09T01:21:17.936Z,,,n-hv3-u00623,
hv3-e000140,hv3-u00042,task_first,hv3:main:50,paid_social,assigned,2026-08-09T01:38:44.864Z,,,,
hv3-e000141,hv3-u00042,task_first,hv3:main:50,paid_social,note_saved,2026-08-09T01:42:44.864Z,,,n-hv3-u00042,
hv3-e000151,hv3-u00046,baseline,hv3:main:50,organic_search,assigned,2026-08-09T02:29:03.915Z,,,,
hv3-e000152,hv3-u00046,baseline,hv3:main:50,organic_search,note_saved,2026-08-09T02:33:03.915Z,,,n-hv3-u00046,
hv3-e002174,hv3-u00622,task_first,hv3:main:50,app_store,assigned,2026-08-09T02:38:15.826Z,,,,
hv3-e002175,hv3-u00622,task_first,hv3:main:50,app_store,note_saved,2026-08-09T02:42:15.826Z,,,n-hv3-u00622,
hv3-e000177,hv3-u00056,baseline,hv3:main:50,paid_social,assigned,2026-08-09T02:44:30.524Z,,,,
hv3-e000178,hv3-u00056,baseline,hv3:main:50,paid_social,note_saved,2026-08-09T02:48:30.524Z,,,n-hv3-u00056,
hv3-e002605,hv3-u00750,baseline,hv3:main:50,paid_social,trial_started,2026-08-09T03:46:17.563Z,,,,
hv3-e003559,hv3-u01031,task_first,hv3:main:50,paid_social,revisited,2026-08-09T04:20:50.251Z,,,n-hv3-u01031,
hv3-e000339,hv3-u00102,baseline,hv3:main:50,app_store,assigned,2026-08-09T04:59:11.480Z,,,,
hv3-e000563,hv3-u00164,task_first,hv3:main:50,organic_search,assigned,2026-08-09T05:02:49.254Z,,,,
hv3-e000564,hv3-u00164,task_first,hv3:main:50,organic_search,note_saved,2026-08-09T05:06:49.254Z,,,n-hv3-u00164,
hv3-e000565,hv3-u00164,task_first,hv3:main:50,organic_search,task_created,2026-08-09T05:08:49.254Z,,,n-hv3-u00164,t-hv3-u00164-1
hv3-e001491,hv3-u00421,task_first,hv3:main:50,organic_search,assigned,2026-08-09T05:09:37.562Z,,,,
hv3-e000566,hv3-u00164,task_first,hv3:main:50,organic_search,task_created,2026-08-09T05:09:49.254Z,,,n-hv3-u00164,t-hv3-u00164-2
hv3-e000567,hv3-u00164,task_first,hv3:main:50,organic_search,task_created,2026-08-09T05:10:49.254Z,,,n-hv3-u00164,t-hv3-u00164-3
hv3-e001492,hv3-u00421,task_first,hv3:main:50,organic_search,note_saved,2026-08-09T05:13:37.562Z,,,n-hv3-u00421,
hv3-e001493,hv3-u00421,task_first,hv3:main:50,organic_search,task_created,2026-08-09T05:15:37.562Z,,,n-hv3-u00421,t-hv3-u00421-1
hv3-e003769,hv3-u01089,baseline,hv3:main:50,organic_search,assigned,2026-08-09T05:27:40.119Z,,,,
hv3-e003770,hv3-u01089,baseline,hv3:main:50,organic_search,note_saved,2026-08-09T05:31:40.119Z,,,n-hv3-u01089,
hv3-e003771,hv3-u01089,baseline,hv3:main:50,organic_search,task_created,2026-08-09T05:33:40.119Z,,,n-hv3-u01089,t-hv3-u01089-1
hv3-e003772,hv3-u01089,baseline,hv3:main:50,organic_search,task_created,2026-08-09T05:34:40.119Z,,,n-hv3-u01089,t-hv3-u01089-2
hv3-e003773,hv3-u01089,baseline,hv3:main:50,organic_search,task_created,2026-08-09T05:35:40.119Z,,,n-hv3-u01089,t-hv3-u01089-3
hv3-e001160,hv3-u00332,task_first,hv3:main:50,paid_social,assigned,2026-08-09T05:43:27.295Z,,,,
hv3-e001161,hv3-u00332,task_first,hv3:main:50,paid_social,note_saved,2026-08-09T05:47:27.295Z,,,n-hv3-u00332,
hv3-e000369,hv3-u00113,baseline,hv3:main:50,organic_search,assigned,2026-08-09T05:49:00.889Z,,,,
hv3-e002507,hv3-u00718,baseline,hv3:main:50,app_store,assigned,2026-08-09T05:51:23.320Z,,,,
hv3-e000370,hv3-u00113,baseline,hv3:main:50,organic_search,note_saved,2026-08-09T05:53:00.889Z,,,n-hv3-u00113,
hv3-e002508,hv3-u00718,baseline,hv3:main:50,app_store,note_saved,2026-08-09T05:55:23.320Z,,,n-hv3-u00718,
hv3-e002417,hv3-u00694,task_first,hv3:main:50,app_store,revisited,2026-08-09T06:07:05.061Z,,,n-hv3-u00694,
hv3-e002659,hv3-u00765,task_first,hv3:main:50,paid_social,assigned,2026-08-09T06:22:18.871Z,,,,
hv3-e002660,hv3-u00765,task_first,hv3:main:50,paid_social,note_saved,2026-08-09T06:26:18.871Z,,,n-hv3-u00765,
hv3-e002661,hv3-u00765,task_first,hv3:main:50,paid_social,task_created,2026-08-09T06:28:18.871Z,,,n-hv3-u00765,t-hv3-u00765-1
hv3-e002662,hv3-u00765,task_first,hv3:main:50,paid_social,task_created,2026-08-09T06:29:18.871Z,,,n-hv3-u00765,t-hv3-u00765-2
hv3-e002663,hv3-u00765,task_first,hv3:main:50,paid_social,task_created,2026-08-09T06:30:18.871Z,,,n-hv3-u00765,t-hv3-u00765-3
hv3-e002425,hv3-u00696,baseline,hv3:main:50,referral,assigned,2026-08-09T06:33:40.325Z,,,,
hv3-e002426,hv3-u00696,baseline,hv3:main:50,referral,note_saved,2026-08-09T06:37:40.325Z,,,n-hv3-u00696,
hv3-e002427,hv3-u00696,baseline,hv3:main:50,referral,task_created,2026-08-09T06:39:40.325Z,,,n-hv3-u00696,t-hv3-u00696-1
hv3-e002428,hv3-u00696,baseline,hv3:main:50,referral,task_created,2026-08-09T06:40:40.325Z,,,n-hv3-u00696,t-hv3-u00696-2
hv3-e002429,hv3-u00696,baseline,hv3:main:50,referral,task_created,2026-08-09T06:41:40.325Z,,,n-hv3-u00696,t-hv3-u00696-3
hv3-e002509,hv3-u00718,baseline,hv3:main:50,app_store,trial_started,2026-08-09T06:51:23.320Z,,,,
hv3-e002960,hv3-u00848,baseline,hv3:main:50,organic_search,revisited,2026-08-09T07:05:34.252Z,,,n-hv3-u00848,
hv3-e001157,hv3-u00330,baseline,hv3:main:50,organic_search,revisited,2026-08-09T07:25:27.604Z,,,n-hv3-u00330,
hv3-e000274,hv3-u00085,task_first,hv3:main:50,referral,revisited,2026-08-09T07:53:54.352Z,,,n-hv3-u00085,
hv3-e000275,hv3-u00085,task_first,hv3:main:50,referral,task_completed,2026-08-09T07:58:54.352Z,,,n-hv3-u00085,t-hv3-u00085-1
hv3-e003419,hv3-u00990,baseline,hv3:main:50,organic_search,revisited,2026-08-09T07:59:19.961Z,,,n-hv3-u00990,
hv3-e002655,hv3-u00763,baseline,hv3:main:50,paid_social,assigned,2026-08-09T08:10:40.287Z,,,,
hv3-e001702,hv3-u00482,task_first,hv3:main:50,app_store,revisited,2026-08-09T08:13:10.051Z,,,n-hv3-u00482,
hv3-e002656,hv3-u00763,baseline,hv3:main:50,paid_social,note_saved,2026-08-09T08:14:40.287Z,,,n-hv3-u00763,
hv3-e001703,hv3-u00482,task_first,hv3:main:50,app_store,task_completed,2026-08-09T08:18:10.051Z,,,n-hv3-u00482,t-hv3-u00482-1
hv3-e001269,hv3-u00358,task_first,hv3:main:50,paid_social,assigned,2026-08-09T09:41:22.405Z,,,,
hv3-e001391,hv3-u00390,baseline,hv3:main:50,organic_search,trial_started,2026-08-09T09:43:51.910Z,,,,
hv3-e001270,hv3-u00358,task_first,hv3:main:50,paid_social,note_saved,2026-08-09T09:45:22.405Z,,,n-hv3-u00358,
hv3-e002559,hv3-u00737,baseline,hv3:main:50,organic_search,trial_started,2026-08-09T09:45:45.707Z,,,,
hv3-e003646,hv3-u01056,task_first,hv3:main:50,paid_social,assigned,2026-08-09T10:23:46.805Z,,,,
hv3-e000816,hv3-u00235,baseline,hv3:main:50,organic_search,assigned,2026-08-09T10:24:17.556Z,,,,
hv3-e003647,hv3-u01056,task_first,hv3:main:50,paid_social,note_saved,2026-08-09T10:27:46.805Z,,,n-hv3-u01056,
hv3-e000817,hv3-u00235,baseline,hv3:main:50,organic_search,note_saved,2026-08-09T10:28:17.556Z,,,n-hv3-u00235,
hv3-e003648,hv3-u01056,task_first,hv3:main:50,paid_social,task_created,2026-08-09T10:29:46.805Z,,,n-hv3-u01056,t-hv3-u01056-1
hv3-e000818,hv3-u00235,baseline,hv3:main:50,organic_search,task_created,2026-08-09T10:30:17.556Z,,,n-hv3-u00235,t-hv3-u00235-1
hv3-e003649,hv3-u01056,task_first,hv3:main:50,paid_social,task_created,2026-08-09T10:30:46.805Z,,,n-hv3-u01056,t-hv3-u01056-2
hv3-e000819,hv3-u00235,baseline,hv3:main:50,organic_search,task_created,2026-08-09T10:31:17.556Z,,,n-hv3-u00235,t-hv3-u00235-2
hv3-e000820,hv3-u00235,baseline,hv3:main:50,organic_search,task_created,2026-08-09T10:32:17.556Z,,,n-hv3-u00235,t-hv3-u00235-3
hv3-e002075,hv3-u00591,task_first,hv3:main:50,paid_social,revisited,2026-08-09T10:38:45.392Z,,,n-hv3-u00591,
hv3-e002076,hv3-u00591,task_first,hv3:main:50,paid_social,task_completed,2026-08-09T10:43:45.392Z,,,n-hv3-u00591,t-hv3-u00591-1
hv3-e003204,hv3-u00921,baseline,hv3:main:50,referral,revisited,2026-08-09T10:44:19.713Z,,,n-hv3-u00921,
hv3-e003205,hv3-u00921,baseline,hv3:main:50,referral,task_completed,2026-08-09T10:49:19.713Z,,,n-hv3-u00921,t-hv3-u00921-1
hv3-e001230,hv3-u00348,task_first,hv3:main:50,paid_social,trial_started,2026-08-09T11:47:47.618Z,,,,
hv3-e000055,hv3-u00017,task_first,hv3:main:50,referral,revisited,2026-08-09T11:58:52.320Z,,,n-hv3-u00017,
hv3-e000800,hv3-u00230,baseline,hv3:main:50,app_store,revisited,2026-08-09T12:01:41.311Z,,,n-hv3-u00230,
hv3-e003697,hv3-u01070,task_first,hv3:main:50,paid_social,revisited,2026-08-09T12:36:54.489Z,,,n-hv3-u01070,
hv3-e000135,hv3-u00041,baseline,hv3:main:50,paid_social,assigned,2026-08-09T12:48:19.089Z,,,,
hv3-e000136,hv3-u00041,baseline,hv3:main:50,paid_social,note_saved,2026-08-09T12:52:19.089Z,,,n-hv3-u00041,
hv3-e000137,hv3-u00041,baseline,hv3:main:50,paid_social,task_created,2026-08-09T12:54:19.089Z,,,n-hv3-u00041,t-hv3-u00041-1
hv3-e002722,hv3-u00783,task_first,hv3:main:50,organic_search,trial_started,2026-08-09T13:02:45.141Z,,,,
hv3-e002191,hv3-u00626,baseline,hv3:main:50,app_store,assigned,2026-08-09T13:03:28.128Z,,,,
hv3-e002192,hv3-u00626,baseline,hv3:main:50,app_store,note_saved,2026-08-09T13:07:28.128Z,,,n-hv3-u00626,
hv3-e002193,hv3-u00626,baseline,hv3:main:50,app_store,task_created,2026-08-09T13:09:28.128Z,,,n-hv3-u00626,t-hv3-u00626-1
hv3-e002194,hv3-u00626,baseline,hv3:main:50,app_store,task_created,2026-08-09T13:10:28.128Z,,,n-hv3-u00626,t-hv3-u00626-2
hv3-e002195,hv3-u00626,baseline,hv3:main:50,app_store,task_created,2026-08-09T13:11:28.128Z,,,n-hv3-u00626,t-hv3-u00626-3
hv3-e001465,hv3-u00414,task_first,hv3:main:50,paid_social,assigned,2026-08-09T13:16:00.336Z,,,,
hv3-e001466,hv3-u00414,task_first,hv3:main:50,paid_social,note_saved,2026-08-09T13:20:00.336Z,,,n-hv3-u00414,
hv3-e001320,hv3-u00375,task_first,hv3:main:50,paid_social,assigned,2026-08-09T13:49:41.169Z,,,,
hv3-e001321,hv3-u00375,task_first,hv3:main:50,paid_social,note_saved,2026-08-09T13:53:41.169Z,,,n-hv3-u00375,
hv3-e001322,hv3-u00375,task_first,hv3:main:50,paid_social,task_created,2026-08-09T13:55:41.169Z,,,n-hv3-u00375,t-hv3-u00375-1
hv3-e001323,hv3-u00375,task_first,hv3:main:50,paid_social,task_created,2026-08-09T13:56:41.169Z,,,n-hv3-u00375,t-hv3-u00375-2
hv3-e001324,hv3-u00375,task_first,hv3:main:50,paid_social,task_created,2026-08-09T13:57:41.169Z,,,n-hv3-u00375,t-hv3-u00375-3
hv3-e001840,hv3-u00526,baseline,hv3:main:50,referral,assigned,2026-08-09T14:00:59.433Z,,,,
hv3-e001841,hv3-u00526,baseline,hv3:main:50,referral,note_saved,2026-08-09T14:04:59.433Z,,,n-hv3-u00526,
hv3-e000976,hv3-u00275,baseline,hv3:main:50,organic_search,assigned,2026-08-09T14:22:26.200Z,,,,
hv3-e000977,hv3-u00275,baseline,hv3:main:50,organic_search,note_saved,2026-08-09T14:26:26.200Z,,,n-hv3-u00275,
hv3-e000978,hv3-u00275,baseline,hv3:main:50,organic_search,task_created,2026-08-09T14:28:26.200Z,,,n-hv3-u00275,t-hv3-u00275-1
hv3-e000979,hv3-u00275,baseline,hv3:main:50,organic_search,task_created,2026-08-09T14:29:26.200Z,,,n-hv3-u00275,t-hv3-u00275-2
hv3-e002203,hv3-u00628,task_first,hv3:main:50,paid_social,trial_started,2026-08-09T14:36:29.910Z,,,,
hv3-e001920,hv3-u00549,baseline,hv3:main:50,paid_social,assigned,2026-08-09T14:37:32.293Z,,,,
hv3-e003074,hv3-u00884,baseline,hv3:main:50,app_store,assigned,2026-08-09T14:48:04.915Z,,,,
hv3-e003075,hv3-u00884,baseline,hv3:main:50,app_store,note_saved,2026-08-09T14:52:04.915Z,,,n-hv3-u00884,
hv3-e003076,hv3-u00884,baseline,hv3:main:50,app_store,task_created,2026-08-09T14:54:04.915Z,,,n-hv3-u00884,t-hv3-u00884-1
hv3-e003077,hv3-u00884,baseline,hv3:main:50,app_store,task_created,2026-08-09T14:55:04.915Z,,,n-hv3-u00884,t-hv3-u00884-2
hv3-e001680,hv3-u00475,task_first,hv3:main:50,referral,revisited,2026-08-09T15:22:10.514Z,,,n-hv3-u00475,
hv3-e003106,hv3-u00894,baseline,hv3:main:50,paid_social,assigned,2026-08-09T15:48:45.238Z,,,,
hv3-e003107,hv3-u00894,baseline,hv3:main:50,paid_social,note_saved,2026-08-09T15:52:45.238Z,,,n-hv3-u00894,
hv3-e003108,hv3-u00894,baseline,hv3:main:50,paid_social,task_created,2026-08-09T15:54:45.238Z,,,n-hv3-u00894,t-hv3-u00894-1
hv3-e003570,hv3-u01033,baseline,hv3:main:50,organic_search,trial_started,2026-08-09T16:03:28.832Z,,,,
hv3-e003784,hv3-u01091,task_first,hv3:main:50,organic_search,trial_started,2026-08-09T17:09:23.893Z,,,,
hv3-e003589,hv3-u01039,baseline,hv3:main:50,organic_search,assigned,2026-08-09T17:12:40.489Z,,,,
hv3-e003590,hv3-u01039,baseline,hv3:main:50,organic_search,note_saved,2026-08-09T17:16:40.489Z,,,n-hv3-u01039,
hv3-e003591,hv3-u01039,baseline,hv3:main:50,organic_search,task_created,2026-08-09T17:18:40.489Z,,,n-hv3-u01039,t-hv3-u01039-1
hv3-e003592,hv3-u01039,baseline,hv3:main:50,organic_search,task_created,2026-08-09T17:19:40.489Z,,,n-hv3-u01039,t-hv3-u01039-2
hv3-e000789,hv3-u00227,task_first,hv3:main:50,app_store,assigned,2026-08-09T17:24:33.338Z,,,,
hv3-e000790,hv3-u00227,task_first,hv3:main:50,app_store,note_saved,2026-08-09T17:28:33.338Z,,,n-hv3-u00227,
hv3-e001888,hv3-u00540,baseline,hv3:main:50,paid_social,assigned,2026-08-09T17:29:36.786Z,,,,
hv3-e001889,hv3-u00540,baseline,hv3:main:50,paid_social,note_saved,2026-08-09T17:33:36.786Z,,,n-hv3-u00540,
hv3-e003244,hv3-u00933,task_first,hv3:main:50,paid_social,assigned,2026-08-09T17:37:22.737Z,,,,
hv3-e003245,hv3-u00933,task_first,hv3:main:50,paid_social,note_saved,2026-08-09T17:41:22.737Z,,,n-hv3-u00933,
hv3-e003246,hv3-u00933,task_first,hv3:main:50,paid_social,task_created,2026-08-09T17:43:22.737Z,,,n-hv3-u00933,t-hv3-u00933-1
hv3-e003247,hv3-u00933,task_first,hv3:main:50,paid_social,task_created,2026-08-09T17:44:22.737Z,,,n-hv3-u00933,t-hv3-u00933-2
hv3-e003248,hv3-u00933,task_first,hv3:main:50,paid_social,task_created,2026-08-09T17:45:22.737Z,,,n-hv3-u00933,t-hv3-u00933-3
hv3-e001164,hv3-u00334,baseline,hv3:main:50,paid_social,assigned,2026-08-09T17:47:19.633Z,,,,
hv3-e001165,hv3-u00334,baseline,hv3:main:50,paid_social,note_saved,2026-08-09T17:51:19.633Z,,,n-hv3-u00334,
hv3-e001166,hv3-u00334,baseline,hv3:main:50,paid_social,task_created,2026-08-09T17:53:19.633Z,,,n-hv3-u00334,t-hv3-u00334-1
hv3-e001167,hv3-u00334,baseline,hv3:main:50,paid_social,task_created,2026-08-09T17:54:19.633Z,,,n-hv3-u00334,t-hv3-u00334-2
hv3-e001612,hv3-u00453,baseline,hv3:main:50,organic_search,trial_started,2026-08-09T17:55:43.803Z,,,,
hv3-e001982,hv3-u00566,task_first,hv3:main:50,paid_social,assigned,2026-08-09T18:06:56.143Z,,,,
hv3-e001316,hv3-u00374,baseline,hv3:main:50,organic_search,assigned,2026-08-09T18:28:36.969Z,,,,
hv3-e001317,hv3-u00374,baseline,hv3:main:50,organic_search,note_saved,2026-08-09T18:32:36.969Z,,,n-hv3-u00374,
hv3-e002002,hv3-u00572,task_first,hv3:main:50,organic_search,assigned,2026-08-09T18:46:30.855Z,,,,
hv3-e001168,hv3-u00334,baseline,hv3:main:50,paid_social,trial_started,2026-08-09T18:47:19.633Z,,,,
hv3-e000393,hv3-u00122,baseline,hv3:main:50,app_store,assigned,2026-08-09T18:49:00.010Z,,,,
hv3-e000974,hv3-u00274,baseline,hv3:main:50,referral,assigned,2026-08-09T18:49:56.794Z,,,,
hv3-e002003,hv3-u00572,task_first,hv3:main:50,organic_search,note_saved,2026-08-09T18:50:30.855Z,,,n-hv3-u00572,
hv3-e000394,hv3-u00122,baseline,hv3:main:50,app_store,note_saved,2026-08-09T18:53:00.010Z,,,n-hv3-u00122,
hv3-e000395,hv3-u00122,baseline,hv3:main:50,app_store,task_created,2026-08-09T18:55:00.010Z,,,n-hv3-u00122,t-hv3-u00122-1
hv3-e000396,hv3-u00122,baseline,hv3:main:50,app_store,task_created,2026-08-09T18:56:00.010Z,,,n-hv3-u00122,t-hv3-u00122-2
hv3-e000397,hv3-u00122,baseline,hv3:main:50,app_store,task_created,2026-08-09T18:57:00.010Z,,,n-hv3-u00122,t-hv3-u00122-3
hv3-e002880,hv3-u00828,task_first,hv3:main:50,paid_social,assigned,2026-08-09T19:02:30.754Z,,,,
hv3-e002881,hv3-u00828,task_first,hv3:main:50,paid_social,note_saved,2026-08-09T19:06:30.754Z,,,n-hv3-u00828,
hv3-e002882,hv3-u00828,task_first,hv3:main:50,paid_social,task_created,2026-08-09T19:08:30.754Z,,,n-hv3-u00828,t-hv3-u00828-1
hv3-e002883,hv3-u00828,task_first,hv3:main:50,paid_social,task_created,2026-08-09T19:09:30.754Z,,,n-hv3-u00828,t-hv3-u00828-2
hv3-e003817,hv3-u01098,baseline,hv3:main:50,paid_social,revisited,2026-08-09T19:19:41.419Z,,,n-hv3-u01098,
hv3-e003818,hv3-u01098,baseline,hv3:main:50,paid_social,task_completed,2026-08-09T19:24:41.419Z,,,n-hv3-u01098,t-hv3-u01098-1
hv3-e003445,hv3-u00996,task_first,hv3:main:50,app_store,assigned,2026-08-09T19:31:15.499Z,,,,
hv3-e002761,hv3-u00796,baseline,hv3:main:50,app_store,assigned,2026-08-09T19:32:21.011Z,,,,
hv3-e003446,hv3-u00996,task_first,hv3:main:50,app_store,note_saved,2026-08-09T19:35:15.499Z,,,n-hv3-u00996,
hv3-e003447,hv3-u00996,task_first,hv3:main:50,app_store,task_created,2026-08-09T19:37:15.499Z,,,n-hv3-u00996,t-hv3-u00996-1
hv3-e000775,hv3-u00222,baseline,hv3:main:50,referral,assigned,2026-08-09T19:43:22.921Z,,,,
hv3-e000776,hv3-u00222,baseline,hv3:main:50,referral,note_saved,2026-08-09T19:47:22.921Z,,,n-hv3-u00222,
hv3-e000777,hv3-u00222,baseline,hv3:main:50,referral,task_created,2026-08-09T19:49:22.921Z,,,n-hv3-u00222,t-hv3-u00222-1
hv3-e000201,hv3-u00064,task_first,hv3:main:50,referral,assigned,2026-08-09T20:09:24.472Z,,,,
hv3-e003308,hv3-u00952,baseline,hv3:main:50,organic_search,revisited,2026-08-09T20:53:29.551Z,,,n-hv3-u00952,
hv3-e000386,hv3-u00119,baseline,hv3:main:50,app_store,trial_started,2026-08-09T20:55:07.937Z,,,,
hv3-e000617,hv3-u00179,baseline,hv3:main:50,organic_search,assigned,2026-08-09T21:06:37.740Z,,,,
hv3-e000618,hv3-u00179,baseline,hv3:main:50,organic_search,note_saved,2026-08-09T21:10:37.740Z,,,n-hv3-u00179,
hv3-e000619,hv3-u00179,baseline,hv3:main:50,organic_search,task_created,2026-08-09T21:12:37.740Z,,,n-hv3-u00179,t-hv3-u00179-1
hv3-e002943,hv3-u00845,task_first,hv3:main:50,organic_search,assigned,2026-08-09T21:42:02.494Z,,,,
hv3-e001835,hv3-u00525,baseline,hv3:main:50,paid_social,assigned,2026-08-09T21:45:06.187Z,,,,
hv3-e002944,hv3-u00845,task_first,hv3:main:50,organic_search,note_saved,2026-08-09T21:46:02.494Z,,,n-hv3-u00845,
hv3-e002945,hv3-u00845,task_first,hv3:main:50,organic_search,task_created,2026-08-09T21:48:02.494Z,,,n-hv3-u00845,t-hv3-u00845-1
hv3-e003434,hv3-u00994,task_first,hv3:main:50,organic_search,assigned,2026-08-09T21:48:23.263Z,,,,
hv3-e002946,hv3-u00845,task_first,hv3:main:50,organic_search,task_created,2026-08-09T21:49:02.494Z,,,n-hv3-u00845,t-hv3-u00845-2
hv3-e001836,hv3-u00525,baseline,hv3:main:50,paid_social,note_saved,2026-08-09T21:49:06.187Z,,,n-hv3-u00525,
hv3-e001837,hv3-u00525,baseline,hv3:main:50,paid_social,task_created,2026-08-09T21:51:06.187Z,,,n-hv3-u00525,t-hv3-u00525-1
hv3-e003435,hv3-u00994,task_first,hv3:main:50,organic_search,note_saved,2026-08-09T21:52:23.263Z,,,n-hv3-u00994,
hv3-e003436,hv3-u00994,task_first,hv3:main:50,organic_search,task_created,2026-08-09T21:54:23.263Z,,,n-hv3-u00994,t-hv3-u00994-1
hv3-e003437,hv3-u00994,task_first,hv3:main:50,organic_search,task_created,2026-08-09T21:55:23.263Z,,,n-hv3-u00994,t-hv3-u00994-2
hv3-e003438,hv3-u00994,task_first,hv3:main:50,organic_search,task_created,2026-08-09T21:56:23.263Z,,,n-hv3-u00994,t-hv3-u00994-3
hv3-e002586,hv3-u00746,task_first,hv3:main:50,paid_social,assigned,2026-08-09T21:59:41.670Z,,,,
hv3-e002888,hv3-u00829,task_first,hv3:main:50,organic_search,trial_started,2026-08-09T22:14:34.569Z,,,,
hv3-e002338,hv3-u00672,task_first,hv3:main:50,app_store,assigned,2026-08-09T23:13:30.528Z,,,,
hv3-e002339,hv3-u00672,task_first,hv3:main:50,app_store,note_saved,2026-08-09T23:17:30.528Z,,,n-hv3-u00672,
hv3-e002340,hv3-u00672,task_first,hv3:main:50,app_store,task_created,2026-08-09T23:19:30.528Z,,,n-hv3-u00672,t-hv3-u00672-1
hv3-e000501,hv3-u00148,task_first,hv3:main:50,paid_social,assigned,2026-08-09T23:40:42.314Z,,,,
hv3-e002892,hv3-u00830,baseline,hv3:main:50,organic_search,assigned,2026-08-09T23:43:29.584Z,,,,
hv3-e003731,hv3-u01080,task_first,hv3:main:50,app_store,trial_started,2026-08-09T23:54:41.819Z,,,,
hv3-e000439,hv3-u00133,baseline,hv3:main:50,referral,assigned,2026-08-10T00:27:42.908Z,,,,
hv3-e000440,hv3-u00133,baseline,hv3:main:50,referral,note_saved,2026-08-10T00:31:42.908Z,,,n-hv3-u00133,
hv3-e003197,hv3-u00920,baseline,hv3:main:50,organic_search,assigned,2026-08-10T00:40:43.263Z,,,,
hv3-e003198,hv3-u00920,baseline,hv3:main:50,organic_search,note_saved,2026-08-10T00:44:43.263Z,,,n-hv3-u00920,
hv3-e001966,hv3-u00561,baseline,hv3:main:50,organic_search,trial_started,2026-08-10T00:55:19.225Z,,,,
hv3-e003011,hv3-u00865,task_first,hv3:main:50,app_store,assigned,2026-08-10T01:16:32.692Z,,,,
hv3-e002181,hv3-u00623,task_first,hv3:main:50,app_store,revisited,2026-08-10T01:17:17.936Z,,,n-hv3-u00623,
hv3-e003012,hv3-u00865,task_first,hv3:main:50,app_store,note_saved,2026-08-10T01:20:32.692Z,,,n-hv3-u00865,
hv3-e000644,hv3-u00188,task_first,hv3:main:50,app_store,assigned,2026-08-10T01:32:21.797Z,,,,
hv3-e000645,hv3-u00188,task_first,hv3:main:50,app_store,note_saved,2026-08-10T01:36:21.797Z,,,n-hv3-u00188,
hv3-e003087,hv3-u00888,task_first,hv3:main:50,app_store,assigned,2026-08-10T01:39:49.204Z,,,,
hv3-e003088,hv3-u00888,task_first,hv3:main:50,app_store,note_saved,2026-08-10T01:43:49.204Z,,,n-hv3-u00888,
hv3-e003089,hv3-u00888,task_first,hv3:main:50,app_store,task_created,2026-08-10T01:45:49.204Z,,,n-hv3-u00888,t-hv3-u00888-1
hv3-e003090,hv3-u00888,task_first,hv3:main:50,app_store,task_created,2026-08-10T01:46:49.204Z,,,n-hv3-u00888,t-hv3-u00888-2
hv3-e003128,hv3-u00902,baseline,hv3:main:50,organic_search,assigned,2026-08-10T01:57:53.959Z,,,,
hv3-e003129,hv3-u00902,baseline,hv3:main:50,organic_search,note_saved,2026-08-10T02:01:53.959Z,,,n-hv3-u00902,
hv3-e000729,hv3-u00210,task_first,hv3:main:50,app_store,revisited,2026-08-10T02:03:22.686Z,,,n-hv3-u00210,
hv3-e002550,hv3-u00732,baseline,hv3:main:50,organic_search,assigned,2026-08-10T02:12:33.595Z,,,,
hv3-e003412,hv3-u00988,task_first,hv3:main:50,paid_social,revisited,2026-08-10T02:17:39.336Z,,,n-hv3-u00988,
hv3-e003413,hv3-u00988,task_first,hv3:main:50,paid_social,task_completed,2026-08-10T02:22:39.336Z,,,n-hv3-u00988,t-hv3-u00988-1
hv3-e003018,hv3-u00867,baseline,hv3:main:50,referral,assigned,2026-08-10T02:58:37.940Z,,,,
hv3-e003019,hv3-u00867,baseline,hv3:main:50,referral,note_saved,2026-08-10T03:02:37.940Z,,,n-hv3-u00867,
hv3-e003020,hv3-u00867,baseline,hv3:main:50,referral,task_created,2026-08-10T03:04:37.940Z,,,n-hv3-u00867,t-hv3-u00867-1
hv3-e000806,hv3-u00232,baseline,hv3:main:50,organic_search,assigned,2026-08-10T03:38:28.030Z,,,,
hv3-e000807,hv3-u00232,baseline,hv3:main:50,organic_search,note_saved,2026-08-10T03:42:28.030Z,,,n-hv3-u00232,
hv3-e003003,hv3-u00862,baseline,hv3:main:50,paid_social,assigned,2026-08-10T04:02:53.651Z,,,,
hv3-e003004,hv3-u00862,baseline,hv3:main:50,paid_social,note_saved,2026-08-10T04:06:53.651Z,,,n-hv3-u00862,
hv3-e003005,hv3-u00862,baseline,hv3:main:50,paid_social,task_created,2026-08-10T04:08:53.651Z,,,n-hv3-u00862,t-hv3-u00862-1
hv3-e003711,hv3-u01074,task_first,hv3:main:50,referral,assigned,2026-08-10T04:13:12.273Z,,,,
hv3-e002493,hv3-u00715,task_first,hv3:main:50,referral,trial_started,2026-08-10T04:27:58.266Z,,,,
hv3-e000809,hv3-u00232,baseline,hv3:main:50,organic_search,trial_started,2026-08-10T04:38:28.030Z,,,,
hv3-e001351,hv3-u00383,task_first,hv3:main:50,paid_social,assigned,2026-08-10T04:55:14.024Z,,,,
hv3-e001352,hv3-u00383,task_first,hv3:main:50,paid_social,note_saved,2026-08-10T04:59:14.024Z,,,n-hv3-u00383,
hv3-e001353,hv3-u00383,task_first,hv3:main:50,paid_social,task_created,2026-08-10T05:01:14.024Z,,,n-hv3-u00383,t-hv3-u00383-1
hv3-e001354,hv3-u00383,task_first,hv3:main:50,paid_social,task_created,2026-08-10T05:02:14.024Z,,,n-hv3-u00383,t-hv3-u00383-2
hv3-e003006,hv3-u00862,baseline,hv3:main:50,paid_social,trial_started,2026-08-10T05:02:53.651Z,,,,
hv3-e001355,hv3-u00383,task_first,hv3:main:50,paid_social,task_created,2026-08-10T05:03:14.024Z,,,n-hv3-u00383,t-hv3-u00383-3
hv3-e003278,hv3-u00943,task_first,hv3:main:50,paid_social,assigned,2026-08-10T06:08:13.850Z,,,,
hv3-e003279,hv3-u00943,task_first,hv3:main:50,paid_social,note_saved,2026-08-10T06:12:13.850Z,,,n-hv3-u00943,
hv3-e000760,hv3-u00218,baseline,hv3:main:50,app_store,assigned,2026-08-10T06:47:13.977Z,,,,
hv3-e000761,hv3-u00218,baseline,hv3:main:50,app_store,note_saved,2026-08-10T06:51:13.977Z,,,n-hv3-u00218,
hv3-e001772,hv3-u00504,task_first,hv3:main:50,app_store,assigned,2026-08-10T07:07:37.510Z,,,,
hv3-e001773,hv3-u00504,task_first,hv3:main:50,app_store,note_saved,2026-08-10T07:11:37.510Z,,,n-hv3-u00504,
hv3-e001774,hv3-u00504,task_first,hv3:main:50,app_store,task_created,2026-08-10T07:13:37.510Z,,,n-hv3-u00504,t-hv3-u00504-1
hv3-e001775,hv3-u00504,task_first,hv3:main:50,app_store,task_created,2026-08-10T07:14:37.510Z,,,n-hv3-u00504,t-hv3-u00504-2
hv3-e002320,hv3-u00666,baseline,hv3:main:50,referral,revisited,2026-08-10T07:22:12.637Z,,,n-hv3-u00666,
hv3-e002431,hv3-u00696,baseline,hv3:main:50,referral,trial_started,2026-08-10T07:33:40.325Z,,,,
hv3-e001921,hv3-u00550,task_first,hv3:main:50,organic_search,assigned,2026-08-10T07:43:43.962Z,,,,
hv3-e001922,hv3-u00550,task_first,hv3:main:50,organic_search,note_saved,2026-08-10T07:47:43.962Z,,,n-hv3-u00550,
hv3-e001923,hv3-u00550,task_first,hv3:main:50,organic_search,task_created,2026-08-10T07:49:43.962Z,,,n-hv3-u00550,t-hv3-u00550-1
hv3-e000437,hv3-u00132,baseline,hv3:main:50,paid_social,revisited,2026-08-10T08:05:27.619Z,,,n-hv3-u00132,
hv3-e000400,hv3-u00123,baseline,hv3:main:50,app_store,assigned,2026-08-10T08:06:17.949Z,,,,
hv3-e000401,hv3-u00123,baseline,hv3:main:50,app_store,note_saved,2026-08-10T08:10:17.949Z,,,n-hv3-u00123,
hv3-e000743,hv3-u00214,task_first,hv3:main:50,referral,revisited,2026-08-10T08:34:06.778Z,,,n-hv3-u00214,
hv3-e002634,hv3-u00758,task_first,hv3:main:50,organic_search,assigned,2026-08-10T08:56:11.213Z,,,,
hv3-e002635,hv3-u00758,task_first,hv3:main:50,organic_search,note_saved,2026-08-10T09:00:11.213Z,,,n-hv3-u00758,
hv3-e000403,hv3-u00123,baseline,hv3:main:50,app_store,trial_started,2026-08-10T09:06:17.949Z,,,,
hv3-e002657,hv3-u00763,baseline,hv3:main:50,paid_social,trial_started,2026-08-10T09:10:40.287Z,,,,
hv3-e000744,hv3-u00215,baseline,hv3:main:50,referral,assigned,2026-08-10T09:21:13.263Z,,,,
hv3-e000225,hv3-u00073,baseline,hv3:main:50,organic_search,assigned,2026-08-10T09:21:23.246Z,,,,
hv3-e000745,hv3-u00215,baseline,hv3:main:50,referral,note_saved,2026-08-10T09:25:13.263Z,,,n-hv3-u00215,
hv3-e000226,hv3-u00073,baseline,hv3:main:50,organic_search,note_saved,2026-08-10T09:25:23.246Z,,,n-hv3-u00073,
hv3-e000746,hv3-u00215,baseline,hv3:main:50,referral,task_created,2026-08-10T09:27:13.263Z,,,n-hv3-u00215,t-hv3-u00215-1
hv3-e002636,hv3-u00758,task_first,hv3:main:50,organic_search,trial_started,2026-08-10T09:56:11.213Z,,,,
hv3-e001706,hv3-u00484,baseline,hv3:main:50,app_store,assigned,2026-08-10T10:08:07.245Z,,,,
hv3-e001707,hv3-u00484,baseline,hv3:main:50,app_store,note_saved,2026-08-10T10:12:07.245Z,,,n-hv3-u00484,
hv3-e001708,hv3-u00484,baseline,hv3:main:50,app_store,task_created,2026-08-10T10:14:07.245Z,,,n-hv3-u00484,t-hv3-u00484-1
hv3-e001709,hv3-u00484,baseline,hv3:main:50,app_store,task_created,2026-08-10T10:15:07.245Z,,,n-hv3-u00484,t-hv3-u00484-2
hv3-e000801,hv3-u00231,baseline,hv3:main:50,organic_search,assigned,2026-08-10T10:20:54.394Z,,,,
hv3-e000802,hv3-u00231,baseline,hv3:main:50,organic_search,note_saved,2026-08-10T10:24:54.394Z,,,n-hv3-u00231,
hv3-e000803,hv3-u00231,baseline,hv3:main:50,organic_search,task_created,2026-08-10T10:26:54.394Z,,,n-hv3-u00231,t-hv3-u00231-1
hv3-e000804,hv3-u00231,baseline,hv3:main:50,organic_search,task_created,2026-08-10T10:27:54.394Z,,,n-hv3-u00231,t-hv3-u00231-2
hv3-e000805,hv3-u00231,baseline,hv3:main:50,organic_search,task_created,2026-08-10T10:28:54.394Z,,,n-hv3-u00231,t-hv3-u00231-3
hv3-e002842,hv3-u00817,task_first,hv3:main:50,paid_social,trial_started,2026-08-10T11:00:45.720Z,,,,
hv3-e003513,hv3-u01017,task_first,hv3:main:50,app_store,revisited,2026-08-10T11:08:59.064Z,,,n-hv3-u01017,
hv3-e003636,hv3-u01053,task_first,hv3:main:50,paid_social,assigned,2026-08-10T11:13:10.664Z,,,,
hv3-e003637,hv3-u01053,task_first,hv3:main:50,paid_social,note_saved,2026-08-10T11:17:10.664Z,,,n-hv3-u01053,
hv3-e003638,hv3-u01053,task_first,hv3:main:50,paid_social,task_created,2026-08-10T11:19:10.664Z,,,n-hv3-u01053,t-hv3-u01053-1
hv3-e003639,hv3-u01053,task_first,hv3:main:50,paid_social,task_created,2026-08-10T11:20:10.664Z,,,n-hv3-u01053,t-hv3-u01053-2
hv3-e002622,hv3-u00755,task_first,hv3:main:50,paid_social,assigned,2026-08-10T12:46:16.521Z,,,,
hv3-e002623,hv3-u00755,task_first,hv3:main:50,paid_social,note_saved,2026-08-10T12:50:16.521Z,,,n-hv3-u00755,
hv3-e000212,hv3-u00067,task_first,hv3:main:50,app_store,trial_started,2026-08-10T12:51:47.649Z,,,,
hv3-e002624,hv3-u00755,task_first,hv3:main:50,paid_social,task_created,2026-08-10T12:52:16.521Z,,,n-hv3-u00755,t-hv3-u00755-1
hv3-e002625,hv3-u00755,task_first,hv3:main:50,paid_social,task_created,2026-08-10T12:53:16.521Z,,,n-hv3-u00755,t-hv3-u00755-2
hv3-e001871,hv3-u00533,task_first,hv3:main:50,referral,assigned,2026-08-10T13:00:04.349Z,,,,
hv3-e000138,hv3-u00041,baseline,hv3:main:50,paid_social,revisited,2026-08-10T13:18:19.089Z,,,n-hv3-u00041,
hv3-e002599,hv3-u00749,baseline,hv3:main:50,referral,assigned,2026-08-10T13:19:01.273Z,,,,
hv3-e000139,hv3-u00041,baseline,hv3:main:50,paid_social,task_completed,2026-08-10T13:23:19.089Z,,,n-hv3-u00041,t-hv3-u00041-1
hv3-e001803,hv3-u00515,task_first,hv3:main:50,organic_search,assigned,2026-08-10T13:29:33.870Z,,,,
hv3-e001296,hv3-u00368,baseline,hv3:main:50,organic_search,assigned,2026-08-10T13:31:27.220Z,,,,
hv3-e001804,hv3-u00515,task_first,hv3:main:50,organic_search,note_saved,2026-08-10T13:33:33.870Z,,,n-hv3-u00515,
hv3-e001297,hv3-u00368,baseline,hv3:main:50,organic_search,note_saved,2026-08-10T13:35:27.220Z,,,n-hv3-u00368,
hv3-e001298,hv3-u00368,baseline,hv3:main:50,organic_search,task_created,2026-08-10T13:37:27.220Z,,,n-hv3-u00368,t-hv3-u00368-1
hv3-e001299,hv3-u00368,baseline,hv3:main:50,organic_search,task_created,2026-08-10T13:38:27.220Z,,,n-hv3-u00368,t-hv3-u00368-2
hv3-e001300,hv3-u00368,baseline,hv3:main:50,organic_search,task_created,2026-08-10T13:39:27.220Z,,,n-hv3-u00368,t-hv3-u00368-3
hv3-e001661,hv3-u00470,baseline,hv3:main:50,organic_search,assigned,2026-08-10T13:52:48.700Z,,,,
hv3-e001662,hv3-u00470,baseline,hv3:main:50,organic_search,note_saved,2026-08-10T13:56:48.700Z,,,n-hv3-u00470,
hv3-e001124,hv3-u00319,baseline,hv3:main:50,paid_social,assigned,2026-08-10T14:08:54.604Z,,,,
hv3-e001125,hv3-u00319,baseline,hv3:main:50,paid_social,note_saved,2026-08-10T14:12:54.604Z,,,n-hv3-u00319,
hv3-e001126,hv3-u00319,baseline,hv3:main:50,paid_social,task_created,2026-08-10T14:14:54.604Z,,,n-hv3-u00319,t-hv3-u00319-1
hv3-e000409,hv3-u00124,task_first,hv3:main:50,organic_search,revisited,2026-08-10T14:32:09.717Z,,,n-hv3-u00124,
hv3-e003642,hv3-u01054,baseline,hv3:main:50,referral,assigned,2026-08-10T14:34:43.427Z,,,,
hv3-e003643,hv3-u01054,baseline,hv3:main:50,referral,note_saved,2026-08-10T14:38:43.427Z,,,n-hv3-u01054,
hv3-e001633,hv3-u00459,baseline,hv3:main:50,organic_search,assigned,2026-08-10T14:41:37.486Z,,,,
hv3-e001634,hv3-u00459,baseline,hv3:main:50,organic_search,note_saved,2026-08-10T14:45:37.486Z,,,n-hv3-u00459,
hv3-e000980,hv3-u00275,baseline,hv3:main:50,organic_search,revisited,2026-08-10T14:52:26.200Z,,,n-hv3-u00275,
hv3-e000557,hv3-u00163,baseline,hv3:main:50,app_store,assigned,2026-08-10T14:54:22.909Z,,,,
hv3-e000981,hv3-u00275,baseline,hv3:main:50,organic_search,task_completed,2026-08-10T14:57:26.200Z,,,n-hv3-u00275,t-hv3-u00275-1
hv3-e000558,hv3-u00163,baseline,hv3:main:50,app_store,note_saved,2026-08-10T14:58:22.909Z,,,n-hv3-u00163,
hv3-e000559,hv3-u00163,baseline,hv3:main:50,app_store,task_created,2026-08-10T15:00:22.909Z,,,n-hv3-u00163,t-hv3-u00163-1
hv3-e000560,hv3-u00163,baseline,hv3:main:50,app_store,task_created,2026-08-10T15:01:22.909Z,,,n-hv3-u00163,t-hv3-u00163-2
hv3-e000426,hv3-u00129,baseline,hv3:main:50,paid_social,revisited,2026-08-10T15:28:00.335Z,,,n-hv3-u00129,
hv3-e000487,hv3-u00142,task_first,hv3:main:50,paid_social,assigned,2026-08-10T16:05:50.771Z,,,,
hv3-e000488,hv3-u00142,task_first,hv3:main:50,paid_social,note_saved,2026-08-10T16:09:50.771Z,,,n-hv3-u00142,
hv3-e002538,hv3-u00728,baseline,hv3:main:50,paid_social,assigned,2026-08-10T17:05:04.235Z,,,,
hv3-e002539,hv3-u00728,baseline,hv3:main:50,paid_social,note_saved,2026-08-10T17:09:04.235Z,,,n-hv3-u00728,
hv3-e001993,hv3-u00569,task_first,hv3:main:50,organic_search,assigned,2026-08-10T17:26:25.744Z,,,,
hv3-e001994,hv3-u00569,task_first,hv3:main:50,organic_search,note_saved,2026-08-10T17:30:25.744Z,,,n-hv3-u00569,
hv3-e003676,hv3-u01065,baseline,hv3:main:50,organic_search,assigned,2026-08-10T17:34:04.781Z,,,,
hv3-e003677,hv3-u01065,baseline,hv3:main:50,organic_search,note_saved,2026-08-10T17:38:04.781Z,,,n-hv3-u01065,
hv3-e003678,hv3-u01065,baseline,hv3:main:50,organic_search,task_created,2026-08-10T17:40:04.781Z,,,n-hv3-u01065,t-hv3-u01065-1
hv3-e003593,hv3-u01039,baseline,hv3:main:50,organic_search,trial_started,2026-08-10T18:12:40.489Z,,,,
hv3-e003158,hv3-u00910,task_first,hv3:main:50,paid_social,assigned,2026-08-10T18:24:30.058Z,,,,
hv3-e003159,hv3-u00910,task_first,hv3:main:50,paid_social,note_saved,2026-08-10T18:28:30.058Z,,,n-hv3-u00910,
hv3-e002270,hv3-u00651,task_first,hv3:main:50,paid_social,assigned,2026-08-10T18:33:43.252Z,,,,
hv3-e002271,hv3-u00651,task_first,hv3:main:50,paid_social,note_saved,2026-08-10T18:37:43.252Z,,,n-hv3-u00651,
hv3-e002272,hv3-u00651,task_first,hv3:main:50,paid_social,task_created,2026-08-10T18:39:43.252Z,,,n-hv3-u00651,t-hv3-u00651-1
hv3-e002273,hv3-u00651,task_first,hv3:main:50,paid_social,task_created,2026-08-10T18:40:43.252Z,,,n-hv3-u00651,t-hv3-u00651-2
hv3-e002274,hv3-u00651,task_first,hv3:main:50,paid_social,task_created,2026-08-10T18:41:43.252Z,,,n-hv3-u00651,t-hv3-u00651-3
hv3-e002004,hv3-u00572,task_first,hv3:main:50,organic_search,revisited,2026-08-10T18:46:30.855Z,,,n-hv3-u00572,
hv3-e000398,hv3-u00122,baseline,hv3:main:50,app_store,revisited,2026-08-10T18:49:00.010Z,,,n-hv3-u00122,
hv3-e000879,hv3-u00250,baseline,hv3:main:50,paid_social,assigned,2026-08-10T18:53:39.739Z,,,,
hv3-e000880,hv3-u00250,baseline,hv3:main:50,paid_social,note_saved,2026-08-10T18:57:39.739Z,,,n-hv3-u00250,
hv3-e000881,hv3-u00250,baseline,hv3:main:50,paid_social,task_created,2026-08-10T18:59:39.739Z,,,n-hv3-u00250,t-hv3-u00250-1
hv3-e000882,hv3-u00250,baseline,hv3:main:50,paid_social,task_created,2026-08-10T19:00:39.739Z,,,n-hv3-u00250,t-hv3-u00250-2
hv3-e000883,hv3-u00250,baseline,hv3:main:50,paid_social,task_created,2026-08-10T19:01:39.739Z,,,n-hv3-u00250,t-hv3-u00250-3
hv3-e002988,hv3-u00856,task_first,hv3:main:50,paid_social,assigned,2026-08-10T19:05:18.217Z,,,,
hv3-e001318,hv3-u00374,baseline,hv3:main:50,organic_search,trial_started,2026-08-10T19:28:36.969Z,,,,
hv3-e003223,hv3-u00926,task_first,hv3:main:50,organic_search,revisited,2026-08-10T20:13:24.753Z,,,n-hv3-u00926,
hv3-e002869,hv3-u00825,task_first,hv3:main:50,organic_search,assigned,2026-08-10T20:48:05.022Z,,,,
hv3-e002870,hv3-u00825,task_first,hv3:main:50,organic_search,note_saved,2026-08-10T20:52:05.022Z,,,n-hv3-u00825,
hv3-e002871,hv3-u00825,task_first,hv3:main:50,organic_search,task_created,2026-08-10T20:54:05.022Z,,,n-hv3-u00825,t-hv3-u00825-1
hv3-e001238,hv3-u00350,baseline,hv3:main:50,organic_search,revisited,2026-08-10T21:34:37.872Z,,,n-hv3-u00350,
hv3-e001239,hv3-u00350,baseline,hv3:main:50,organic_search,task_completed,2026-08-10T21:39:37.872Z,,,n-hv3-u00350,t-hv3-u00350-1
hv3-e000640,hv3-u00187,task_first,hv3:main:50,referral,assigned,2026-08-10T21:40:20.293Z,,,,
hv3-e000641,hv3-u00187,task_first,hv3:main:50,referral,note_saved,2026-08-10T21:44:20.293Z,,,n-hv3-u00187,
hv3-e000642,hv3-u00187,task_first,hv3:main:50,referral,task_created,2026-08-10T21:46:20.293Z,,,n-hv3-u00187,t-hv3-u00187-1
hv3-e001052,hv3-u00298,baseline,hv3:main:50,organic_search,assigned,2026-08-10T21:46:42.165Z,,,,
hv3-e000643,hv3-u00187,task_first,hv3:main:50,referral,task_created,2026-08-10T21:47:20.293Z,,,n-hv3-u00187,t-hv3-u00187-2
hv3-e001053,hv3-u00298,baseline,hv3:main:50,organic_search,note_saved,2026-08-10T21:50:42.165Z,,,n-hv3-u00298,
hv3-e001054,hv3-u00298,baseline,hv3:main:50,organic_search,task_created,2026-08-10T21:52:42.165Z,,,n-hv3-u00298,t-hv3-u00298-1
hv3-e002055,hv3-u00587,baseline,hv3:main:50,app_store,revisited,2026-08-10T21:58:40.693Z,,,n-hv3-u00587,
hv3-e003360,hv3-u00970,baseline,hv3:main:50,referral,assigned,2026-08-10T22:02:42.953Z,,,,
hv3-e002056,hv3-u00587,baseline,hv3:main:50,app_store,task_completed,2026-08-10T22:03:40.693Z,,,n-hv3-u00587,t-hv3-u00587-1
hv3-e003361,hv3-u00970,baseline,hv3:main:50,referral,note_saved,2026-08-10T22:06:42.953Z,,,n-hv3-u00970,
hv3-e001838,hv3-u00525,baseline,hv3:main:50,paid_social,revisited,2026-08-10T22:15:06.187Z,,,n-hv3-u00525,
hv3-e001839,hv3-u00525,baseline,hv3:main:50,paid_social,task_completed,2026-08-10T22:20:06.187Z,,,n-hv3-u00525,t-hv3-u00525-1
hv3-e000791,hv3-u00228,baseline,hv3:main:50,paid_social,assigned,2026-08-10T22:58:59.710Z,,,,
hv3-e000769,hv3-u00221,baseline,hv3:main:50,app_store,assigned,2026-08-10T23:00:26.248Z,,,,
hv3-e000792,hv3-u00228,baseline,hv3:main:50,paid_social,note_saved,2026-08-10T23:02:59.710Z,,,n-hv3-u00228,
hv3-e000770,hv3-u00221,baseline,hv3:main:50,app_store,note_saved,2026-08-10T23:04:26.248Z,,,n-hv3-u00221,
hv3-e000771,hv3-u00221,baseline,hv3:main:50,app_store,task_created,2026-08-10T23:06:26.248Z,,,n-hv3-u00221,t-hv3-u00221-1
hv3-e000772,hv3-u00221,baseline,hv3:main:50,app_store,task_created,2026-08-10T23:07:26.248Z,,,n-hv3-u00221,t-hv3-u00221-2
hv3-e000773,hv3-u00221,baseline,hv3:main:50,app_store,task_created,2026-08-10T23:08:26.248Z,,,n-hv3-u00221,t-hv3-u00221-3
hv3-e000496,hv3-u00145,task_first,hv3:main:50,organic_search,assigned,2026-08-10T23:13:28.661Z,,,,
hv3-e002341,hv3-u00672,task_first,hv3:main:50,app_store,revisited,2026-08-10T23:13:30.528Z,,,n-hv3-u00672,
hv3-e000584,hv3-u00169,task_first,hv3:main:50,paid_social,revisited,2026-08-11T00:02:08.436Z,,,n-hv3-u00169,
hv3-e003038,hv3-u00871,task_first,hv3:main:50,paid_social,revisited,2026-08-11T00:02:33.661Z,,,n-hv3-u00871,
hv3-e002208,hv3-u00631,baseline,hv3:main:50,paid_social,assigned,2026-08-11T00:02:48.095Z,,,,
hv3-e001473,hv3-u00416,baseline,hv3:main:50,app_store,assigned,2026-08-11T00:31:06.038Z,,,,
hv3-e001474,hv3-u00416,baseline,hv3:main:50,app_store,note_saved,2026-08-11T00:35:06.038Z,,,n-hv3-u00416,
hv3-e001475,hv3-u00416,baseline,hv3:main:50,app_store,task_created,2026-08-11T00:37:06.038Z,,,n-hv3-u00416,t-hv3-u00416-1
hv3-e001476,hv3-u00416,baseline,hv3:main:50,app_store,task_created,2026-08-11T00:38:06.038Z,,,n-hv3-u00416,t-hv3-u00416-2
hv3-e000575,hv3-u00166,baseline,hv3:main:50,organic_search,revisited,2026-08-11T00:38:16.782Z,,,n-hv3-u00166,
hv3-e001477,hv3-u00416,baseline,hv3:main:50,app_store,task_created,2026-08-11T00:39:06.038Z,,,n-hv3-u00416,t-hv3-u00416-3
hv3-e000502,hv3-u00148,task_first,hv3:main:50,paid_social,trial_started,2026-08-11T00:40:42.314Z,,,,
hv3-e001510,hv3-u00427,baseline,hv3:main:50,app_store,assigned,2026-08-11T02:10:41.335Z,,,,
hv3-e001511,hv3-u00427,baseline,hv3:main:50,app_store,note_saved,2026-08-11T02:14:41.335Z,,,n-hv3-u00427,
hv3-e001512,hv3-u00427,baseline,hv3:main:50,app_store,task_created,2026-08-11T02:16:41.335Z,,,n-hv3-u00427,t-hv3-u00427-1
hv3-e002182,hv3-u00623,task_first,hv3:main:50,app_store,trial_started,2026-08-11T02:17:17.936Z,,,,
hv3-e001513,hv3-u00427,baseline,hv3:main:50,app_store,task_created,2026-08-11T02:17:41.335Z,,,n-hv3-u00427,t-hv3-u00427-2
hv3-e001369,hv3-u00387,baseline,hv3:main:50,organic_search,assigned,2026-08-11T02:23:06.697Z,,,,
hv3-e001370,hv3-u00387,baseline,hv3:main:50,organic_search,note_saved,2026-08-11T02:27:06.697Z,,,n-hv3-u00387,
hv3-e001371,hv3-u00387,baseline,hv3:main:50,organic_search,task_created,2026-08-11T02:29:06.697Z,,,n-hv3-u00387,t-hv3-u00387-1
hv3-e001372,hv3-u00387,baseline,hv3:main:50,organic_search,task_created,2026-08-11T02:30:06.697Z,,,n-hv3-u00387,t-hv3-u00387-2
hv3-e000461,hv3-u00138,baseline,hv3:main:50,paid_social,assigned,2026-08-11T02:30:50.144Z,,,,
hv3-e001373,hv3-u00387,baseline,hv3:main:50,organic_search,task_created,2026-08-11T02:31:06.697Z,,,n-hv3-u00387,t-hv3-u00387-3
hv3-e000462,hv3-u00138,baseline,hv3:main:50,paid_social,note_saved,2026-08-11T02:34:50.144Z,,,n-hv3-u00138,
hv3-e000463,hv3-u00138,baseline,hv3:main:50,paid_social,task_created,2026-08-11T02:36:50.144Z,,,n-hv3-u00138,t-hv3-u00138-1
hv3-e000464,hv3-u00138,baseline,hv3:main:50,paid_social,task_created,2026-08-11T02:37:50.144Z,,,n-hv3-u00138,t-hv3-u00138-2
hv3-e000465,hv3-u00138,baseline,hv3:main:50,paid_social,task_created,2026-08-11T02:38:50.144Z,,,n-hv3-u00138,t-hv3-u00138-3
hv3-e000179,hv3-u00056,baseline,hv3:main:50,paid_social,revisited,2026-08-11T02:44:30.524Z,,,n-hv3-u00056,
hv3-e001095,hv3-u00309,baseline,hv3:main:50,paid_social,assigned,2026-08-11T03:01:19.111Z,,,,
hv3-e001096,hv3-u00309,baseline,hv3:main:50,paid_social,note_saved,2026-08-11T03:05:19.111Z,,,n-hv3-u00309,
hv3-e000167,hv3-u00052,baseline,hv3:main:50,paid_social,assigned,2026-08-11T03:09:10.982Z,,,,
hv3-e001516,hv3-u00427,baseline,hv3:main:50,app_store,trial_started,2026-08-11T03:10:41.335Z,,,,
hv3-e003270,hv3-u00940,task_first,hv3:main:50,paid_social,assigned,2026-08-11T03:12:32.920Z,,,,
hv3-e003271,hv3-u00940,task_first,hv3:main:50,paid_social,note_saved,2026-08-11T03:16:32.920Z,,,n-hv3-u00940,
hv3-e003320,hv3-u00956,baseline,hv3:main:50,paid_social,assigned,2026-08-11T03:19:12.306Z,,,,
hv3-e000056,hv3-u00018,task_first,hv3:main:50,referral,assigned,2026-08-11T03:21:17.070Z,,,,
hv3-e003321,hv3-u00956,baseline,hv3:main:50,paid_social,note_saved,2026-08-11T03:23:12.306Z,,,n-hv3-u00956,
hv3-e001613,hv3-u00454,task_first,hv3:main:50,organic_search,assigned,2026-08-11T03:26:19.766Z,,,,
hv3-e001614,hv3-u00454,task_first,hv3:main:50,organic_search,note_saved,2026-08-11T03:30:19.766Z,,,n-hv3-u00454,
hv3-e001615,hv3-u00454,task_first,hv3:main:50,organic_search,task_created,2026-08-11T03:32:19.766Z,,,n-hv3-u00454,t-hv3-u00454-1
hv3-e001616,hv3-u00454,task_first,hv3:main:50,organic_search,task_created,2026-08-11T03:33:19.766Z,,,n-hv3-u00454,t-hv3-u00454-2
hv3-e001022,hv3-u00289,task_first,hv3:main:50,referral,revisited,2026-08-11T03:36:22.419Z,,,n-hv3-u00289,
hv3-e002177,hv3-u00622,task_first,hv3:main:50,app_store,trial_started,2026-08-11T03:38:15.826Z,,,,
hv3-e000808,hv3-u00232,baseline,hv3:main:50,organic_search,revisited,2026-08-11T03:38:28.030Z,,,n-hv3-u00232,
hv3-e000168,hv3-u00052,baseline,hv3:main:50,paid_social,trial_started,2026-08-11T04:09:10.982Z,,,,
hv3-e002737,hv3-u00789,task_first,hv3:main:50,organic_search,assigned,2026-08-11T04:16:05.371Z,,,,
hv3-e002738,hv3-u00789,task_first,hv3:main:50,organic_search,note_saved,2026-08-11T04:20:05.371Z,,,n-hv3-u00789,
hv3-e003240,hv3-u00932,baseline,hv3:main:50,organic_search,assigned,2026-08-11T04:23:09.598Z,,,,
hv3-e003241,hv3-u00932,baseline,hv3:main:50,organic_search,note_saved,2026-08-11T04:27:09.598Z,,,n-hv3-u00932,
hv3-e003242,hv3-u00932,baseline,hv3:main:50,organic_search,task_created,2026-08-11T04:29:09.598Z,,,n-hv3-u00932,t-hv3-u00932-1
hv3-e003243,hv3-u00932,baseline,hv3:main:50,organic_search,task_created,2026-08-11T04:30:09.598Z,,,n-hv3-u00932,t-hv3-u00932-2
hv3-e001929,hv3-u00552,task_first,hv3:main:50,organic_search,revisited,2026-08-11T04:43:43.667Z,,,n-hv3-u00552,
hv3-e001930,hv3-u00552,task_first,hv3:main:50,organic_search,task_completed,2026-08-11T04:48:43.667Z,,,n-hv3-u00552,t-hv3-u00552-1
hv3-e000022,hv3-u00008,task_first,hv3:main:50,organic_search,assigned,2026-08-11T04:54:09.567Z,,,,
hv3-e000023,hv3-u00008,task_first,hv3:main:50,organic_search,note_saved,2026-08-11T04:58:09.567Z,,,n-hv3-u00008,
hv3-e002366,hv3-u00679,baseline,hv3:main:50,paid_social,assigned,2026-08-11T05:13:02.311Z,,,,
hv3-e002367,hv3-u00679,baseline,hv3:main:50,paid_social,note_saved,2026-08-11T05:17:02.311Z,,,n-hv3-u00679,
hv3-e002873,hv3-u00826,baseline,hv3:main:50,app_store,assigned,2026-08-11T05:17:22.045Z,,,,
hv3-e002368,hv3-u00679,baseline,hv3:main:50,paid_social,task_created,2026-08-11T05:19:02.311Z,,,n-hv3-u00679,t-hv3-u00679-1
hv3-e002369,hv3-u00679,baseline,hv3:main:50,paid_social,task_created,2026-08-11T05:20:02.311Z,,,n-hv3-u00679,t-hv3-u00679-2
hv3-e002370,hv3-u00679,baseline,hv3:main:50,paid_social,task_created,2026-08-11T05:21:02.311Z,,,n-hv3-u00679,t-hv3-u00679-3
hv3-e002874,hv3-u00826,baseline,hv3:main:50,app_store,note_saved,2026-08-11T05:21:22.045Z,,,n-hv3-u00826,
hv3-e001356,hv3-u00383,task_first,hv3:main:50,paid_social,trial_started,2026-08-11T05:55:14.024Z,,,,
hv3-e001693,hv3-u00479,baseline,hv3:main:50,paid_social,revisited,2026-08-11T06:21:43.751Z,,,n-hv3-u00479,
hv3-e002664,hv3-u00765,task_first,hv3:main:50,paid_social,revisited,2026-08-11T06:22:18.871Z,,,n-hv3-u00765,
hv3-e002430,hv3-u00696,baseline,hv3:main:50,referral,revisited,2026-08-11T06:33:40.325Z,,,n-hv3-u00696,
hv3-e003055,hv3-u00877,baseline,hv3:main:50,referral,assigned,2026-08-11T06:47:14.938Z,,,,
hv3-e002563,hv3-u00739,baseline,hv3:main:50,organic_search,assigned,2026-08-11T06:48:31.926Z,,,,
hv3-e003056,hv3-u00877,baseline,hv3:main:50,referral,note_saved,2026-08-11T06:51:14.938Z,,,n-hv3-u00877,
hv3-e002564,hv3-u00739,baseline,hv3:main:50,organic_search,note_saved,2026-08-11T06:52:31.926Z,,,n-hv3-u00739,
hv3-e003057,hv3-u00877,baseline,hv3:main:50,referral,task_created,2026-08-11T06:53:14.938Z,,,n-hv3-u00877,t-hv3-u00877-1
hv3-e003058,hv3-u00877,baseline,hv3:main:50,referral,task_created,2026-08-11T06:54:14.938Z,,,n-hv3-u00877,t-hv3-u00877-2
hv3-e001884,hv3-u00538,task_first,hv3:main:50,referral,assigned,2026-08-11T07:10:28.416Z,,,,
hv3-e001885,hv3-u00538,task_first,hv3:main:50,referral,note_saved,2026-08-11T07:14:28.416Z,,,n-hv3-u00538,
hv3-e002865,hv3-u00823,baseline,hv3:main:50,paid_social,assigned,2026-08-11T07:14:30.238Z,,,,
hv3-e002866,hv3-u00823,baseline,hv3:main:50,paid_social,note_saved,2026-08-11T07:18:30.238Z,,,n-hv3-u00823,
hv3-e000872,hv3-u00247,task_first,hv3:main:50,paid_social,trial_started,2026-08-11T07:26:33.211Z,,,,
hv3-e001082,hv3-u00305,task_first,hv3:main:50,referral,revisited,2026-08-11T07:37:45.850Z,,,n-hv3-u00305,
hv3-e001083,hv3-u00305,task_first,hv3:main:50,referral,task_completed,2026-08-11T07:42:45.850Z,,,n-hv3-u00305,t-hv3-u00305-1
hv3-e001797,hv3-u00512,baseline,hv3:main:50,organic_search,assigned,2026-08-11T08:02:07.519Z,,,,
hv3-e001798,hv3-u00512,baseline,hv3:main:50,organic_search,note_saved,2026-08-11T08:06:07.519Z,,,n-hv3-u00512,
hv3-e000037,hv3-u00013,task_first,hv3:main:50,app_store,assigned,2026-08-11T08:33:14.786Z,,,,
hv3-e000038,hv3-u00013,task_first,hv3:main:50,app_store,note_saved,2026-08-11T08:37:14.786Z,,,n-hv3-u00013,
hv3-e000518,hv3-u00153,baseline,hv3:main:50,referral,assigned,2026-08-11T08:43:03.940Z,,,,
hv3-e000519,hv3-u00153,baseline,hv3:main:50,referral,note_saved,2026-08-11T08:47:03.940Z,,,n-hv3-u00153,
hv3-e003314,hv3-u00954,task_first,hv3:main:50,referral,assigned,2026-08-11T09:05:03.129Z,,,,
hv3-e003315,hv3-u00954,task_first,hv3:main:50,referral,note_saved,2026-08-11T09:09:03.129Z,,,n-hv3-u00954,
hv3-e001151,hv3-u00328,task_first,hv3:main:50,organic_search,assigned,2026-08-11T10:20:27.048Z,,,,
hv3-e001152,hv3-u00328,task_first,hv3:main:50,organic_search,note_saved,2026-08-11T10:24:27.048Z,,,n-hv3-u00328,
hv3-e000821,hv3-u00235,baseline,hv3:main:50,organic_search,revisited,2026-08-11T10:54:17.556Z,,,n-hv3-u00235,
hv3-e000822,hv3-u00235,baseline,hv3:main:50,organic_search,task_completed,2026-08-11T10:59:17.556Z,,,n-hv3-u00235,t-hv3-u00235-1
hv3-e001786,hv3-u00509,baseline,hv3:main:50,paid_social,assigned,2026-08-11T11:34:06.090Z,,,,
hv3-e001787,hv3-u00509,baseline,hv3:main:50,paid_social,note_saved,2026-08-11T11:38:06.090Z,,,n-hv3-u00509,
hv3-e001788,hv3-u00509,baseline,hv3:main:50,paid_social,task_created,2026-08-11T11:40:06.090Z,,,n-hv3-u00509,t-hv3-u00509-1
hv3-e001789,hv3-u00509,baseline,hv3:main:50,paid_social,task_created,2026-08-11T11:41:06.090Z,,,n-hv3-u00509,t-hv3-u00509-2
hv3-e001991,hv3-u00568,task_first,hv3:main:50,paid_social,assigned,2026-08-11T11:54:57.237Z,,,,
hv3-e001992,hv3-u00568,task_first,hv3:main:50,paid_social,note_saved,2026-08-11T11:58:57.237Z,,,n-hv3-u00568,
hv3-e003280,hv3-u00944,baseline,hv3:main:50,organic_search,assigned,2026-08-11T12:06:01.746Z,,,,
hv3-e003281,hv3-u00944,baseline,hv3:main:50,organic_search,note_saved,2026-08-11T12:10:01.746Z,,,n-hv3-u00944,
hv3-e002843,hv3-u00818,baseline,hv3:main:50,paid_social,assigned,2026-08-11T12:12:54.966Z,,,,
hv3-e002844,hv3-u00818,baseline,hv3:main:50,paid_social,note_saved,2026-08-11T12:16:54.966Z,,,n-hv3-u00818,
hv3-e002845,hv3-u00818,baseline,hv3:main:50,paid_social,task_created,2026-08-11T12:18:54.966Z,,,n-hv3-u00818,t-hv3-u00818-1
hv3-e003113,hv3-u00896,baseline,hv3:main:50,paid_social,assigned,2026-08-11T12:19:48.116Z,,,,
hv3-e003114,hv3-u00896,baseline,hv3:main:50,paid_social,note_saved,2026-08-11T12:23:48.116Z,,,n-hv3-u00896,
hv3-e001594,hv3-u00449,baseline,hv3:main:50,organic_search,assigned,2026-08-11T12:37:41.762Z,,,,
hv3-e000057,hv3-u00019,task_first,hv3:main:50,paid_social,assigned,2026-08-11T12:38:37.404Z,,,,
hv3-e001595,hv3-u00449,baseline,hv3:main:50,organic_search,note_saved,2026-08-11T12:41:41.762Z,,,n-hv3-u00449,
hv3-e000058,hv3-u00019,task_first,hv3:main:50,paid_social,note_saved,2026-08-11T12:42:37.404Z,,,n-hv3-u00019,
hv3-e001596,hv3-u00449,baseline,hv3:main:50,organic_search,task_created,2026-08-11T12:43:41.762Z,,,n-hv3-u00449,t-hv3-u00449-1
hv3-e002583,hv3-u00745,task_first,hv3:main:50,paid_social,assigned,2026-08-11T12:44:27.116Z,,,,
hv3-e000059,hv3-u00019,task_first,hv3:main:50,paid_social,task_created,2026-08-11T12:44:37.404Z,,,n-hv3-u00019,t-hv3-u00019-1
hv3-e002584,hv3-u00745,task_first,hv3:main:50,paid_social,note_saved,2026-08-11T12:48:27.116Z,,,n-hv3-u00745,
hv3-e002585,hv3-u00745,task_first,hv3:main:50,paid_social,task_created,2026-08-11T12:50:27.116Z,,,n-hv3-u00745,t-hv3-u00745-1
hv3-e001362,hv3-u00385,task_first,hv3:main:50,app_store,assigned,2026-08-11T13:18:03.228Z,,,,
hv3-e001363,hv3-u00385,task_first,hv3:main:50,app_store,note_saved,2026-08-11T13:22:03.228Z,,,n-hv3-u00385,
hv3-e001364,hv3-u00385,task_first,hv3:main:50,app_store,task_created,2026-08-11T13:24:03.228Z,,,n-hv3-u00385,t-hv3-u00385-1
hv3-e001365,hv3-u00385,task_first,hv3:main:50,app_store,task_created,2026-08-11T13:25:03.228Z,,,n-hv3-u00385,t-hv3-u00385-2
hv3-e002739,hv3-u00790,baseline,hv3:main:50,organic_search,assigned,2026-08-11T13:45:11.188Z,,,,
hv3-e002740,hv3-u00790,baseline,hv3:main:50,organic_search,note_saved,2026-08-11T13:49:11.188Z,,,n-hv3-u00790,
hv3-e002741,hv3-u00790,baseline,hv3:main:50,organic_search,task_created,2026-08-11T13:51:11.188Z,,,n-hv3-u00790,t-hv3-u00790-1
hv3-e001842,hv3-u00526,baseline,hv3:main:50,referral,revisited,2026-08-11T14:00:59.433Z,,,n-hv3-u00526,
hv3-e002556,hv3-u00736,task_first,hv3:main:50,organic_search,assigned,2026-08-11T14:54:32.492Z,,,,
hv3-e001665,hv3-u00472,task_first,hv3:main:50,paid_social,assigned,2026-08-11T15:20:31.127Z,,,,
hv3-e001666,hv3-u00472,task_first,hv3:main:50,paid_social,note_saved,2026-08-11T15:24:31.127Z,,,n-hv3-u00472,
hv3-e001667,hv3-u00472,task_first,hv3:main:50,paid_social,task_created,2026-08-11T15:26:31.127Z,,,n-hv3-u00472,t-hv3-u00472-1
hv3-e002763,hv3-u00797,task_first,hv3:main:50,paid_social,assigned,2026-08-11T15:34:48.903Z,,,,
hv3-e002764,hv3-u00797,task_first,hv3:main:50,paid_social,note_saved,2026-08-11T15:38:48.903Z,,,n-hv3-u00797,
hv3-e002080,hv3-u00594,task_first,hv3:main:50,app_store,assigned,2026-08-11T15:42:35.279Z,,,,
hv3-e002896,hv3-u00832,task_first,hv3:main:50,organic_search,assigned,2026-08-11T16:21:37.185Z,,,,
hv3-e002897,hv3-u00832,task_first,hv3:main:50,organic_search,note_saved,2026-08-11T16:25:37.185Z,,,n-hv3-u00832,
hv3-e000665,hv3-u00194,task_first,hv3:main:50,paid_social,assigned,2026-08-11T16:45:10.403Z,,,,
hv3-e002540,hv3-u00728,baseline,hv3:main:50,paid_social,revisited,2026-08-11T17:05:04.235Z,,,n-hv3-u00728,
hv3-e000549,hv3-u00161,baseline,hv3:main:50,paid_social,assigned,2026-08-11T17:17:55.634Z,,,,
hv3-e000550,hv3-u00161,baseline,hv3:main:50,paid_social,note_saved,2026-08-11T17:21:55.634Z,,,n-hv3-u00161,
hv3-e000551,hv3-u00161,baseline,hv3:main:50,paid_social,task_created,2026-08-11T17:23:55.634Z,,,n-hv3-u00161,t-hv3-u00161-1
hv3-e000552,hv3-u00161,baseline,hv3:main:50,paid_social,task_created,2026-08-11T17:24:55.634Z,,,n-hv3-u00161,t-hv3-u00161-2
hv3-e000553,hv3-u00161,baseline,hv3:main:50,paid_social,task_created,2026-08-11T17:25:55.634Z,,,n-hv3-u00161,t-hv3-u00161-3
hv3-e001890,hv3-u00540,baseline,hv3:main:50,paid_social,revisited,2026-08-11T17:29:36.786Z,,,n-hv3-u00540,
hv3-e002102,hv3-u00601,task_first,hv3:main:50,app_store,revisited,2026-08-11T17:31:12.410Z,,,n-hv3-u00601,
hv3-e003249,hv3-u00933,task_first,hv3:main:50,paid_social,revisited,2026-08-11T17:37:22.737Z,,,n-hv3-u00933,
hv3-e003250,hv3-u00933,task_first,hv3:main:50,paid_social,trial_started,2026-08-11T18:37:22.737Z,,,,
hv3-e002094,hv3-u00599,task_first,hv3:main:50,organic_search,assigned,2026-08-11T18:43:09.250Z,,,,
hv3-e001201,hv3-u00341,task_first,hv3:main:50,paid_social,assigned,2026-08-11T18:45:15.613Z,,,,
hv3-e002095,hv3-u00599,task_first,hv3:main:50,organic_search,note_saved,2026-08-11T18:47:09.250Z,,,n-hv3-u00599,
hv3-e001202,hv3-u00341,task_first,hv3:main:50,paid_social,note_saved,2026-08-11T18:49:15.613Z,,,n-hv3-u00341,
hv3-e001395,hv3-u00393,task_first,hv3:main:50,paid_social,assigned,2026-08-11T19:15:30.796Z,,,,
hv3-e000399,hv3-u00122,baseline,hv3:main:50,app_store,trial_started,2026-08-11T19:49:00.010Z,,,,
hv3-e003714,hv3-u01075,task_first,hv3:main:50,paid_social,revisited,2026-08-11T19:52:05.380Z,,,n-hv3-u01075,
hv3-e001431,hv3-u00404,task_first,hv3:main:50,referral,assigned,2026-08-11T20:03:37.761Z,,,,
hv3-e001899,hv3-u00543,baseline,hv3:main:50,paid_social,assigned,2026-08-11T20:18:16.046Z,,,,
hv3-e001900,hv3-u00543,baseline,hv3:main:50,paid_social,note_saved,2026-08-11T20:22:16.046Z,,,n-hv3-u00543,
hv3-e001901,hv3-u00543,baseline,hv3:main:50,paid_social,task_created,2026-08-11T20:24:16.046Z,,,n-hv3-u00543,t-hv3-u00543-1
hv3-e001902,hv3-u00543,baseline,hv3:main:50,paid_social,task_created,2026-08-11T20:25:16.046Z,,,n-hv3-u00543,t-hv3-u00543-2
hv3-e002406,hv3-u00691,baseline,hv3:main:50,paid_social,assigned,2026-08-11T20:37:20.316Z,,,,
hv3-e002407,hv3-u00691,baseline,hv3:main:50,paid_social,note_saved,2026-08-11T20:41:20.316Z,,,n-hv3-u00691,
hv3-e001918,hv3-u00548,task_first,hv3:main:50,organic_search,assigned,2026-08-11T20:43:13.557Z,,,,
hv3-e001919,hv3-u00548,task_first,hv3:main:50,organic_search,note_saved,2026-08-11T20:47:13.557Z,,,n-hv3-u00548,
hv3-e000459,hv3-u00137,baseline,hv3:main:50,referral,assigned,2026-08-11T20:54:26.789Z,,,,
hv3-e000460,hv3-u00137,baseline,hv3:main:50,referral,note_saved,2026-08-11T20:58:26.789Z,,,n-hv3-u00137,
hv3-e002324,hv3-u00668,baseline,hv3:main:50,organic_search,assigned,2026-08-11T21:01:41.124Z,,,,
hv3-e002939,hv3-u00843,baseline,hv3:main:50,referral,revisited,2026-08-11T21:02:56.403Z,,,n-hv3-u00843,
hv3-e003258,hv3-u00936,baseline,hv3:main:50,referral,assigned,2026-08-11T21:04:27.985Z,,,,
hv3-e002325,hv3-u00668,baseline,hv3:main:50,organic_search,note_saved,2026-08-11T21:05:41.124Z,,,n-hv3-u00668,
hv3-e002940,hv3-u00843,baseline,hv3:main:50,referral,task_completed,2026-08-11T21:07:56.403Z,,,n-hv3-u00843,t-hv3-u00843-1
hv3-e003259,hv3-u00936,baseline,hv3:main:50,referral,note_saved,2026-08-11T21:08:27.985Z,,,n-hv3-u00936,
hv3-e001285,hv3-u00364,task_first,hv3:main:50,app_store,assigned,2026-08-11T21:23:03.452Z,,,,
hv3-e001286,hv3-u00364,task_first,hv3:main:50,app_store,note_saved,2026-08-11T21:27:03.452Z,,,n-hv3-u00364,
hv3-e000193,hv3-u00062,task_first,hv3:main:50,organic_search,assigned,2026-08-11T21:32:40.082Z,,,,
hv3-e003597,hv3-u01040,task_first,hv3:main:50,referral,revisited,2026-08-11T21:38:39.686Z,,,n-hv3-u01040,
hv3-e000698,hv3-u00205,baseline,hv3:main:50,app_store,assigned,2026-08-11T21:39:14.392Z,,,,
hv3-e000699,hv3-u00205,baseline,hv3:main:50,app_store,note_saved,2026-08-11T21:43:14.392Z,,,n-hv3-u00205,
hv3-e000700,hv3-u00205,baseline,hv3:main:50,app_store,task_created,2026-08-11T21:45:14.392Z,,,n-hv3-u00205,t-hv3-u00205-1
hv3-e000701,hv3-u00205,baseline,hv3:main:50,app_store,task_created,2026-08-11T21:46:14.392Z,,,n-hv3-u00205,t-hv3-u00205-2
hv3-e003161,hv3-u00911,baseline,hv3:main:50,referral,assigned,2026-08-11T21:47:37.941Z,,,,
hv3-e002794,hv3-u00804,task_first,hv3:main:50,paid_social,trial_started,2026-08-11T22:26:58.286Z,,,,
hv3-e000018,hv3-u00006,task_first,hv3:main:50,organic_search,assigned,2026-08-11T22:48:20.208Z,,,,
hv3-e000019,hv3-u00006,task_first,hv3:main:50,organic_search,note_saved,2026-08-11T22:52:20.208Z,,,n-hv3-u00006,
hv3-e001635,hv3-u00460,baseline,hv3:main:50,organic_search,assigned,2026-08-11T23:26:09.997Z,,,,
hv3-e001853,hv3-u00528,task_first,hv3:main:50,app_store,revisited,2026-08-11T23:35:03.488Z,,,n-hv3-u00528,
hv3-e003822,hv3-u01100,baseline,hv3:main:50,app_store,assigned,2026-08-11T23:37:05.234Z,,,,
hv3-e003823,hv3-u01100,baseline,hv3:main:50,app_store,note_saved,2026-08-11T23:41:05.234Z,,,n-hv3-u01100,
hv3-e003824,hv3-u01100,baseline,hv3:main:50,app_store,task_created,2026-08-11T23:43:05.234Z,,,n-hv3-u01100,t-hv3-u01100-1
hv3-e002098,hv3-u00600,task_first,hv3:main:50,paid_social,revisited,2026-08-11T23:59:44.312Z,,,n-hv3-u00600,
hv3-e003374,hv3-u00975,baseline,hv3:main:50,organic_search,assigned,2026-08-12T00:25:14.339Z,,,,
hv3-e000446,hv3-u00135,task_first,hv3:main:50,paid_social,assigned,2026-08-12T00:34:59.287Z,,,,
hv3-e002520,hv3-u00722,baseline,hv3:main:50,organic_search,assigned,2026-08-12T00:37:45.331Z,,,,
hv3-e000447,hv3-u00135,task_first,hv3:main:50,paid_social,note_saved,2026-08-12T00:38:59.287Z,,,n-hv3-u00135,
hv3-e000448,hv3-u00135,task_first,hv3:main:50,paid_social,task_created,2026-08-12T00:40:59.287Z,,,n-hv3-u00135,t-hv3-u00135-1
hv3-e002521,hv3-u00722,baseline,hv3:main:50,organic_search,note_saved,2026-08-12T00:41:45.331Z,,,n-hv3-u00722,
hv3-e000449,hv3-u00135,task_first,hv3:main:50,paid_social,task_created,2026-08-12T00:41:59.287Z,,,n-hv3-u00135,t-hv3-u00135-2
hv3-e000450,hv3-u00135,task_first,hv3:main:50,paid_social,task_created,2026-08-12T00:42:59.287Z,,,n-hv3-u00135,t-hv3-u00135-3
hv3-e002522,hv3-u00722,baseline,hv3:main:50,organic_search,task_created,2026-08-12T00:43:45.331Z,,,n-hv3-u00722,t-hv3-u00722-1
hv3-e002523,hv3-u00722,baseline,hv3:main:50,organic_search,task_created,2026-08-12T00:44:45.331Z,,,n-hv3-u00722,t-hv3-u00722-2
hv3-e002524,hv3-u00722,baseline,hv3:main:50,organic_search,task_created,2026-08-12T00:45:45.331Z,,,n-hv3-u00722,t-hv3-u00722-3
hv3-e000625,hv3-u00183,baseline,hv3:main:50,paid_social,assigned,2026-08-12T00:53:22.817Z,,,,
hv3-e000626,hv3-u00183,baseline,hv3:main:50,paid_social,note_saved,2026-08-12T00:57:22.817Z,,,n-hv3-u00183,
hv3-e000627,hv3-u00183,baseline,hv3:main:50,paid_social,task_created,2026-08-12T00:59:22.817Z,,,n-hv3-u00183,t-hv3-u00183-1
hv3-e000628,hv3-u00183,baseline,hv3:main:50,paid_social,task_created,2026-08-12T01:00:22.817Z,,,n-hv3-u00183,t-hv3-u00183-2
hv3-e000629,hv3-u00183,baseline,hv3:main:50,paid_social,task_created,2026-08-12T01:01:22.817Z,,,n-hv3-u00183,t-hv3-u00183-3
hv3-e002361,hv3-u00678,baseline,hv3:main:50,organic_search,assigned,2026-08-12T01:28:13.985Z,,,,
hv3-e002362,hv3-u00678,baseline,hv3:main:50,organic_search,note_saved,2026-08-12T01:32:13.985Z,,,n-hv3-u00678,
hv3-e002363,hv3-u00678,baseline,hv3:main:50,organic_search,task_created,2026-08-12T01:34:13.985Z,,,n-hv3-u00678,t-hv3-u00678-1
hv3-e003199,hv3-u00920,baseline,hv3:main:50,organic_search,trial_started,2026-08-12T01:40:43.263Z,,,,
hv3-e000153,hv3-u00046,baseline,hv3:main:50,organic_search,revisited,2026-08-12T02:29:03.915Z,,,n-hv3-u00046,
hv3-e002290,hv3-u00655,baseline,hv3:main:50,app_store,assigned,2026-08-12T02:43:49.206Z,,,,
hv3-e002291,hv3-u00655,baseline,hv3:main:50,app_store,note_saved,2026-08-12T02:47:49.206Z,,,n-hv3-u00655,
hv3-e002292,hv3-u00655,baseline,hv3:main:50,app_store,trial_started,2026-08-12T03:43:49.206Z,,,,
hv3-e002894,hv3-u00831,baseline,hv3:main:50,organic_search,assigned,2026-08-12T03:43:54.706Z,,,,
hv3-e002895,hv3-u00831,baseline,hv3:main:50,organic_search,note_saved,2026-08-12T03:47:54.706Z,,,n-hv3-u00831,
hv3-e001617,hv3-u00454,task_first,hv3:main:50,organic_search,revisited,2026-08-12T03:56:19.766Z,,,n-hv3-u00454,
hv3-e003332,hv3-u00962,task_first,hv3:main:50,paid_social,assigned,2026-08-12T03:56:28.989Z,,,,
hv3-e003333,hv3-u00962,task_first,hv3:main:50,paid_social,note_saved,2026-08-12T04:00:28.989Z,,,n-hv3-u00962,
hv3-e001618,hv3-u00454,task_first,hv3:main:50,organic_search,task_completed,2026-08-12T04:01:19.766Z,,,n-hv3-u00454,t-hv3-u00454-1
hv3-e002707,hv3-u00779,task_first,hv3:main:50,organic_search,assigned,2026-08-12T04:04:24.742Z,,,,
hv3-e002826,hv3-u00815,task_first,hv3:main:50,organic_search,assigned,2026-08-12T04:08:39.349Z,,,,
hv3-e002827,hv3-u00815,task_first,hv3:main:50,organic_search,note_saved,2026-08-12T04:12:39.349Z,,,n-hv3-u00815,
hv3-e002828,hv3-u00815,task_first,hv3:main:50,organic_search,task_created,2026-08-12T04:14:39.349Z,,,n-hv3-u00815,t-hv3-u00815-1
hv3-e002829,hv3-u00815,task_first,hv3:main:50,organic_search,task_created,2026-08-12T04:15:39.349Z,,,n-hv3-u00815,t-hv3-u00815-2
hv3-e002830,hv3-u00815,task_first,hv3:main:50,organic_search,task_created,2026-08-12T04:16:39.349Z,,,n-hv3-u00815,t-hv3-u00815-3
hv3-e000842,hv3-u00238,task_first,hv3:main:50,organic_search,paid,2026-08-12T05:02:09.685Z,10.00,XTS,,
hv3-e001046,hv3-u00297,baseline,hv3:main:50,organic_search,assigned,2026-08-12T05:22:52.810Z,,,,
hv3-e001047,hv3-u00297,baseline,hv3:main:50,organic_search,note_saved,2026-08-12T05:26:52.810Z,,,n-hv3-u00297,
hv3-e001048,hv3-u00297,baseline,hv3:main:50,organic_search,task_created,2026-08-12T05:28:52.810Z,,,n-hv3-u00297,t-hv3-u00297-1
hv3-e001049,hv3-u00297,baseline,hv3:main:50,organic_search,task_created,2026-08-12T05:29:52.810Z,,,n-hv3-u00297,t-hv3-u00297-2
hv3-e000678,hv3-u00198,task_first,hv3:main:50,paid_social,assigned,2026-08-12T05:34:48.741Z,,,,
hv3-e000679,hv3-u00198,task_first,hv3:main:50,paid_social,note_saved,2026-08-12T05:38:48.741Z,,,n-hv3-u00198,
hv3-e003039,hv3-u00872,baseline,hv3:main:50,paid_social,assigned,2026-08-12T05:58:19.608Z,,,,
hv3-e000937,hv3-u00264,baseline,hv3:main:50,paid_social,paid,2026-08-12T05:58:28.561Z,10.00,XTS,,
hv3-e003040,hv3-u00872,baseline,hv3:main:50,paid_social,note_saved,2026-08-12T06:02:19.608Z,,,n-hv3-u00872,
hv3-e000568,hv3-u00164,task_first,hv3:main:50,organic_search,trial_started,2026-08-12T06:02:49.254Z,,,,
hv3-e003041,hv3-u00872,baseline,hv3:main:50,paid_social,task_created,2026-08-12T06:04:19.608Z,,,n-hv3-u00872,t-hv3-u00872-1
hv3-e003042,hv3-u00872,baseline,hv3:main:50,paid_social,task_created,2026-08-12T06:05:19.608Z,,,n-hv3-u00872,t-hv3-u00872-2
hv3-e003043,hv3-u00872,baseline,hv3:main:50,paid_social,task_created,2026-08-12T06:06:19.608Z,,,n-hv3-u00872,t-hv3-u00872-3
hv3-e003776,hv3-u01089,baseline,hv3:main:50,organic_search,trial_started,2026-08-12T06:27:40.119Z,,,,
hv3-e000371,hv3-u00113,baseline,hv3:main:50,organic_search,trial_started,2026-08-12T06:49:00.889Z,,,,
hv3-e003385,hv3-u00979,task_first,hv3:main:50,organic_search,assigned,2026-08-12T07:40:51.968Z,,,,
hv3-e002993,hv3-u00857,baseline,hv3:main:50,app_store,assigned,2026-08-12T07:54:51.691Z,,,,
hv3-e002994,hv3-u00857,baseline,hv3:main:50,app_store,note_saved,2026-08-12T07:58:51.691Z,,,n-hv3-u00857,
hv3-e003699,hv3-u01071,baseline,hv3:main:50,organic_search,assigned,2026-08-12T08:34:04.429Z,,,,
hv3-e003700,hv3-u01071,baseline,hv3:main:50,organic_search,note_saved,2026-08-12T08:38:04.429Z,,,n-hv3-u01071,
hv3-e003701,hv3-u01071,baseline,hv3:main:50,organic_search,task_created,2026-08-12T08:40:04.429Z,,,n-hv3-u01071,t-hv3-u01071-1
hv3-e003821,hv3-u01099,baseline,hv3:main:50,organic_search,revisited,2026-08-12T08:46:35.187Z,,,n-hv3-u01099,
hv3-e000363,hv3-u00111,task_first,hv3:main:50,app_store,assigned,2026-08-12T09:18:06.580Z,,,,
hv3-e000364,hv3-u00111,task_first,hv3:main:50,app_store,note_saved,2026-08-12T09:22:06.580Z,,,n-hv3-u00111,
hv3-e000365,hv3-u00111,task_first,hv3:main:50,app_store,task_created,2026-08-12T09:24:06.580Z,,,n-hv3-u00111,t-hv3-u00111-1
hv3-e002312,hv3-u00663,baseline,hv3:main:50,paid_social,assigned,2026-08-12T09:51:39.059Z,,,,
hv3-e002313,hv3-u00663,baseline,hv3:main:50,paid_social,note_saved,2026-08-12T09:55:39.059Z,,,n-hv3-u00663,
hv3-e001802,hv3-u00514,task_first,hv3:main:50,organic_search,assigned,2026-08-12T10:41:52.955Z,,,,
hv3-e002314,hv3-u00663,baseline,hv3:main:50,paid_social,trial_started,2026-08-12T10:51:39.059Z,,,,
hv3-e002223,hv3-u00637,task_first,hv3:main:50,referral,assigned,2026-08-12T11:08:43.433Z,,,,
hv3-e002224,hv3-u00637,task_first,hv3:main:50,referral,note_saved,2026-08-12T11:12:43.433Z,,,n-hv3-u00637,
hv3-e003007,hv3-u00863,baseline,hv3:main:50,referral,assigned,2026-08-12T11:13:51.009Z,,,,
hv3-e002225,hv3-u00637,task_first,hv3:main:50,referral,task_created,2026-08-12T11:14:43.433Z,,,n-hv3-u00637,t-hv3-u00637-1
hv3-e003008,hv3-u00863,baseline,hv3:main:50,referral,note_saved,2026-08-12T11:17:51.009Z,,,n-hv3-u00863,
hv3-e003765,hv3-u01088,baseline,hv3:main:50,paid_social,assigned,2026-08-12T11:39:33.665Z,,,,
hv3-e000649,hv3-u00189,baseline,hv3:main:50,organic_search,paid,2026-08-12T11:42:04.288Z,10.00,XTS,,
hv3-e003766,hv3-u01088,baseline,hv3:main:50,paid_social,note_saved,2026-08-12T11:43:33.665Z,,,n-hv3-u01088,
hv3-e003767,hv3-u01088,baseline,hv3:main:50,paid_social,task_created,2026-08-12T11:45:33.665Z,,,n-hv3-u01088,t-hv3-u01088-1
hv3-e003768,hv3-u01088,baseline,hv3:main:50,paid_social,task_created,2026-08-12T11:46:33.665Z,,,n-hv3-u01088,t-hv3-u01088-2
hv3-e003522,hv3-u01020,baseline,hv3:main:50,app_store,assigned,2026-08-12T12:05:44.501Z,,,,
hv3-e003523,hv3-u01020,baseline,hv3:main:50,app_store,note_saved,2026-08-12T12:09:44.501Z,,,n-hv3-u01020,
hv3-e000380,hv3-u00116,task_first,hv3:main:50,organic_search,paid,2026-08-12T12:16:36.712Z,10.00,XTS,,
hv3-e003255,hv3-u00934,task_first,hv3:main:50,paid_social,revisited,2026-08-12T12:34:20.560Z,,,n-hv3-u00934,
hv3-e000330,hv3-u00099,task_first,hv3:main:50,paid_social,assigned,2026-08-12T12:35:54.820Z,,,,
hv3-e000331,hv3-u00099,task_first,hv3:main:50,paid_social,note_saved,2026-08-12T12:39:54.820Z,,,n-hv3-u00099,
hv3-e000332,hv3-u00099,task_first,hv3:main:50,paid_social,task_created,2026-08-12T12:41:54.820Z,,,n-hv3-u00099,t-hv3-u00099-1
hv3-e001597,hv3-u00449,baseline,hv3:main:50,organic_search,revisited,2026-08-12T13:07:41.762Z,,,n-hv3-u00449,
hv3-e001598,hv3-u00449,baseline,hv3:main:50,organic_search,task_completed,2026-08-12T13:12:41.762Z,,,n-hv3-u00449,t-hv3-u00449-1
hv3-e002186,hv3-u00625,baseline,hv3:main:50,referral,assigned,2026-08-12T13:13:11.511Z,,,,
hv3-e002187,hv3-u00625,baseline,hv3:main:50,referral,note_saved,2026-08-12T13:17:11.511Z,,,n-hv3-u00625,
hv3-e002188,hv3-u00625,baseline,hv3:main:50,referral,task_created,2026-08-12T13:19:11.511Z,,,n-hv3-u00625,t-hv3-u00625-1
hv3-e001682,hv3-u00476,baseline,hv3:main:50,paid_social,assigned,2026-08-12T13:30:30.798Z,,,,
hv3-e001325,hv3-u00375,task_first,hv3:main:50,paid_social,revisited,2026-08-12T13:49:41.169Z,,,n-hv3-u00375,
hv3-e002551,hv3-u00733,baseline,hv3:main:50,paid_social,assigned,2026-08-12T14:11:15.766Z,,,,
hv3-e003277,hv3-u00942,task_first,hv3:main:50,paid_social,paid,2026-08-12T14:30:23.146Z,10.00,XTS,,
hv3-e003119,hv3-u00899,task_first,hv3:main:50,referral,assigned,2026-08-12T14:37:08.276Z,,,,
hv3-e001127,hv3-u00319,baseline,hv3:main:50,paid_social,revisited,2026-08-12T14:38:54.604Z,,,n-hv3-u00319,
hv3-e003120,hv3-u00899,task_first,hv3:main:50,referral,note_saved,2026-08-12T14:41:08.276Z,,,n-hv3-u00899,
hv3-e001128,hv3-u00319,baseline,hv3:main:50,paid_social,task_completed,2026-08-12T14:43:54.604Z,,,n-hv3-u00319,t-hv3-u00319-1
hv3-e003517,hv3-u01018,task_first,hv3:main:50,organic_search,assigned,2026-08-12T15:12:16.681Z,,,,
hv3-e001506,hv3-u00426,task_first,hv3:main:50,organic_search,assigned,2026-08-12T15:14:26.467Z,,,,
hv3-e001507,hv3-u00426,task_first,hv3:main:50,organic_search,note_saved,2026-08-12T15:18:26.467Z,,,n-hv3-u00426,
hv3-e001508,hv3-u00426,task_first,hv3:main:50,organic_search,task_created,2026-08-12T15:20:26.467Z,,,n-hv3-u00426,t-hv3-u00426-1
hv3-e001509,hv3-u00426,task_first,hv3:main:50,organic_search,task_created,2026-08-12T15:21:26.467Z,,,n-hv3-u00426,t-hv3-u00426-2
hv3-e000561,hv3-u00163,baseline,hv3:main:50,app_store,revisited,2026-08-12T15:24:22.909Z,,,n-hv3-u00163,
hv3-e000562,hv3-u00163,baseline,hv3:main:50,app_store,task_completed,2026-08-12T15:29:22.909Z,,,n-hv3-u00163,t-hv3-u00163-1
hv3-e001065,hv3-u00302,baseline,hv3:main:50,referral,assigned,2026-08-12T16:00:39.275Z,,,,
hv3-e001162,hv3-u00333,baseline,hv3:main:50,organic_search,assigned,2026-08-12T16:08:00.796Z,,,,
hv3-e002795,hv3-u00805,task_first,hv3:main:50,paid_social,assigned,2026-08-12T16:25:29.278Z,,,,
hv3-e002796,hv3-u00805,task_first,hv3:main:50,paid_social,note_saved,2026-08-12T16:29:29.278Z,,,n-hv3-u00805,
hv3-e002797,hv3-u00805,task_first,hv3:main:50,paid_social,task_created,2026-08-12T16:31:29.278Z,,,n-hv3-u00805,t-hv3-u00805-1
hv3-e002798,hv3-u00805,task_first,hv3:main:50,paid_social,task_created,2026-08-12T16:32:29.278Z,,,n-hv3-u00805,t-hv3-u00805-2
hv3-e002799,hv3-u00805,task_first,hv3:main:50,paid_social,task_created,2026-08-12T16:33:29.278Z,,,n-hv3-u00805,t-hv3-u00805-3
hv3-e002281,hv3-u00653,task_first,hv3:main:50,paid_social,revisited,2026-08-12T16:38:00.735Z,,,n-hv3-u00653,
hv3-e002282,hv3-u00653,task_first,hv3:main:50,paid_social,task_completed,2026-08-12T16:43:00.735Z,,,n-hv3-u00653,t-hv3-u00653-1
hv3-e001611,hv3-u00453,baseline,hv3:main:50,organic_search,revisited,2026-08-12T16:55:43.803Z,,,n-hv3-u00453,
hv3-e003215,hv3-u00925,baseline,hv3:main:50,referral,assigned,2026-08-12T17:23:04.876Z,,,,
hv3-e002801,hv3-u00805,task_first,hv3:main:50,paid_social,trial_started,2026-08-12T17:25:29.278Z,,,,
hv3-e003216,hv3-u00925,baseline,hv3:main:50,referral,note_saved,2026-08-12T17:27:04.876Z,,,n-hv3-u00925,
hv3-e003217,hv3-u00925,baseline,hv3:main:50,referral,task_created,2026-08-12T17:29:04.876Z,,,n-hv3-u00925,t-hv3-u00925-1
hv3-e003218,hv3-u00925,baseline,hv3:main:50,referral,task_created,2026-08-12T17:30:04.876Z,,,n-hv3-u00925,t-hv3-u00925-2
hv3-e003491,hv3-u01010,baseline,hv3:main:50,referral,assigned,2026-08-12T17:43:41.282Z,,,,
hv3-e003492,hv3-u01010,baseline,hv3:main:50,referral,note_saved,2026-08-12T17:47:41.282Z,,,n-hv3-u01010,
hv3-e001307,hv3-u00372,baseline,hv3:main:50,referral,assigned,2026-08-12T18:15:27.109Z,,,,
hv3-e001308,hv3-u00372,baseline,hv3:main:50,referral,note_saved,2026-08-12T18:19:27.109Z,,,n-hv3-u00372,
hv3-e001309,hv3-u00372,baseline,hv3:main:50,referral,task_created,2026-08-12T18:21:27.109Z,,,n-hv3-u00372,t-hv3-u00372-1
hv3-e001310,hv3-u00372,baseline,hv3:main:50,referral,task_created,2026-08-12T18:22:27.109Z,,,n-hv3-u00372,t-hv3-u00372-2
hv3-e003160,hv3-u00910,task_first,hv3:main:50,paid_social,revisited,2026-08-12T18:24:30.058Z,,,n-hv3-u00910,
hv3-e000522,hv3-u00155,task_first,hv3:main:50,paid_social,assigned,2026-08-12T18:31:57.692Z,,,,
hv3-e000523,hv3-u00155,task_first,hv3:main:50,paid_social,note_saved,2026-08-12T18:35:57.692Z,,,n-hv3-u00155,
hv3-e000762,hv3-u00219,baseline,hv3:main:50,organic_search,assigned,2026-08-12T18:57:39.745Z,,,,
hv3-e000763,hv3-u00219,baseline,hv3:main:50,organic_search,note_saved,2026-08-12T19:01:39.745Z,,,n-hv3-u00219,
hv3-e002762,hv3-u00796,baseline,hv3:main:50,app_store,revisited,2026-08-12T19:32:21.011Z,,,n-hv3-u00796,
hv3-e000359,hv3-u00109,baseline,hv3:main:50,referral,assigned,2026-08-12T19:33:20.628Z,,,,
hv3-e003503,hv3-u01014,baseline,hv3:main:50,paid_social,assigned,2026-08-12T20:14:41.823Z,,,,
hv3-e003504,hv3-u01014,baseline,hv3:main:50,paid_social,note_saved,2026-08-12T20:18:41.823Z,,,n-hv3-u01014,
hv3-e000997,hv3-u00282,task_first,hv3:main:50,app_store,assigned,2026-08-12T20:26:18.921Z,,,,
hv3-e000998,hv3-u00282,task_first,hv3:main:50,app_store,note_saved,2026-08-12T20:30:18.921Z,,,n-hv3-u00282,
hv3-e003496,hv3-u01012,baseline,hv3:main:50,organic_search,assigned,2026-08-12T20:37:43.963Z,,,,
hv3-e003497,hv3-u01012,baseline,hv3:main:50,organic_search,note_saved,2026-08-12T20:41:43.963Z,,,n-hv3-u01012,
hv3-e003498,hv3-u01012,baseline,hv3:main:50,organic_search,task_created,2026-08-12T20:43:43.963Z,,,n-hv3-u01012,t-hv3-u01012-1
hv3-e000497,hv3-u00146,task_first,hv3:main:50,app_store,assigned,2026-08-12T20:43:52.477Z,,,,
hv3-e003499,hv3-u01012,baseline,hv3:main:50,organic_search,task_created,2026-08-12T20:44:43.963Z,,,n-hv3-u01012,t-hv3-u01012-2
hv3-e002414,hv3-u00693,task_first,hv3:main:50,referral,assigned,2026-08-12T20:49:35.332Z,,,,
hv3-e002415,hv3-u00693,task_first,hv3:main:50,referral,note_saved,2026-08-12T20:53:35.332Z,,,n-hv3-u00693,
hv3-e003708,hv3-u01073,task_first,hv3:main:50,paid_social,paid,2026-08-12T21:00:06.884Z,10.00,XTS,,
hv3-e002587,hv3-u00746,task_first,hv3:main:50,paid_social,revisited,2026-08-12T21:59:41.670Z,,,n-hv3-u00746,
hv3-e002326,hv3-u00668,baseline,hv3:main:50,organic_search,trial_started,2026-08-12T22:01:41.124Z,,,,
hv3-e002154,hv3-u00616,task_first,hv3:main:50,paid_social,revisited,2026-08-12T22:16:49.419Z,,,n-hv3-u00616,
hv3-e002904,hv3-u00834,baseline,hv3:main:50,app_store,assigned,2026-08-12T22:22:58.605Z,,,,
hv3-e002905,hv3-u00834,baseline,hv3:main:50,app_store,note_saved,2026-08-12T22:26:58.605Z,,,n-hv3-u00834,
hv3-e000195,hv3-u00062,task_first,hv3:main:50,organic_search,trial_started,2026-08-12T22:32:40.082Z,,,,
hv3-e001777,hv3-u00505,task_first,hv3:main:50,app_store,assigned,2026-08-12T22:41:47.701Z,,,,
hv3-e001778,hv3-u00505,task_first,hv3:main:50,app_store,note_saved,2026-08-12T22:45:47.701Z,,,n-hv3-u00505,
hv3-e001779,hv3-u00505,task_first,hv3:main:50,app_store,task_created,2026-08-12T22:47:47.701Z,,,n-hv3-u00505,t-hv3-u00505-1
hv3-e001876,hv3-u00536,task_first,hv3:main:50,paid_social,assigned,2026-08-12T23:04:56.839Z,,,,
hv3-e001877,hv3-u00536,task_first,hv3:main:50,paid_social,note_saved,2026-08-12T23:08:56.839Z,,,n-hv3-u00536,
hv3-e001878,hv3-u00536,task_first,hv3:main:50,paid_social,task_created,2026-08-12T23:10:56.839Z,,,n-hv3-u00536,t-hv3-u00536-1
hv3-e003600,hv3-u01042,baseline,hv3:main:50,organic_search,assigned,2026-08-12T23:11:10.579Z,,,,
hv3-e003601,hv3-u01042,baseline,hv3:main:50,organic_search,note_saved,2026-08-12T23:15:10.579Z,,,n-hv3-u01042,
hv3-e003602,hv3-u01042,baseline,hv3:main:50,organic_search,task_created,2026-08-12T23:17:10.579Z,,,n-hv3-u01042,t-hv3-u01042-1
hv3-e003603,hv3-u01042,baseline,hv3:main:50,organic_search,task_created,2026-08-12T23:18:10.579Z,,,n-hv3-u01042,t-hv3-u01042-2
hv3-e003604,hv3-u01042,baseline,hv3:main:50,organic_search,task_created,2026-08-12T23:19:10.579Z,,,n-hv3-u01042,t-hv3-u01042-3
hv3-e000867,hv3-u00245,baseline,hv3:main:50,app_store,assigned,2026-08-12T23:32:12.311Z,,,,
hv3-e000868,hv3-u00245,baseline,hv3:main:50,app_store,note_saved,2026-08-12T23:36:12.311Z,,,n-hv3-u00245,
hv3-e003354,hv3-u00969,baseline,hv3:main:50,app_store,assigned,2026-08-13T00:28:56.887Z,,,,
hv3-e001261,hv3-u00355,baseline,hv3:main:50,app_store,assigned,2026-08-13T00:30:59.171Z,,,,
hv3-e001478,hv3-u00416,baseline,hv3:main:50,app_store,revisited,2026-08-13T00:31:06.038Z,,,n-hv3-u00416,
hv3-e003355,hv3-u00969,baseline,hv3:main:50,app_store,note_saved,2026-08-13T00:32:56.887Z,,,n-hv3-u00969,
hv3-e003356,hv3-u00969,baseline,hv3:main:50,app_store,task_created,2026-08-13T00:34:56.887Z,,,n-hv3-u00969,t-hv3-u00969-1
hv3-e003357,hv3-u00969,baseline,hv3:main:50,app_store,task_created,2026-08-13T00:35:56.887Z,,,n-hv3-u00969,t-hv3-u00969-2
hv3-e003358,hv3-u00969,baseline,hv3:main:50,app_store,task_created,2026-08-13T00:36:56.887Z,,,n-hv3-u00969,t-hv3-u00969-3
hv3-e000984,hv3-u00277,task_first,hv3:main:50,paid_social,assigned,2026-08-13T00:40:47.926Z,,,,
hv3-e003378,hv3-u00977,task_first,hv3:main:50,referral,assigned,2026-08-13T00:49:08.126Z,,,,
hv3-e003379,hv3-u00977,task_first,hv3:main:50,referral,note_saved,2026-08-13T00:53:08.126Z,,,n-hv3-u00977,
hv3-e000630,hv3-u00183,baseline,hv3:main:50,paid_social,revisited,2026-08-13T00:53:22.817Z,,,n-hv3-u00183,
hv3-e002525,hv3-u00722,baseline,hv3:main:50,organic_search,revisited,2026-08-13T01:07:45.331Z,,,n-hv3-u00722,
hv3-e002526,hv3-u00722,baseline,hv3:main:50,organic_search,task_completed,2026-08-13T01:12:45.331Z,,,n-hv3-u00722,t-hv3-u00722-1
hv3-e003380,hv3-u00977,task_first,hv3:main:50,referral,trial_started,2026-08-13T01:49:08.126Z,,,,
hv3-e003459,hv3-u01001,baseline,hv3:main:50,referral,assigned,2026-08-13T01:55:34.314Z,,,,
hv3-e003460,hv3-u01001,baseline,hv3:main:50,referral,note_saved,2026-08-13T01:59:34.314Z,,,n-hv3-u01001,
hv3-e003461,hv3-u01001,baseline,hv3:main:50,referral,task_created,2026-08-13T02:01:34.314Z,,,n-hv3-u01001,t-hv3-u01001-1
hv3-e003462,hv3-u01001,baseline,hv3:main:50,referral,task_created,2026-08-13T02:02:34.314Z,,,n-hv3-u01001,t-hv3-u01001-2
hv3-e003463,hv3-u01001,baseline,hv3:main:50,referral,task_created,2026-08-13T02:03:34.314Z,,,n-hv3-u01001,t-hv3-u01001-3
hv3-e003013,hv3-u00865,task_first,hv3:main:50,app_store,trial_started,2026-08-13T02:16:32.692Z,,,,
hv3-e002365,hv3-u00678,baseline,hv3:main:50,organic_search,trial_started,2026-08-13T02:28:13.985Z,,,,
hv3-e002176,hv3-u00622,task_first,hv3:main:50,app_store,revisited,2026-08-13T02:38:15.826Z,,,n-hv3-u00622,
hv3-e000356,hv3-u00107,baseline,hv3:main:50,organic_search,paid,2026-08-13T02:43:31.173Z,10.00,XTS,,
hv3-e001374,hv3-u00387,baseline,hv3:main:50,organic_search,revisited,2026-08-13T02:53:06.697Z,,,n-hv3-u00387,
hv3-e001831,hv3-u00523,task_first,hv3:main:50,app_store,assigned,2026-08-13T02:57:20.352Z,,,,
hv3-e001375,hv3-u00387,baseline,hv3:main:50,organic_search,task_completed,2026-08-13T02:58:06.697Z,,,n-hv3-u00387,t-hv3-u00387-1
hv3-e001832,hv3-u00523,task_first,hv3:main:50,app_store,note_saved,2026-08-13T03:01:20.352Z,,,n-hv3-u00523,
hv3-e002470,hv3-u00709,baseline,hv3:main:50,paid_social,assigned,2026-08-13T03:03:34.734Z,,,,
hv3-e002471,hv3-u00709,baseline,hv3:main:50,paid_social,note_saved,2026-08-13T03:07:34.734Z,,,n-hv3-u00709,
hv3-e002545,hv3-u00731,task_first,hv3:main:50,paid_social,assigned,2026-08-13T03:10:19.288Z,,,,
hv3-e002546,hv3-u00731,task_first,hv3:main:50,paid_social,note_saved,2026-08-13T03:14:19.288Z,,,n-hv3-u00731,
hv3-e002547,hv3-u00731,task_first,hv3:main:50,paid_social,task_created,2026-08-13T03:16:19.288Z,,,n-hv3-u00731,t-hv3-u00731-1
hv3-e002548,hv3-u00731,task_first,hv3:main:50,paid_social,task_created,2026-08-13T03:17:19.288Z,,,n-hv3-u00731,t-hv3-u00731-2
hv3-e002549,hv3-u00731,task_first,hv3:main:50,paid_social,task_created,2026-08-13T03:18:19.288Z,,,n-hv3-u00731,t-hv3-u00731-3
hv3-e003021,hv3-u00867,baseline,hv3:main:50,referral,revisited,2026-08-13T03:28:37.940Z,,,n-hv3-u00867,
hv3-e003022,hv3-u00867,baseline,hv3:main:50,referral,task_completed,2026-08-13T03:33:37.940Z,,,n-hv3-u00867,t-hv3-u00867-1
hv3-e000489,hv3-u00143,task_first,hv3:main:50,paid_social,assigned,2026-08-13T03:34:37.992Z,,,,
hv3-e000490,hv3-u00143,task_first,hv3:main:50,paid_social,note_saved,2026-08-13T03:38:37.992Z,,,n-hv3-u00143,
hv3-e000491,hv3-u00143,task_first,hv3:main:50,paid_social,task_created,2026-08-13T03:40:37.992Z,,,n-hv3-u00143,t-hv3-u00143-1
hv3-e000492,hv3-u00143,task_first,hv3:main:50,paid_social,task_created,2026-08-13T03:41:37.992Z,,,n-hv3-u00143,t-hv3-u00143-2
hv3-e000493,hv3-u00143,task_first,hv3:main:50,paid_social,task_created,2026-08-13T03:42:37.992Z,,,n-hv3-u00143,t-hv3-u00143-3
hv3-e003334,hv3-u00962,task_first,hv3:main:50,paid_social,trial_started,2026-08-13T04:56:28.989Z,,,,
hv3-e002302,hv3-u00659,baseline,hv3:main:50,paid_social,assigned,2026-08-13T05:02:48.741Z,,,,
hv3-e003774,hv3-u01089,baseline,hv3:main:50,organic_search,revisited,2026-08-13T05:57:40.119Z,,,n-hv3-u01089,
hv3-e003775,hv3-u01089,baseline,hv3:main:50,organic_search,task_completed,2026-08-13T06:02:40.119Z,,,n-hv3-u01089,t-hv3-u01089-1
hv3-e000871,hv3-u00247,task_first,hv3:main:50,paid_social,revisited,2026-08-13T06:26:33.211Z,,,n-hv3-u00247,
hv3-e001198,hv3-u00339,task_first,hv3:main:50,app_store,paid,2026-08-13T06:34:31.553Z,10.00,XTS,,
hv3-e002725,hv3-u00785,task_first,hv3:main:50,organic_search,assigned,2026-08-13T06:49:02.280Z,,,,
hv3-e000898,hv3-u00254,baseline,hv3:main:50,app_store,assigned,2026-08-13T06:50:16.033Z,,,,
hv3-e002726,hv3-u00785,task_first,hv3:main:50,organic_search,note_saved,2026-08-13T06:53:02.280Z,,,n-hv3-u00785,
hv3-e000899,hv3-u00254,baseline,hv3:main:50,app_store,note_saved,2026-08-13T06:54:16.033Z,,,n-hv3-u00254,
hv3-e001713,hv3-u00486,baseline,hv3:main:50,organic_search,assigned,2026-08-13T07:06:46.521Z,,,,
hv3-e003206,hv3-u00922,baseline,hv3:main:50,app_store,assigned,2026-08-13T07:43:29.731Z,,,,
hv3-e003207,hv3-u00922,baseline,hv3:main:50,app_store,note_saved,2026-08-13T07:47:29.731Z,,,n-hv3-u00922,
hv3-e003208,hv3-u00922,baseline,hv3:main:50,app_store,task_created,2026-08-13T07:49:29.731Z,,,n-hv3-u00922,t-hv3-u00922-1
hv3-e003209,hv3-u00922,baseline,hv3:main:50,app_store,task_created,2026-08-13T07:50:29.731Z,,,n-hv3-u00922,t-hv3-u00922-2
hv3-e003672,hv3-u01064,baseline,hv3:main:50,referral,assigned,2026-08-13T08:08:49.116Z,,,,
hv3-e003673,hv3-u01064,baseline,hv3:main:50,referral,note_saved,2026-08-13T08:12:49.116Z,,,n-hv3-u01064,
hv3-e003674,hv3-u01064,baseline,hv3:main:50,referral,task_created,2026-08-13T08:14:49.116Z,,,n-hv3-u01064,t-hv3-u01064-1
hv3-e003617,hv3-u01047,task_first,hv3:main:50,referral,assigned,2026-08-13T08:15:43.048Z,,,,
hv3-e003675,hv3-u01064,baseline,hv3:main:50,referral,task_created,2026-08-13T08:15:49.116Z,,,n-hv3-u01064,t-hv3-u01064-2
hv3-e003618,hv3-u01047,task_first,hv3:main:50,referral,note_saved,2026-08-13T08:19:43.048Z,,,n-hv3-u01047,
hv3-e000589,hv3-u00171,task_first,hv3:main:50,paid_social,assigned,2026-08-13T08:55:55.780Z,,,,
hv3-e002307,hv3-u00662,baseline,hv3:main:50,paid_social,assigned,2026-08-13T08:56:23.684Z,,,,
hv3-e000590,hv3-u00171,task_first,hv3:main:50,paid_social,note_saved,2026-08-13T08:59:55.780Z,,,n-hv3-u00171,
hv3-e002308,hv3-u00662,baseline,hv3:main:50,paid_social,note_saved,2026-08-13T09:00:23.684Z,,,n-hv3-u00662,
hv3-e000591,hv3-u00171,task_first,hv3:main:50,paid_social,task_created,2026-08-13T09:01:55.780Z,,,n-hv3-u00171,t-hv3-u00171-1
hv3-e002309,hv3-u00662,baseline,hv3:main:50,paid_social,task_created,2026-08-13T09:02:23.684Z,,,n-hv3-u00662,t-hv3-u00662-1
hv3-e000592,hv3-u00171,task_first,hv3:main:50,paid_social,task_created,2026-08-13T09:02:55.780Z,,,n-hv3-u00171,t-hv3-u00171-2
hv3-e000593,hv3-u00171,task_first,hv3:main:50,paid_social,task_created,2026-08-13T09:03:55.780Z,,,n-hv3-u00171,t-hv3-u00171-3
hv3-e000366,hv3-u00111,task_first,hv3:main:50,app_store,revisited,2026-08-13T09:48:06.580Z,,,n-hv3-u00111,
hv3-e000367,hv3-u00111,task_first,hv3:main:50,app_store,task_completed,2026-08-13T09:53:06.580Z,,,n-hv3-u00111,t-hv3-u00111-1
hv3-e003415,hv3-u00989,task_first,hv3:main:50,paid_social,assigned,2026-08-13T09:53:09.248Z,,,,
hv3-e002124,hv3-u00607,baseline,hv3:main:50,referral,assigned,2026-08-13T10:06:07.274Z,,,,
hv3-e002125,hv3-u00607,baseline,hv3:main:50,referral,note_saved,2026-08-13T10:10:07.274Z,,,n-hv3-u00607,
hv3-e001069,hv3-u00304,baseline,hv3:main:50,referral,assigned,2026-08-13T10:10:38.590Z,,,,
hv3-e001070,hv3-u00304,baseline,hv3:main:50,referral,note_saved,2026-08-13T10:14:38.590Z,,,n-hv3-u00304,
hv3-e001071,hv3-u00304,baseline,hv3:main:50,referral,task_created,2026-08-13T10:16:38.590Z,,,n-hv3-u00304,t-hv3-u00304-1
hv3-e001072,hv3-u00304,baseline,hv3:main:50,referral,task_created,2026-08-13T10:17:38.590Z,,,n-hv3-u00304,t-hv3-u00304-2
hv3-e001073,hv3-u00304,baseline,hv3:main:50,referral,task_created,2026-08-13T10:18:38.590Z,,,n-hv3-u00304,t-hv3-u00304-3
hv3-e000747,hv3-u00215,baseline,hv3:main:50,referral,trial_started,2026-08-13T10:21:13.263Z,,,,
hv3-e000832,hv3-u00237,baseline,hv3:main:50,app_store,assigned,2026-08-13T11:30:26.357Z,,,,
hv3-e001790,hv3-u00509,baseline,hv3:main:50,paid_social,revisited,2026-08-13T11:34:06.090Z,,,n-hv3-u00509,
hv3-e000833,hv3-u00237,baseline,hv3:main:50,app_store,note_saved,2026-08-13T11:34:26.357Z,,,n-hv3-u00237,
hv3-e000834,hv3-u00237,baseline,hv3:main:50,app_store,task_created,2026-08-13T11:36:26.357Z,,,n-hv3-u00237,t-hv3-u00237-1
hv3-e000835,hv3-u00237,baseline,hv3:main:50,app_store,task_created,2026-08-13T11:37:26.357Z,,,n-hv3-u00237,t-hv3-u00237-2
hv3-e003640,hv3-u01053,task_first,hv3:main:50,paid_social,trial_started,2026-08-13T12:13:10.664Z,,,,
hv3-e003144,hv3-u00906,task_first,hv3:main:50,organic_search,assigned,2026-08-13T12:36:27.983Z,,,,
hv3-e003145,hv3-u00906,task_first,hv3:main:50,organic_search,note_saved,2026-08-13T12:40:27.983Z,,,n-hv3-u00906,
hv3-e003146,hv3-u00906,task_first,hv3:main:50,organic_search,task_created,2026-08-13T12:42:27.983Z,,,n-hv3-u00906,t-hv3-u00906-1
hv3-e003147,hv3-u00906,task_first,hv3:main:50,organic_search,task_created,2026-08-13T12:43:27.983Z,,,n-hv3-u00906,t-hv3-u00906-2
hv3-e001467,hv3-u00414,task_first,hv3:main:50,paid_social,revisited,2026-08-13T13:16:00.336Z,,,n-hv3-u00414,
hv3-e001301,hv3-u00368,baseline,hv3:main:50,organic_search,revisited,2026-08-13T13:31:27.220Z,,,n-hv3-u00368,
hv3-e001629,hv3-u00458,baseline,hv3:main:50,organic_search,assigned,2026-08-13T13:37:42.686Z,,,,
hv3-e001630,hv3-u00458,baseline,hv3:main:50,organic_search,note_saved,2026-08-13T13:41:42.686Z,,,n-hv3-u00458,
hv3-e000382,hv3-u00117,task_first,hv3:main:50,referral,assigned,2026-08-13T14:37:37.072Z,,,,
hv3-e000383,hv3-u00117,task_first,hv3:main:50,referral,note_saved,2026-08-13T14:41:37.072Z,,,n-hv3-u00117,
hv3-e003117,hv3-u00898,task_first,hv3:main:50,paid_social,assigned,2026-08-13T14:49:30.887Z,,,,
hv3-e003118,hv3-u00898,task_first,hv3:main:50,paid_social,note_saved,2026-08-13T14:53:30.887Z,,,n-hv3-u00898,
hv3-e000156,hv3-u00048,task_first,hv3:main:50,organic_search,assigned,2026-08-13T15:06:41.888Z,,,,
hv3-e001795,hv3-u00511,task_first,hv3:main:50,app_store,assigned,2026-08-13T15:07:23.320Z,,,,
hv3-e000157,hv3-u00048,task_first,hv3:main:50,organic_search,note_saved,2026-08-13T15:10:41.888Z,,,n-hv3-u00048,
hv3-e001796,hv3-u00511,task_first,hv3:main:50,app_store,note_saved,2026-08-13T15:11:23.320Z,,,n-hv3-u00511,
hv3-e003054,hv3-u00876,baseline,hv3:main:50,app_store,revisited,2026-08-13T15:26:31.657Z,,,n-hv3-u00876,
hv3-e002565,hv3-u00740,task_first,hv3:main:50,app_store,assigned,2026-08-13T15:37:00.853Z,,,,
hv3-e002566,hv3-u00740,task_first,hv3:main:50,app_store,note_saved,2026-08-13T15:41:00.853Z,,,n-hv3-u00740,
hv3-e002293,hv3-u00656,task_first,hv3:main:50,organic_search,assigned,2026-08-13T15:41:24.786Z,,,,
hv3-e002567,hv3-u00740,task_first,hv3:main:50,app_store,task_created,2026-08-13T15:43:00.853Z,,,n-hv3-u00740,t-hv3-u00740-1
hv3-e002568,hv3-u00740,task_first,hv3:main:50,app_store,task_created,2026-08-13T15:44:00.853Z,,,n-hv3-u00740,t-hv3-u00740-2
hv3-e002294,hv3-u00656,task_first,hv3:main:50,organic_search,note_saved,2026-08-13T15:45:24.786Z,,,n-hv3-u00656,
hv3-e001420,hv3-u00401,baseline,hv3:main:50,referral,assigned,2026-08-13T16:22:32.233Z,,,,
hv3-e001421,hv3-u00401,baseline,hv3:main:50,referral,note_saved,2026-08-13T16:26:32.233Z,,,n-hv3-u00401,
hv3-e000182,hv3-u00058,baseline,hv3:main:50,referral,assigned,2026-08-13T16:31:59.810Z,,,,
hv3-e000992,hv3-u00280,baseline,hv3:main:50,referral,assigned,2026-08-13T16:32:40.746Z,,,,
hv3-e000183,hv3-u00058,baseline,hv3:main:50,referral,note_saved,2026-08-13T16:35:59.810Z,,,n-hv3-u00058,
hv3-e000993,hv3-u00280,baseline,hv3:main:50,referral,note_saved,2026-08-13T16:36:40.746Z,,,n-hv3-u00280,
hv3-e000184,hv3-u00058,baseline,hv3:main:50,referral,task_created,2026-08-13T16:37:59.810Z,,,n-hv3-u00058,t-hv3-u00058-1
hv3-e000185,hv3-u00058,baseline,hv3:main:50,referral,task_created,2026-08-13T16:38:59.810Z,,,n-hv3-u00058,t-hv3-u00058-2
hv3-e001864,hv3-u00532,baseline,hv3:main:50,organic_search,assigned,2026-08-13T16:49:58.732Z,,,,
hv3-e001865,hv3-u00532,baseline,hv3:main:50,organic_search,note_saved,2026-08-13T16:53:58.732Z,,,n-hv3-u00532,
hv3-e001866,hv3-u00532,baseline,hv3:main:50,organic_search,task_created,2026-08-13T16:55:58.732Z,,,n-hv3-u00532,t-hv3-u00532-1
hv3-e001867,hv3-u00532,baseline,hv3:main:50,organic_search,task_created,2026-08-13T16:56:58.732Z,,,n-hv3-u00532,t-hv3-u00532-2
hv3-e001868,hv3-u00532,baseline,hv3:main:50,organic_search,task_created,2026-08-13T16:57:58.732Z,,,n-hv3-u00532,t-hv3-u00532-3
hv3-e003500,hv3-u01013,task_first,hv3:main:50,organic_search,assigned,2026-08-13T17:04:37.262Z,,,,
hv3-e003501,hv3-u01013,task_first,hv3:main:50,organic_search,note_saved,2026-08-13T17:08:37.262Z,,,n-hv3-u01013,
hv3-e002898,hv3-u00832,task_first,hv3:main:50,organic_search,trial_started,2026-08-13T17:21:37.185Z,,,,
hv3-e001032,hv3-u00292,task_first,hv3:main:50,paid_social,assigned,2026-08-13T17:47:57.714Z,,,,
hv3-e002733,hv3-u00788,task_first,hv3:main:50,organic_search,assigned,2026-08-13T17:59:02.270Z,,,,
hv3-e002734,hv3-u00788,task_first,hv3:main:50,organic_search,note_saved,2026-08-13T18:03:02.270Z,,,n-hv3-u00788,
hv3-e003679,hv3-u01065,baseline,hv3:main:50,organic_search,revisited,2026-08-13T18:04:04.781Z,,,n-hv3-u01065,
hv3-e002735,hv3-u00788,task_first,hv3:main:50,organic_search,task_created,2026-08-13T18:05:02.270Z,,,n-hv3-u00788,t-hv3-u00788-1
hv3-e002736,hv3-u00788,task_first,hv3:main:50,organic_search,task_created,2026-08-13T18:06:02.270Z,,,n-hv3-u00788,t-hv3-u00788-2
hv3-e002812,hv3-u00810,task_first,hv3:main:50,referral,assigned,2026-08-13T18:06:58.327Z,,,,
hv3-e003680,hv3-u01065,baseline,hv3:main:50,organic_search,task_completed,2026-08-13T18:09:04.781Z,,,n-hv3-u01065,t-hv3-u01065-1
hv3-e000968,hv3-u00273,baseline,hv3:main:50,referral,assigned,2026-08-13T18:20:21.398Z,,,,
hv3-e000969,hv3-u00273,baseline,hv3:main:50,referral,note_saved,2026-08-13T18:24:21.398Z,,,n-hv3-u00273,
hv3-e000970,hv3-u00273,baseline,hv3:main:50,referral,task_created,2026-08-13T18:26:21.398Z,,,n-hv3-u00273,t-hv3-u00273-1
hv3-e000971,hv3-u00273,baseline,hv3:main:50,referral,task_created,2026-08-13T18:27:21.398Z,,,n-hv3-u00273,t-hv3-u00273-2
hv3-e000972,hv3-u00273,baseline,hv3:main:50,referral,task_created,2026-08-13T18:28:21.398Z,,,n-hv3-u00273,t-hv3-u00273-3
hv3-e000283,hv3-u00086,baseline,hv3:main:50,paid_social,paid,2026-08-13T18:55:12.381Z,10.00,XTS,,
hv3-e000360,hv3-u00109,baseline,hv3:main:50,referral,revisited,2026-08-13T19:33:20.628Z,,,n-hv3-u00109,
hv3-e003663,hv3-u01061,task_first,hv3:main:50,organic_search,assigned,2026-08-13T19:35:15.394Z,,,,
hv3-e003402,hv3-u00986,task_first,hv3:main:50,organic_search,assigned,2026-08-13T19:37:29.037Z,,,,
hv3-e003664,hv3-u01061,task_first,hv3:main:50,organic_search,note_saved,2026-08-13T19:39:15.394Z,,,n-hv3-u01061,
hv3-e003403,hv3-u00986,task_first,hv3:main:50,organic_search,note_saved,2026-08-13T19:41:29.037Z,,,n-hv3-u00986,
hv3-e001039,hv3-u00295,baseline,hv3:main:50,app_store,assigned,2026-08-13T19:49:46.416Z,,,,
hv3-e001040,hv3-u00295,baseline,hv3:main:50,app_store,note_saved,2026-08-13T19:53:46.416Z,,,n-hv3-u00295,
hv3-e002989,hv3-u00856,task_first,hv3:main:50,paid_social,trial_started,2026-08-13T20:05:18.217Z,,,,
hv3-e000361,hv3-u00109,baseline,hv3:main:50,referral,trial_started,2026-08-13T20:33:20.628Z,,,,
hv3-e002872,hv3-u00825,task_first,hv3:main:50,organic_search,revisited,2026-08-13T20:48:05.022Z,,,n-hv3-u00825,
hv3-e003621,hv3-u01048,baseline,hv3:main:50,organic_search,assigned,2026-08-13T21:03:00.784Z,,,,
hv3-e001640,hv3-u00462,task_first,hv3:main:50,app_store,assigned,2026-08-13T21:09:00.431Z,,,,
hv3-e002793,hv3-u00804,task_first,hv3:main:50,paid_social,revisited,2026-08-13T21:26:58.286Z,,,n-hv3-u00804,
hv3-e002804,hv3-u00806,baseline,hv3:main:50,app_store,assigned,2026-08-13T21:34:54.076Z,,,,
hv3-e003494,hv3-u01011,baseline,hv3:main:50,referral,assigned,2026-08-13T21:38:14.627Z,,,,
hv3-e002805,hv3-u00806,baseline,hv3:main:50,app_store,note_saved,2026-08-13T21:38:54.076Z,,,n-hv3-u00806,
hv3-e003495,hv3-u01011,baseline,hv3:main:50,referral,note_saved,2026-08-13T21:42:14.627Z,,,n-hv3-u01011,
hv3-e001849,hv3-u00527,task_first,hv3:main:50,paid_social,paid,2026-08-13T21:50:36.142Z,10.00,XTS,,
hv3-e000702,hv3-u00205,baseline,hv3:main:50,app_store,revisited,2026-08-13T22:09:14.392Z,,,n-hv3-u00205,
hv3-e002947,hv3-u00845,task_first,hv3:main:50,organic_search,revisited,2026-08-13T22:12:02.494Z,,,n-hv3-u00845,
hv3-e000703,hv3-u00205,baseline,hv3:main:50,app_store,task_completed,2026-08-13T22:14:14.392Z,,,n-hv3-u00205,t-hv3-u00205-1
hv3-e002948,hv3-u00845,task_first,hv3:main:50,organic_search,task_completed,2026-08-13T22:17:02.494Z,,,n-hv3-u00845,t-hv3-u00845-1
hv3-e001287,hv3-u00364,task_first,hv3:main:50,app_store,trial_started,2026-08-13T22:23:03.452Z,,,,
hv3-e001311,hv3-u00373,baseline,hv3:main:50,app_store,assigned,2026-08-13T22:24:27.214Z,,,,
hv3-e001312,hv3-u00373,baseline,hv3:main:50,app_store,note_saved,2026-08-13T22:28:27.214Z,,,n-hv3-u00373,
hv3-e001313,hv3-u00373,baseline,hv3:main:50,app_store,task_created,2026-08-13T22:30:27.214Z,,,n-hv3-u00373,t-hv3-u00373-1
hv3-e001314,hv3-u00373,baseline,hv3:main:50,app_store,task_created,2026-08-13T22:31:27.214Z,,,n-hv3-u00373,t-hv3-u00373-2
hv3-e001315,hv3-u00373,baseline,hv3:main:50,app_store,task_created,2026-08-13T22:32:27.214Z,,,n-hv3-u00373,t-hv3-u00373-3
hv3-e001824,hv3-u00521,baseline,hv3:main:50,organic_search,assigned,2026-08-13T23:36:21.021Z,,,,
hv3-e002170,hv3-u00621,baseline,hv3:main:50,paid_social,assigned,2026-08-13T23:39:28.971Z,,,,
hv3-e001825,hv3-u00521,baseline,hv3:main:50,organic_search,note_saved,2026-08-13T23:40:21.021Z,,,n-hv3-u00521,
hv3-e001826,hv3-u00521,baseline,hv3:main:50,organic_search,task_created,2026-08-13T23:42:21.021Z,,,n-hv3-u00521,t-hv3-u00521-1
hv3-e002171,hv3-u00621,baseline,hv3:main:50,paid_social,note_saved,2026-08-13T23:43:28.971Z,,,n-hv3-u00621,
hv3-e002893,hv3-u00830,baseline,hv3:main:50,organic_search,revisited,2026-08-13T23:43:29.584Z,,,n-hv3-u00830,
hv3-e001781,hv3-u00507,task_first,hv3:main:50,paid_social,assigned,2026-08-14T00:24:41.206Z,,,,
hv3-e001911,hv3-u00546,task_first,hv3:main:50,paid_social,assigned,2026-08-14T00:27:35.750Z,,,,
hv3-e001782,hv3-u00507,task_first,hv3:main:50,paid_social,note_saved,2026-08-14T00:28:41.206Z,,,n-hv3-u00507,
hv3-e001783,hv3-u00507,task_first,hv3:main:50,paid_social,task_created,2026-08-14T00:30:41.206Z,,,n-hv3-u00507,t-hv3-u00507-1
hv3-e001912,hv3-u00546,task_first,hv3:main:50,paid_social,note_saved,2026-08-14T00:31:35.750Z,,,n-hv3-u00546,
hv3-e001784,hv3-u00507,task_first,hv3:main:50,paid_social,task_created,2026-08-14T00:31:41.206Z,,,n-hv3-u00507,t-hv3-u00507-2
hv3-e002077,hv3-u00592,task_first,hv3:main:50,referral,assigned,2026-08-14T00:35:07.518Z,,,,
hv3-e001722,hv3-u00491,baseline,hv3:main:50,organic_search,assigned,2026-08-14T00:51:19.948Z,,,,
hv3-e001723,hv3-u00491,baseline,hv3:main:50,organic_search,note_saved,2026-08-14T00:55:19.948Z,,,n-hv3-u00491,
hv3-e003376,hv3-u00975,baseline,hv3:main:50,organic_search,trial_started,2026-08-14T01:25:14.339Z,,,,
hv3-e000985,hv3-u00277,task_first,hv3:main:50,paid_social,trial_started,2026-08-14T01:40:47.926Z,,,,
hv3-e002697,hv3-u00776,baseline,hv3:main:50,referral,assigned,2026-08-14T01:55:51.373Z,,,,
hv3-e000368,hv3-u00112,task_first,hv3:main:50,paid_social,assigned,2026-08-14T02:04:41.880Z,,,,
hv3-e003404,hv3-u00987,task_first,hv3:main:50,paid_social,assigned,2026-08-14T02:10:51.908Z,,,,
hv3-e003405,hv3-u00987,task_first,hv3:main:50,paid_social,note_saved,2026-08-14T02:14:51.908Z,,,n-hv3-u00987,
hv3-e003406,hv3-u00987,task_first,hv3:main:50,paid_social,task_created,2026-08-14T02:16:51.908Z,,,n-hv3-u00987,t-hv3-u00987-1
hv3-e002578,hv3-u00743,baseline,hv3:main:50,paid_social,paid,2026-08-14T02:34:48.715Z,10.00,XTS,,
hv3-e002246,hv3-u00644,task_first,hv3:main:50,organic_search,assigned,2026-08-14T02:35:56.824Z,,,,
hv3-e002247,hv3-u00644,task_first,hv3:main:50,organic_search,note_saved,2026-08-14T02:39:56.824Z,,,n-hv3-u00644,
hv3-e002248,hv3-u00644,task_first,hv3:main:50,organic_search,task_created,2026-08-14T02:41:56.824Z,,,n-hv3-u00644,t-hv3-u00644-1
hv3-e002249,hv3-u00644,task_first,hv3:main:50,organic_search,task_created,2026-08-14T02:42:56.824Z,,,n-hv3-u00644,t-hv3-u00644-2
hv3-e001672,hv3-u00474,task_first,hv3:main:50,app_store,assigned,2026-08-14T02:48:46.683Z,,,,
hv3-e001673,hv3-u00474,task_first,hv3:main:50,app_store,note_saved,2026-08-14T02:52:46.683Z,,,n-hv3-u00474,
hv3-e000259,hv3-u00082,task_first,hv3:main:50,paid_social,assigned,2026-08-14T02:53:18.019Z,,,,
hv3-e001097,hv3-u00309,baseline,hv3:main:50,paid_social,revisited,2026-08-14T03:01:19.111Z,,,n-hv3-u00309,
hv3-e001376,hv3-u00387,baseline,hv3:main:50,organic_search,trial_started,2026-08-14T03:23:06.697Z,,,,
hv3-e001969,hv3-u00563,task_first,hv3:main:50,organic_search,assigned,2026-08-14T03:27:19.895Z,,,,
hv3-e000466,hv3-u00138,baseline,hv3:main:50,paid_social,trial_started,2026-08-14T03:30:50.144Z,,,,
hv3-e001970,hv3-u00563,task_first,hv3:main:50,organic_search,note_saved,2026-08-14T03:31:19.895Z,,,n-hv3-u00563,
hv3-e000260,hv3-u00082,task_first,hv3:main:50,paid_social,trial_started,2026-08-14T03:53:18.019Z,,,,
hv3-e000111,hv3-u00032,baseline,hv3:main:50,organic_search,assigned,2026-08-14T04:07:04.901Z,,,,
hv3-e000956,hv3-u00269,task_first,hv3:main:50,paid_social,paid,2026-08-14T04:07:18.495Z,10.00,XTS,,
hv3-e000112,hv3-u00032,baseline,hv3:main:50,organic_search,note_saved,2026-08-14T04:11:04.901Z,,,n-hv3-u00032,
hv3-e000113,hv3-u00032,baseline,hv3:main:50,organic_search,task_created,2026-08-14T04:13:04.901Z,,,n-hv3-u00032,t-hv3-u00032-1
hv3-e000114,hv3-u00032,baseline,hv3:main:50,organic_search,task_created,2026-08-14T04:14:04.901Z,,,n-hv3-u00032,t-hv3-u00032-2
hv3-e001090,hv3-u00307,task_first,hv3:main:50,organic_search,assigned,2026-08-14T04:19:27.555Z,,,,
hv3-e001091,hv3-u00307,task_first,hv3:main:50,organic_search,note_saved,2026-08-14T04:23:27.555Z,,,n-hv3-u00307,
hv3-e002211,hv3-u00633,task_first,hv3:main:50,organic_search,assigned,2026-08-14T04:23:29.626Z,,,,
hv3-e002961,hv3-u00849,baseline,hv3:main:50,organic_search,assigned,2026-08-14T04:25:25.597Z,,,,
hv3-e001972,hv3-u00563,task_first,hv3:main:50,organic_search,trial_started,2026-08-14T04:27:19.895Z,,,,
hv3-e002212,hv3-u00633,task_first,hv3:main:50,organic_search,note_saved,2026-08-14T04:27:29.626Z,,,n-hv3-u00633,
hv3-e002962,hv3-u00849,baseline,hv3:main:50,organic_search,note_saved,2026-08-14T04:29:25.597Z,,,n-hv3-u00849,
hv3-e002213,hv3-u00633,task_first,hv3:main:50,organic_search,task_created,2026-08-14T04:29:29.626Z,,,n-hv3-u00633,t-hv3-u00633-1
hv3-e001381,hv3-u00389,task_first,hv3:main:50,paid_social,assigned,2026-08-14T04:37:46.016Z,,,,
hv3-e001382,hv3-u00389,task_first,hv3:main:50,paid_social,note_saved,2026-08-14T04:41:46.016Z,,,n-hv3-u00389,
hv3-e001383,hv3-u00389,task_first,hv3:main:50,paid_social,task_created,2026-08-14T04:43:46.016Z,,,n-hv3-u00389,t-hv3-u00389-1
hv3-e001384,hv3-u00389,task_first,hv3:main:50,paid_social,task_created,2026-08-14T04:44:46.016Z,,,n-hv3-u00389,t-hv3-u00389-2
hv3-e002007,hv3-u00574,baseline,hv3:main:50,paid_social,assigned,2026-08-14T05:00:47.237Z,,,,
hv3-e000843,hv3-u00238,task_first,hv3:main:50,organic_search,refunded,2026-08-14T05:02:09.685Z,10.00,XTS,,
hv3-e002008,hv3-u00574,baseline,hv3:main:50,paid_social,note_saved,2026-08-14T05:04:47.237Z,,,n-hv3-u00574,
hv3-e001050,hv3-u00297,baseline,hv3:main:50,organic_search,revisited,2026-08-14T05:52:52.810Z,,,n-hv3-u00297,
hv3-e001051,hv3-u00297,baseline,hv3:main:50,organic_search,task_completed,2026-08-14T05:57:52.810Z,,,n-hv3-u00297,t-hv3-u00297-1
hv3-e003552,hv3-u01028,baseline,hv3:main:50,app_store,paid,2026-08-14T06:01:22.174Z,10.00,XTS,,
hv3-e001331,hv3-u00378,baseline,hv3:main:50,organic_search,assigned,2026-08-14T06:45:06.448Z,,,,
hv3-e001332,hv3-u00378,baseline,hv3:main:50,organic_search,note_saved,2026-08-14T06:49:06.448Z,,,n-hv3-u00378,
hv3-e001333,hv3-u00378,baseline,hv3:main:50,organic_search,task_created,2026-08-14T06:51:06.448Z,,,n-hv3-u00378,t-hv3-u00378-1
hv3-e001334,hv3-u00378,baseline,hv3:main:50,organic_search,task_created,2026-08-14T06:52:06.448Z,,,n-hv3-u00378,t-hv3-u00378-2
hv3-e001335,hv3-u00378,baseline,hv3:main:50,organic_search,task_created,2026-08-14T06:53:06.448Z,,,n-hv3-u00378,t-hv3-u00378-3
hv3-e001816,hv3-u00519,baseline,hv3:main:50,referral,assigned,2026-08-14T06:53:46.498Z,,,,
hv3-e001817,hv3-u00519,baseline,hv3:main:50,referral,note_saved,2026-08-14T06:57:46.498Z,,,n-hv3-u00519,
hv3-e001479,hv3-u00417,baseline,hv3:main:50,paid_social,assigned,2026-08-14T06:59:46.691Z,,,,
hv3-e001480,hv3-u00417,baseline,hv3:main:50,paid_social,note_saved,2026-08-14T07:03:46.691Z,,,n-hv3-u00417,
hv3-e001481,hv3-u00417,baseline,hv3:main:50,paid_social,task_created,2026-08-14T07:05:46.691Z,,,n-hv3-u00417,t-hv3-u00417-1
hv3-e001482,hv3-u00417,baseline,hv3:main:50,paid_social,task_created,2026-08-14T07:06:46.691Z,,,n-hv3-u00417,t-hv3-u00417-2
hv3-e002241,hv3-u00643,baseline,hv3:main:50,organic_search,assigned,2026-08-14T07:09:59.382Z,,,,
hv3-e002242,hv3-u00643,baseline,hv3:main:50,organic_search,note_saved,2026-08-14T07:13:59.382Z,,,n-hv3-u00643,
hv3-e002243,hv3-u00643,baseline,hv3:main:50,organic_search,task_created,2026-08-14T07:15:59.382Z,,,n-hv3-u00643,t-hv3-u00643-1
hv3-e003059,hv3-u00877,baseline,hv3:main:50,referral,revisited,2026-08-14T07:17:14.938Z,,,n-hv3-u00877,
hv3-e001093,hv3-u00308,baseline,hv3:main:50,organic_search,assigned,2026-08-14T07:20:20.856Z,,,,
hv3-e003060,hv3-u00877,baseline,hv3:main:50,referral,task_completed,2026-08-14T07:22:14.938Z,,,n-hv3-u00877,t-hv3-u00877-1
hv3-e001683,hv3-u00477,baseline,hv3:main:50,organic_search,assigned,2026-08-14T07:22:30.076Z,,,,
hv3-e001684,hv3-u00477,baseline,hv3:main:50,organic_search,note_saved,2026-08-14T07:26:30.076Z,,,n-hv3-u00477,
hv3-e001685,hv3-u00477,baseline,hv3:main:50,organic_search,task_created,2026-08-14T07:28:30.076Z,,,n-hv3-u00477,t-hv3-u00477-1
hv3-e000402,hv3-u00123,baseline,hv3:main:50,app_store,revisited,2026-08-14T08:06:17.949Z,,,n-hv3-u00123,
hv3-e000965,hv3-u00272,baseline,hv3:main:50,paid_social,assigned,2026-08-14T08:26:43.187Z,,,,
hv3-e000966,hv3-u00272,baseline,hv3:main:50,paid_social,note_saved,2026-08-14T08:30:43.187Z,,,n-hv3-u00272,
hv3-e000039,hv3-u00013,task_first,hv3:main:50,app_store,revisited,2026-08-14T08:33:14.786Z,,,n-hv3-u00013,
hv3-e000781,hv3-u00224,baseline,hv3:main:50,app_store,assigned,2026-08-14T08:55:08.690Z,,,,
hv3-e000782,hv3-u00224,baseline,hv3:main:50,app_store,note_saved,2026-08-14T08:59:08.690Z,,,n-hv3-u00224,
hv3-e000783,hv3-u00224,baseline,hv3:main:50,app_store,task_created,2026-08-14T09:01:08.690Z,,,n-hv3-u00224,t-hv3-u00224-1
hv3-e000784,hv3-u00224,baseline,hv3:main:50,app_store,task_created,2026-08-14T09:02:08.690Z,,,n-hv3-u00224,t-hv3-u00224-2
hv3-e000730,hv3-u00211,task_first,hv3:main:50,referral,assigned,2026-08-14T09:08:17.367Z,,,,
hv3-e000731,hv3-u00211,task_first,hv3:main:50,referral,note_saved,2026-08-14T09:12:17.367Z,,,n-hv3-u00211,
hv3-e000732,hv3-u00211,task_first,hv3:main:50,referral,task_created,2026-08-14T09:14:17.367Z,,,n-hv3-u00211,t-hv3-u00211-1
hv3-e000733,hv3-u00211,task_first,hv3:main:50,referral,task_created,2026-08-14T09:15:17.367Z,,,n-hv3-u00211,t-hv3-u00211-2
hv3-e000734,hv3-u00211,task_first,hv3:main:50,referral,task_created,2026-08-14T09:16:17.367Z,,,n-hv3-u00211,t-hv3-u00211-3
hv3-e002569,hv3-u00741,task_first,hv3:main:50,organic_search,assigned,2026-08-14T09:17:37.496Z,,,,
hv3-e002570,hv3-u00741,task_first,hv3:main:50,organic_search,note_saved,2026-08-14T09:21:37.496Z,,,n-hv3-u00741,
hv3-e002571,hv3-u00741,task_first,hv3:main:50,organic_search,task_created,2026-08-14T09:23:37.496Z,,,n-hv3-u00741,t-hv3-u00741-1
hv3-e002572,hv3-u00741,task_first,hv3:main:50,organic_search,task_created,2026-08-14T09:24:37.496Z,,,n-hv3-u00741,t-hv3-u00741-2
hv3-e002573,hv3-u00741,task_first,hv3:main:50,organic_search,task_created,2026-08-14T09:25:37.496Z,,,n-hv3-u00741,t-hv3-u00741-3
hv3-e003316,hv3-u00954,task_first,hv3:main:50,referral,trial_started,2026-08-14T10:05:03.129Z,,,,
hv3-e001074,hv3-u00304,baseline,hv3:main:50,referral,trial_started,2026-08-14T11:10:38.590Z,,,,
hv3-e000328,hv3-u00098,baseline,hv3:main:50,paid_social,assigned,2026-08-14T11:20:18.463Z,,,,
hv3-e000329,hv3-u00098,baseline,hv3:main:50,paid_social,note_saved,2026-08-14T11:24:18.463Z,,,n-hv3-u00098,
hv3-e003515,hv3-u01017,task_first,hv3:main:50,app_store,paid,2026-08-14T12:08:59.064Z,10.00,XTS,,
hv3-e003115,hv3-u00896,baseline,hv3:main:50,paid_social,revisited,2026-08-14T12:19:48.116Z,,,n-hv3-u00896,
hv3-e001225,hv3-u00347,baseline,hv3:main:50,organic_search,assigned,2026-08-14T12:47:18.336Z,,,,
hv3-e002535,hv3-u00727,baseline,hv3:main:50,app_store,assigned,2026-08-14T12:49:22.823Z,,,,
hv3-e001226,hv3-u00347,baseline,hv3:main:50,organic_search,note_saved,2026-08-14T12:51:18.336Z,,,n-hv3-u00347,
hv3-e002536,hv3-u00727,baseline,hv3:main:50,app_store,note_saved,2026-08-14T12:53:22.823Z,,,n-hv3-u00727,
hv3-e002978,hv3-u00854,task_first,hv3:main:50,app_store,assigned,2026-08-14T13:02:46.418Z,,,,
hv3-e002196,hv3-u00626,baseline,hv3:main:50,app_store,revisited,2026-08-14T13:03:28.128Z,,,n-hv3-u00626,
hv3-e002979,hv3-u00854,task_first,hv3:main:50,app_store,note_saved,2026-08-14T13:06:46.418Z,,,n-hv3-u00854,
hv3-e002980,hv3-u00854,task_first,hv3:main:50,app_store,task_created,2026-08-14T13:08:46.418Z,,,n-hv3-u00854,t-hv3-u00854-1
hv3-e002981,hv3-u00854,task_first,hv3:main:50,app_store,task_created,2026-08-14T13:09:46.418Z,,,n-hv3-u00854,t-hv3-u00854-2
hv3-e002982,hv3-u00854,task_first,hv3:main:50,app_store,task_created,2026-08-14T13:10:46.418Z,,,n-hv3-u00854,t-hv3-u00854-3
hv3-e002670,hv3-u00767,baseline,hv3:main:50,paid_social,assigned,2026-08-14T13:12:49.770Z,,,,
hv3-e002671,hv3-u00767,baseline,hv3:main:50,paid_social,note_saved,2026-08-14T13:16:49.770Z,,,n-hv3-u00767,
hv3-e000671,hv3-u00196,baseline,hv3:main:50,organic_search,assigned,2026-08-14T13:19:50.117Z,,,,
hv3-e003734,hv3-u01081,task_first,hv3:main:50,organic_search,assigned,2026-08-14T13:22:47.964Z,,,,
hv3-e000672,hv3-u00196,baseline,hv3:main:50,organic_search,note_saved,2026-08-14T13:23:50.117Z,,,n-hv3-u00196,
hv3-e001444,hv3-u00408,baseline,hv3:main:50,organic_search,assigned,2026-08-14T13:24:40.079Z,,,,
hv3-e002039,hv3-u00584,baseline,hv3:main:50,referral,assigned,2026-08-14T13:25:23.159Z,,,,
hv3-e003735,hv3-u01081,task_first,hv3:main:50,organic_search,note_saved,2026-08-14T13:26:47.964Z,,,n-hv3-u01081,
hv3-e001445,hv3-u00408,baseline,hv3:main:50,organic_search,note_saved,2026-08-14T13:28:40.079Z,,,n-hv3-u00408,
hv3-e003736,hv3-u01081,task_first,hv3:main:50,organic_search,task_created,2026-08-14T13:28:47.964Z,,,n-hv3-u01081,t-hv3-u01081-1
hv3-e002040,hv3-u00584,baseline,hv3:main:50,referral,note_saved,2026-08-14T13:29:23.159Z,,,n-hv3-u00584,
hv3-e003737,hv3-u01081,task_first,hv3:main:50,organic_search,task_created,2026-08-14T13:29:47.964Z,,,n-hv3-u01081,t-hv3-u01081-2
hv3-e003738,hv3-u01081,task_first,hv3:main:50,organic_search,task_created,2026-08-14T13:30:47.964Z,,,n-hv3-u01081,t-hv3-u01081-3
hv3-e002041,hv3-u00584,baseline,hv3:main:50,referral,task_created,2026-08-14T13:31:23.159Z,,,n-hv3-u00584,t-hv3-u00584-1
hv3-e002042,hv3-u00584,baseline,hv3:main:50,referral,task_created,2026-08-14T13:32:23.159Z,,,n-hv3-u00584,t-hv3-u00584-2
hv3-e002015,hv3-u00577,task_first,hv3:main:50,referral,assigned,2026-08-14T13:33:59.043Z,,,,
hv3-e002016,hv3-u00577,task_first,hv3:main:50,referral,note_saved,2026-08-14T13:37:59.043Z,,,n-hv3-u00577,
hv3-e002679,hv3-u00770,baseline,hv3:main:50,paid_social,assigned,2026-08-14T13:54:13.705Z,,,,
hv3-e002680,hv3-u00770,baseline,hv3:main:50,paid_social,note_saved,2026-08-14T13:58:13.705Z,,,n-hv3-u00770,
hv3-e000823,hv3-u00236,baseline,hv3:main:50,referral,assigned,2026-08-14T13:58:34.926Z,,,,
hv3-e000824,hv3-u00236,baseline,hv3:main:50,referral,note_saved,2026-08-14T14:02:34.926Z,,,n-hv3-u00236,
hv3-e000825,hv3-u00236,baseline,hv3:main:50,referral,task_created,2026-08-14T14:04:34.926Z,,,n-hv3-u00236,t-hv3-u00236-1
hv3-e000826,hv3-u00236,baseline,hv3:main:50,referral,task_created,2026-08-14T14:05:34.926Z,,,n-hv3-u00236,t-hv3-u00236-2
hv3-e000827,hv3-u00236,baseline,hv3:main:50,referral,task_created,2026-08-14T14:06:34.926Z,,,n-hv3-u00236,t-hv3-u00236-3
hv3-e000674,hv3-u00196,baseline,hv3:main:50,organic_search,trial_started,2026-08-14T14:19:50.117Z,,,,
hv3-e000607,hv3-u00176,baseline,hv3:main:50,app_store,assigned,2026-08-14T14:33:55.731Z,,,,
hv3-e003644,hv3-u01054,baseline,hv3:main:50,referral,revisited,2026-08-14T14:34:43.427Z,,,n-hv3-u01054,
hv3-e000608,hv3-u00176,baseline,hv3:main:50,app_store,note_saved,2026-08-14T14:37:55.731Z,,,n-hv3-u00176,
hv3-e002033,hv3-u00582,task_first,hv3:main:50,referral,assigned,2026-08-14T15:13:04.882Z,,,,
hv3-e002034,hv3-u00582,task_first,hv3:main:50,referral,note_saved,2026-08-14T15:17:04.882Z,,,n-hv3-u00582,
hv3-e003109,hv3-u00894,baseline,hv3:main:50,paid_social,revisited,2026-08-14T15:48:45.238Z,,,n-hv3-u00894,
hv3-e002161,hv3-u00618,task_first,hv3:main:50,paid_social,assigned,2026-08-14T16:00:10.538Z,,,,
hv3-e002162,hv3-u00618,task_first,hv3:main:50,paid_social,note_saved,2026-08-14T16:04:10.538Z,,,n-hv3-u00618,
hv3-e001163,hv3-u00333,baseline,hv3:main:50,organic_search,revisited,2026-08-14T16:08:00.796Z,,,n-hv3-u00333,
hv3-e001504,hv3-u00425,baseline,hv3:main:50,referral,assigned,2026-08-14T16:37:39.484Z,,,,
hv3-e001505,hv3-u00425,baseline,hv3:main:50,referral,note_saved,2026-08-14T16:41:39.484Z,,,n-hv3-u00425,
hv3-e000666,hv3-u00194,task_first,hv3:main:50,paid_social,trial_started,2026-08-14T17:45:10.403Z,,,,
hv3-e001221,hv3-u00346,task_first,hv3:main:50,organic_search,assigned,2026-08-14T17:52:31.439Z,,,,
hv3-e003219,hv3-u00925,baseline,hv3:main:50,referral,revisited,2026-08-14T17:53:04.876Z,,,n-hv3-u00925,
hv3-e003578,hv3-u01036,baseline,hv3:main:50,organic_search,assigned,2026-08-14T17:54:19.343Z,,,,
hv3-e001222,hv3-u00346,task_first,hv3:main:50,organic_search,note_saved,2026-08-14T17:56:31.439Z,,,n-hv3-u00346,
hv3-e003220,hv3-u00925,baseline,hv3:main:50,referral,task_completed,2026-08-14T17:58:04.876Z,,,n-hv3-u00925,t-hv3-u00925-1
hv3-e003579,hv3-u01036,baseline,hv3:main:50,organic_search,note_saved,2026-08-14T17:58:19.343Z,,,n-hv3-u01036,
hv3-e001223,hv3-u00346,task_first,hv3:main:50,organic_search,task_created,2026-08-14T17:58:31.439Z,,,n-hv3-u00346,t-hv3-u00346-1
hv3-e001224,hv3-u00346,task_first,hv3:main:50,organic_search,task_created,2026-08-14T17:59:31.439Z,,,n-hv3-u00346,t-hv3-u00346-2
hv3-e003580,hv3-u01036,baseline,hv3:main:50,organic_search,task_created,2026-08-14T18:00:19.343Z,,,n-hv3-u01036,t-hv3-u01036-1
hv3-e003581,hv3-u01036,baseline,hv3:main:50,organic_search,task_created,2026-08-14T18:01:19.343Z,,,n-hv3-u01036,t-hv3-u01036-2
hv3-e003582,hv3-u01036,baseline,hv3:main:50,organic_search,task_created,2026-08-14T18:02:19.343Z,,,n-hv3-u01036,t-hv3-u01036-3
hv3-e001983,hv3-u00566,task_first,hv3:main:50,paid_social,revisited,2026-08-14T18:06:56.143Z,,,n-hv3-u00566,
hv3-e003576,hv3-u01035,baseline,hv3:main:50,paid_social,paid,2026-08-14T18:08:07.534Z,10.00,XTS,,
hv3-e001109,hv3-u00314,baseline,hv3:main:50,paid_social,assigned,2026-08-14T18:36:27.994Z,,,,
hv3-e002078,hv3-u00593,baseline,hv3:main:50,organic_search,assigned,2026-08-14T18:39:27.459Z,,,,
hv3-e002079,hv3-u00593,baseline,hv3:main:50,organic_search,note_saved,2026-08-14T18:43:27.459Z,,,n-hv3-u00593,
hv3-e003493,hv3-u01010,baseline,hv3:main:50,referral,trial_started,2026-08-14T18:43:41.282Z,,,,
hv3-e000975,hv3-u00274,baseline,hv3:main:50,referral,revisited,2026-08-14T18:49:56.794Z,,,n-hv3-u00274,
hv3-e000606,hv3-u00175,task_first,hv3:main:50,organic_search,assigned,2026-08-14T18:59:49.812Z,,,,
hv3-e002884,hv3-u00828,task_first,hv3:main:50,paid_social,revisited,2026-08-14T19:02:30.754Z,,,n-hv3-u00828,
hv3-e002475,hv3-u00710,task_first,hv3:main:50,organic_search,paid,2026-08-14T19:08:03.913Z,10.00,XTS,,
hv3-e000962,hv3-u00271,baseline,hv3:main:50,paid_social,assigned,2026-08-14T19:15:26.506Z,,,,
hv3-e000963,hv3-u00271,baseline,hv3:main:50,paid_social,note_saved,2026-08-14T19:19:26.506Z,,,n-hv3-u00271,
hv3-e000964,hv3-u00271,baseline,hv3:main:50,paid_social,task_created,2026-08-14T19:21:26.506Z,,,n-hv3-u00271,t-hv3-u00271-1
hv3-e002254,hv3-u00647,baseline,hv3:main:50,organic_search,assigned,2026-08-14T19:23:02.299Z,,,,
hv3-e000884,hv3-u00250,baseline,hv3:main:50,paid_social,revisited,2026-08-14T19:23:39.739Z,,,n-hv3-u00250,
hv3-e002255,hv3-u00647,baseline,hv3:main:50,organic_search,note_saved,2026-08-14T19:27:02.299Z,,,n-hv3-u00647,
hv3-e000885,hv3-u00250,baseline,hv3:main:50,paid_social,task_completed,2026-08-14T19:28:39.739Z,,,n-hv3-u00250,t-hv3-u00250-1
hv3-e002401,hv3-u00688,task_first,hv3:main:50,referral,paid,2026-08-14T20:09:49.091Z,10.00,XTS,,
hv3-e001042,hv3-u00295,baseline,hv3:main:50,app_store,trial_started,2026-08-14T20:49:46.416Z,,,,
hv3-e003709,hv3-u01073,task_first,hv3:main:50,paid_social,refunded,2026-08-14T21:00:06.884Z,10.00,XTS,,
hv3-e001641,hv3-u00462,task_first,hv3:main:50,app_store,revisited,2026-08-14T21:09:00.431Z,,,n-hv3-u00462,
hv3-e000194,hv3-u00062,task_first,hv3:main:50,organic_search,revisited,2026-08-14T21:32:40.082Z,,,n-hv3-u00062,
hv3-e003282,hv3-u00945,baseline,hv3:main:50,organic_search,assigned,2026-08-14T21:51:48.266Z,,,,
hv3-e003283,hv3-u00945,baseline,hv3:main:50,organic_search,note_saved,2026-08-14T21:55:48.266Z,,,n-hv3-u00945,
hv3-e002816,hv3-u00811,task_first,hv3:main:50,paid_social,paid,2026-08-14T21:59:59.048Z,10.00,XTS,,
hv3-e002047,hv3-u00585,task_first,hv3:main:50,organic_search,paid,2026-08-14T22:28:36.044Z,10.00,XTS,,
hv3-e002441,hv3-u00699,task_first,hv3:main:50,paid_social,paid,2026-08-14T22:37:47.242Z,10.00,XTS,,
hv3-e000704,hv3-u00205,baseline,hv3:main:50,app_store,trial_started,2026-08-14T22:39:14.392Z,,,,
hv3-e000785,hv3-u00225,baseline,hv3:main:50,app_store,assigned,2026-08-14T22:58:44.482Z,,,,
hv3-e000850,hv3-u00240,baseline,hv3:main:50,organic_search,assigned,2026-08-14T23:00:00.940Z,,,,
hv3-e000786,hv3-u00225,baseline,hv3:main:50,app_store,note_saved,2026-08-14T23:02:44.482Z,,,n-hv3-u00225,
hv3-e000851,hv3-u00240,baseline,hv3:main:50,organic_search,note_saved,2026-08-14T23:04:00.940Z,,,n-hv3-u00240,
hv3-e000088,hv3-u00027,task_first,hv3:main:50,app_store,assigned,2026-08-14T23:04:33.006Z,,,,
hv3-e000089,hv3-u00027,task_first,hv3:main:50,app_store,note_saved,2026-08-14T23:08:33.006Z,,,n-hv3-u00027,
hv3-e003605,hv3-u01043,task_first,hv3:main:50,organic_search,assigned,2026-08-14T23:11:18.245Z,,,,
hv3-e003606,hv3-u01043,task_first,hv3:main:50,organic_search,note_saved,2026-08-14T23:15:18.245Z,,,n-hv3-u01043,
hv3-e001528,hv3-u00432,task_first,hv3:main:50,referral,assigned,2026-08-14T23:24:16.900Z,,,,
hv3-e001529,hv3-u00432,task_first,hv3:main:50,referral,note_saved,2026-08-14T23:28:16.900Z,,,n-hv3-u00432,
hv3-e000313,hv3-u00094,task_first,hv3:main:50,paid_social,paid,2026-08-14T23:33:05.512Z,10.00,XTS,,
hv3-e000020,hv3-u00006,task_first,hv3:main:50,organic_search,trial_started,2026-08-14T23:48:20.208Z,,,,
hv3-e002337,hv3-u00671,task_first,hv3:main:50,referral,assigned,2026-08-14T23:51:52.109Z,,,,
hv3-e000852,hv3-u00240,baseline,hv3:main:50,organic_search,trial_started,2026-08-15T00:00:00.940Z,,,,
hv3-e000180,hv3-u00057,task_first,hv3:main:50,app_store,assigned,2026-08-15T00:59:33.307Z,,,,
hv3-e000181,hv3-u00057,task_first,hv3:main:50,app_store,note_saved,2026-08-15T01:03:33.307Z,,,n-hv3-u00057,
hv3-e002555,hv3-u00735,task_first,hv3:main:50,paid_social,assigned,2026-08-15T01:35:15.899Z,,,,
hv3-e002513,hv3-u00721,baseline,hv3:main:50,organic_search,assigned,2026-08-15T01:48:25.187Z,,,,
hv3-e002514,hv3-u00721,baseline,hv3:main:50,organic_search,note_saved,2026-08-15T01:52:25.187Z,,,n-hv3-u00721,
hv3-e002515,hv3-u00721,baseline,hv3:main:50,organic_search,task_created,2026-08-15T01:54:25.187Z,,,n-hv3-u00721,t-hv3-u00721-1
hv3-e002516,hv3-u00721,baseline,hv3:main:50,organic_search,task_created,2026-08-15T01:55:25.187Z,,,n-hv3-u00721,t-hv3-u00721-2
hv3-e002517,hv3-u00721,baseline,hv3:main:50,organic_search,task_created,2026-08-15T01:56:25.187Z,,,n-hv3-u00721,t-hv3-u00721-3
hv3-e003524,hv3-u01021,task_first,hv3:main:50,organic_search,assigned,2026-08-15T02:07:58.535Z,,,,
hv3-e003091,hv3-u00888,task_first,hv3:main:50,app_store,revisited,2026-08-15T02:09:49.204Z,,,n-hv3-u00888,
hv3-e003525,hv3-u01021,task_first,hv3:main:50,organic_search,note_saved,2026-08-15T02:11:58.535Z,,,n-hv3-u01021,
hv3-e003526,hv3-u01021,task_first,hv3:main:50,organic_search,task_created,2026-08-15T02:13:58.535Z,,,n-hv3-u01021,t-hv3-u01021-1
hv3-e003092,hv3-u00888,task_first,hv3:main:50,app_store,task_completed,2026-08-15T02:14:49.204Z,,,n-hv3-u00888,t-hv3-u00888-1
hv3-e003527,hv3-u01021,task_first,hv3:main:50,organic_search,task_created,2026-08-15T02:14:58.535Z,,,n-hv3-u01021,t-hv3-u01021-2
hv3-e001514,hv3-u00427,baseline,hv3:main:50,app_store,revisited,2026-08-15T02:40:41.335Z,,,n-hv3-u00427,
hv3-e001515,hv3-u00427,baseline,hv3:main:50,app_store,task_completed,2026-08-15T02:45:41.335Z,,,n-hv3-u00427,t-hv3-u00427-1
hv3-e003465,hv3-u01001,baseline,hv3:main:50,referral,trial_started,2026-08-15T02:55:34.314Z,,,,
hv3-e002708,hv3-u00780,baseline,hv3:main:50,app_store,assigned,2026-08-15T02:59:28.368Z,,,,
hv3-e002709,hv3-u00780,baseline,hv3:main:50,app_store,note_saved,2026-08-15T03:03:28.368Z,,,n-hv3-u00780,
hv3-e002710,hv3-u00780,baseline,hv3:main:50,app_store,task_created,2026-08-15T03:05:28.368Z,,,n-hv3-u00780,t-hv3-u00780-1
hv3-e001199,hv3-u00340,baseline,hv3:main:50,paid_social,assigned,2026-08-15T03:27:31.700Z,,,,
hv3-e001200,hv3-u00340,baseline,hv3:main:50,paid_social,note_saved,2026-08-15T03:31:31.700Z,,,n-hv3-u00340,
hv3-e003485,hv3-u01008,task_first,hv3:main:50,paid_social,assigned,2026-08-15T03:49:29.694Z,,,,
hv3-e003486,hv3-u01008,task_first,hv3:main:50,paid_social,note_saved,2026-08-15T03:53:29.694Z,,,n-hv3-u01008,
hv3-e003487,hv3-u01008,task_first,hv3:main:50,paid_social,task_created,2026-08-15T03:55:29.694Z,,,n-hv3-u01008,t-hv3-u01008-1
hv3-e002672,hv3-u00768,task_first,hv3:main:50,paid_social,assigned,2026-08-15T04:22:54.134Z,,,,
hv3-e002673,hv3-u00768,task_first,hv3:main:50,paid_social,note_saved,2026-08-15T04:26:54.134Z,,,n-hv3-u00768,
hv3-e001153,hv3-u00329,task_first,hv3:main:50,app_store,assigned,2026-08-15T04:46:12.500Z,,,,
hv3-e001154,hv3-u00329,task_first,hv3:main:50,app_store,note_saved,2026-08-15T04:50:12.500Z,,,n-hv3-u00329,
hv3-e002618,hv3-u00754,task_first,hv3:main:50,paid_social,assigned,2026-08-15T04:52:50.830Z,,,,
hv3-e002619,hv3-u00754,task_first,hv3:main:50,paid_social,note_saved,2026-08-15T04:56:50.830Z,,,n-hv3-u00754,
hv3-e003351,hv3-u00967,task_first,hv3:main:50,app_store,paid,2026-08-15T04:59:48.562Z,10.00,XTS,,
hv3-e000844,hv3-u00238,task_first,hv3:main:50,organic_search,cancelled,2026-08-15T05:02:09.685Z,,,,
hv3-e002531,hv3-u00725,task_first,hv3:main:50,referral,assigned,2026-08-15T05:27:21.096Z,,,,
hv3-e002532,hv3-u00725,task_first,hv3:main:50,referral,note_saved,2026-08-15T05:31:21.096Z,,,n-hv3-u00725,
hv3-e001057,hv3-u00300,task_first,hv3:main:50,organic_search,assigned,2026-08-15T05:44:39.486Z,,,,
hv3-e001058,hv3-u00300,task_first,hv3:main:50,organic_search,note_saved,2026-08-15T05:48:39.486Z,,,n-hv3-u00300,
hv3-e001059,hv3-u00300,task_first,hv3:main:50,organic_search,task_created,2026-08-15T05:50:39.486Z,,,n-hv3-u00300,t-hv3-u00300-1
hv3-e001060,hv3-u00300,task_first,hv3:main:50,organic_search,task_created,2026-08-15T05:51:39.486Z,,,n-hv3-u00300,t-hv3-u00300-2
hv3-e001854,hv3-u00529,baseline,hv3:main:50,organic_search,assigned,2026-08-15T06:01:05.589Z,,,,
hv3-e000343,hv3-u00104,baseline,hv3:main:50,app_store,assigned,2026-08-15T06:01:08.473Z,,,,
hv3-e001855,hv3-u00529,baseline,hv3:main:50,organic_search,note_saved,2026-08-15T06:05:05.589Z,,,n-hv3-u00529,
hv3-e000344,hv3-u00104,baseline,hv3:main:50,app_store,note_saved,2026-08-15T06:05:08.473Z,,,n-hv3-u00104,
hv3-e001856,hv3-u00529,baseline,hv3:main:50,organic_search,task_created,2026-08-15T06:07:05.589Z,,,n-hv3-u00529,t-hv3-u00529-1
hv3-e001857,hv3-u00529,baseline,hv3:main:50,organic_search,task_created,2026-08-15T06:08:05.589Z,,,n-hv3-u00529,t-hv3-u00529-2
hv3-e001858,hv3-u00529,baseline,hv3:main:50,organic_search,task_created,2026-08-15T06:09:05.589Z,,,n-hv3-u00529,t-hv3-u00529-3
hv3-e001763,hv3-u00502,baseline,hv3:main:50,organic_search,assigned,2026-08-15T06:22:32.272Z,,,,
hv3-e003044,hv3-u00872,baseline,hv3:main:50,paid_social,revisited,2026-08-15T06:28:19.608Z,,,n-hv3-u00872,
hv3-e003045,hv3-u00872,baseline,hv3:main:50,paid_social,task_completed,2026-08-15T06:33:19.608Z,,,n-hv3-u00872,t-hv3-u00872-1
hv3-e003233,hv3-u00929,task_first,hv3:main:50,paid_social,assigned,2026-08-15T06:45:37.214Z,,,,
hv3-e002135,hv3-u00611,task_first,hv3:main:50,organic_search,assigned,2026-08-15T06:45:48.334Z,,,,
hv3-e002136,hv3-u00611,task_first,hv3:main:50,organic_search,note_saved,2026-08-15T06:49:48.334Z,,,n-hv3-u00611,
hv3-e002137,hv3-u00611,task_first,hv3:main:50,organic_search,task_created,2026-08-15T06:51:48.334Z,,,n-hv3-u00611,t-hv3-u00611-1
hv3-e001776,hv3-u00504,task_first,hv3:main:50,app_store,revisited,2026-08-15T07:07:37.510Z,,,n-hv3-u00504,
hv3-e002454,hv3-u00706,baseline,hv3:main:50,paid_social,assigned,2026-08-15T07:13:45.890Z,,,,
hv3-e002455,hv3-u00706,baseline,hv3:main:50,paid_social,note_saved,2026-08-15T07:17:45.890Z,,,n-hv3-u00706,
hv3-e001587,hv3-u00448,baseline,hv3:main:50,organic_search,assigned,2026-08-15T07:40:26.491Z,,,,
hv3-e001588,hv3-u00448,baseline,hv3:main:50,organic_search,note_saved,2026-08-15T07:44:26.491Z,,,n-hv3-u00448,
hv3-e001589,hv3-u00448,baseline,hv3:main:50,organic_search,task_created,2026-08-15T07:46:26.491Z,,,n-hv3-u00448,t-hv3-u00448-1
hv3-e001590,hv3-u00448,baseline,hv3:main:50,organic_search,task_created,2026-08-15T07:47:26.491Z,,,n-hv3-u00448,t-hv3-u00448-2
hv3-e001591,hv3-u00448,baseline,hv3:main:50,organic_search,task_created,2026-08-15T07:48:26.491Z,,,n-hv3-u00448,t-hv3-u00448-3
hv3-e000075,hv3-u00023,task_first,hv3:main:50,organic_search,assigned,2026-08-15T07:53:13.089Z,,,,
hv3-e000076,hv3-u00023,task_first,hv3:main:50,organic_search,note_saved,2026-08-15T07:57:13.089Z,,,n-hv3-u00023,
hv3-e000524,hv3-u00156,baseline,hv3:main:50,organic_search,assigned,2026-08-15T08:10:10.319Z,,,,
hv3-e000525,hv3-u00156,baseline,hv3:main:50,organic_search,note_saved,2026-08-15T08:14:10.319Z,,,n-hv3-u00156,
hv3-e000008,hv3-u00003,task_first,hv3:main:50,paid_social,assigned,2026-08-15T08:15:22.502Z,,,,
hv3-e000526,hv3-u00156,baseline,hv3:main:50,organic_search,task_created,2026-08-15T08:16:10.319Z,,,n-hv3-u00156,t-hv3-u00156-1
hv3-e000009,hv3-u00003,task_first,hv3:main:50,paid_social,note_saved,2026-08-15T08:19:22.502Z,,,n-hv3-u00003,
hv3-e000010,hv3-u00003,task_first,hv3:main:50,paid_social,task_created,2026-08-15T08:21:22.502Z,,,n-hv3-u00003,t-hv3-u00003-1
hv3-e003620,hv3-u01047,task_first,hv3:main:50,referral,trial_started,2026-08-15T09:15:43.048Z,,,,
hv3-e001710,hv3-u00485,baseline,hv3:main:50,paid_social,assigned,2026-08-15T09:48:44.128Z,,,,
hv3-e001711,hv3-u00485,baseline,hv3:main:50,paid_social,note_saved,2026-08-15T09:52:44.128Z,,,n-hv3-u00485,
hv3-e001704,hv3-u00483,task_first,hv3:main:50,app_store,assigned,2026-08-15T10:08:03.331Z,,,,
hv3-e000735,hv3-u00211,task_first,hv3:main:50,referral,trial_started,2026-08-15T10:08:17.367Z,,,,
hv3-e001705,hv3-u00483,task_first,hv3:main:50,app_store,note_saved,2026-08-15T10:12:03.331Z,,,n-hv3-u00483,
hv3-e002443,hv3-u00700,task_first,hv3:main:50,paid_social,assigned,2026-08-15T10:39:30.032Z,,,,
hv3-e002444,hv3-u00700,task_first,hv3:main:50,paid_social,note_saved,2026-08-15T10:43:30.032Z,,,n-hv3-u00700,
hv3-e000682,hv3-u00200,task_first,hv3:main:50,organic_search,assigned,2026-08-15T11:39:21.821Z,,,,
hv3-e001833,hv3-u00524,baseline,hv3:main:50,app_store,assigned,2026-08-15T11:41:49.338Z,,,,
hv3-e000683,hv3-u00200,task_first,hv3:main:50,organic_search,note_saved,2026-08-15T11:43:21.821Z,,,n-hv3-u00200,
hv3-e000684,hv3-u00200,task_first,hv3:main:50,organic_search,task_created,2026-08-15T11:45:21.821Z,,,n-hv3-u00200,t-hv3-u00200-1
hv3-e001834,hv3-u00524,baseline,hv3:main:50,app_store,note_saved,2026-08-15T11:45:49.338Z,,,n-hv3-u00524,
hv3-e001111,hv3-u00316,baseline,hv3:main:50,paid_social,assigned,2026-08-15T12:04:36.235Z,,,,
hv3-e001112,hv3-u00316,baseline,hv3:main:50,paid_social,note_saved,2026-08-15T12:08:36.235Z,,,n-hv3-u00316,
hv3-e001113,hv3-u00316,baseline,hv3:main:50,paid_social,task_created,2026-08-15T12:10:36.235Z,,,n-hv3-u00316,t-hv3-u00316-1
hv3-e001114,hv3-u00316,baseline,hv3:main:50,paid_social,task_created,2026-08-15T12:11:36.235Z,,,n-hv3-u00316,t-hv3-u00316-2
hv3-e002846,hv3-u00818,baseline,hv3:main:50,paid_social,revisited,2026-08-15T12:12:54.966Z,,,n-hv3-u00818,
hv3-e000381,hv3-u00116,task_first,hv3:main:50,organic_search,cancelled,2026-08-15T12:16:36.712Z,,,,
hv3-e003657,hv3-u01060,baseline,hv3:main:50,paid_social,assigned,2026-08-15T12:23:44.184Z,,,,
hv3-e003658,hv3-u01060,baseline,hv3:main:50,paid_social,note_saved,2026-08-15T12:27:44.184Z,,,n-hv3-u01060,
hv3-e003659,hv3-u01060,baseline,hv3:main:50,paid_social,task_created,2026-08-15T12:29:44.184Z,,,n-hv3-u01060,t-hv3-u01060-1
hv3-e003660,hv3-u01060,baseline,hv3:main:50,paid_social,task_created,2026-08-15T12:30:44.184Z,,,n-hv3-u01060,t-hv3-u01060-2
hv3-e002626,hv3-u00755,task_first,hv3:main:50,paid_social,revisited,2026-08-15T13:16:16.521Z,,,n-hv3-u00755,
hv3-e002627,hv3-u00755,task_first,hv3:main:50,paid_social,task_completed,2026-08-15T13:21:16.521Z,,,n-hv3-u00755,t-hv3-u00755-1
hv3-e000126,hv3-u00038,baseline,hv3:main:50,referral,assigned,2026-08-15T13:57:11.564Z,,,,
hv3-e000127,hv3-u00038,baseline,hv3:main:50,referral,note_saved,2026-08-15T14:01:11.564Z,,,n-hv3-u00038,
hv3-e001306,hv3-u00371,task_first,hv3:main:50,app_store,assigned,2026-08-15T14:11:48.282Z,,,,
hv3-e002644,hv3-u00760,baseline,hv3:main:50,referral,assigned,2026-08-15T14:18:00.612Z,,,,
hv3-e002645,hv3-u00760,baseline,hv3:main:50,referral,note_saved,2026-08-15T14:22:00.612Z,,,n-hv3-u00760,
hv3-e000284,hv3-u00087,baseline,hv3:main:50,paid_social,assigned,2026-08-15T14:23:52.071Z,,,,
hv3-e002646,hv3-u00760,baseline,hv3:main:50,referral,task_created,2026-08-15T14:24:00.612Z,,,n-hv3-u00760,t-hv3-u00760-1
hv3-e002647,hv3-u00760,baseline,hv3:main:50,referral,task_created,2026-08-15T14:25:00.612Z,,,n-hv3-u00760,t-hv3-u00760-2
hv3-e000285,hv3-u00087,baseline,hv3:main:50,paid_social,note_saved,2026-08-15T14:27:52.071Z,,,n-hv3-u00087,
hv3-e002757,hv3-u00794,baseline,hv3:main:50,organic_search,assigned,2026-08-15T14:38:05.665Z,,,,
hv3-e000689,hv3-u00202,baseline,hv3:main:50,paid_social,assigned,2026-08-15T14:41:29.079Z,,,,
hv3-e002758,hv3-u00794,baseline,hv3:main:50,organic_search,note_saved,2026-08-15T14:42:05.665Z,,,n-hv3-u00794,
hv3-e000690,hv3-u00202,baseline,hv3:main:50,paid_social,note_saved,2026-08-15T14:45:29.079Z,,,n-hv3-u00202,
hv3-e002996,hv3-u00858,task_first,hv3:main:50,organic_search,assigned,2026-08-15T15:09:10.378Z,,,,
hv3-e003335,hv3-u00963,task_first,hv3:main:50,app_store,assigned,2026-08-15T15:10:39.929Z,,,,
hv3-e002997,hv3-u00858,task_first,hv3:main:50,organic_search,note_saved,2026-08-15T15:13:10.378Z,,,n-hv3-u00858,
hv3-e003336,hv3-u00963,task_first,hv3:main:50,app_store,note_saved,2026-08-15T15:14:39.929Z,,,n-hv3-u00963,
hv3-e002998,hv3-u00858,task_first,hv3:main:50,organic_search,task_created,2026-08-15T15:15:10.378Z,,,n-hv3-u00858,t-hv3-u00858-1
hv3-e003337,hv3-u00963,task_first,hv3:main:50,app_store,task_created,2026-08-15T15:16:39.929Z,,,n-hv3-u00963,t-hv3-u00963-1
hv3-e003338,hv3-u00963,task_first,hv3:main:50,app_store,task_created,2026-08-15T15:17:39.929Z,,,n-hv3-u00963,t-hv3-u00963-2
hv3-e001668,hv3-u00472,task_first,hv3:main:50,paid_social,revisited,2026-08-15T15:20:31.127Z,,,n-hv3-u00472,
hv3-e002593,hv3-u00748,baseline,hv3:main:50,paid_social,assigned,2026-08-15T15:40:47.053Z,,,,
hv3-e002594,hv3-u00748,baseline,hv3:main:50,paid_social,note_saved,2026-08-15T15:44:47.053Z,,,n-hv3-u00748,
hv3-e002595,hv3-u00748,baseline,hv3:main:50,paid_social,task_created,2026-08-15T15:46:47.053Z,,,n-hv3-u00748,t-hv3-u00748-1
hv3-e002800,hv3-u00805,task_first,hv3:main:50,paid_social,revisited,2026-08-15T16:25:29.278Z,,,n-hv3-u00805,
hv3-e001451,hv3-u00410,task_first,hv3:main:50,referral,paid,2026-08-15T16:30:39.198Z,10.00,XTS,,
hv3-e000594,hv3-u00172,task_first,hv3:main:50,paid_social,assigned,2026-08-15T16:38:32.916Z,,,,
hv3-e002597,hv3-u00748,baseline,hv3:main:50,paid_social,trial_started,2026-08-15T16:40:47.053Z,,,,
hv3-e000595,hv3-u00172,task_first,hv3:main:50,paid_social,note_saved,2026-08-15T16:42:32.916Z,,,n-hv3-u00172,
hv3-e000596,hv3-u00172,task_first,hv3:main:50,paid_social,task_created,2026-08-15T16:44:32.916Z,,,n-hv3-u00172,t-hv3-u00172-1
hv3-e000597,hv3-u00172,task_first,hv3:main:50,paid_social,task_created,2026-08-15T16:45:32.916Z,,,n-hv3-u00172,t-hv3-u00172-2
hv3-e000598,hv3-u00172,task_first,hv3:main:50,paid_social,task_created,2026-08-15T16:46:32.916Z,,,n-hv3-u00172,t-hv3-u00172-3
hv3-e001869,hv3-u00532,baseline,hv3:main:50,organic_search,revisited,2026-08-15T17:19:58.732Z,,,n-hv3-u00532,
hv3-e002283,hv3-u00654,task_first,hv3:main:50,paid_social,assigned,2026-08-15T17:24:05.718Z,,,,
hv3-e001870,hv3-u00532,baseline,hv3:main:50,organic_search,task_completed,2026-08-15T17:24:58.732Z,,,n-hv3-u00532,t-hv3-u00532-1
hv3-e002284,hv3-u00654,task_first,hv3:main:50,paid_social,note_saved,2026-08-15T17:28:05.718Z,,,n-hv3-u00654,
hv3-e002285,hv3-u00654,task_first,hv3:main:50,paid_social,task_created,2026-08-15T17:30:05.718Z,,,n-hv3-u00654,t-hv3-u00654-1
hv3-e002286,hv3-u00654,task_first,hv3:main:50,paid_social,task_created,2026-08-15T17:31:05.718Z,,,n-hv3-u00654,t-hv3-u00654-2
hv3-e002287,hv3-u00654,task_first,hv3:main:50,paid_social,task_created,2026-08-15T17:32:05.718Z,,,n-hv3-u00654,t-hv3-u00654-3
hv3-e000973,hv3-u00273,baseline,hv3:main:50,referral,revisited,2026-08-15T18:20:21.398Z,,,n-hv3-u00273,
hv3-e000081,hv3-u00026,task_first,hv3:main:50,organic_search,assigned,2026-08-15T18:21:06.871Z,,,,
hv3-e000082,hv3-u00026,task_first,hv3:main:50,organic_search,note_saved,2026-08-15T18:25:06.871Z,,,n-hv3-u00026,
hv3-e000083,hv3-u00026,task_first,hv3:main:50,organic_search,task_created,2026-08-15T18:27:06.871Z,,,n-hv3-u00026,t-hv3-u00026-1
hv3-e000084,hv3-u00026,task_first,hv3:main:50,organic_search,task_created,2026-08-15T18:28:06.871Z,,,n-hv3-u00026,t-hv3-u00026-2
hv3-e000040,hv3-u00014,task_first,hv3:main:50,organic_search,assigned,2026-08-15T18:58:39.395Z,,,,
hv3-e000041,hv3-u00014,task_first,hv3:main:50,organic_search,note_saved,2026-08-15T19:02:39.395Z,,,n-hv3-u00014,
hv3-e002403,hv3-u00689,baseline,hv3:main:50,app_store,assigned,2026-08-15T19:03:02.855Z,,,,
hv3-e003742,hv3-u01083,baseline,hv3:main:50,referral,assigned,2026-08-15T19:47:26.885Z,,,,
hv3-e003743,hv3-u01083,baseline,hv3:main:50,referral,note_saved,2026-08-15T19:51:26.885Z,,,n-hv3-u01083,
hv3-e003744,hv3-u01083,baseline,hv3:main:50,referral,task_created,2026-08-15T19:53:26.885Z,,,n-hv3-u01083,t-hv3-u01083-1
hv3-e003745,hv3-u01083,baseline,hv3:main:50,referral,task_created,2026-08-15T19:54:26.885Z,,,n-hv3-u01083,t-hv3-u01083-2
hv3-e003746,hv3-u01083,baseline,hv3:main:50,referral,task_created,2026-08-15T19:55:26.885Z,,,n-hv3-u01083,t-hv3-u01083-3
hv3-e002806,hv3-u00807,baseline,hv3:main:50,organic_search,assigned,2026-08-15T20:09:31.517Z,,,,
hv3-e002408,hv3-u00691,baseline,hv3:main:50,paid_social,revisited,2026-08-15T20:37:20.316Z,,,n-hv3-u00691,
hv3-e003710,hv3-u01073,task_first,hv3:main:50,paid_social,cancelled,2026-08-15T21:00:06.884Z,,,,
hv3-e003078,hv3-u00885,task_first,hv3:main:50,organic_search,assigned,2026-08-15T21:07:26.215Z,,,,
hv3-e003079,hv3-u00885,task_first,hv3:main:50,organic_search,note_saved,2026-08-15T21:11:26.215Z,,,n-hv3-u00885,
hv3-e003080,hv3-u00885,task_first,hv3:main:50,organic_search,task_created,2026-08-15T21:13:26.215Z,,,n-hv3-u00885,t-hv3-u00885-1
hv3-e002689,hv3-u00773,baseline,hv3:main:50,paid_social,assigned,2026-08-15T21:33:05.331Z,,,,
hv3-e003344,hv3-u00965,baseline,hv3:main:50,paid_social,assigned,2026-08-15T21:40:14.431Z,,,,
hv3-e003345,hv3-u00965,baseline,hv3:main:50,paid_social,note_saved,2026-08-15T21:44:14.431Z,,,n-hv3-u00965,
hv3-e000158,hv3-u00049,task_first,hv3:main:50,organic_search,assigned,2026-08-15T21:46:12.027Z,,,,
hv3-e003028,hv3-u00869,baseline,hv3:main:50,organic_search,assigned,2026-08-15T21:47:43.935Z,,,,
hv3-e000159,hv3-u00049,task_first,hv3:main:50,organic_search,note_saved,2026-08-15T21:50:12.027Z,,,n-hv3-u00049,
hv3-e001850,hv3-u00527,task_first,hv3:main:50,paid_social,refunded,2026-08-15T21:50:36.142Z,10.00,XTS,,
hv3-e003029,hv3-u00869,baseline,hv3:main:50,organic_search,note_saved,2026-08-15T21:51:43.935Z,,,n-hv3-u00869,
hv3-e003681,hv3-u01066,task_first,hv3:main:50,referral,assigned,2026-08-15T21:56:42Z,,,,
hv3-e003682,hv3-u01066,task_first,hv3:main:50,referral,note_saved,2026-08-15T22:00:42Z,,,n-hv3-u01066,
hv3-e003623,hv3-u01048,baseline,hv3:main:50,organic_search,trial_started,2026-08-15T22:03:00.784Z,,,,
hv3-e003518,hv3-u01019,task_first,hv3:main:50,app_store,assigned,2026-08-15T22:06:42.501Z,,,,
hv3-e000620,hv3-u00180,baseline,hv3:main:50,paid_social,assigned,2026-08-15T22:23:53.673Z,,,,
hv3-e000621,hv3-u00180,baseline,hv3:main:50,paid_social,note_saved,2026-08-15T22:27:53.673Z,,,n-hv3-u00180,
hv3-e000793,hv3-u00228,baseline,hv3:main:50,paid_social,revisited,2026-08-15T22:58:59.710Z,,,n-hv3-u00228,
hv3-e000774,hv3-u00221,baseline,hv3:main:50,app_store,revisited,2026-08-15T23:00:26.248Z,,,n-hv3-u00221,
hv3-e001279,hv3-u00362,baseline,hv3:main:50,organic_search,assigned,2026-08-15T23:06:02.848Z,,,,
hv3-e003519,hv3-u01019,task_first,hv3:main:50,app_store,trial_started,2026-08-15T23:06:42.501Z,,,,
hv3-e003268,hv3-u00939,task_first,hv3:main:50,app_store,assigned,2026-08-15T23:28:20.970Z,,,,
hv3-e003269,hv3-u00939,task_first,hv3:main:50,app_store,note_saved,2026-08-15T23:32:20.970Z,,,n-hv3-u00939,
hv3-e002005,hv3-u00573,task_first,hv3:main:50,referral,assigned,2026-08-15T23:39:40.153Z,,,,
hv3-e002006,hv3-u00573,task_first,hv3:main:50,referral,note_saved,2026-08-15T23:43:40.153Z,,,n-hv3-u00573,
hv3-e000414,hv3-u00127,baseline,hv3:main:50,paid_social,assigned,2026-08-16T00:03:47.081Z,,,,
hv3-e000415,hv3-u00127,baseline,hv3:main:50,paid_social,note_saved,2026-08-16T00:07:47.081Z,,,n-hv3-u00127,
hv3-e000416,hv3-u00127,baseline,hv3:main:50,paid_social,task_created,2026-08-16T00:09:47.081Z,,,n-hv3-u00127,t-hv3-u00127-1
hv3-e000417,hv3-u00127,baseline,hv3:main:50,paid_social,task_created,2026-08-16T00:10:47.081Z,,,n-hv3-u00127,t-hv3-u00127-2
hv3-e000418,hv3-u00127,baseline,hv3:main:50,paid_social,task_created,2026-08-16T00:11:47.081Z,,,n-hv3-u00127,t-hv3-u00127-3
hv3-e001275,hv3-u00361,task_first,hv3:main:50,app_store,assigned,2026-08-16T00:28:55.056Z,,,,
hv3-e003359,hv3-u00969,baseline,hv3:main:50,app_store,revisited,2026-08-16T00:28:56.887Z,,,n-hv3-u00969,
hv3-e001276,hv3-u00361,task_first,hv3:main:50,app_store,note_saved,2026-08-16T00:32:55.056Z,,,n-hv3-u00361,
hv3-e001277,hv3-u00361,task_first,hv3:main:50,app_store,task_created,2026-08-16T00:34:55.056Z,,,n-hv3-u00361,t-hv3-u00361-1
hv3-e001829,hv3-u00521,baseline,hv3:main:50,organic_search,trial_started,2026-08-16T00:36:21.021Z,,,,
hv3-e000420,hv3-u00127,baseline,hv3:main:50,paid_social,trial_started,2026-08-16T01:03:47.081Z,,,,
hv3-e002833,hv3-u00816,task_first,hv3:main:50,paid_social,assigned,2026-08-16T01:18:06.990Z,,,,
hv3-e000669,hv3-u00195,task_first,hv3:main:50,app_store,assigned,2026-08-16T01:18:09.610Z,,,,
hv3-e002834,hv3-u00816,task_first,hv3:main:50,paid_social,note_saved,2026-08-16T01:22:06.990Z,,,n-hv3-u00816,
hv3-e000670,hv3-u00195,task_first,hv3:main:50,app_store,note_saved,2026-08-16T01:22:09.610Z,,,n-hv3-u00195,
hv3-e002835,hv3-u00816,task_first,hv3:main:50,paid_social,task_created,2026-08-16T01:24:06.990Z,,,n-hv3-u00816,t-hv3-u00816-1
hv3-e002836,hv3-u00816,task_first,hv3:main:50,paid_social,task_created,2026-08-16T01:25:06.990Z,,,n-hv3-u00816,t-hv3-u00816-2
hv3-e002364,hv3-u00678,baseline,hv3:main:50,organic_search,revisited,2026-08-16T01:28:13.985Z,,,n-hv3-u00678,
hv3-e003786,hv3-u01092,baseline,hv3:main:50,app_store,assigned,2026-08-16T01:28:53.035Z,,,,
hv3-e003787,hv3-u01092,baseline,hv3:main:50,app_store,note_saved,2026-08-16T01:32:53.035Z,,,n-hv3-u01092,
hv3-e003788,hv3-u01092,baseline,hv3:main:50,app_store,task_created,2026-08-16T01:34:53.035Z,,,n-hv3-u01092,t-hv3-u01092-1
hv3-e003789,hv3-u01092,baseline,hv3:main:50,app_store,task_created,2026-08-16T01:35:53.035Z,,,n-hv3-u01092,t-hv3-u01092-2
hv3-e003790,hv3-u01092,baseline,hv3:main:50,app_store,task_created,2026-08-16T01:36:53.035Z,,,n-hv3-u01092,t-hv3-u01092-3
hv3-e002496,hv3-u00716,task_first,hv3:main:50,organic_search,assigned,2026-08-16T02:12:34.051Z,,,,
hv3-e002497,hv3-u00716,task_first,hv3:main:50,organic_search,note_saved,2026-08-16T02:16:34.051Z,,,n-hv3-u00716,
hv3-e002498,hv3-u00716,task_first,hv3:main:50,organic_search,task_created,2026-08-16T02:18:34.051Z,,,n-hv3-u00716,t-hv3-u00716-1
hv3-e002499,hv3-u00716,task_first,hv3:main:50,organic_search,task_created,2026-08-16T02:19:34.051Z,,,n-hv3-u00716,t-hv3-u00716-2
hv3-e002500,hv3-u00716,task_first,hv3:main:50,organic_search,task_created,2026-08-16T02:20:34.051Z,,,n-hv3-u00716,t-hv3-u00716-3
hv3-e001544,hv3-u00438,baseline,hv3:main:50,organic_search,assigned,2026-08-16T02:20:48.474Z,,,,
hv3-e001545,hv3-u00438,baseline,hv3:main:50,organic_search,note_saved,2026-08-16T02:24:48.474Z,,,n-hv3-u00438,
hv3-e002503,hv3-u00716,task_first,hv3:main:50,organic_search,trial_started,2026-08-16T03:12:34.051Z,,,,
hv3-e001971,hv3-u00563,task_first,hv3:main:50,organic_search,revisited,2026-08-16T03:27:19.895Z,,,n-hv3-u00563,
hv3-e002393,hv3-u00686,task_first,hv3:main:50,organic_search,assigned,2026-08-16T03:32:43.131Z,,,,
hv3-e002394,hv3-u00686,task_first,hv3:main:50,organic_search,note_saved,2026-08-16T03:36:43.131Z,,,n-hv3-u00686,
hv3-e002606,hv3-u00750,baseline,hv3:main:50,paid_social,paid,2026-08-16T03:46:17.563Z,10.00,XTS,,
hv3-e000021,hv3-u00007,task_first,hv3:main:50,referral,assigned,2026-08-16T03:57:58.446Z,,,,
hv3-e000957,hv3-u00269,task_first,hv3:main:50,paid_social,refunded,2026-08-16T04:07:18.495Z,10.00,XTS,,
hv3-e000384,hv3-u00118,task_first,hv3:main:50,paid_social,assigned,2026-08-16T05:08:57.186Z,,,,
hv3-e001386,hv3-u00389,task_first,hv3:main:50,paid_social,trial_started,2026-08-16T05:37:46.016Z,,,,
hv3-e001560,hv3-u00441,task_first,hv3:main:50,organic_search,assigned,2026-08-16T06:06:12.440Z,,,,
hv3-e001241,hv3-u00351,baseline,hv3:main:50,organic_search,assigned,2026-08-16T06:17:22.649Z,,,,
hv3-e000244,hv3-u00079,baseline,hv3:main:50,referral,assigned,2026-08-16T06:17:54.608Z,,,,
hv3-e001242,hv3-u00351,baseline,hv3:main:50,organic_search,note_saved,2026-08-16T06:21:22.649Z,,,n-hv3-u00351,
hv3-e000245,hv3-u00079,baseline,hv3:main:50,referral,note_saved,2026-08-16T06:21:54.608Z,,,n-hv3-u00079,
hv3-e001396,hv3-u00394,baseline,hv3:main:50,referral,assigned,2026-08-16T06:23:22.310Z,,,,
hv3-e001002,hv3-u00284,baseline,hv3:main:50,organic_search,assigned,2026-08-16T06:23:31.748Z,,,,
hv3-e000246,hv3-u00079,baseline,hv3:main:50,referral,task_created,2026-08-16T06:23:54.608Z,,,n-hv3-u00079,t-hv3-u00079-1
hv3-e000105,hv3-u00031,task_first,hv3:main:50,organic_search,assigned,2026-08-16T06:24:20.462Z,,,,
hv3-e001397,hv3-u00394,baseline,hv3:main:50,referral,note_saved,2026-08-16T06:27:22.310Z,,,n-hv3-u00394,
hv3-e000897,hv3-u00253,baseline,hv3:main:50,paid_social,assigned,2026-08-16T06:27:59.167Z,,,,
hv3-e000106,hv3-u00031,task_first,hv3:main:50,organic_search,note_saved,2026-08-16T06:28:20.462Z,,,n-hv3-u00031,
hv3-e001398,hv3-u00394,baseline,hv3:main:50,referral,task_created,2026-08-16T06:29:22.310Z,,,n-hv3-u00394,t-hv3-u00394-1
hv3-e000107,hv3-u00031,task_first,hv3:main:50,organic_search,task_created,2026-08-16T06:30:20.462Z,,,n-hv3-u00031,t-hv3-u00031-1
hv3-e001859,hv3-u00529,baseline,hv3:main:50,organic_search,revisited,2026-08-16T06:31:05.589Z,,,n-hv3-u00529,
hv3-e000108,hv3-u00031,task_first,hv3:main:50,organic_search,task_created,2026-08-16T06:31:20.462Z,,,n-hv3-u00031,t-hv3-u00031-2
hv3-e000109,hv3-u00031,task_first,hv3:main:50,organic_search,task_created,2026-08-16T06:32:20.462Z,,,n-hv3-u00031,t-hv3-u00031-3
hv3-e001860,hv3-u00529,baseline,hv3:main:50,organic_search,task_completed,2026-08-16T06:36:05.589Z,,,n-hv3-u00529,t-hv3-u00529-1
hv3-e000900,hv3-u00254,baseline,hv3:main:50,app_store,revisited,2026-08-16T06:50:16.033Z,,,n-hv3-u00254,
hv3-e002510,hv3-u00718,baseline,hv3:main:50,app_store,paid,2026-08-16T06:51:23.320Z,10.00,XTS,,
hv3-e003588,hv3-u01038,baseline,hv3:main:50,app_store,assigned,2026-08-16T06:53:04.881Z,,,,
hv3-e001336,hv3-u00378,baseline,hv3:main:50,organic_search,revisited,2026-08-16T07:15:06.448Z,,,n-hv3-u00378,
hv3-e001244,hv3-u00351,baseline,hv3:main:50,organic_search,trial_started,2026-08-16T07:17:22.649Z,,,,
hv3-e001337,hv3-u00378,baseline,hv3:main:50,organic_search,task_completed,2026-08-16T07:20:06.448Z,,,n-hv3-u00378,t-hv3-u00378-1
hv3-e001177,hv3-u00336,baseline,hv3:main:50,paid_social,assigned,2026-08-16T07:21:36.558Z,,,,
hv3-e001178,hv3-u00336,baseline,hv3:main:50,paid_social,note_saved,2026-08-16T07:25:36.558Z,,,n-hv3-u00336,
hv3-e001179,hv3-u00336,baseline,hv3:main:50,paid_social,task_created,2026-08-16T07:27:36.558Z,,,n-hv3-u00336,t-hv3-u00336-1
hv3-e001180,hv3-u00336,baseline,hv3:main:50,paid_social,task_created,2026-08-16T07:28:36.558Z,,,n-hv3-u00336,t-hv3-u00336-2
hv3-e001483,hv3-u00417,baseline,hv3:main:50,paid_social,revisited,2026-08-16T07:29:46.691Z,,,n-hv3-u00417,
hv3-e001484,hv3-u00417,baseline,hv3:main:50,paid_social,task_completed,2026-08-16T07:34:46.691Z,,,n-hv3-u00417,t-hv3-u00417-1
hv3-e001767,hv3-u00503,baseline,hv3:main:50,paid_social,assigned,2026-08-16T07:57:04.470Z,,,,
hv3-e001768,hv3-u00503,baseline,hv3:main:50,paid_social,note_saved,2026-08-16T08:01:04.470Z,,,n-hv3-u00503,
hv3-e001799,hv3-u00512,baseline,hv3:main:50,organic_search,revisited,2026-08-16T08:02:07.519Z,,,n-hv3-u00512,
hv3-e001769,hv3-u00503,baseline,hv3:main:50,paid_social,task_created,2026-08-16T08:03:04.470Z,,,n-hv3-u00503,t-hv3-u00503-1
hv3-e001499,hv3-u00423,baseline,hv3:main:50,app_store,assigned,2026-08-16T08:08:49.710Z,,,,
hv3-e001500,hv3-u00423,baseline,hv3:main:50,app_store,note_saved,2026-08-16T08:12:49.710Z,,,n-hv3-u00423,
hv3-e001501,hv3-u00423,baseline,hv3:main:50,app_store,task_created,2026-08-16T08:14:49.710Z,,,n-hv3-u00423,t-hv3-u00423-1
hv3-e000198,hv3-u00063,task_first,hv3:main:50,paid_social,assigned,2026-08-16T08:26:47.796Z,,,,
hv3-e003148,hv3-u00907,baseline,hv3:main:50,paid_social,assigned,2026-08-16T09:09:36.448Z,,,,
hv3-e003149,hv3-u00907,baseline,hv3:main:50,paid_social,note_saved,2026-08-16T09:13:36.448Z,,,n-hv3-u00907,
hv3-e003150,hv3-u00907,baseline,hv3:main:50,paid_social,task_created,2026-08-16T09:15:36.448Z,,,n-hv3-u00907,t-hv3-u00907-1
hv3-e003065,hv3-u00879,task_first,hv3:main:50,app_store,assigned,2026-08-16T09:22:56.192Z,,,,
hv3-e002310,hv3-u00662,baseline,hv3:main:50,paid_social,revisited,2026-08-16T09:26:23.684Z,,,n-hv3-u00662,
hv3-e001995,hv3-u00570,baseline,hv3:main:50,paid_social,assigned,2026-08-16T09:28:38.896Z,,,,
hv3-e002311,hv3-u00662,baseline,hv3:main:50,paid_social,task_completed,2026-08-16T09:31:23.684Z,,,n-hv3-u00662,t-hv3-u00662-1
hv3-e001996,hv3-u00570,baseline,hv3:main:50,paid_social,note_saved,2026-08-16T09:32:38.896Z,,,n-hv3-u00570,
hv3-e002560,hv3-u00737,baseline,hv3:main:50,organic_search,paid,2026-08-16T09:45:45.707Z,10.00,XTS,,
hv3-e000012,hv3-u00004,baseline,hv3:main:50,paid_social,assigned,2026-08-16T10:16:38.605Z,,,,
hv3-e000254,hv3-u00081,task_first,hv3:main:50,organic_search,assigned,2026-08-16T10:43:23.879Z,,,,
hv3-e000255,hv3-u00081,task_first,hv3:main:50,organic_search,note_saved,2026-08-16T10:47:23.879Z,,,n-hv3-u00081,
hv3-e001231,hv3-u00348,task_first,hv3:main:50,paid_social,paid,2026-08-16T11:47:47.618Z,10.00,XTS,,
hv3-e003630,hv3-u01051,task_first,hv3:main:50,paid_social,assigned,2026-08-16T11:49:42.760Z,,,,
hv3-e003631,hv3-u01051,task_first,hv3:main:50,paid_social,note_saved,2026-08-16T11:53:42.760Z,,,n-hv3-u01051,
hv3-e003539,hv3-u01026,baseline,hv3:main:50,organic_search,assigned,2026-08-16T12:00:35.154Z,,,,
hv3-e003540,hv3-u01026,baseline,hv3:main:50,organic_search,note_saved,2026-08-16T12:04:35.154Z,,,n-hv3-u01026,
hv3-e003516,hv3-u01017,task_first,hv3:main:50,app_store,refunded,2026-08-16T12:08:59.064Z,10.00,XTS,,
hv3-e001554,hv3-u00440,task_first,hv3:main:50,referral,assigned,2026-08-16T12:34:52.077Z,,,,
hv3-e001555,hv3-u00440,task_first,hv3:main:50,referral,note_saved,2026-08-16T12:38:52.077Z,,,n-hv3-u00440,
hv3-e001556,hv3-u00440,task_first,hv3:main:50,referral,task_created,2026-08-16T12:40:52.077Z,,,n-hv3-u00440,t-hv3-u00440-1
hv3-e001557,hv3-u00440,task_first,hv3:main:50,referral,task_created,2026-08-16T12:41:52.077Z,,,n-hv3-u00440,t-hv3-u00440-2
hv3-e001558,hv3-u00440,task_first,hv3:main:50,referral,task_created,2026-08-16T12:42:52.077Z,,,n-hv3-u00440,t-hv3-u00440-3
hv3-e002537,hv3-u00727,baseline,hv3:main:50,app_store,revisited,2026-08-16T12:49:22.823Z,,,n-hv3-u00727,
hv3-e001110,hv3-u00315,baseline,hv3:main:50,organic_search,assigned,2026-08-16T12:53:57.732Z,,,,
hv3-e001405,hv3-u00398,task_first,hv3:main:50,paid_social,assigned,2026-08-16T13:07:00.829Z,,,,
hv3-e001406,hv3-u00398,task_first,hv3:main:50,paid_social,note_saved,2026-08-16T13:11:00.829Z,,,n-hv3-u00398,
hv3-e001407,hv3-u00398,task_first,hv3:main:50,paid_social,task_created,2026-08-16T13:13:00.829Z,,,n-hv3-u00398,t-hv3-u00398-1
hv3-e001408,hv3-u00398,task_first,hv3:main:50,paid_social,task_created,2026-08-16T13:14:00.829Z,,,n-hv3-u00398,t-hv3-u00398-2
hv3-e001409,hv3-u00398,task_first,hv3:main:50,paid_social,task_created,2026-08-16T13:15:00.829Z,,,n-hv3-u00398,t-hv3-u00398-3
hv3-e001366,hv3-u00385,task_first,hv3:main:50,app_store,revisited,2026-08-16T13:18:03.228Z,,,n-hv3-u00385,
hv3-e003661,hv3-u01060,baseline,hv3:main:50,paid_social,trial_started,2026-08-16T13:23:44.184Z,,,,
hv3-e001631,hv3-u00458,baseline,hv3:main:50,organic_search,revisited,2026-08-16T13:37:42.686Z,,,n-hv3-u00458,
hv3-e002189,hv3-u00625,baseline,hv3:main:50,referral,revisited,2026-08-16T13:43:11.511Z,,,n-hv3-u00625,
hv3-e002190,hv3-u00625,baseline,hv3:main:50,referral,task_completed,2026-08-16T13:48:11.511Z,,,n-hv3-u00625,t-hv3-u00625-1
hv3-e002450,hv3-u00704,task_first,hv3:main:50,paid_social,assigned,2026-08-16T14:03:29.667Z,,,,
hv3-e001410,hv3-u00398,task_first,hv3:main:50,paid_social,trial_started,2026-08-16T14:07:00.829Z,,,,
hv3-e002552,hv3-u00733,baseline,hv3:main:50,paid_social,revisited,2026-08-16T14:11:15.766Z,,,n-hv3-u00733,
hv3-e001736,hv3-u00495,baseline,hv3:main:50,organic_search,assigned,2026-08-16T14:16:14.148Z,,,,
hv3-e000915,hv3-u00260,baseline,hv3:main:50,referral,assigned,2026-08-16T14:18:34.921Z,,,,
hv3-e001737,hv3-u00495,baseline,hv3:main:50,organic_search,note_saved,2026-08-16T14:20:14.148Z,,,n-hv3-u00495,
hv3-e001738,hv3-u00495,baseline,hv3:main:50,organic_search,task_created,2026-08-16T14:22:14.148Z,,,n-hv3-u00495,t-hv3-u00495-1
hv3-e000916,hv3-u00260,baseline,hv3:main:50,referral,note_saved,2026-08-16T14:22:34.921Z,,,n-hv3-u00260,
hv3-e001739,hv3-u00495,baseline,hv3:main:50,organic_search,task_created,2026-08-16T14:23:14.148Z,,,n-hv3-u00495,t-hv3-u00495-2
hv3-e001740,hv3-u00495,baseline,hv3:main:50,organic_search,task_created,2026-08-16T14:24:14.148Z,,,n-hv3-u00495,t-hv3-u00495-3
hv3-e000609,hv3-u00176,baseline,hv3:main:50,app_store,revisited,2026-08-16T14:33:55.731Z,,,n-hv3-u00176,
hv3-e001632,hv3-u00458,baseline,hv3:main:50,organic_search,trial_started,2026-08-16T14:37:42.686Z,,,,
hv3-e003139,hv3-u00904,baseline,hv3:main:50,paid_social,assigned,2026-08-16T14:44:27.236Z,,,,
hv3-e003140,hv3-u00904,baseline,hv3:main:50,paid_social,note_saved,2026-08-16T14:48:27.236Z,,,n-hv3-u00904,
hv3-e001403,hv3-u00397,task_first,hv3:main:50,paid_social,assigned,2026-08-16T14:54:11.630Z,,,,
hv3-e001404,hv3-u00397,task_first,hv3:main:50,paid_social,note_saved,2026-08-16T14:58:11.630Z,,,n-hv3-u00397,
hv3-e002963,hv3-u00850,baseline,hv3:main:50,app_store,assigned,2026-08-16T15:01:29.603Z,,,,
hv3-e002964,hv3-u00850,baseline,hv3:main:50,app_store,note_saved,2026-08-16T15:05:29.603Z,,,n-hv3-u00850,
hv3-e002965,hv3-u00850,baseline,hv3:main:50,app_store,task_created,2026-08-16T15:07:29.603Z,,,n-hv3-u00850,t-hv3-u00850-1
hv3-e002966,hv3-u00850,baseline,hv3:main:50,app_store,task_created,2026-08-16T15:08:29.603Z,,,n-hv3-u00850,t-hv3-u00850-2
hv3-e002999,hv3-u00858,task_first,hv3:main:50,organic_search,revisited,2026-08-16T15:09:10.378Z,,,n-hv3-u00858,
hv3-e001118,hv3-u00318,baseline,hv3:main:50,paid_social,assigned,2026-08-16T15:11:32.813Z,,,,
hv3-e001119,hv3-u00318,baseline,hv3:main:50,paid_social,note_saved,2026-08-16T15:15:32.813Z,,,n-hv3-u00318,
hv3-e001120,hv3-u00318,baseline,hv3:main:50,paid_social,task_created,2026-08-16T15:17:32.813Z,,,n-hv3-u00318,t-hv3-u00318-1
hv3-e001121,hv3-u00318,baseline,hv3:main:50,paid_social,task_created,2026-08-16T15:18:32.813Z,,,n-hv3-u00318,t-hv3-u00318-2
hv3-e001233,hv3-u00349,baseline,hv3:main:50,paid_social,assigned,2026-08-16T15:26:17.726Z,,,,
hv3-e001234,hv3-u00349,baseline,hv3:main:50,paid_social,note_saved,2026-08-16T15:30:17.726Z,,,n-hv3-u00349,
hv3-e001447,hv3-u00409,task_first,hv3:main:50,organic_search,assigned,2026-08-16T15:57:05.059Z,,,,
hv3-e002967,hv3-u00851,task_first,hv3:main:50,paid_social,assigned,2026-08-16T15:59:15.253Z,,,,
hv3-e001066,hv3-u00302,baseline,hv3:main:50,referral,revisited,2026-08-16T16:00:39.275Z,,,n-hv3-u00302,
hv3-e002968,hv3-u00851,task_first,hv3:main:50,paid_social,note_saved,2026-08-16T16:03:15.253Z,,,n-hv3-u00851,
hv3-e003571,hv3-u01033,baseline,hv3:main:50,organic_search,paid,2026-08-16T16:03:28.832Z,10.00,XTS,,
hv3-e002969,hv3-u00851,task_first,hv3:main:50,paid_social,task_created,2026-08-16T16:05:15.253Z,,,n-hv3-u00851,t-hv3-u00851-1
hv3-e002970,hv3-u00851,task_first,hv3:main:50,paid_social,task_created,2026-08-16T16:06:15.253Z,,,n-hv3-u00851,t-hv3-u00851-2
hv3-e002971,hv3-u00851,task_first,hv3:main:50,paid_social,task_created,2026-08-16T16:07:15.253Z,,,n-hv3-u00851,t-hv3-u00851-3
hv3-e002035,hv3-u00582,task_first,hv3:main:50,referral,trial_started,2026-08-16T16:13:04.882Z,,,,
hv3-e003155,hv3-u00909,baseline,hv3:main:50,app_store,assigned,2026-08-16T16:45:06.908Z,,,,
hv3-e003156,hv3-u00909,baseline,hv3:main:50,app_store,note_saved,2026-08-16T16:49:06.908Z,,,n-hv3-u00909,
hv3-e001886,hv3-u00539,task_first,hv3:main:50,organic_search,assigned,2026-08-16T16:51:22.592Z,,,,
hv3-e003785,hv3-u01091,task_first,hv3:main:50,organic_search,paid,2026-08-16T17:09:23.893Z,10.00,XTS,,
hv3-e003176,hv3-u00916,baseline,hv3:main:50,referral,assigned,2026-08-16T17:13:56.148Z,,,,
hv3-e003177,hv3-u00916,baseline,hv3:main:50,referral,note_saved,2026-08-16T17:17:56.148Z,,,n-hv3-u00916,
hv3-e001033,hv3-u00292,task_first,hv3:main:50,paid_social,revisited,2026-08-16T17:47:57.714Z,,,n-hv3-u00292,
hv3-e003502,hv3-u01013,task_first,hv3:main:50,organic_search,trial_started,2026-08-16T18:04:37.262Z,,,,
hv3-e002949,hv3-u00846,task_first,hv3:main:50,referral,assigned,2026-08-16T18:05:25.776Z,,,,
hv3-e003577,hv3-u01035,baseline,hv3:main:50,paid_social,refunded,2026-08-16T18:08:07.534Z,10.00,XTS,,
hv3-e002775,hv3-u00799,baseline,hv3:main:50,paid_social,assigned,2026-08-16T18:08:46.578Z,,,,
hv3-e000240,hv3-u00078,task_first,hv3:main:50,organic_search,assigned,2026-08-16T18:11:10.699Z,,,,
hv3-e000241,hv3-u00078,task_first,hv3:main:50,organic_search,note_saved,2026-08-16T18:15:10.699Z,,,n-hv3-u00078,
hv3-e000242,hv3-u00078,task_first,hv3:main:50,organic_search,task_created,2026-08-16T18:17:10.699Z,,,n-hv3-u00078,t-hv3-u00078-1
hv3-e001169,hv3-u00334,baseline,hv3:main:50,paid_social,paid,2026-08-16T18:47:19.633Z,10.00,XTS,,
hv3-e000494,hv3-u00144,baseline,hv3:main:50,organic_search,assigned,2026-08-16T18:51:43.141Z,,,,
hv3-e000495,hv3-u00144,baseline,hv3:main:50,organic_search,note_saved,2026-08-16T18:55:43.141Z,,,n-hv3-u00144,
hv3-e002628,hv3-u00756,task_first,hv3:main:50,organic_search,assigned,2026-08-16T19:19:27.369Z,,,,
hv3-e002629,hv3-u00756,task_first,hv3:main:50,organic_search,note_saved,2026-08-16T19:23:27.369Z,,,n-hv3-u00756,
hv3-e002630,hv3-u00756,task_first,hv3:main:50,organic_search,task_created,2026-08-16T19:25:27.369Z,,,n-hv3-u00756,t-hv3-u00756-1
hv3-e002631,hv3-u00756,task_first,hv3:main:50,organic_search,task_created,2026-08-16T19:26:27.369Z,,,n-hv3-u00756,t-hv3-u00756-2
hv3-e002632,hv3-u00756,task_first,hv3:main:50,organic_search,task_created,2026-08-16T19:27:27.369Z,,,n-hv3-u00756,t-hv3-u00756-3
hv3-e001549,hv3-u00439,task_first,hv3:main:50,paid_social,assigned,2026-08-16T19:30:51.297Z,,,,
hv3-e001550,hv3-u00439,task_first,hv3:main:50,paid_social,note_saved,2026-08-16T19:34:51.297Z,,,n-hv3-u00439,
hv3-e001551,hv3-u00439,task_first,hv3:main:50,paid_social,task_created,2026-08-16T19:36:51.297Z,,,n-hv3-u00439,t-hv3-u00439-1
hv3-e001552,hv3-u00439,task_first,hv3:main:50,paid_social,task_created,2026-08-16T19:37:51.297Z,,,n-hv3-u00439,t-hv3-u00439-2
hv3-e001553,hv3-u00439,task_first,hv3:main:50,paid_social,task_created,2026-08-16T19:38:51.297Z,,,n-hv3-u00439,t-hv3-u00439-3
hv3-e002402,hv3-u00688,task_first,hv3:main:50,referral,refunded,2026-08-16T20:09:49.091Z,10.00,XTS,,
hv3-e002817,hv3-u00811,task_first,hv3:main:50,paid_social,refunded,2026-08-16T21:59:59.048Z,10.00,XTS,,
hv3-e000517,hv3-u00152,task_first,hv3:main:50,organic_search,assigned,2026-08-16T22:04:08.137Z,,,,
hv3-e002889,hv3-u00829,task_first,hv3:main:50,organic_search,paid,2026-08-16T22:14:34.569Z,10.00,XTS,,
hv3-e002232,hv3-u00640,baseline,hv3:main:50,referral,assigned,2026-08-16T22:18:13.347Z,,,,
hv3-e002233,hv3-u00640,baseline,hv3:main:50,referral,note_saved,2026-08-16T22:22:13.347Z,,,n-hv3-u00640,
hv3-e000693,hv3-u00204,baseline,hv3:main:50,organic_search,assigned,2026-08-16T22:28:03.428Z,,,,
hv3-e002048,hv3-u00585,task_first,hv3:main:50,organic_search,refunded,2026-08-16T22:28:36.044Z,10.00,XTS,,
hv3-e000694,hv3-u00204,baseline,hv3:main:50,organic_search,note_saved,2026-08-16T22:32:03.428Z,,,n-hv3-u00204,
hv3-e003066,hv3-u00880,baseline,hv3:main:50,app_store,assigned,2026-08-16T22:34:02.351Z,,,,
hv3-e000695,hv3-u00204,baseline,hv3:main:50,organic_search,task_created,2026-08-16T22:34:03.428Z,,,n-hv3-u00204,t-hv3-u00204-1
hv3-e002442,hv3-u00699,task_first,hv3:main:50,paid_social,refunded,2026-08-16T22:37:47.242Z,10.00,XTS,,
hv3-e003067,hv3-u00880,baseline,hv3:main:50,app_store,note_saved,2026-08-16T22:38:02.351Z,,,n-hv3-u00880,
hv3-e002197,hv3-u00627,task_first,hv3:main:50,referral,assigned,2026-08-16T23:02:11.431Z,,,,
hv3-e002198,hv3-u00627,task_first,hv3:main:50,referral,note_saved,2026-08-16T23:06:11.431Z,,,n-hv3-u00627,
hv3-e003456,hv3-u01000,baseline,hv3:main:50,organic_search,assigned,2026-08-16T23:12:09.174Z,,,,
hv3-e003457,hv3-u01000,baseline,hv3:main:50,organic_search,note_saved,2026-08-16T23:16:09.174Z,,,n-hv3-u01000,
hv3-e002579,hv3-u00744,baseline,hv3:main:50,app_store,assigned,2026-08-16T23:19:38.221Z,,,,
hv3-e002580,hv3-u00744,baseline,hv3:main:50,app_store,note_saved,2026-08-16T23:23:38.221Z,,,n-hv3-u00744,
hv3-e001694,hv3-u00480,baseline,hv3:main:50,organic_search,assigned,2026-08-16T23:23:49.807Z,,,,
hv3-e002581,hv3-u00744,baseline,hv3:main:50,app_store,task_created,2026-08-16T23:25:38.221Z,,,n-hv3-u00744,t-hv3-u00744-1
hv3-e002582,hv3-u00744,baseline,hv3:main:50,app_store,task_created,2026-08-16T23:26:38.221Z,,,n-hv3-u00744,t-hv3-u00744-2
hv3-e001695,hv3-u00480,baseline,hv3:main:50,organic_search,note_saved,2026-08-16T23:27:49.807Z,,,n-hv3-u00480,
hv3-e003732,hv3-u01080,task_first,hv3:main:50,app_store,paid,2026-08-16T23:54:41.819Z,10.00,XTS,,
hv3-e000794,hv3-u00229,task_first,hv3:main:50,organic_search,assigned,2026-08-16T23:56:12.603Z,,,,
hv3-e000795,hv3-u00229,task_first,hv3:main:50,organic_search,note_saved,2026-08-17T00:00:12.603Z,,,n-hv3-u00229,
hv3-e000796,hv3-u00229,task_first,hv3:main:50,organic_search,task_created,2026-08-17T00:02:12.603Z,,,n-hv3-u00229,t-hv3-u00229-1
hv3-e000419,hv3-u00127,baseline,hv3:main:50,paid_social,revisited,2026-08-17T00:03:47.081Z,,,n-hv3-u00127,
hv3-e000091,hv3-u00027,task_first,hv3:main:50,app_store,trial_started,2026-08-17T00:04:33.006Z,,,,
hv3-e001524,hv3-u00430,task_first,hv3:main:50,referral,assigned,2026-08-17T00:05:30.295Z,,,,
hv3-e000218,hv3-u00070,baseline,hv3:main:50,referral,assigned,2026-08-17T00:08:07.110Z,,,,
hv3-e001525,hv3-u00430,task_first,hv3:main:50,referral,note_saved,2026-08-17T00:09:30.295Z,,,n-hv3-u00430,
hv3-e002250,hv3-u00645,task_first,hv3:main:50,paid_social,assigned,2026-08-17T00:10:18.806Z,,,,
hv3-e000219,hv3-u00070,baseline,hv3:main:50,referral,note_saved,2026-08-17T00:12:07.110Z,,,n-hv3-u00070,
hv3-e003458,hv3-u01000,baseline,hv3:main:50,organic_search,trial_started,2026-08-17T00:12:09.174Z,,,,
hv3-e000220,hv3-u00070,baseline,hv3:main:50,referral,task_created,2026-08-17T00:14:07.110Z,,,n-hv3-u00070,t-hv3-u00070-1
hv3-e002251,hv3-u00645,task_first,hv3:main:50,paid_social,note_saved,2026-08-17T00:14:18.806Z,,,n-hv3-u00645,
hv3-e003164,hv3-u00913,task_first,hv3:main:50,paid_social,assigned,2026-08-17T00:17:55.770Z,,,,
hv3-e003165,hv3-u00913,task_first,hv3:main:50,paid_social,note_saved,2026-08-17T00:21:55.770Z,,,n-hv3-u00913,
hv3-e003166,hv3-u00913,task_first,hv3:main:50,paid_social,task_created,2026-08-17T00:23:55.770Z,,,n-hv3-u00913,t-hv3-u00913-1
hv3-e003167,hv3-u00913,task_first,hv3:main:50,paid_social,task_created,2026-08-17T00:24:55.770Z,,,n-hv3-u00913,t-hv3-u00913-2
hv3-e003375,hv3-u00975,baseline,hv3:main:50,organic_search,revisited,2026-08-17T00:25:14.339Z,,,n-hv3-u00975,
hv3-e000764,hv3-u00220,task_first,hv3:main:50,paid_social,assigned,2026-08-17T00:31:54.590Z,,,,
hv3-e003439,hv3-u00995,baseline,hv3:main:50,organic_search,assigned,2026-08-17T00:33:59.825Z,,,,
hv3-e000451,hv3-u00135,task_first,hv3:main:50,paid_social,revisited,2026-08-17T00:34:59.287Z,,,n-hv3-u00135,
hv3-e000765,hv3-u00220,task_first,hv3:main:50,paid_social,note_saved,2026-08-17T00:35:54.590Z,,,n-hv3-u00220,
hv3-e000766,hv3-u00220,task_first,hv3:main:50,paid_social,task_created,2026-08-17T00:37:54.590Z,,,n-hv3-u00220,t-hv3-u00220-1
hv3-e003440,hv3-u00995,baseline,hv3:main:50,organic_search,note_saved,2026-08-17T00:37:59.825Z,,,n-hv3-u00995,
hv3-e000767,hv3-u00220,task_first,hv3:main:50,paid_social,task_created,2026-08-17T00:38:54.590Z,,,n-hv3-u00220,t-hv3-u00220-2
hv3-e002172,hv3-u00621,baseline,hv3:main:50,paid_social,trial_started,2026-08-17T00:39:28.971Z,,,,
hv3-e000768,hv3-u00220,task_first,hv3:main:50,paid_social,task_created,2026-08-17T00:39:54.590Z,,,n-hv3-u00220,t-hv3-u00220-3
hv3-e003441,hv3-u00995,baseline,hv3:main:50,organic_search,task_created,2026-08-17T00:39:59.825Z,,,n-hv3-u00995,t-hv3-u00995-1
hv3-e003442,hv3-u00995,baseline,hv3:main:50,organic_search,task_created,2026-08-17T00:40:59.825Z,,,n-hv3-u00995,t-hv3-u00995-2
hv3-e003443,hv3-u00995,baseline,hv3:main:50,organic_search,task_created,2026-08-17T00:41:59.825Z,,,n-hv3-u00995,t-hv3-u00995-3
hv3-e001974,hv3-u00564,baseline,hv3:main:50,organic_search,assigned,2026-08-17T01:31:00.475Z,,,,
hv3-e001975,hv3-u00564,baseline,hv3:main:50,organic_search,note_saved,2026-08-17T01:35:00.475Z,,,n-hv3-u00564,
hv3-e001976,hv3-u00564,baseline,hv3:main:50,organic_search,task_created,2026-08-17T01:37:00.475Z,,,n-hv3-u00564,t-hv3-u00564-1
hv3-e001977,hv3-u00564,baseline,hv3:main:50,organic_search,task_created,2026-08-17T01:38:00.475Z,,,n-hv3-u00564,t-hv3-u00564-2
hv3-e002388,hv3-u00685,baseline,hv3:main:50,paid_social,assigned,2026-08-17T01:40:48.097Z,,,,
hv3-e002111,hv3-u00603,task_first,hv3:main:50,paid_social,assigned,2026-08-17T01:41:21.141Z,,,,
hv3-e002389,hv3-u00685,baseline,hv3:main:50,paid_social,note_saved,2026-08-17T01:44:48.097Z,,,n-hv3-u00685,
hv3-e002112,hv3-u00603,task_first,hv3:main:50,paid_social,note_saved,2026-08-17T01:45:21.141Z,,,n-hv3-u00603,
hv3-e002390,hv3-u00685,baseline,hv3:main:50,paid_social,task_created,2026-08-17T01:46:48.097Z,,,n-hv3-u00685,t-hv3-u00685-1
hv3-e002391,hv3-u00685,baseline,hv3:main:50,paid_social,task_created,2026-08-17T01:47:48.097Z,,,n-hv3-u00685,t-hv3-u00685-2
hv3-e002392,hv3-u00685,baseline,hv3:main:50,paid_social,task_created,2026-08-17T01:48:48.097Z,,,n-hv3-u00685,t-hv3-u00685-3
hv3-e003528,hv3-u01021,task_first,hv3:main:50,organic_search,revisited,2026-08-17T02:07:58.535Z,,,n-hv3-u01021,
hv3-e003722,hv3-u01077,task_first,hv3:main:50,organic_search,assigned,2026-08-17T02:38:58.985Z,,,,
hv3-e003428,hv3-u00992,task_first,hv3:main:50,app_store,assigned,2026-08-17T02:58:25.689Z,,,,
hv3-e003289,hv3-u00948,baseline,hv3:main:50,organic_search,assigned,2026-08-17T03:23:25.083Z,,,,
hv3-e003290,hv3-u00948,baseline,hv3:main:50,organic_search,note_saved,2026-08-17T03:27:25.083Z,,,n-hv3-u00948,
hv3-e003291,hv3-u00948,baseline,hv3:main:50,organic_search,task_created,2026-08-17T03:29:25.083Z,,,n-hv3-u00948,t-hv3-u00948-1
hv3-e001674,hv3-u00474,task_first,hv3:main:50,app_store,trial_started,2026-08-17T03:48:46.683Z,,,,
hv3-e002713,hv3-u00780,baseline,hv3:main:50,app_store,trial_started,2026-08-17T03:59:28.368Z,,,,
hv3-e000958,hv3-u00269,task_first,hv3:main:50,paid_social,cancelled,2026-08-17T04:07:18.495Z,,,,
hv3-e002494,hv3-u00715,task_first,hv3:main:50,referral,paid,2026-08-17T04:27:58.266Z,10.00,XTS,,
hv3-e001385,hv3-u00389,task_first,hv3:main:50,paid_social,revisited,2026-08-17T04:37:46.016Z,,,n-hv3-u00389,
hv3-e000810,hv3-u00232,baseline,hv3:main:50,organic_search,paid,2026-08-17T04:38:28.030Z,10.00,XTS,,
hv3-e002831,hv3-u00815,task_first,hv3:main:50,organic_search,revisited,2026-08-17T04:38:39.349Z,,,n-hv3-u00815,
hv3-e002832,hv3-u00815,task_first,hv3:main:50,organic_search,task_completed,2026-08-17T04:43:39.349Z,,,n-hv3-u00815,t-hv3-u00815-1
hv3-e000986,hv3-u00278,baseline,hv3:main:50,organic_search,assigned,2026-08-17T04:58:52.253Z,,,,
hv3-e000987,hv3-u00278,baseline,hv3:main:50,organic_search,note_saved,2026-08-17T05:02:52.253Z,,,n-hv3-u00278,
hv3-e000988,hv3-u00278,baseline,hv3:main:50,organic_search,task_created,2026-08-17T05:04:52.253Z,,,n-hv3-u00278,t-hv3-u00278-1
hv3-e001092,hv3-u00307,task_first,hv3:main:50,organic_search,trial_started,2026-08-17T05:19:27.555Z,,,,
hv3-e002214,hv3-u00633,task_first,hv3:main:50,organic_search,trial_started,2026-08-17T05:23:29.626Z,,,,
hv3-e002167,hv3-u00620,baseline,hv3:main:50,paid_social,assigned,2026-08-17T05:27:14.214Z,,,,
hv3-e002168,hv3-u00620,baseline,hv3:main:50,paid_social,note_saved,2026-08-17T05:31:14.214Z,,,n-hv3-u00620,
hv3-e002092,hv3-u00597,baseline,hv3:main:50,referral,assigned,2026-08-17T05:35:56.639Z,,,,
hv3-e003598,hv3-u01041,baseline,hv3:main:50,organic_search,assigned,2026-08-17T06:06:36.187Z,,,,
hv3-e003599,hv3-u01041,baseline,hv3:main:50,organic_search,note_saved,2026-08-17T06:10:36.187Z,,,n-hv3-u01041,
hv3-e001061,hv3-u00300,task_first,hv3:main:50,organic_search,revisited,2026-08-17T06:14:39.486Z,,,n-hv3-u00300,
hv3-e000886,hv3-u00251,baseline,hv3:main:50,organic_search,assigned,2026-08-17T06:17:16.995Z,,,,
hv3-e001062,hv3-u00300,task_first,hv3:main:50,organic_search,task_completed,2026-08-17T06:19:39.486Z,,,n-hv3-u00300,t-hv3-u00300-1
hv3-e000887,hv3-u00251,baseline,hv3:main:50,organic_search,note_saved,2026-08-17T06:21:16.995Z,,,n-hv3-u00251,
hv3-e000888,hv3-u00251,baseline,hv3:main:50,organic_search,task_created,2026-08-17T06:23:16.995Z,,,n-hv3-u00251,t-hv3-u00251-1
hv3-e000889,hv3-u00251,baseline,hv3:main:50,organic_search,task_created,2026-08-17T06:24:16.995Z,,,n-hv3-u00251,t-hv3-u00251-2
hv3-e000890,hv3-u00251,baseline,hv3:main:50,organic_search,task_created,2026-08-17T06:25:16.995Z,,,n-hv3-u00251,t-hv3-u00251-3
hv3-e002727,hv3-u00785,task_first,hv3:main:50,organic_search,revisited,2026-08-17T06:49:02.280Z,,,n-hv3-u00785,
hv3-e001818,hv3-u00519,baseline,hv3:main:50,referral,revisited,2026-08-17T06:53:46.498Z,,,n-hv3-u00519,
hv3-e003739,hv3-u01082,baseline,hv3:main:50,referral,assigned,2026-08-17T06:59:45.617Z,,,,
hv3-e003740,hv3-u01082,baseline,hv3:main:50,referral,note_saved,2026-08-17T07:03:45.617Z,,,n-hv3-u01082,
hv3-e003741,hv3-u01082,baseline,hv3:main:50,referral,task_created,2026-08-17T07:05:45.617Z,,,n-hv3-u01082,t-hv3-u01082-1
hv3-e001730,hv3-u00493,task_first,hv3:main:50,organic_search,assigned,2026-08-17T07:21:03.093Z,,,,
hv3-e001731,hv3-u00493,task_first,hv3:main:50,organic_search,note_saved,2026-08-17T07:25:03.093Z,,,n-hv3-u00493,
hv3-e001568,hv3-u00443,baseline,hv3:main:50,organic_search,assigned,2026-08-17T07:37:35.230Z,,,,
hv3-e001569,hv3-u00443,baseline,hv3:main:50,organic_search,note_saved,2026-08-17T07:41:35.230Z,,,n-hv3-u00443,
hv3-e002995,hv3-u00857,baseline,hv3:main:50,app_store,revisited,2026-08-17T07:54:51.691Z,,,n-hv3-u00857,
hv3-e001502,hv3-u00423,baseline,hv3:main:50,app_store,revisited,2026-08-17T08:08:49.710Z,,,n-hv3-u00423,
hv3-e001094,hv3-u00308,baseline,hv3:main:50,organic_search,trial_started,2026-08-17T08:20:20.856Z,,,,
hv3-e001732,hv3-u00493,task_first,hv3:main:50,organic_search,trial_started,2026-08-17T08:21:03.093Z,,,,
hv3-e000967,hv3-u00272,baseline,hv3:main:50,paid_social,revisited,2026-08-17T08:26:43.187Z,,,n-hv3-u00272,
hv3-e001770,hv3-u00503,baseline,hv3:main:50,paid_social,revisited,2026-08-17T08:27:04.470Z,,,n-hv3-u00503,
hv3-e001771,hv3-u00503,baseline,hv3:main:50,paid_social,task_completed,2026-08-17T08:32:04.470Z,,,n-hv3-u00503,t-hv3-u00503-1
hv3-e001468,hv3-u00415,task_first,hv3:main:50,paid_social,assigned,2026-08-17T08:52:12.052Z,,,,
hv3-e001469,hv3-u00415,task_first,hv3:main:50,paid_social,note_saved,2026-08-17T08:56:12.052Z,,,n-hv3-u00415,
hv3-e001470,hv3-u00415,task_first,hv3:main:50,paid_social,task_created,2026-08-17T08:58:12.052Z,,,n-hv3-u00415,t-hv3-u00415-1
hv3-e001471,hv3-u00415,task_first,hv3:main:50,paid_social,task_created,2026-08-17T08:59:12.052Z,,,n-hv3-u00415,t-hv3-u00415-2
hv3-e001472,hv3-u00415,task_first,hv3:main:50,paid_social,task_created,2026-08-17T09:00:12.052Z,,,n-hv3-u00415,t-hv3-u00415-3
hv3-e000990,hv3-u00279,baseline,hv3:main:50,paid_social,assigned,2026-08-17T09:45:05.182Z,,,,
hv3-e000991,hv3-u00279,baseline,hv3:main:50,paid_social,note_saved,2026-08-17T09:49:05.182Z,,,n-hv3-u00279,
hv3-e003416,hv3-u00989,task_first,hv3:main:50,paid_social,revisited,2026-08-17T09:53:09.248Z,,,n-hv3-u00989,
hv3-e001998,hv3-u00570,baseline,hv3:main:50,paid_social,trial_started,2026-08-17T10:28:38.896Z,,,,
hv3-e000480,hv3-u00141,baseline,hv3:main:50,organic_search,assigned,2026-08-17T10:36:01.461Z,,,,
hv3-e000481,hv3-u00141,baseline,hv3:main:50,organic_search,note_saved,2026-08-17T10:40:01.461Z,,,n-hv3-u00141,
hv3-e000482,hv3-u00141,baseline,hv3:main:50,organic_search,task_created,2026-08-17T10:42:01.461Z,,,n-hv3-u00141,t-hv3-u00141-1
hv3-e000483,hv3-u00141,baseline,hv3:main:50,organic_search,task_created,2026-08-17T10:43:01.461Z,,,n-hv3-u00141,t-hv3-u00141-2
hv3-e000484,hv3-u00141,baseline,hv3:main:50,organic_search,task_created,2026-08-17T10:44:01.461Z,,,n-hv3-u00141,t-hv3-u00141-3
hv3-e000853,hv3-u00241,baseline,hv3:main:50,paid_social,assigned,2026-08-17T11:12:41.490Z,,,,
hv3-e000854,hv3-u00241,baseline,hv3:main:50,paid_social,note_saved,2026-08-17T11:16:41.490Z,,,n-hv3-u00241,
hv3-e001947,hv3-u00558,baseline,hv3:main:50,paid_social,assigned,2026-08-17T11:36:18.834Z,,,,
hv3-e001948,hv3-u00558,baseline,hv3:main:50,paid_social,note_saved,2026-08-17T11:40:18.834Z,,,n-hv3-u00558,
hv3-e001949,hv3-u00558,baseline,hv3:main:50,paid_social,task_created,2026-08-17T11:42:18.834Z,,,n-hv3-u00558,t-hv3-u00558-1
hv3-e001950,hv3-u00558,baseline,hv3:main:50,paid_social,task_created,2026-08-17T11:43:18.834Z,,,n-hv3-u00558,t-hv3-u00558-2
hv3-e003023,hv3-u00868,baseline,hv3:main:50,organic_search,assigned,2026-08-17T12:07:10.498Z,,,,
hv3-e002090,hv3-u00596,baseline,hv3:main:50,referral,assigned,2026-08-17T12:10:32.987Z,,,,
hv3-e003024,hv3-u00868,baseline,hv3:main:50,organic_search,note_saved,2026-08-17T12:11:10.498Z,,,n-hv3-u00868,
hv3-e003025,hv3-u00868,baseline,hv3:main:50,organic_search,task_created,2026-08-17T12:13:10.498Z,,,n-hv3-u00868,t-hv3-u00868-1
hv3-e003026,hv3-u00868,baseline,hv3:main:50,organic_search,task_created,2026-08-17T12:14:10.498Z,,,n-hv3-u00868,t-hv3-u00868-2
hv3-e003027,hv3-u00868,baseline,hv3:main:50,organic_search,task_created,2026-08-17T12:15:10.498Z,,,n-hv3-u00868,t-hv3-u00868-3
hv3-e001559,hv3-u00440,task_first,hv3:main:50,referral,revisited,2026-08-17T12:34:52.077Z,,,n-hv3-u00440,
hv3-e003151,hv3-u00908,baseline,hv3:main:50,paid_social,assigned,2026-08-17T12:37:54.461Z,,,,
hv3-e003152,hv3-u00908,baseline,hv3:main:50,paid_social,note_saved,2026-08-17T12:41:54.461Z,,,n-hv3-u00908,
hv3-e003153,hv3-u00908,baseline,hv3:main:50,paid_social,task_created,2026-08-17T12:43:54.461Z,,,n-hv3-u00908,t-hv3-u00908-1
hv3-e003154,hv3-u00908,baseline,hv3:main:50,paid_social,task_created,2026-08-17T12:44:54.461Z,,,n-hv3-u00908,t-hv3-u00908-2
hv3-e003632,hv3-u01051,task_first,hv3:main:50,paid_social,trial_started,2026-08-17T12:49:42.760Z,,,,
hv3-e002043,hv3-u00584,baseline,hv3:main:50,referral,revisited,2026-08-17T13:25:23.159Z,,,n-hv3-u00584,
hv3-e003800,hv3-u01094,baseline,hv3:main:50,app_store,assigned,2026-08-17T13:46:50.299Z,,,,
hv3-e003801,hv3-u01094,baseline,hv3:main:50,app_store,note_saved,2026-08-17T13:50:50.299Z,,,n-hv3-u01094,
hv3-e002093,hv3-u00598,task_first,hv3:main:50,organic_search,assigned,2026-08-17T14:01:41.411Z,,,,
hv3-e001571,hv3-u00444,task_first,hv3:main:50,organic_search,assigned,2026-08-17T14:37:12.208Z,,,,
hv3-e001572,hv3-u00444,task_first,hv3:main:50,organic_search,note_saved,2026-08-17T14:41:12.208Z,,,n-hv3-u00444,
hv3-e001573,hv3-u00444,task_first,hv3:main:50,organic_search,task_created,2026-08-17T14:43:12.208Z,,,n-hv3-u00444,t-hv3-u00444-1
hv3-e001574,hv3-u00444,task_first,hv3:main:50,organic_search,task_created,2026-08-17T14:44:12.208Z,,,n-hv3-u00444,t-hv3-u00444-2
hv3-e001575,hv3-u00444,task_first,hv3:main:50,organic_search,task_created,2026-08-17T14:45:12.208Z,,,n-hv3-u00444,t-hv3-u00444-3
hv3-e000829,hv3-u00236,baseline,hv3:main:50,referral,trial_started,2026-08-17T14:58:34.926Z,,,,
hv3-e002386,hv3-u00684,baseline,hv3:main:50,app_store,assigned,2026-08-17T15:34:50.217Z,,,,
hv3-e000908,hv3-u00257,task_first,hv3:main:50,paid_social,assigned,2026-08-17T15:35:19.663Z,,,,
hv3-e001576,hv3-u00444,task_first,hv3:main:50,organic_search,trial_started,2026-08-17T15:37:12.208Z,,,,
hv3-e002387,hv3-u00684,baseline,hv3:main:50,app_store,note_saved,2026-08-17T15:38:50.217Z,,,n-hv3-u00684,
hv3-e001122,hv3-u00318,baseline,hv3:main:50,paid_social,revisited,2026-08-17T15:41:32.813Z,,,n-hv3-u00318,
hv3-e002228,hv3-u00639,task_first,hv3:main:50,paid_social,assigned,2026-08-17T15:41:48.950Z,,,,
hv3-e002229,hv3-u00639,task_first,hv3:main:50,paid_social,note_saved,2026-08-17T15:45:48.950Z,,,n-hv3-u00639,
hv3-e001123,hv3-u00318,baseline,hv3:main:50,paid_social,task_completed,2026-08-17T15:46:32.813Z,,,n-hv3-u00318,t-hv3-u00318-1
hv3-e002230,hv3-u00639,task_first,hv3:main:50,paid_social,task_created,2026-08-17T15:47:48.950Z,,,n-hv3-u00639,t-hv3-u00639-1
hv3-e002231,hv3-u00639,task_first,hv3:main:50,paid_social,task_created,2026-08-17T15:48:48.950Z,,,n-hv3-u00639,t-hv3-u00639-2
hv3-e003505,hv3-u01015,task_first,hv3:main:50,referral,assigned,2026-08-17T15:54:34.845Z,,,,
hv3-e002376,hv3-u00681,task_first,hv3:main:50,referral,assigned,2026-08-17T16:08:21.284Z,,,,
hv3-e002318,hv3-u00665,baseline,hv3:main:50,organic_search,assigned,2026-08-17T16:12:04.638Z,,,,
hv3-e002377,hv3-u00681,task_first,hv3:main:50,referral,note_saved,2026-08-17T16:12:21.284Z,,,n-hv3-u00681,
hv3-e000920,hv3-u00262,task_first,hv3:main:50,organic_search,assigned,2026-08-17T16:13:11.637Z,,,,
hv3-e000921,hv3-u00262,task_first,hv3:main:50,organic_search,note_saved,2026-08-17T16:17:11.637Z,,,n-hv3-u00262,
hv3-e000922,hv3-u00262,task_first,hv3:main:50,organic_search,task_created,2026-08-17T16:19:11.637Z,,,n-hv3-u00262,t-hv3-u00262-1
hv3-e000599,hv3-u00172,task_first,hv3:main:50,paid_social,revisited,2026-08-17T16:38:32.916Z,,,n-hv3-u00172,
hv3-e000866,hv3-u00244,task_first,hv3:main:50,organic_search,assigned,2026-08-17T17:31:42.963Z,,,,
hv3-e001138,hv3-u00323,task_first,hv3:main:50,organic_search,assigned,2026-08-17T18:03:47.133Z,,,,
hv3-e001686,hv3-u00478,task_first,hv3:main:50,app_store,assigned,2026-08-17T18:05:37.960Z,,,,
hv3-e001139,hv3-u00323,task_first,hv3:main:50,organic_search,note_saved,2026-08-17T18:07:47.133Z,,,n-hv3-u00323,
hv3-e003594,hv3-u01039,baseline,hv3:main:50,organic_search,paid,2026-08-17T18:12:40.489Z,10.00,XTS,,
hv3-e002114,hv3-u00604,baseline,hv3:main:50,organic_search,assigned,2026-08-17T18:27:46.627Z,,,,
hv3-e002115,hv3-u00604,baseline,hv3:main:50,organic_search,note_saved,2026-08-17T18:31:46.627Z,,,n-hv3-u00604,
hv3-e001924,hv3-u00551,baseline,hv3:main:50,app_store,assigned,2026-08-17T18:37:06.763Z,,,,
hv3-e002220,hv3-u00636,task_first,hv3:main:50,referral,assigned,2026-08-17T18:43:51.114Z,,,,
hv3-e002221,hv3-u00636,task_first,hv3:main:50,referral,note_saved,2026-08-17T18:47:51.114Z,,,n-hv3-u00636,
hv3-e000569,hv3-u00165,task_first,hv3:main:50,paid_social,assigned,2026-08-17T18:54:38.702Z,,,,
hv3-e000243,hv3-u00078,task_first,hv3:main:50,organic_search,trial_started,2026-08-17T19:11:10.699Z,,,,
hv3-e001292,hv3-u00366,baseline,hv3:main:50,paid_social,assigned,2026-08-17T19:18:27.215Z,,,,
hv3-e000085,hv3-u00026,task_first,hv3:main:50,organic_search,trial_started,2026-08-17T19:21:06.871Z,,,,
hv3-e001319,hv3-u00374,baseline,hv3:main:50,organic_search,paid,2026-08-17T19:28:36.969Z,10.00,XTS,,
hv3-e001041,hv3-u00295,baseline,hv3:main:50,app_store,revisited,2026-08-17T19:49:46.416Z,,,n-hv3-u00295,
hv3-e001819,hv3-u00520,baseline,hv3:main:50,paid_social,assigned,2026-08-17T20:14:17.235Z,,,,
hv3-e001820,hv3-u00520,baseline,hv3:main:50,paid_social,note_saved,2026-08-17T20:18:17.235Z,,,n-hv3-u00520,
hv3-e002204,hv3-u00629,task_first,hv3:main:50,paid_social,assigned,2026-08-17T20:19:11.473Z,,,,
hv3-e001821,hv3-u00520,baseline,hv3:main:50,paid_social,task_created,2026-08-17T20:20:17.235Z,,,n-hv3-u00520,t-hv3-u00520-1
hv3-e001822,hv3-u00520,baseline,hv3:main:50,paid_social,task_created,2026-08-17T20:21:17.235Z,,,n-hv3-u00520,t-hv3-u00520-2
hv3-e001823,hv3-u00520,baseline,hv3:main:50,paid_social,task_created,2026-08-17T20:22:17.235Z,,,n-hv3-u00520,t-hv3-u00520-3
hv3-e002205,hv3-u00629,task_first,hv3:main:50,paid_social,note_saved,2026-08-17T20:23:11.473Z,,,n-hv3-u00629,
hv3-e002765,hv3-u00798,task_first,hv3:main:50,referral,assigned,2026-08-17T20:57:34.399Z,,,,
hv3-e002766,hv3-u00798,task_first,hv3:main:50,referral,note_saved,2026-08-17T21:01:34.399Z,,,n-hv3-u00798,
hv3-e003622,hv3-u01048,baseline,hv3:main:50,organic_search,revisited,2026-08-17T21:03:00.784Z,,,n-hv3-u01048,
hv3-e002767,hv3-u00798,task_first,hv3:main:50,referral,task_created,2026-08-17T21:03:34.399Z,,,n-hv3-u00798,t-hv3-u00798-1
hv3-e002768,hv3-u00798,task_first,hv3:main:50,referral,task_created,2026-08-17T21:04:34.399Z,,,n-hv3-u00798,t-hv3-u00798-2
hv3-e001339,hv3-u00380,task_first,hv3:main:50,app_store,assigned,2026-08-17T21:11:37.795Z,,,,
hv3-e003793,hv3-u01093,baseline,hv3:main:50,organic_search,assigned,2026-08-17T21:45:23.061Z,,,,
hv3-e000387,hv3-u00120,task_first,hv3:main:50,organic_search,assigned,2026-08-17T21:46:16.714Z,,,,
hv3-e003794,hv3-u01093,baseline,hv3:main:50,organic_search,note_saved,2026-08-17T21:49:23.061Z,,,n-hv3-u01093,
hv3-e003795,hv3-u01093,baseline,hv3:main:50,organic_search,task_created,2026-08-17T21:51:23.061Z,,,n-hv3-u01093,t-hv3-u01093-1
hv3-e003796,hv3-u01093,baseline,hv3:main:50,organic_search,task_created,2026-08-17T21:52:23.061Z,,,n-hv3-u01093,t-hv3-u01093-2
hv3-e003797,hv3-u01093,baseline,hv3:main:50,organic_search,task_created,2026-08-17T21:53:23.061Z,,,n-hv3-u01093,t-hv3-u01093-3
hv3-e002049,hv3-u00585,task_first,hv3:main:50,organic_search,cancelled,2026-08-17T22:28:36.044Z,,,,
hv3-e001749,hv3-u00499,task_first,hv3:main:50,app_store,assigned,2026-08-17T23:01:27.730Z,,,,
hv3-e000090,hv3-u00027,task_first,hv3:main:50,app_store,revisited,2026-08-17T23:04:33.006Z,,,n-hv3-u00027,
hv3-e001750,hv3-u00499,task_first,hv3:main:50,app_store,note_saved,2026-08-17T23:05:27.730Z,,,n-hv3-u00499,
hv3-e001751,hv3-u00499,task_first,hv3:main:50,app_store,task_created,2026-08-17T23:07:27.730Z,,,n-hv3-u00499,t-hv3-u00499-1
hv3-e003809,hv3-u01097,task_first,hv3:main:50,paid_social,assigned,2026-08-17T23:19:17.441Z,,,,
hv3-e003810,hv3-u01097,task_first,hv3:main:50,paid_social,note_saved,2026-08-17T23:23:17.441Z,,,n-hv3-u01097,
hv3-e003811,hv3-u01097,task_first,hv3:main:50,paid_social,task_created,2026-08-17T23:25:17.441Z,,,n-hv3-u01097,t-hv3-u01097-1
hv3-e002609,hv3-u00752,task_first,hv3:main:50,organic_search,assigned,2026-08-17T23:30:52.384Z,,,,
hv3-e000314,hv3-u00094,task_first,hv3:main:50,paid_social,cancelled,2026-08-17T23:33:05.512Z,,,,
hv3-e000754,hv3-u00217,task_first,hv3:main:50,organic_search,assigned,2026-08-17T23:33:44.185Z,,,,
hv3-e002610,hv3-u00752,task_first,hv3:main:50,organic_search,note_saved,2026-08-17T23:34:52.384Z,,,n-hv3-u00752,
hv3-e000755,hv3-u00217,task_first,hv3:main:50,organic_search,note_saved,2026-08-17T23:37:44.185Z,,,n-hv3-u00217,
hv3-e000756,hv3-u00217,task_first,hv3:main:50,organic_search,task_created,2026-08-17T23:39:44.185Z,,,n-hv3-u00217,t-hv3-u00217-1
hv3-e000757,hv3-u00217,task_first,hv3:main:50,organic_search,task_created,2026-08-17T23:40:44.185Z,,,n-hv3-u00217,t-hv3-u00217-2
hv3-e003716,hv3-u01076,baseline,hv3:main:50,organic_search,assigned,2026-08-17T23:46:29.563Z,,,,
hv3-e003717,hv3-u01076,baseline,hv3:main:50,organic_search,note_saved,2026-08-17T23:50:29.563Z,,,n-hv3-u01076,
hv3-e003718,hv3-u01076,baseline,hv3:main:50,organic_search,task_created,2026-08-17T23:52:29.563Z,,,n-hv3-u01076,t-hv3-u01076-1
hv3-e003719,hv3-u01076,baseline,hv3:main:50,organic_search,task_created,2026-08-17T23:53:29.563Z,,,n-hv3-u01076,t-hv3-u01076-2
hv3-e003720,hv3-u01076,baseline,hv3:main:50,organic_search,task_created,2026-08-17T23:54:29.563Z,,,n-hv3-u01076,t-hv3-u01076-3
hv3-e001827,hv3-u00521,baseline,hv3:main:50,organic_search,revisited,2026-08-18T00:06:21.021Z,,,n-hv3-u00521,
hv3-e001828,hv3-u00521,baseline,hv3:main:50,organic_search,task_completed,2026-08-18T00:11:21.021Z,,,n-hv3-u00521,t-hv3-u00521-1
hv3-e001262,hv3-u00355,baseline,hv3:main:50,app_store,revisited,2026-08-18T00:30:59.171Z,,,n-hv3-u00355,
hv3-e000503,hv3-u00148,task_first,hv3:main:50,paid_social,paid,2026-08-18T00:40:42.314Z,10.00,XTS,,
hv3-e000172,hv3-u00055,baseline,hv3:main:50,referral,assigned,2026-08-18T00:57:11.325Z,,,,
hv3-e000173,hv3-u00055,baseline,hv3:main:50,referral,note_saved,2026-08-18T01:01:11.325Z,,,n-hv3-u00055,
hv3-e000174,hv3-u00055,baseline,hv3:main:50,referral,task_created,2026-08-18T01:03:11.325Z,,,n-hv3-u00055,t-hv3-u00055-1
hv3-e000175,hv3-u00055,baseline,hv3:main:50,referral,task_created,2026-08-18T01:04:11.325Z,,,n-hv3-u00055,t-hv3-u00055-2
hv3-e000176,hv3-u00055,baseline,hv3:main:50,referral,task_created,2026-08-18T01:05:11.325Z,,,n-hv3-u00055,t-hv3-u00055-3
hv3-e003585,hv3-u01037,task_first,hv3:main:50,app_store,assigned,2026-08-18T01:34:28.780Z,,,,
hv3-e003586,hv3-u01037,task_first,hv3:main:50,app_store,note_saved,2026-08-18T01:38:28.780Z,,,n-hv3-u01037,
hv3-e002010,hv3-u00575,baseline,hv3:main:50,referral,assigned,2026-08-18T01:55:00.696Z,,,,
hv3-e003464,hv3-u01001,baseline,hv3:main:50,referral,revisited,2026-08-18T01:55:34.314Z,,,n-hv3-u01001,
hv3-e002011,hv3-u00575,baseline,hv3:main:50,referral,note_saved,2026-08-18T01:59:00.696Z,,,n-hv3-u00575,
hv3-e000869,hv3-u00246,task_first,hv3:main:50,referral,assigned,2026-08-18T01:59:32.499Z,,,,
hv3-e002012,hv3-u00575,baseline,hv3:main:50,referral,task_created,2026-08-18T02:01:00.696Z,,,n-hv3-u00575,t-hv3-u00575-1
hv3-e001487,hv3-u00419,baseline,hv3:main:50,paid_social,assigned,2026-08-18T02:12:32.218Z,,,,
hv3-e002518,hv3-u00721,baseline,hv3:main:50,organic_search,revisited,2026-08-18T02:18:25.187Z,,,n-hv3-u00721,
hv3-e002519,hv3-u00721,baseline,hv3:main:50,organic_search,task_completed,2026-08-18T02:23:25.187Z,,,n-hv3-u00721,t-hv3-u00721-1
hv3-e002059,hv3-u00589,task_first,hv3:main:50,organic_search,assigned,2026-08-18T02:36:52.093Z,,,,
hv3-e002060,hv3-u00589,task_first,hv3:main:50,organic_search,note_saved,2026-08-18T02:40:52.093Z,,,n-hv3-u00589,
hv3-e002061,hv3-u00589,task_first,hv3:main:50,organic_search,task_created,2026-08-18T02:42:52.093Z,,,n-hv3-u00589,t-hv3-u00589-1
hv3-e002178,hv3-u00622,task_first,hv3:main:50,app_store,paid,2026-08-18T03:38:15.826Z,10.00,XTS,,
hv3-e000115,hv3-u00032,baseline,hv3:main:50,organic_search,revisited,2026-08-18T04:07:04.901Z,,,n-hv3-u00032,
hv3-e002476,hv3-u00711,task_first,hv3:main:50,referral,assigned,2026-08-18T04:17:37.056Z,,,,
hv3-e002477,hv3-u00711,task_first,hv3:main:50,referral,note_saved,2026-08-18T04:21:37.056Z,,,n-hv3-u00711,
hv3-e002478,hv3-u00711,task_first,hv3:main:50,referral,task_created,2026-08-18T04:23:37.056Z,,,n-hv3-u00711,t-hv3-u00711-1
hv3-e002395,hv3-u00686,task_first,hv3:main:50,organic_search,trial_started,2026-08-18T04:32:43.131Z,,,,
hv3-e000633,hv3-u00185,baseline,hv3:main:50,organic_search,assigned,2026-08-18T04:51:09.606Z,,,,
hv3-e000989,hv3-u00278,baseline,hv3:main:50,organic_search,revisited,2026-08-18T04:58:52.253Z,,,n-hv3-u00278,
hv3-e002009,hv3-u00574,baseline,hv3:main:50,paid_social,revisited,2026-08-18T05:00:47.237Z,,,n-hv3-u00574,
hv3-e003420,hv3-u00991,baseline,hv3:main:50,organic_search,assigned,2026-08-18T05:14:46.104Z,,,,
hv3-e001203,hv3-u00342,task_first,hv3:main:50,organic_search,assigned,2026-08-18T05:16:04.673Z,,,,
hv3-e003421,hv3-u00991,baseline,hv3:main:50,organic_search,note_saved,2026-08-18T05:18:46.104Z,,,n-hv3-u00991,
hv3-e001204,hv3-u00342,task_first,hv3:main:50,organic_search,note_saved,2026-08-18T05:20:04.673Z,,,n-hv3-u00342,
hv3-e003422,hv3-u00991,baseline,hv3:main:50,organic_search,task_created,2026-08-18T05:20:46.104Z,,,n-hv3-u00991,t-hv3-u00991-1
hv3-e003423,hv3-u00991,baseline,hv3:main:50,organic_search,task_created,2026-08-18T05:21:46.104Z,,,n-hv3-u00991,t-hv3-u00991-2
hv3-e001205,hv3-u00342,task_first,hv3:main:50,organic_search,task_created,2026-08-18T05:22:04.673Z,,,n-hv3-u00342,t-hv3-u00342-1
hv3-e001206,hv3-u00342,task_first,hv3:main:50,organic_search,task_created,2026-08-18T05:23:04.673Z,,,n-hv3-u00342,t-hv3-u00342-2
hv3-e001520,hv3-u00429,baseline,hv3:main:50,referral,assigned,2026-08-18T05:38:18.676Z,,,,
hv3-e001521,hv3-u00429,baseline,hv3:main:50,referral,note_saved,2026-08-18T05:42:18.676Z,,,n-hv3-u00429,
hv3-e001522,hv3-u00429,baseline,hv3:main:50,referral,task_created,2026-08-18T05:44:18.676Z,,,n-hv3-u00429,t-hv3-u00429-1
hv3-e001523,hv3-u00429,baseline,hv3:main:50,referral,task_created,2026-08-18T05:45:18.676Z,,,n-hv3-u00429,t-hv3-u00429-2
hv3-e002620,hv3-u00754,task_first,hv3:main:50,paid_social,trial_started,2026-08-18T05:52:50.830Z,,,,
hv3-e001084,hv3-u00306,task_first,hv3:main:50,app_store,assigned,2026-08-18T06:01:50.839Z,,,,
hv3-e001085,hv3-u00306,task_first,hv3:main:50,app_store,note_saved,2026-08-18T06:05:50.839Z,,,n-hv3-u00306,
hv3-e001086,hv3-u00306,task_first,hv3:main:50,app_store,task_created,2026-08-18T06:07:50.839Z,,,n-hv3-u00306,t-hv3-u00306-1
hv3-e001087,hv3-u00306,task_first,hv3:main:50,app_store,task_created,2026-08-18T06:08:50.839Z,,,n-hv3-u00306,t-hv3-u00306-2
hv3-e001088,hv3-u00306,task_first,hv3:main:50,app_store,task_created,2026-08-18T06:09:50.839Z,,,n-hv3-u00306,t-hv3-u00306-3
hv3-e001243,hv3-u00351,baseline,hv3:main:50,organic_search,revisited,2026-08-18T06:17:22.649Z,,,n-hv3-u00351,
hv3-e001764,hv3-u00502,baseline,hv3:main:50,organic_search,trial_started,2026-08-18T07:22:32.272Z,,,,
hv3-e000873,hv3-u00247,task_first,hv3:main:50,paid_social,paid,2026-08-18T07:26:33.211Z,10.00,XTS,,
hv3-e001570,hv3-u00443,baseline,hv3:main:50,organic_search,revisited,2026-08-18T07:37:35.230Z,,,n-hv3-u00443,
hv3-e003234,hv3-u00929,task_first,hv3:main:50,paid_social,trial_started,2026-08-18T07:45:37.214Z,,,,
hv3-e002305,hv3-u00661,baseline,hv3:main:50,app_store,assigned,2026-08-18T07:50:25.428Z,,,,
hv3-e002306,hv3-u00661,baseline,hv3:main:50,app_store,note_saved,2026-08-18T07:54:25.428Z,,,n-hv3-u00661,
hv3-e000315,hv3-u00095,task_first,hv3:main:50,referral,assigned,2026-08-18T08:02:50.968Z,,,,
hv3-e000316,hv3-u00095,task_first,hv3:main:50,referral,note_saved,2026-08-18T08:06:50.968Z,,,n-hv3-u00095,
hv3-e000317,hv3-u00095,task_first,hv3:main:50,referral,task_created,2026-08-18T08:08:50.968Z,,,n-hv3-u00095,t-hv3-u00095-1
hv3-e001592,hv3-u00448,baseline,hv3:main:50,organic_search,revisited,2026-08-18T08:10:26.491Z,,,n-hv3-u00448,
hv3-e001593,hv3-u00448,baseline,hv3:main:50,organic_search,task_completed,2026-08-18T08:15:26.491Z,,,n-hv3-u00448,t-hv3-u00448-1
hv3-e003619,hv3-u01047,task_first,hv3:main:50,referral,revisited,2026-08-18T08:15:43.048Z,,,n-hv3-u01047,
hv3-e002258,hv3-u00649,baseline,hv3:main:50,app_store,assigned,2026-08-18T08:22:09.889Z,,,,
hv3-e002259,hv3-u00649,baseline,hv3:main:50,app_store,note_saved,2026-08-18T08:26:09.889Z,,,n-hv3-u00649,
hv3-e002260,hv3-u00649,baseline,hv3:main:50,app_store,task_created,2026-08-18T08:28:09.889Z,,,n-hv3-u00649,t-hv3-u00649-1
hv3-e002261,hv3-u00649,baseline,hv3:main:50,app_store,task_created,2026-08-18T08:29:09.889Z,,,n-hv3-u00649,t-hv3-u00649-2
hv3-e002262,hv3-u00649,baseline,hv3:main:50,app_store,task_created,2026-08-18T08:30:09.889Z,,,n-hv3-u00649,t-hv3-u00649-3
hv3-e000452,hv3-u00136,task_first,hv3:main:50,organic_search,assigned,2026-08-18T08:59:25.361Z,,,,
hv3-e000453,hv3-u00136,task_first,hv3:main:50,organic_search,note_saved,2026-08-18T09:03:25.361Z,,,n-hv3-u00136,
hv3-e000288,hv3-u00089,baseline,hv3:main:50,organic_search,assigned,2026-08-18T09:24:26.633Z,,,,
hv3-e000200,hv3-u00063,task_first,hv3:main:50,paid_social,trial_started,2026-08-18T09:26:47.796Z,,,,
hv3-e000289,hv3-u00089,baseline,hv3:main:50,organic_search,note_saved,2026-08-18T09:28:26.633Z,,,n-hv3-u00089,
hv3-e002633,hv3-u00757,baseline,hv3:main:50,organic_search,assigned,2026-08-18T10:10:59.304Z,,,,
hv3-e000717,hv3-u00208,baseline,hv3:main:50,app_store,assigned,2026-08-18T10:26:10.464Z,,,,
hv3-e001541,hv3-u00437,baseline,hv3:main:50,organic_search,assigned,2026-08-18T10:28:06.812Z,,,,
hv3-e000718,hv3-u00208,baseline,hv3:main:50,app_store,note_saved,2026-08-18T10:30:10.464Z,,,n-hv3-u00208,
hv3-e001542,hv3-u00437,baseline,hv3:main:50,organic_search,note_saved,2026-08-18T10:32:06.812Z,,,n-hv3-u00437,
hv3-e000719,hv3-u00208,baseline,hv3:main:50,app_store,task_created,2026-08-18T10:32:10.464Z,,,n-hv3-u00208,t-hv3-u00208-1
hv3-e000720,hv3-u00208,baseline,hv3:main:50,app_store,task_created,2026-08-18T10:33:10.464Z,,,n-hv3-u00208,t-hv3-u00208-2
hv3-e000721,hv3-u00208,baseline,hv3:main:50,app_store,task_created,2026-08-18T10:34:10.464Z,,,n-hv3-u00208,t-hv3-u00208-3
hv3-e000713,hv3-u00207,task_first,hv3:main:50,organic_search,assigned,2026-08-18T10:54:27.570Z,,,,
hv3-e000714,hv3-u00207,task_first,hv3:main:50,organic_search,note_saved,2026-08-18T10:58:27.570Z,,,n-hv3-u00207,
hv3-e000715,hv3-u00207,task_first,hv3:main:50,organic_search,task_created,2026-08-18T11:00:27.570Z,,,n-hv3-u00207,t-hv3-u00207-1
hv3-e000716,hv3-u00207,task_first,hv3:main:50,organic_search,task_created,2026-08-18T11:01:27.570Z,,,n-hv3-u00207,t-hv3-u00207-2
hv3-e001232,hv3-u00348,task_first,hv3:main:50,paid_social,refunded,2026-08-18T11:47:47.618Z,10.00,XTS,,
hv3-e000506,hv3-u00150,baseline,hv3:main:50,paid_social,assigned,2026-08-18T12:29:55.636Z,,,,
hv3-e000507,hv3-u00150,baseline,hv3:main:50,paid_social,note_saved,2026-08-18T12:33:55.636Z,,,n-hv3-u00150,
hv3-e000508,hv3-u00150,baseline,hv3:main:50,paid_social,task_created,2026-08-18T12:35:55.636Z,,,n-hv3-u00150,t-hv3-u00150-1
hv3-e000509,hv3-u00150,baseline,hv3:main:50,paid_social,task_created,2026-08-18T12:36:55.636Z,,,n-hv3-u00150,t-hv3-u00150-2
hv3-e002983,hv3-u00854,task_first,hv3:main:50,app_store,revisited,2026-08-18T13:02:46.418Z,,,n-hv3-u00854,
hv3-e000673,hv3-u00196,baseline,hv3:main:50,organic_search,revisited,2026-08-18T13:19:50.117Z,,,n-hv3-u00196,
hv3-e002574,hv3-u00742,baseline,hv3:main:50,referral,assigned,2026-08-18T13:32:39.445Z,,,,
hv3-e000828,hv3-u00236,baseline,hv3:main:50,referral,revisited,2026-08-18T13:58:34.926Z,,,n-hv3-u00236,
hv3-e002451,hv3-u00704,task_first,hv3:main:50,paid_social,revisited,2026-08-18T14:03:29.667Z,,,n-hv3-u00704,
hv3-e000917,hv3-u00260,baseline,hv3:main:50,referral,revisited,2026-08-18T14:18:34.921Z,,,n-hv3-u00260,
hv3-e000941,hv3-u00267,task_first,hv3:main:50,organic_search,assigned,2026-08-18T14:19:56.320Z,,,,
hv3-e000942,hv3-u00267,task_first,hv3:main:50,organic_search,note_saved,2026-08-18T14:23:56.320Z,,,n-hv3-u00267,
hv3-e000938,hv3-u00265,baseline,hv3:main:50,paid_social,assigned,2026-08-18T14:32:18.190Z,,,,
hv3-e000939,hv3-u00265,baseline,hv3:main:50,paid_social,note_saved,2026-08-18T14:36:18.190Z,,,n-hv3-u00265,
hv3-e002648,hv3-u00760,baseline,hv3:main:50,referral,revisited,2026-08-18T14:48:00.612Z,,,n-hv3-u00760,
hv3-e002649,hv3-u00760,baseline,hv3:main:50,referral,task_completed,2026-08-18T14:53:00.612Z,,,n-hv3-u00760,t-hv3-u00760-1
hv3-e003650,hv3-u01057,task_first,hv3:main:50,paid_social,assigned,2026-08-18T15:10:31.911Z,,,,
hv3-e003651,hv3-u01057,task_first,hv3:main:50,paid_social,note_saved,2026-08-18T15:14:31.911Z,,,n-hv3-u01057,
hv3-e003652,hv3-u01057,task_first,hv3:main:50,paid_social,task_created,2026-08-18T15:16:31.911Z,,,n-hv3-u01057,t-hv3-u01057-1
hv3-e000340,hv3-u00103,task_first,hv3:main:50,organic_search,assigned,2026-08-18T16:08:23.257Z,,,,
hv3-e001621,hv3-u00456,task_first,hv3:main:50,referral,assigned,2026-08-18T16:11:27.909Z,,,,
hv3-e000341,hv3-u00103,task_first,hv3:main:50,organic_search,note_saved,2026-08-18T16:12:23.257Z,,,n-hv3-u00103,
hv3-e001622,hv3-u00456,task_first,hv3:main:50,referral,note_saved,2026-08-18T16:15:27.909Z,,,n-hv3-u00456,
hv3-e003479,hv3-u01007,task_first,hv3:main:50,organic_search,assigned,2026-08-18T16:15:41.103Z,,,,
hv3-e003480,hv3-u01007,task_first,hv3:main:50,organic_search,note_saved,2026-08-18T16:19:41.103Z,,,n-hv3-u01007,
hv3-e003481,hv3-u01007,task_first,hv3:main:50,organic_search,task_created,2026-08-18T16:21:41.103Z,,,n-hv3-u01007,t-hv3-u01007-1
hv3-e002533,hv3-u00726,baseline,hv3:main:50,paid_social,assigned,2026-08-18T16:22:30.882Z,,,,
hv3-e003482,hv3-u01007,task_first,hv3:main:50,organic_search,task_created,2026-08-18T16:22:41.103Z,,,n-hv3-u01007,t-hv3-u01007-2
hv3-e003483,hv3-u01007,task_first,hv3:main:50,organic_search,task_created,2026-08-18T16:23:41.103Z,,,n-hv3-u01007,t-hv3-u01007-3
hv3-e001863,hv3-u00531,baseline,hv3:main:50,paid_social,assigned,2026-08-18T16:26:15.539Z,,,,
hv3-e001452,hv3-u00410,task_first,hv3:main:50,referral,cancelled,2026-08-18T16:30:39.198Z,,,,
hv3-e002972,hv3-u00851,task_first,hv3:main:50,paid_social,trial_started,2026-08-18T16:59:15.253Z,,,,
hv3-e003690,hv3-u01069,baseline,hv3:main:50,organic_search,assigned,2026-08-18T17:46:09.264Z,,,,
hv3-e003691,hv3-u01069,baseline,hv3:main:50,organic_search,note_saved,2026-08-18T17:50:09.264Z,,,n-hv3-u01069,
hv3-e002288,hv3-u00654,task_first,hv3:main:50,paid_social,trial_started,2026-08-18T18:24:05.718Z,,,,
hv3-e003251,hv3-u00933,task_first,hv3:main:50,paid_social,paid,2026-08-18T18:37:22.737Z,10.00,XTS,,
hv3-e003507,hv3-u01016,task_first,hv3:main:50,organic_search,assigned,2026-08-18T18:40:22.208Z,,,,
hv3-e002126,hv3-u00608,baseline,hv3:main:50,organic_search,assigned,2026-08-18T18:43:10.397Z,,,,
hv3-e003508,hv3-u01016,task_first,hv3:main:50,organic_search,note_saved,2026-08-18T18:44:22.208Z,,,n-hv3-u01016,
hv3-e003509,hv3-u01016,task_first,hv3:main:50,organic_search,task_created,2026-08-18T18:46:22.208Z,,,n-hv3-u01016,t-hv3-u01016-1
hv3-e002127,hv3-u00608,baseline,hv3:main:50,organic_search,note_saved,2026-08-18T18:47:10.397Z,,,n-hv3-u00608,
hv3-e003510,hv3-u01016,task_first,hv3:main:50,organic_search,task_created,2026-08-18T18:47:22.208Z,,,n-hv3-u01016,t-hv3-u01016-2
hv3-e003511,hv3-u01016,task_first,hv3:main:50,organic_search,task_created,2026-08-18T18:48:22.208Z,,,n-hv3-u01016,t-hv3-u01016-3
hv3-e002480,hv3-u00712,baseline,hv3:main:50,app_store,assigned,2026-08-18T19:05:46.086Z,,,,
hv3-e002481,hv3-u00712,baseline,hv3:main:50,app_store,note_saved,2026-08-18T19:09:46.086Z,,,n-hv3-u00712,
hv3-e000577,hv3-u00168,baseline,hv3:main:50,paid_social,assigned,2026-08-18T19:14:02.580Z,,,,
hv3-e000578,hv3-u00168,baseline,hv3:main:50,paid_social,note_saved,2026-08-18T19:18:02.580Z,,,n-hv3-u00168,
hv3-e000579,hv3-u00168,baseline,hv3:main:50,paid_social,task_created,2026-08-18T19:20:02.580Z,,,n-hv3-u00168,t-hv3-u00168-1
hv3-e000580,hv3-u00168,baseline,hv3:main:50,paid_social,task_created,2026-08-18T19:21:02.580Z,,,n-hv3-u00168,t-hv3-u00168-2
hv3-e002405,hv3-u00690,baseline,hv3:main:50,organic_search,assigned,2026-08-18T19:21:18.278Z,,,,
hv3-e003260,hv3-u00937,baseline,hv3:main:50,organic_search,assigned,2026-08-18T19:22:44.124Z,,,,
hv3-e003261,hv3-u00937,baseline,hv3:main:50,organic_search,note_saved,2026-08-18T19:26:44.124Z,,,n-hv3-u00937,
hv3-e003262,hv3-u00937,baseline,hv3:main:50,organic_search,task_created,2026-08-18T19:28:44.124Z,,,n-hv3-u00937,t-hv3-u00937-1
hv3-e002777,hv3-u00800,baseline,hv3:main:50,paid_social,assigned,2026-08-18T19:30:57.969Z,,,,
hv3-e000248,hv3-u00080,task_first,hv3:main:50,organic_search,assigned,2026-08-18T19:43:39.086Z,,,,
hv3-e000249,hv3-u00080,task_first,hv3:main:50,organic_search,note_saved,2026-08-18T19:47:39.086Z,,,n-hv3-u00080,
hv3-e000250,hv3-u00080,task_first,hv3:main:50,organic_search,task_created,2026-08-18T19:49:39.086Z,,,n-hv3-u00080,t-hv3-u00080-1
hv3-e000251,hv3-u00080,task_first,hv3:main:50,organic_search,task_created,2026-08-18T19:50:39.086Z,,,n-hv3-u00080,t-hv3-u00080-2
hv3-e000252,hv3-u00080,task_first,hv3:main:50,organic_search,task_created,2026-08-18T19:51:39.086Z,,,n-hv3-u00080,t-hv3-u00080-3
hv3-e003302,hv3-u00950,task_first,hv3:main:50,organic_search,assigned,2026-08-18T20:25:07.656Z,,,,
hv3-e003303,hv3-u00950,task_first,hv3:main:50,organic_search,note_saved,2026-08-18T20:29:07.656Z,,,n-hv3-u00950,
hv3-e001606,hv3-u00452,baseline,hv3:main:50,paid_social,assigned,2026-08-18T20:34:16.508Z,,,,
hv3-e001785,hv3-u00508,baseline,hv3:main:50,organic_search,assigned,2026-08-18T20:38:08.629Z,,,,
hv3-e001607,hv3-u00452,baseline,hv3:main:50,paid_social,note_saved,2026-08-18T20:38:16.508Z,,,n-hv3-u00452,
hv3-e000123,hv3-u00036,task_first,hv3:main:50,app_store,assigned,2026-08-18T20:44:38.178Z,,,,
hv3-e000124,hv3-u00036,task_first,hv3:main:50,app_store,note_saved,2026-08-18T20:48:38.178Z,,,n-hv3-u00036,
hv3-e002977,hv3-u00853,task_first,hv3:main:50,paid_social,assigned,2026-08-18T20:59:35.068Z,,,,
hv3-e002488,hv3-u00714,task_first,hv3:main:50,app_store,assigned,2026-08-18T21:05:30.097Z,,,,
hv3-e002489,hv3-u00714,task_first,hv3:main:50,app_store,note_saved,2026-08-18T21:09:30.097Z,,,n-hv3-u00714,
hv3-e000001,hv3-u00001,baseline,hv3:main:50,paid_social,assigned,2026-08-18T21:42:21.022Z,,,,
hv3-e000388,hv3-u00120,task_first,hv3:main:50,organic_search,revisited,2026-08-18T21:46:16.714Z,,,n-hv3-u00120,
hv3-e000002,hv3-u00001,baseline,hv3:main:50,paid_social,note_saved,2026-08-18T21:46:21.022Z,,,n-hv3-u00001,
hv3-e000003,hv3-u00001,baseline,hv3:main:50,paid_social,task_created,2026-08-18T21:48:21.022Z,,,n-hv3-u00001,t-hv3-u00001-1
hv3-e000004,hv3-u00001,baseline,hv3:main:50,paid_social,task_created,2026-08-18T21:49:21.022Z,,,n-hv3-u00001,t-hv3-u00001-2
hv3-e001791,hv3-u00510,task_first,hv3:main:50,paid_social,assigned,2026-08-18T21:56:09.547Z,,,,
hv3-e001792,hv3-u00510,task_first,hv3:main:50,paid_social,note_saved,2026-08-18T22:00:09.547Z,,,n-hv3-u00510,
hv3-e002890,hv3-u00829,task_first,hv3:main:50,organic_search,refunded,2026-08-18T22:14:34.569Z,10.00,XTS,,
hv3-e003798,hv3-u01093,baseline,hv3:main:50,organic_search,revisited,2026-08-18T22:15:23.061Z,,,n-hv3-u01093,
hv3-e003799,hv3-u01093,baseline,hv3:main:50,organic_search,task_completed,2026-08-18T22:20:23.061Z,,,n-hv3-u01093,t-hv3-u01093-1
hv3-e002553,hv3-u00734,baseline,hv3:main:50,paid_social,assigned,2026-08-18T22:39:13.973Z,,,,
hv3-e002554,hv3-u00734,baseline,hv3:main:50,paid_social,note_saved,2026-08-18T22:43:13.973Z,,,n-hv3-u00734,
hv3-e001441,hv3-u00407,baseline,hv3:main:50,organic_search,assigned,2026-08-18T22:45:59.754Z,,,,
hv3-e001442,hv3-u00407,baseline,hv3:main:50,organic_search,note_saved,2026-08-18T22:49:59.754Z,,,n-hv3-u00407,
hv3-e001443,hv3-u00407,baseline,hv3:main:50,organic_search,task_created,2026-08-18T22:51:59.754Z,,,n-hv3-u00407,t-hv3-u00407-1
hv3-e000170,hv3-u00054,baseline,hv3:main:50,paid_social,assigned,2026-08-18T23:02:01.145Z,,,,
hv3-e000171,hv3-u00054,baseline,hv3:main:50,paid_social,note_saved,2026-08-18T23:06:01.145Z,,,n-hv3-u00054,
hv3-e003733,hv3-u01080,task_first,hv3:main:50,app_store,refunded,2026-08-18T23:54:41.819Z,10.00,XTS,,
hv3-e001754,hv3-u00499,task_first,hv3:main:50,app_store,trial_started,2026-08-19T00:01:27.730Z,,,,
hv3-e003444,hv3-u00995,baseline,hv3:main:50,organic_search,revisited,2026-08-19T00:33:59.825Z,,,n-hv3-u00995,
hv3-e002527,hv3-u00723,task_first,hv3:main:50,app_store,assigned,2026-08-19T00:34:05.968Z,,,,
hv3-e000221,hv3-u00070,baseline,hv3:main:50,referral,revisited,2026-08-19T00:38:07.110Z,,,n-hv3-u00070,
hv3-e000222,hv3-u00070,baseline,hv3:main:50,referral,task_completed,2026-08-19T00:43:07.110Z,,,n-hv3-u00070,t-hv3-u00070-1
hv3-e001805,hv3-u00516,baseline,hv3:main:50,app_store,assigned,2026-08-19T00:50:09.728Z,,,,
hv3-e001724,hv3-u00491,baseline,hv3:main:50,organic_search,revisited,2026-08-19T00:51:19.948Z,,,n-hv3-u00491,
hv3-e000325,hv3-u00097,baseline,hv3:main:50,paid_social,assigned,2026-08-19T00:52:09.744Z,,,,
hv3-e001806,hv3-u00516,baseline,hv3:main:50,app_store,note_saved,2026-08-19T00:54:09.728Z,,,n-hv3-u00516,
hv3-e001807,hv3-u00516,baseline,hv3:main:50,app_store,task_created,2026-08-19T00:56:09.728Z,,,n-hv3-u00516,t-hv3-u00516-1
hv3-e000326,hv3-u00097,baseline,hv3:main:50,paid_social,note_saved,2026-08-19T00:56:09.744Z,,,n-hv3-u00097,
hv3-e001808,hv3-u00516,baseline,hv3:main:50,app_store,task_created,2026-08-19T00:57:09.728Z,,,n-hv3-u00516,t-hv3-u00516-2
hv3-e001809,hv3-u00516,baseline,hv3:main:50,app_store,task_created,2026-08-19T00:58:09.728Z,,,n-hv3-u00516,t-hv3-u00516-3
hv3-e000327,hv3-u00097,baseline,hv3:main:50,paid_social,task_created,2026-08-19T00:58:09.744Z,,,n-hv3-u00097,t-hv3-u00097-1
hv3-e001436,hv3-u00406,baseline,hv3:main:50,organic_search,assigned,2026-08-19T01:49:29.769Z,,,,
hv3-e001437,hv3-u00406,baseline,hv3:main:50,organic_search,note_saved,2026-08-19T01:53:29.769Z,,,n-hv3-u00406,
hv3-e003081,hv3-u00886,task_first,hv3:main:50,organic_search,assigned,2026-08-19T01:54:26.565Z,,,,
hv3-e001438,hv3-u00406,baseline,hv3:main:50,organic_search,task_created,2026-08-19T01:55:29.769Z,,,n-hv3-u00406,t-hv3-u00406-1
hv3-e001439,hv3-u00406,baseline,hv3:main:50,organic_search,task_created,2026-08-19T01:56:29.769Z,,,n-hv3-u00406,t-hv3-u00406-2
hv3-e001440,hv3-u00406,baseline,hv3:main:50,organic_search,task_created,2026-08-19T01:57:29.769Z,,,n-hv3-u00406,t-hv3-u00406-3
hv3-e003082,hv3-u00886,task_first,hv3:main:50,organic_search,note_saved,2026-08-19T01:58:26.565Z,,,n-hv3-u00886,
hv3-e001546,hv3-u00438,baseline,hv3:main:50,organic_search,revisited,2026-08-19T02:20:48.474Z,,,n-hv3-u00438,
hv3-e000520,hv3-u00154,task_first,hv3:main:50,organic_search,assigned,2026-08-19T02:35:43.424Z,,,,
hv3-e001547,hv3-u00438,baseline,hv3:main:50,organic_search,trial_started,2026-08-19T03:20:48.474Z,,,,
hv3-e002357,hv3-u00677,task_first,hv3:main:50,paid_social,assigned,2026-08-19T03:29:06.937Z,,,,
hv3-e002358,hv3-u00677,task_first,hv3:main:50,paid_social,note_saved,2026-08-19T03:33:06.937Z,,,n-hv3-u00677,
hv3-e002359,hv3-u00677,task_first,hv3:main:50,paid_social,task_created,2026-08-19T03:35:06.937Z,,,n-hv3-u00677,t-hv3-u00677-1
hv3-e002360,hv3-u00677,task_first,hv3:main:50,paid_social,task_created,2026-08-19T03:36:06.937Z,,,n-hv3-u00677,t-hv3-u00677-2
hv3-e003002,hv3-u00861,task_first,hv3:main:50,app_store,assigned,2026-08-19T03:47:31.210Z,,,,
hv3-e002674,hv3-u00768,task_first,hv3:main:50,paid_social,revisited,2026-08-19T04:22:54.134Z,,,n-hv3-u00768,
hv3-e003294,hv3-u00948,baseline,hv3:main:50,organic_search,trial_started,2026-08-19T04:23:25.083Z,,,,
hv3-e002607,hv3-u00751,task_first,hv3:main:50,referral,assigned,2026-08-19T04:40:56.231Z,,,,
hv3-e002608,hv3-u00751,task_first,hv3:main:50,referral,note_saved,2026-08-19T04:44:56.231Z,,,n-hv3-u00751,
hv3-e000926,hv3-u00263,task_first,hv3:main:50,organic_search,assigned,2026-08-19T04:57:53.601Z,,,,
hv3-e000927,hv3-u00263,task_first,hv3:main:50,organic_search,note_saved,2026-08-19T05:01:53.601Z,,,n-hv3-u00263,
hv3-e000928,hv3-u00263,task_first,hv3:main:50,organic_search,task_created,2026-08-19T05:03:53.601Z,,,n-hv3-u00263,t-hv3-u00263-1
hv3-e000929,hv3-u00263,task_first,hv3:main:50,organic_search,task_created,2026-08-19T05:04:53.601Z,,,n-hv3-u00263,t-hv3-u00263-2
hv3-e000930,hv3-u00263,task_first,hv3:main:50,organic_search,task_created,2026-08-19T05:05:53.601Z,,,n-hv3-u00263,t-hv3-u00263-3
hv3-e001158,hv3-u00331,baseline,hv3:main:50,organic_search,assigned,2026-08-19T05:18:16.895Z,,,,
hv3-e001159,hv3-u00331,baseline,hv3:main:50,organic_search,note_saved,2026-08-19T05:22:16.895Z,,,n-hv3-u00331,
hv3-e000345,hv3-u00104,baseline,hv3:main:50,app_store,revisited,2026-08-19T06:01:08.473Z,,,n-hv3-u00104,
hv3-e000110,hv3-u00031,task_first,hv3:main:50,organic_search,revisited,2026-08-19T06:24:20.462Z,,,n-hv3-u00031,
hv3-e002875,hv3-u00827,baseline,hv3:main:50,referral,assigned,2026-08-19T06:29:15.616Z,,,,
hv3-e002876,hv3-u00827,baseline,hv3:main:50,referral,note_saved,2026-08-19T06:33:15.616Z,,,n-hv3-u00827,
hv3-e002446,hv3-u00702,baseline,hv3:main:50,referral,assigned,2026-08-19T06:33:27.460Z,,,,
hv3-e002877,hv3-u00827,baseline,hv3:main:50,referral,task_created,2026-08-19T06:35:15.616Z,,,n-hv3-u00827,t-hv3-u00827-1
hv3-e002878,hv3-u00827,baseline,hv3:main:50,referral,task_created,2026-08-19T06:36:15.616Z,,,n-hv3-u00827,t-hv3-u00827-2
hv3-e002447,hv3-u00702,baseline,hv3:main:50,referral,note_saved,2026-08-19T06:37:27.460Z,,,n-hv3-u00702,
hv3-e000891,hv3-u00251,baseline,hv3:main:50,organic_search,revisited,2026-08-19T06:47:16.995Z,,,n-hv3-u00251,
hv3-e000892,hv3-u00251,baseline,hv3:main:50,organic_search,task_completed,2026-08-19T06:52:16.995Z,,,n-hv3-u00251,t-hv3-u00251-1
hv3-e000165,hv3-u00051,baseline,hv3:main:50,paid_social,assigned,2026-08-19T07:02:15.292Z,,,,
hv3-e000166,hv3-u00051,baseline,hv3:main:50,paid_social,note_saved,2026-08-19T07:06:15.292Z,,,n-hv3-u00051,
hv3-e000943,hv3-u00268,task_first,hv3:main:50,paid_social,assigned,2026-08-19T07:33:25.564Z,,,,
hv3-e000944,hv3-u00268,task_first,hv3:main:50,paid_social,note_saved,2026-08-19T07:37:25.564Z,,,n-hv3-u00268,
hv3-e000945,hv3-u00268,task_first,hv3:main:50,paid_social,task_created,2026-08-19T07:39:25.564Z,,,n-hv3-u00268,t-hv3-u00268-1
hv3-e001780,hv3-u00506,baseline,hv3:main:50,organic_search,assigned,2026-08-19T07:39:55.820Z,,,,
hv3-e002244,hv3-u00643,baseline,hv3:main:50,organic_search,revisited,2026-08-19T07:39:59.382Z,,,n-hv3-u00643,
hv3-e002245,hv3-u00643,baseline,hv3:main:50,organic_search,task_completed,2026-08-19T07:44:59.382Z,,,n-hv3-u00643,t-hv3-u00643-1
hv3-e001747,hv3-u00498,task_first,hv3:main:50,organic_search,assigned,2026-08-19T08:08:27.493Z,,,,
hv3-e001748,hv3-u00498,task_first,hv3:main:50,organic_search,note_saved,2026-08-19T08:12:27.493Z,,,n-hv3-u00498,
hv3-e000011,hv3-u00003,task_first,hv3:main:50,paid_social,revisited,2026-08-19T08:15:22.502Z,,,n-hv3-u00003,
hv3-e002452,hv3-u00705,baseline,hv3:main:50,paid_social,assigned,2026-08-19T08:25:54.450Z,,,,
hv3-e002453,hv3-u00705,baseline,hv3:main:50,paid_social,note_saved,2026-08-19T08:29:54.450Z,,,n-hv3-u00705,
hv3-e002900,hv3-u00833,task_first,hv3:main:50,app_store,assigned,2026-08-19T08:33:11.637Z,,,,
hv3-e002901,hv3-u00833,task_first,hv3:main:50,app_store,note_saved,2026-08-19T08:37:11.637Z,,,n-hv3-u00833,
hv3-e002902,hv3-u00833,task_first,hv3:main:50,app_store,task_created,2026-08-19T08:39:11.637Z,,,n-hv3-u00833,t-hv3-u00833-1
hv3-e002903,hv3-u00833,task_first,hv3:main:50,app_store,task_created,2026-08-19T08:40:11.637Z,,,n-hv3-u00833,t-hv3-u00833-2
hv3-e002665,hv3-u00766,baseline,hv3:main:50,referral,assigned,2026-08-19T09:26:55.900Z,,,,
hv3-e002666,hv3-u00766,baseline,hv3:main:50,referral,note_saved,2026-08-19T09:30:55.900Z,,,n-hv3-u00766,
hv3-e002667,hv3-u00766,baseline,hv3:main:50,referral,task_created,2026-08-19T09:32:55.900Z,,,n-hv3-u00766,t-hv3-u00766-1
hv3-e002668,hv3-u00766,baseline,hv3:main:50,referral,task_created,2026-08-19T09:33:55.900Z,,,n-hv3-u00766,t-hv3-u00766-2
hv3-e002669,hv3-u00766,baseline,hv3:main:50,referral,task_created,2026-08-19T09:34:55.900Z,,,n-hv3-u00766,t-hv3-u00766-3
hv3-e002057,hv3-u00588,task_first,hv3:main:50,referral,assigned,2026-08-19T09:43:40.877Z,,,,
hv3-e001712,hv3-u00485,baseline,hv3:main:50,paid_social,revisited,2026-08-19T09:48:44.128Z,,,n-hv3-u00485,
hv3-e002378,hv3-u00682,baseline,hv3:main:50,organic_search,assigned,2026-08-19T09:51:59.713Z,,,,
hv3-e002379,hv3-u00682,baseline,hv3:main:50,organic_search,note_saved,2026-08-19T09:55:59.713Z,,,n-hv3-u00682,
hv3-e002380,hv3-u00682,baseline,hv3:main:50,organic_search,task_created,2026-08-19T09:57:59.713Z,,,n-hv3-u00682,t-hv3-u00682-1
hv3-e002381,hv3-u00682,baseline,hv3:main:50,organic_search,task_created,2026-08-19T09:58:59.713Z,,,n-hv3-u00682,t-hv3-u00682-2
hv3-e002382,hv3-u00682,baseline,hv3:main:50,organic_search,task_created,2026-08-19T09:59:59.713Z,,,n-hv3-u00682,t-hv3-u00682-3
hv3-e002315,hv3-u00663,baseline,hv3:main:50,paid_social,paid,2026-08-19T10:51:39.059Z,10.00,XTS,,
hv3-e002561,hv3-u00738,baseline,hv3:main:50,organic_search,assigned,2026-08-19T11:04:30.703Z,,,,
hv3-e000485,hv3-u00141,baseline,hv3:main:50,organic_search,trial_started,2026-08-19T11:36:01.461Z,,,,
hv3-e000256,hv3-u00081,task_first,hv3:main:50,organic_search,trial_started,2026-08-19T11:43:23.879Z,,,,
hv3-e000685,hv3-u00200,task_first,hv3:main:50,organic_search,revisited,2026-08-19T12:09:21.821Z,,,n-hv3-u00200,
hv3-e002091,hv3-u00596,baseline,hv3:main:50,referral,revisited,2026-08-19T12:10:32.987Z,,,n-hv3-u00596,
hv3-e000686,hv3-u00200,task_first,hv3:main:50,organic_search,task_completed,2026-08-19T12:14:21.821Z,,,n-hv3-u00200,t-hv3-u00200-1
hv3-e003070,hv3-u00882,baseline,hv3:main:50,organic_search,assigned,2026-08-19T12:16:44.308Z,,,,
hv3-e002103,hv3-u00602,baseline,hv3:main:50,paid_social,assigned,2026-08-19T13:22:05.090Z,,,,
hv3-e003346,hv3-u00966,task_first,hv3:main:50,organic_search,assigned,2026-08-19T13:24:22.777Z,,,,
hv3-e001446,hv3-u00408,baseline,hv3:main:50,organic_search,revisited,2026-08-19T13:24:40.079Z,,,n-hv3-u00408,
hv3-e002104,hv3-u00602,baseline,hv3:main:50,paid_social,note_saved,2026-08-19T13:26:05.090Z,,,n-hv3-u00602,
hv3-e002105,hv3-u00602,baseline,hv3:main:50,paid_social,task_created,2026-08-19T13:28:05.090Z,,,n-hv3-u00602,t-hv3-u00602-1
hv3-e003347,hv3-u00966,task_first,hv3:main:50,organic_search,note_saved,2026-08-19T13:28:22.777Z,,,n-hv3-u00966,
hv3-e002106,hv3-u00602,baseline,hv3:main:50,paid_social,task_created,2026-08-19T13:29:05.090Z,,,n-hv3-u00602,t-hv3-u00602-2
hv3-e000227,hv3-u00074,baseline,hv3:main:50,organic_search,assigned,2026-08-19T13:37:43.126Z,,,,
hv3-e000228,hv3-u00074,baseline,hv3:main:50,organic_search,note_saved,2026-08-19T13:41:43.126Z,,,n-hv3-u00074,
hv3-e000229,hv3-u00074,baseline,hv3:main:50,organic_search,task_created,2026-08-19T13:43:43.126Z,,,n-hv3-u00074,t-hv3-u00074-1
hv3-e000230,hv3-u00074,baseline,hv3:main:50,organic_search,task_created,2026-08-19T13:44:43.126Z,,,n-hv3-u00074,t-hv3-u00074-2
hv3-e002920,hv3-u00840,task_first,hv3:main:50,organic_search,assigned,2026-08-19T13:57:04.138Z,,,,
hv3-e002921,hv3-u00840,task_first,hv3:main:50,organic_search,note_saved,2026-08-19T14:01:04.138Z,,,n-hv3-u00840,
hv3-e002922,hv3-u00840,task_first,hv3:main:50,organic_search,task_created,2026-08-19T14:03:04.138Z,,,n-hv3-u00840,t-hv3-u00840-1
hv3-e002923,hv3-u00840,task_first,hv3:main:50,organic_search,task_created,2026-08-19T14:04:04.138Z,,,n-hv3-u00840,t-hv3-u00840-2
hv3-e003472,hv3-u01006,baseline,hv3:main:50,organic_search,assigned,2026-08-19T14:05:15.583Z,,,,
hv3-e003473,hv3-u01006,baseline,hv3:main:50,organic_search,note_saved,2026-08-19T14:09:15.583Z,,,n-hv3-u01006,
hv3-e003474,hv3-u01006,baseline,hv3:main:50,organic_search,task_created,2026-08-19T14:11:15.583Z,,,n-hv3-u01006,t-hv3-u01006-1
hv3-e002782,hv3-u00803,task_first,hv3:main:50,organic_search,assigned,2026-08-19T14:28:16.961Z,,,,
hv3-e002783,hv3-u00803,task_first,hv3:main:50,organic_search,note_saved,2026-08-19T14:32:16.961Z,,,n-hv3-u00803,
hv3-e003046,hv3-u00873,task_first,hv3:main:50,organic_search,assigned,2026-08-19T14:35:12.486Z,,,,
hv3-e003047,hv3-u00873,task_first,hv3:main:50,organic_search,note_saved,2026-08-19T14:39:12.486Z,,,n-hv3-u00873,
hv3-e003453,hv3-u00998,task_first,hv3:main:50,app_store,assigned,2026-08-19T14:39:17.126Z,,,,
hv3-e003454,hv3-u00998,task_first,hv3:main:50,app_store,note_saved,2026-08-19T14:43:17.126Z,,,n-hv3-u00998,
hv3-e002588,hv3-u00747,baseline,hv3:main:50,paid_social,assigned,2026-08-19T15:03:00.924Z,,,,
hv3-e002589,hv3-u00747,baseline,hv3:main:50,paid_social,note_saved,2026-08-19T15:07:00.924Z,,,n-hv3-u00747,
hv3-e002590,hv3-u00747,baseline,hv3:main:50,paid_social,task_created,2026-08-19T15:09:00.924Z,,,n-hv3-u00747,t-hv3-u00747-1
hv3-e002591,hv3-u00747,baseline,hv3:main:50,paid_social,task_created,2026-08-19T15:10:00.924Z,,,n-hv3-u00747,t-hv3-u00747-2
hv3-e002592,hv3-u00747,baseline,hv3:main:50,paid_social,task_created,2026-08-19T15:11:00.924Z,,,n-hv3-u00747,t-hv3-u00747-3
hv3-e003102,hv3-u00892,task_first,hv3:main:50,paid_social,assigned,2026-08-19T15:22:33.199Z,,,,
hv3-e000186,hv3-u00059,task_first,hv3:main:50,referral,assigned,2026-08-19T15:24:15.623Z,,,,
hv3-e003103,hv3-u00892,task_first,hv3:main:50,paid_social,note_saved,2026-08-19T15:26:33.199Z,,,n-hv3-u00892,
hv3-e000187,hv3-u00059,task_first,hv3:main:50,referral,note_saved,2026-08-19T15:28:15.623Z,,,n-hv3-u00059,
hv3-e002784,hv3-u00803,task_first,hv3:main:50,organic_search,trial_started,2026-08-19T15:28:16.961Z,,,,
hv3-e000233,hv3-u00075,baseline,hv3:main:50,paid_social,assigned,2026-08-19T15:35:29.859Z,,,,
hv3-e003506,hv3-u01015,task_first,hv3:main:50,referral,revisited,2026-08-19T15:54:34.845Z,,,n-hv3-u01015,
hv3-e000531,hv3-u00158,task_first,hv3:main:50,organic_search,assigned,2026-08-19T16:51:36.722Z,,,,
hv3-e000532,hv3-u00158,task_first,hv3:main:50,organic_search,note_saved,2026-08-19T16:55:36.722Z,,,n-hv3-u00158,
hv3-e000533,hv3-u00158,task_first,hv3:main:50,organic_search,task_created,2026-08-19T16:57:36.722Z,,,n-hv3-u00158,t-hv3-u00158-1
hv3-e000534,hv3-u00158,task_first,hv3:main:50,organic_search,task_created,2026-08-19T16:58:36.722Z,,,n-hv3-u00158,t-hv3-u00158-2
hv3-e003061,hv3-u00878,baseline,hv3:main:50,app_store,assigned,2026-08-19T17:09:37.408Z,,,,
hv3-e003062,hv3-u00878,baseline,hv3:main:50,app_store,note_saved,2026-08-19T17:13:37.408Z,,,n-hv3-u00878,
hv3-e003063,hv3-u00878,baseline,hv3:main:50,app_store,task_created,2026-08-19T17:15:37.408Z,,,n-hv3-u00878,t-hv3-u00878-1
hv3-e003064,hv3-u00878,baseline,hv3:main:50,app_store,task_created,2026-08-19T17:16:37.408Z,,,n-hv3-u00878,t-hv3-u00878-2
hv3-e002802,hv3-u00805,task_first,hv3:main:50,paid_social,paid,2026-08-19T17:25:29.278Z,10.00,XTS,,
hv3-e001887,hv3-u00539,task_first,hv3:main:50,organic_search,trial_started,2026-08-19T17:51:22.592Z,,,,
hv3-e002776,hv3-u00799,baseline,hv3:main:50,paid_social,revisited,2026-08-19T18:08:46.578Z,,,n-hv3-u00799,
hv3-e000346,hv3-u00105,task_first,hv3:main:50,app_store,assigned,2026-08-19T18:19:15.446Z,,,,
hv3-e000347,hv3-u00105,task_first,hv3:main:50,app_store,note_saved,2026-08-19T18:23:15.446Z,,,n-hv3-u00105,
hv3-e003429,hv3-u00993,baseline,hv3:main:50,paid_social,assigned,2026-08-19T18:23:59.130Z,,,,
hv3-e003583,hv3-u01036,baseline,hv3:main:50,organic_search,revisited,2026-08-19T18:24:19.343Z,,,n-hv3-u01036,
hv3-e003430,hv3-u00993,baseline,hv3:main:50,paid_social,note_saved,2026-08-19T18:27:59.130Z,,,n-hv3-u00993,
hv3-e003584,hv3-u01036,baseline,hv3:main:50,organic_search,task_completed,2026-08-19T18:29:19.343Z,,,n-hv3-u01036,t-hv3-u01036-1
hv3-e003431,hv3-u00993,baseline,hv3:main:50,paid_social,task_created,2026-08-19T18:29:59.130Z,,,n-hv3-u00993,t-hv3-u00993-1
hv3-e003432,hv3-u00993,baseline,hv3:main:50,paid_social,task_created,2026-08-19T18:30:59.130Z,,,n-hv3-u00993,t-hv3-u00993-2
hv3-e003433,hv3-u00993,baseline,hv3:main:50,paid_social,task_created,2026-08-19T18:31:59.130Z,,,n-hv3-u00993,t-hv3-u00993-3
hv3-e002116,hv3-u00604,baseline,hv3:main:50,organic_search,trial_started,2026-08-19T19:27:46.627Z,,,,
hv3-e003263,hv3-u00937,baseline,hv3:main:50,organic_search,revisited,2026-08-19T19:52:44.124Z,,,n-hv3-u00937,
hv3-e003264,hv3-u00937,baseline,hv3:main:50,organic_search,task_completed,2026-08-19T19:57:44.124Z,,,n-hv3-u00937,t-hv3-u00937-1
hv3-e000687,hv3-u00201,task_first,hv3:main:50,organic_search,assigned,2026-08-19T20:12:27.978Z,,,,
hv3-e000688,hv3-u00201,task_first,hv3:main:50,organic_search,note_saved,2026-08-19T20:16:27.978Z,,,n-hv3-u00201,
hv3-e001367,hv3-u00386,baseline,hv3:main:50,organic_search,assigned,2026-08-19T20:23:00.581Z,,,,
hv3-e001368,hv3-u00386,baseline,hv3:main:50,organic_search,note_saved,2026-08-19T20:27:00.581Z,,,n-hv3-u00386,
hv3-e001330,hv3-u00377,baseline,hv3:main:50,organic_search,assigned,2026-08-19T21:00:06.187Z,,,,
hv3-e001340,hv3-u00380,task_first,hv3:main:50,app_store,revisited,2026-08-19T21:11:37.795Z,,,n-hv3-u00380,
hv3-e000024,hv3-u00009,task_first,hv3:main:50,paid_social,assigned,2026-08-19T21:44:21.319Z,,,,
hv3-e000025,hv3-u00009,task_first,hv3:main:50,paid_social,note_saved,2026-08-19T21:48:21.319Z,,,n-hv3-u00009,
hv3-e003683,hv3-u01066,task_first,hv3:main:50,referral,revisited,2026-08-19T21:56:42Z,,,n-hv3-u01066,
hv3-e001341,hv3-u00380,task_first,hv3:main:50,app_store,trial_started,2026-08-19T22:11:37.795Z,,,,
hv3-e002891,hv3-u00829,task_first,hv3:main:50,organic_search,cancelled,2026-08-19T22:14:34.569Z,,,,
hv3-e000196,hv3-u00062,task_first,hv3:main:50,organic_search,paid,2026-08-19T22:32:40.082Z,10.00,XTS,,
hv3-e002396,hv3-u00687,task_first,hv3:main:50,referral,assigned,2026-08-19T23:03:21.624Z,,,,
hv3-e002397,hv3-u00687,task_first,hv3:main:50,referral,note_saved,2026-08-19T23:07:21.624Z,,,n-hv3-u00687,
hv3-e001980,hv3-u00565,baseline,hv3:main:50,paid_social,assigned,2026-08-19T23:32:19.287Z,,,,
hv3-e001981,hv3-u00565,baseline,hv3:main:50,paid_social,note_saved,2026-08-19T23:36:19.287Z,,,n-hv3-u00565,
hv3-e003812,hv3-u01097,task_first,hv3:main:50,paid_social,revisited,2026-08-19T23:49:17.441Z,,,n-hv3-u01097,
hv3-e002456,hv3-u00707,baseline,hv3:main:50,paid_social,assigned,2026-08-19T23:50:07.592Z,,,,
hv3-e002457,hv3-u00707,baseline,hv3:main:50,paid_social,note_saved,2026-08-19T23:54:07.592Z,,,n-hv3-u00707,
hv3-e003813,hv3-u01097,task_first,hv3:main:50,paid_social,task_completed,2026-08-19T23:54:17.441Z,,,n-hv3-u01097,t-hv3-u01097-1
hv3-e002458,hv3-u00707,baseline,hv3:main:50,paid_social,task_created,2026-08-19T23:56:07.592Z,,,n-hv3-u00707,t-hv3-u00707-1
hv3-e000797,hv3-u00229,task_first,hv3:main:50,organic_search,revisited,2026-08-19T23:56:12.603Z,,,n-hv3-u00229,
hv3-e002459,hv3-u00707,baseline,hv3:main:50,paid_social,task_created,2026-08-19T23:57:07.592Z,,,n-hv3-u00707,t-hv3-u00707-2
hv3-e002460,hv3-u00707,baseline,hv3:main:50,paid_social,task_created,2026-08-19T23:58:07.592Z,,,n-hv3-u00707,t-hv3-u00707-3
hv3-e001663,hv3-u00471,task_first,hv3:main:50,app_store,assigned,2026-08-20T01:12:32.634Z,,,,
hv3-e001664,hv3-u00471,task_first,hv3:main:50,app_store,note_saved,2026-08-20T01:16:32.634Z,,,n-hv3-u00471,
hv3-e003587,hv3-u01037,task_first,hv3:main:50,app_store,revisited,2026-08-20T01:34:28.780Z,,,n-hv3-u01037,
hv3-e001891,hv3-u00541,task_first,hv3:main:50,organic_search,assigned,2026-08-20T01:39:25.666Z,,,,
hv3-e002113,hv3-u00603,task_first,hv3:main:50,paid_social,revisited,2026-08-20T01:41:21.141Z,,,n-hv3-u00603,
hv3-e001892,hv3-u00541,task_first,hv3:main:50,organic_search,note_saved,2026-08-20T01:43:25.666Z,,,n-hv3-u00541,
hv3-e001893,hv3-u00541,task_first,hv3:main:50,organic_search,task_created,2026-08-20T01:45:25.666Z,,,n-hv3-u00541,t-hv3-u00541-1
hv3-e001894,hv3-u00541,task_first,hv3:main:50,organic_search,task_created,2026-08-20T01:46:25.666Z,,,n-hv3-u00541,t-hv3-u00541-2
hv3-e001895,hv3-u00541,task_first,hv3:main:50,organic_search,task_created,2026-08-20T01:47:25.666Z,,,n-hv3-u00541,t-hv3-u00541-3
hv3-e003083,hv3-u00886,task_first,hv3:main:50,organic_search,revisited,2026-08-20T01:54:26.565Z,,,n-hv3-u00886,
hv3-e001186,hv3-u00338,task_first,hv3:main:50,organic_search,assigned,2026-08-20T01:59:12.082Z,,,,
hv3-e003178,hv3-u00917,baseline,hv3:main:50,organic_search,assigned,2026-08-20T02:02:30.113Z,,,,
hv3-e001187,hv3-u00338,task_first,hv3:main:50,organic_search,note_saved,2026-08-20T02:03:12.082Z,,,n-hv3-u00338,
hv3-e003179,hv3-u00917,baseline,hv3:main:50,organic_search,note_saved,2026-08-20T02:06:30.113Z,,,n-hv3-u00917,
hv3-e003180,hv3-u00917,baseline,hv3:main:50,organic_search,task_created,2026-08-20T02:08:30.113Z,,,n-hv3-u00917,t-hv3-u00917-1
hv3-e003181,hv3-u00917,baseline,hv3:main:50,organic_search,task_created,2026-08-20T02:09:30.113Z,,,n-hv3-u00917,t-hv3-u00917-2
hv3-e003182,hv3-u00917,baseline,hv3:main:50,organic_search,task_created,2026-08-20T02:10:30.113Z,,,n-hv3-u00917,t-hv3-u00917-3
hv3-e001488,hv3-u00419,baseline,hv3:main:50,paid_social,revisited,2026-08-20T02:12:32.218Z,,,n-hv3-u00419,
hv3-e003014,hv3-u00865,task_first,hv3:main:50,app_store,paid,2026-08-20T02:16:32.692Z,10.00,XTS,,
hv3-e002001,hv3-u00571,task_first,hv3:main:50,paid_social,assigned,2026-08-20T02:19:19.745Z,,,,
hv3-e002062,hv3-u00589,task_first,hv3:main:50,organic_search,revisited,2026-08-20T02:36:52.093Z,,,n-hv3-u00589,
hv3-e003388,hv3-u00981,baseline,hv3:main:50,organic_search,assigned,2026-08-20T02:53:50.488Z,,,,
hv3-e002711,hv3-u00780,baseline,hv3:main:50,app_store,revisited,2026-08-20T03:29:28.368Z,,,n-hv3-u00780,
hv3-e002712,hv3-u00780,baseline,hv3:main:50,app_store,task_completed,2026-08-20T03:34:28.368Z,,,n-hv3-u00780,t-hv3-u00780-1
hv3-e003292,hv3-u00948,baseline,hv3:main:50,organic_search,revisited,2026-08-20T03:53:25.083Z,,,n-hv3-u00948,
hv3-e003386,hv3-u00980,baseline,hv3:main:50,paid_social,assigned,2026-08-20T03:54:17.568Z,,,,
hv3-e001936,hv3-u00554,task_first,hv3:main:50,referral,assigned,2026-08-20T03:58:10.110Z,,,,
hv3-e003387,hv3-u00980,baseline,hv3:main:50,paid_social,note_saved,2026-08-20T03:58:17.568Z,,,n-hv3-u00980,
hv3-e003293,hv3-u00948,baseline,hv3:main:50,organic_search,task_completed,2026-08-20T03:58:25.083Z,,,n-hv3-u00948,t-hv3-u00948-1
hv3-e001937,hv3-u00554,task_first,hv3:main:50,referral,note_saved,2026-08-20T04:02:10.110Z,,,n-hv3-u00554,
hv3-e002495,hv3-u00715,task_first,hv3:main:50,referral,cancelled,2026-08-20T04:27:58.266Z,,,,
hv3-e001646,hv3-u00465,task_first,hv3:main:50,referral,assigned,2026-08-20T04:49:30.018Z,,,,
hv3-e000918,hv3-u00261,baseline,hv3:main:50,organic_search,assigned,2026-08-20T04:52:33.870Z,,,,
hv3-e001647,hv3-u00465,task_first,hv3:main:50,referral,note_saved,2026-08-20T04:53:30.018Z,,,n-hv3-u00465,
hv3-e000919,hv3-u00261,baseline,hv3:main:50,organic_search,note_saved,2026-08-20T04:56:33.870Z,,,n-hv3-u00261,
hv3-e002780,hv3-u00802,task_first,hv3:main:50,organic_search,assigned,2026-08-20T05:45:48.610Z,,,,
hv3-e002781,hv3-u00802,task_first,hv3:main:50,organic_search,note_saved,2026-08-20T05:49:48.610Z,,,n-hv3-u00802,
hv3-e003609,hv3-u01045,baseline,hv3:main:50,referral,assigned,2026-08-20T05:53:34.159Z,,,,
hv3-e000778,hv3-u00223,task_first,hv3:main:50,organic_search,assigned,2026-08-20T05:56:03.839Z,,,,
hv3-e003610,hv3-u01045,baseline,hv3:main:50,referral,note_saved,2026-08-20T05:57:34.159Z,,,n-hv3-u01045,
hv3-e003611,hv3-u01045,baseline,hv3:main:50,referral,task_created,2026-08-20T05:59:34.159Z,,,n-hv3-u01045,t-hv3-u01045-1
hv3-e000779,hv3-u00223,task_first,hv3:main:50,organic_search,note_saved,2026-08-20T06:00:03.839Z,,,n-hv3-u00223,
hv3-e003612,hv3-u01045,baseline,hv3:main:50,referral,task_created,2026-08-20T06:00:34.159Z,,,n-hv3-u01045,t-hv3-u01045-2
hv3-e000999,hv3-u00283,baseline,hv3:main:50,organic_search,assigned,2026-08-20T06:10:32.089Z,,,,
hv3-e001000,hv3-u00283,baseline,hv3:main:50,organic_search,note_saved,2026-08-20T06:14:32.089Z,,,n-hv3-u00283,
hv3-e000247,hv3-u00079,baseline,hv3:main:50,referral,revisited,2026-08-20T06:17:54.608Z,,,n-hv3-u00079,
hv3-e002169,hv3-u00620,baseline,hv3:main:50,paid_social,trial_started,2026-08-20T06:27:14.214Z,,,,
hv3-e003653,hv3-u01058,task_first,hv3:main:50,organic_search,assigned,2026-08-20T06:59:44.694Z,,,,
hv3-e001266,hv3-u00357,baseline,hv3:main:50,paid_social,assigned,2026-08-20T07:10:36.562Z,,,,
hv3-e000722,hv3-u00209,task_first,hv3:main:50,app_store,assigned,2026-08-20T07:13:55.997Z,,,,
hv3-e001267,hv3-u00357,baseline,hv3:main:50,paid_social,note_saved,2026-08-20T07:14:36.562Z,,,n-hv3-u00357,
hv3-e001268,hv3-u00357,baseline,hv3:main:50,paid_social,task_created,2026-08-20T07:16:36.562Z,,,n-hv3-u00357,t-hv3-u00357-1
hv3-e000149,hv3-u00045,baseline,hv3:main:50,app_store,assigned,2026-08-20T07:17:09.591Z,,,,
hv3-e000723,hv3-u00209,task_first,hv3:main:50,app_store,note_saved,2026-08-20T07:17:55.997Z,,,n-hv3-u00209,
hv3-e000724,hv3-u00209,task_first,hv3:main:50,app_store,task_created,2026-08-20T07:19:55.997Z,,,n-hv3-u00209,t-hv3-u00209-1
hv3-e000725,hv3-u00209,task_first,hv3:main:50,app_store,task_created,2026-08-20T07:20:55.997Z,,,n-hv3-u00209,t-hv3-u00209-2
hv3-e000150,hv3-u00045,baseline,hv3:main:50,app_store,note_saved,2026-08-20T07:21:09.591Z,,,n-hv3-u00045,
hv3-e000726,hv3-u00209,task_first,hv3:main:50,app_store,task_created,2026-08-20T07:21:55.997Z,,,n-hv3-u00209,t-hv3-u00209-3
hv3-e000874,hv3-u00247,task_first,hv3:main:50,paid_social,refunded,2026-08-20T07:26:33.211Z,10.00,XTS,,
hv3-e000877,hv3-u00249,task_first,hv3:main:50,paid_social,assigned,2026-08-20T07:45:59.202Z,,,,
hv3-e000878,hv3-u00249,task_first,hv3:main:50,paid_social,note_saved,2026-08-20T07:49:59.202Z,,,n-hv3-u00249,
hv3-e000199,hv3-u00063,task_first,hv3:main:50,paid_social,revisited,2026-08-20T08:26:47.796Z,,,n-hv3-u00063,
hv3-e001896,hv3-u00542,baseline,hv3:main:50,organic_search,assigned,2026-08-20T08:31:19.606Z,,,,
hv3-e001101,hv3-u00312,baseline,hv3:main:50,organic_search,assigned,2026-08-20T08:31:38.212Z,,,,
hv3-e001897,hv3-u00542,baseline,hv3:main:50,organic_search,note_saved,2026-08-20T08:35:19.606Z,,,n-hv3-u00542,
hv3-e001898,hv3-u00542,baseline,hv3:main:50,organic_search,task_created,2026-08-20T08:37:19.606Z,,,n-hv3-u00542,t-hv3-u00542-1
hv3-e001997,hv3-u00570,baseline,hv3:main:50,paid_social,revisited,2026-08-20T09:28:38.896Z,,,n-hv3-u00570,
hv3-e000455,hv3-u00136,task_first,hv3:main:50,organic_search,trial_started,2026-08-20T09:59:25.361Z,,,,
hv3-e000691,hv3-u00203,task_first,hv3:main:50,referral,assigned,2026-08-20T10:22:32.803Z,,,,
hv3-e000692,hv3-u00203,task_first,hv3:main:50,referral,note_saved,2026-08-20T10:26:32.803Z,,,n-hv3-u00203,
hv3-e000349,hv3-u00106,baseline,hv3:main:50,organic_search,assigned,2026-08-20T10:39:32.781Z,,,,
hv3-e000350,hv3-u00106,baseline,hv3:main:50,organic_search,note_saved,2026-08-20T10:43:32.781Z,,,n-hv3-u00106,
hv3-e000351,hv3-u00106,baseline,hv3:main:50,organic_search,task_created,2026-08-20T10:45:32.781Z,,,n-hv3-u00106,t-hv3-u00106-1
hv3-e000352,hv3-u00106,baseline,hv3:main:50,organic_search,task_created,2026-08-20T10:46:32.781Z,,,n-hv3-u00106,t-hv3-u00106-2
hv3-e000353,hv3-u00106,baseline,hv3:main:50,organic_search,task_created,2026-08-20T10:47:32.781Z,,,n-hv3-u00106,t-hv3-u00106-3
hv3-e000119,hv3-u00034,baseline,hv3:main:50,app_store,assigned,2026-08-20T11:25:00.908Z,,,,
hv3-e003641,hv3-u01053,task_first,hv3:main:50,paid_social,paid,2026-08-20T12:13:10.664Z,10.00,XTS,,
hv3-e000510,hv3-u00150,baseline,hv3:main:50,paid_social,revisited,2026-08-20T12:29:55.636Z,,,n-hv3-u00150,
hv3-e002330,hv3-u00670,task_first,hv3:main:50,organic_search,assigned,2026-08-20T12:34:09.024Z,,,,
hv3-e002331,hv3-u00670,task_first,hv3:main:50,organic_search,note_saved,2026-08-20T12:38:09.024Z,,,n-hv3-u00670,
hv3-e002332,hv3-u00670,task_first,hv3:main:50,organic_search,task_created,2026-08-20T12:40:09.024Z,,,n-hv3-u00670,t-hv3-u00670-1
hv3-e002432,hv3-u00697,task_first,hv3:main:50,organic_search,assigned,2026-08-20T12:47:54.627Z,,,,
hv3-e002433,hv3-u00697,task_first,hv3:main:50,organic_search,note_saved,2026-08-20T12:51:54.627Z,,,n-hv3-u00697,
hv3-e002025,hv3-u00579,baseline,hv3:main:50,organic_search,assigned,2026-08-20T13:11:40.004Z,,,,
hv3-e002026,hv3-u00579,baseline,hv3:main:50,organic_search,note_saved,2026-08-20T13:15:40.004Z,,,n-hv3-u00579,
hv3-e002027,hv3-u00579,baseline,hv3:main:50,organic_search,task_created,2026-08-20T13:17:40.004Z,,,n-hv3-u00579,t-hv3-u00579-1
hv3-e001527,hv3-u00431,baseline,hv3:main:50,paid_social,assigned,2026-08-20T13:32:04.103Z,,,,
hv3-e002924,hv3-u00840,task_first,hv3:main:50,organic_search,revisited,2026-08-20T13:57:04.138Z,,,n-hv3-u00840,
hv3-e000128,hv3-u00038,baseline,hv3:main:50,referral,revisited,2026-08-20T13:57:11.564Z,,,n-hv3-u00038,
hv3-e000231,hv3-u00074,baseline,hv3:main:50,organic_search,revisited,2026-08-20T14:07:43.126Z,,,n-hv3-u00074,
hv3-e000232,hv3-u00074,baseline,hv3:main:50,organic_search,task_completed,2026-08-20T14:12:43.126Z,,,n-hv3-u00074,t-hv3-u00074-1
hv3-e001655,hv3-u00468,task_first,hv3:main:50,organic_search,assigned,2026-08-20T14:27:29.693Z,,,,
hv3-e003533,hv3-u01023,baseline,hv3:main:50,organic_search,assigned,2026-08-20T14:56:47.523Z,,,,
hv3-e003541,hv3-u01027,task_first,hv3:main:50,organic_search,assigned,2026-08-20T15:07:46.103Z,,,,
hv3-e003542,hv3-u01027,task_first,hv3:main:50,organic_search,note_saved,2026-08-20T15:11:46.103Z,,,n-hv3-u01027,
hv3-e003543,hv3-u01027,task_first,hv3:main:50,organic_search,task_created,2026-08-20T15:13:46.103Z,,,n-hv3-u01027,t-hv3-u01027-1
hv3-e003544,hv3-u01027,task_first,hv3:main:50,organic_search,task_created,2026-08-20T15:14:46.103Z,,,n-hv3-u01027,t-hv3-u01027-2
hv3-e002912,hv3-u00837,baseline,hv3:main:50,app_store,assigned,2026-08-20T15:19:32.772Z,,,,
hv3-e003104,hv3-u00892,task_first,hv3:main:50,paid_social,revisited,2026-08-20T15:22:33.199Z,,,n-hv3-u00892,
hv3-e002913,hv3-u00837,baseline,hv3:main:50,app_store,note_saved,2026-08-20T15:23:32.772Z,,,n-hv3-u00837,
hv3-e001642,hv3-u00463,task_first,hv3:main:50,paid_social,assigned,2026-08-20T15:27:46.423Z,,,,
hv3-e001643,hv3-u00463,task_first,hv3:main:50,paid_social,note_saved,2026-08-20T15:31:46.423Z,,,n-hv3-u00463,
hv3-e001458,hv3-u00412,task_first,hv3:main:50,paid_social,assigned,2026-08-20T15:35:43.001Z,,,,
hv3-e002596,hv3-u00748,baseline,hv3:main:50,paid_social,revisited,2026-08-20T15:40:47.053Z,,,n-hv3-u00748,
hv3-e000206,hv3-u00066,baseline,hv3:main:50,paid_social,assigned,2026-08-20T15:46:10.636Z,,,,
hv3-e002275,hv3-u00652,baseline,hv3:main:50,organic_search,assigned,2026-08-20T15:48:25.290Z,,,,
hv3-e000207,hv3-u00066,baseline,hv3:main:50,paid_social,note_saved,2026-08-20T15:50:10.636Z,,,n-hv3-u00066,
hv3-e003534,hv3-u01023,baseline,hv3:main:50,organic_search,trial_started,2026-08-20T15:56:47.523Z,,,,
hv3-e002747,hv3-u00792,task_first,hv3:main:50,referral,assigned,2026-08-20T16:04:35.473Z,,,,
hv3-e002748,hv3-u00792,task_first,hv3:main:50,referral,note_saved,2026-08-20T16:08:35.473Z,,,n-hv3-u00792,
hv3-e002749,hv3-u00792,task_first,hv3:main:50,referral,task_created,2026-08-20T16:10:35.473Z,,,n-hv3-u00792,t-hv3-u00792-1
hv3-e002750,hv3-u00792,task_first,hv3:main:50,referral,task_created,2026-08-20T16:11:35.473Z,,,n-hv3-u00792,t-hv3-u00792-2
hv3-e002353,hv3-u00676,task_first,hv3:main:50,app_store,assigned,2026-08-20T16:18:07.250Z,,,,
hv3-e002234,hv3-u00641,task_first,hv3:main:50,app_store,assigned,2026-08-20T16:22:05.697Z,,,,
hv3-e002354,hv3-u00676,task_first,hv3:main:50,app_store,note_saved,2026-08-20T16:22:07.250Z,,,n-hv3-u00676,
hv3-e002355,hv3-u00676,task_first,hv3:main:50,app_store,task_created,2026-08-20T16:24:07.250Z,,,n-hv3-u00676,t-hv3-u00676-1
hv3-e002356,hv3-u00676,task_first,hv3:main:50,app_store,task_created,2026-08-20T16:25:07.250Z,,,n-hv3-u00676,t-hv3-u00676-2
hv3-e002235,hv3-u00641,task_first,hv3:main:50,app_store,note_saved,2026-08-20T16:26:05.697Z,,,n-hv3-u00641,
hv3-e002236,hv3-u00641,task_first,hv3:main:50,app_store,task_created,2026-08-20T16:28:05.697Z,,,n-hv3-u00641,t-hv3-u00641-1
hv3-e002237,hv3-u00641,task_first,hv3:main:50,app_store,task_created,2026-08-20T16:29:05.697Z,,,n-hv3-u00641,t-hv3-u00641-2
hv3-e002238,hv3-u00641,task_first,hv3:main:50,app_store,task_created,2026-08-20T16:30:05.697Z,,,n-hv3-u00641,t-hv3-u00641-3
hv3-e002652,hv3-u00762,task_first,hv3:main:50,organic_search,assigned,2026-08-20T16:49:31.396Z,,,,
hv3-e002653,hv3-u00762,task_first,hv3:main:50,organic_search,note_saved,2026-08-20T16:53:31.396Z,,,n-hv3-u00762,
hv3-e002654,hv3-u00762,task_first,hv3:main:50,organic_search,task_created,2026-08-20T16:55:31.396Z,,,n-hv3-u00762,t-hv3-u00762-1
hv3-e002752,hv3-u00792,task_first,hv3:main:50,referral,trial_started,2026-08-20T17:04:35.473Z,,,,
hv3-e000925,hv3-u00262,task_first,hv3:main:50,organic_search,trial_started,2026-08-20T17:13:11.637Z,,,,
hv3-e002899,hv3-u00832,task_first,hv3:main:50,organic_search,paid,2026-08-20T17:21:37.185Z,10.00,XTS,,
hv3-e002512,hv3-u00720,task_first,hv3:main:50,paid_social,assigned,2026-08-20T17:55:37.768Z,,,,
hv3-e000432,hv3-u00131,task_first,hv3:main:50,app_store,assigned,2026-08-20T18:01:04.438Z,,,,
hv3-e000433,hv3-u00131,task_first,hv3:main:50,app_store,note_saved,2026-08-20T18:05:04.438Z,,,n-hv3-u00131,
hv3-e002950,hv3-u00846,task_first,hv3:main:50,referral,revisited,2026-08-20T18:05:25.776Z,,,n-hv3-u00846,
hv3-e000434,hv3-u00131,task_first,hv3:main:50,app_store,task_created,2026-08-20T18:07:04.438Z,,,n-hv3-u00131,t-hv3-u00131-1
hv3-e003352,hv3-u00968,task_first,hv3:main:50,paid_social,assigned,2026-08-20T18:36:24.216Z,,,,
hv3-e002222,hv3-u00636,task_first,hv3:main:50,referral,revisited,2026-08-20T18:43:51.114Z,,,n-hv3-u00636,
hv3-e000570,hv3-u00165,task_first,hv3:main:50,paid_social,revisited,2026-08-20T18:54:38.702Z,,,n-hv3-u00165,
hv3-e002404,hv3-u00689,baseline,hv3:main:50,app_store,revisited,2026-08-20T19:03:02.855Z,,,n-hv3-u00689,
hv3-e002482,hv3-u00712,baseline,hv3:main:50,app_store,revisited,2026-08-20T19:05:46.086Z,,,n-hv3-u00712,
hv3-e000650,hv3-u00190,baseline,hv3:main:50,referral,assigned,2026-08-20T19:17:14.829Z,,,,
hv3-e000348,hv3-u00105,task_first,hv3:main:50,app_store,trial_started,2026-08-20T19:19:15.446Z,,,,
hv3-e000092,hv3-u00028,baseline,hv3:main:50,paid_social,assigned,2026-08-20T19:20:26.708Z,,,,
hv3-e000651,hv3-u00190,baseline,hv3:main:50,referral,note_saved,2026-08-20T19:21:14.829Z,,,n-hv3-u00190,
hv3-e000652,hv3-u00190,baseline,hv3:main:50,referral,task_created,2026-08-20T19:23:14.829Z,,,n-hv3-u00190,t-hv3-u00190-1
hv3-e000653,hv3-u00190,baseline,hv3:main:50,referral,task_created,2026-08-20T19:24:14.829Z,,,n-hv3-u00190,t-hv3-u00190-2
hv3-e000093,hv3-u00028,baseline,hv3:main:50,paid_social,note_saved,2026-08-20T19:24:26.708Z,,,n-hv3-u00028,
hv3-e000654,hv3-u00190,baseline,hv3:main:50,referral,task_created,2026-08-20T19:25:14.829Z,,,n-hv3-u00190,t-hv3-u00190-3
hv3-e000094,hv3-u00028,baseline,hv3:main:50,paid_social,task_created,2026-08-20T19:26:26.708Z,,,n-hv3-u00028,t-hv3-u00028-1
hv3-e000095,hv3-u00028,baseline,hv3:main:50,paid_social,task_created,2026-08-20T19:27:26.708Z,,,n-hv3-u00028,t-hv3-u00028-2
hv3-e000096,hv3-u00028,baseline,hv3:main:50,paid_social,task_created,2026-08-20T19:28:26.708Z,,,n-hv3-u00028,t-hv3-u00028-3
hv3-e002990,hv3-u00856,task_first,hv3:main:50,paid_social,paid,2026-08-20T20:05:18.217Z,10.00,XTS,,
hv3-e000044,hv3-u00016,baseline,hv3:main:50,paid_social,assigned,2026-08-20T20:20:31.525Z,,,,
hv3-e000045,hv3-u00016,baseline,hv3:main:50,paid_social,note_saved,2026-08-20T20:24:31.525Z,,,n-hv3-u00016,
hv3-e000046,hv3-u00016,baseline,hv3:main:50,paid_social,task_created,2026-08-20T20:26:31.525Z,,,n-hv3-u00016,t-hv3-u00016-1
hv3-e000047,hv3-u00016,baseline,hv3:main:50,paid_social,task_created,2026-08-20T20:27:31.525Z,,,n-hv3-u00016,t-hv3-u00016-2
hv3-e001003,hv3-u00285,task_first,hv3:main:50,app_store,assigned,2026-08-20T20:27:56.627Z,,,,
hv3-e001004,hv3-u00285,task_first,hv3:main:50,app_store,note_saved,2026-08-20T20:31:56.627Z,,,n-hv3-u00285,
hv3-e001005,hv3-u00285,task_first,hv3:main:50,app_store,task_created,2026-08-20T20:33:56.627Z,,,n-hv3-u00285,t-hv3-u00285-1
hv3-e001006,hv3-u00285,task_first,hv3:main:50,app_store,task_created,2026-08-20T20:34:56.627Z,,,n-hv3-u00285,t-hv3-u00285-2
hv3-e001007,hv3-u00285,task_first,hv3:main:50,app_store,task_created,2026-08-20T20:35:56.627Z,,,n-hv3-u00285,t-hv3-u00285-3
hv3-e002769,hv3-u00798,task_first,hv3:main:50,referral,revisited,2026-08-20T21:27:34.399Z,,,n-hv3-u00798,
hv3-e002770,hv3-u00798,task_first,hv3:main:50,referral,task_completed,2026-08-20T21:32:34.399Z,,,n-hv3-u00798,t-hv3-u00798-1
hv3-e003030,hv3-u00869,baseline,hv3:main:50,organic_search,revisited,2026-08-20T21:47:43.935Z,,,n-hv3-u00869,
hv3-e003212,hv3-u00924,baseline,hv3:main:50,referral,assigned,2026-08-20T21:55:35.633Z,,,,
hv3-e002771,hv3-u00798,task_first,hv3:main:50,referral,trial_started,2026-08-20T21:57:34.399Z,,,,
hv3-e003213,hv3-u00924,baseline,hv3:main:50,referral,note_saved,2026-08-20T21:59:35.633Z,,,n-hv3-u00924,
hv3-e001392,hv3-u00391,baseline,hv3:main:50,app_store,assigned,2026-08-20T22:11:58.807Z,,,,
hv3-e003230,hv3-u00928,task_first,hv3:main:50,app_store,assigned,2026-08-20T22:13:59.704Z,,,,
hv3-e001393,hv3-u00391,baseline,hv3:main:50,app_store,note_saved,2026-08-20T22:15:58.807Z,,,n-hv3-u00391,
hv3-e003231,hv3-u00928,task_first,hv3:main:50,app_store,note_saved,2026-08-20T22:17:59.704Z,,,n-hv3-u00928,
hv3-e001793,hv3-u00510,task_first,hv3:main:50,paid_social,trial_started,2026-08-20T22:56:09.547Z,,,,
hv3-e000696,hv3-u00204,baseline,hv3:main:50,organic_search,revisited,2026-08-20T22:58:03.428Z,,,n-hv3-u00204,
hv3-e000697,hv3-u00204,baseline,hv3:main:50,organic_search,task_completed,2026-08-20T23:03:03.428Z,,,n-hv3-u00204,t-hv3-u00204-1
hv3-e003048,hv3-u00874,task_first,hv3:main:50,referral,assigned,2026-08-20T23:13:56.652Z,,,,
hv3-e003049,hv3-u00874,task_first,hv3:main:50,referral,note_saved,2026-08-20T23:17:56.652Z,,,n-hv3-u00874,
hv3-e001752,hv3-u00499,task_first,hv3:main:50,app_store,revisited,2026-08-20T23:31:27.730Z,,,n-hv3-u00499,
hv3-e001753,hv3-u00499,task_first,hv3:main:50,app_store,task_completed,2026-08-20T23:36:27.730Z,,,n-hv3-u00499,t-hv3-u00499-1
hv3-e001134,hv3-u00322,task_first,hv3:main:50,app_store,assigned,2026-08-20T23:58:51.660Z,,,,
hv3-e001135,hv3-u00322,task_first,hv3:main:50,app_store,note_saved,2026-08-21T00:02:51.660Z,,,n-hv3-u00322,
hv3-e001136,hv3-u00322,task_first,hv3:main:50,app_store,task_created,2026-08-21T00:04:51.660Z,,,n-hv3-u00322,t-hv3-u00322-1
hv3-e001526,hv3-u00430,task_first,hv3:main:50,referral,revisited,2026-08-21T00:05:30.295Z,,,n-hv3-u00430,
hv3-e001137,hv3-u00322,task_first,hv3:main:50,app_store,task_created,2026-08-21T00:05:51.660Z,,,n-hv3-u00322,t-hv3-u00322-2
hv3-e001278,hv3-u00361,task_first,hv3:main:50,app_store,revisited,2026-08-21T00:28:55.056Z,,,n-hv3-u00361,
hv3-e002529,hv3-u00724,task_first,hv3:main:50,app_store,assigned,2026-08-21T00:30:46.719Z,,,,
hv3-e002530,hv3-u00724,task_first,hv3:main:50,app_store,note_saved,2026-08-21T00:34:46.719Z,,,n-hv3-u00724,
hv3-e002263,hv3-u00650,task_first,hv3:main:50,paid_social,assigned,2026-08-21T00:42:53.753Z,,,,
hv3-e002264,hv3-u00650,task_first,hv3:main:50,paid_social,note_saved,2026-08-21T00:46:53.753Z,,,n-hv3-u00650,
hv3-e002265,hv3-u00650,task_first,hv3:main:50,paid_social,task_created,2026-08-21T00:48:53.753Z,,,n-hv3-u00650,t-hv3-u00650-1
hv3-e002266,hv3-u00650,task_first,hv3:main:50,paid_social,task_created,2026-08-21T00:49:53.753Z,,,n-hv3-u00650,t-hv3-u00650-2
hv3-e002267,hv3-u00650,task_first,hv3:main:50,paid_social,task_created,2026-08-21T00:50:53.753Z,,,n-hv3-u00650,t-hv3-u00650-3
hv3-e002728,hv3-u00786,task_first,hv3:main:50,paid_social,assigned,2026-08-21T01:08:51.654Z,,,,
hv3-e003749,hv3-u01085,task_first,hv3:main:50,organic_search,assigned,2026-08-21T01:24:45.331Z,,,,
hv3-e003750,hv3-u01085,task_first,hv3:main:50,organic_search,note_saved,2026-08-21T01:28:45.331Z,,,n-hv3-u01085,
hv3-e003751,hv3-u01085,task_first,hv3:main:50,organic_search,task_created,2026-08-21T01:30:45.331Z,,,n-hv3-u01085,t-hv3-u01085-1
hv3-e003752,hv3-u01085,task_first,hv3:main:50,organic_search,task_created,2026-08-21T01:31:45.331Z,,,n-hv3-u01085,t-hv3-u01085-2
hv3-e003753,hv3-u01085,task_first,hv3:main:50,organic_search,task_created,2026-08-21T01:32:45.331Z,,,n-hv3-u01085,t-hv3-u01085-3
hv3-e002256,hv3-u00648,task_first,hv3:main:50,organic_search,assigned,2026-08-21T01:33:01.962Z,,,,
hv3-e001800,hv3-u00513,baseline,hv3:main:50,paid_social,assigned,2026-08-21T01:36:23.586Z,,,,
hv3-e002257,hv3-u00648,task_first,hv3:main:50,organic_search,note_saved,2026-08-21T01:37:01.962Z,,,n-hv3-u00648,
hv3-e001801,hv3-u00513,baseline,hv3:main:50,paid_social,note_saved,2026-08-21T01:40:23.586Z,,,n-hv3-u00513,
hv3-e003791,hv3-u01092,baseline,hv3:main:50,app_store,revisited,2026-08-21T01:58:53.035Z,,,n-hv3-u01092,
hv3-e001978,hv3-u00564,baseline,hv3:main:50,organic_search,revisited,2026-08-21T02:01:00.475Z,,,n-hv3-u00564,
hv3-e003792,hv3-u01092,baseline,hv3:main:50,app_store,task_completed,2026-08-21T02:03:53.035Z,,,n-hv3-u01092,t-hv3-u01092-1
hv3-e001979,hv3-u00564,baseline,hv3:main:50,organic_search,task_completed,2026-08-21T02:06:00.475Z,,,n-hv3-u00564,t-hv3-u00564-1
hv3-e003757,hv3-u01087,task_first,hv3:main:50,organic_search,assigned,2026-08-21T02:39:58.072Z,,,,
hv3-e002501,hv3-u00716,task_first,hv3:main:50,organic_search,revisited,2026-08-21T02:42:34.051Z,,,n-hv3-u00716,
hv3-e003758,hv3-u01087,task_first,hv3:main:50,organic_search,note_saved,2026-08-21T02:43:58.072Z,,,n-hv3-u01087,
hv3-e003759,hv3-u01087,task_first,hv3:main:50,organic_search,task_created,2026-08-21T02:45:58.072Z,,,n-hv3-u01087,t-hv3-u01087-1
hv3-e003760,hv3-u01087,task_first,hv3:main:50,organic_search,task_created,2026-08-21T02:46:58.072Z,,,n-hv3-u01087,t-hv3-u01087-2
hv3-e002502,hv3-u00716,task_first,hv3:main:50,organic_search,task_completed,2026-08-21T02:47:34.051Z,,,n-hv3-u00716,t-hv3-u00716-1
hv3-e001207,hv3-u00343,task_first,hv3:main:50,referral,assigned,2026-08-21T02:53:22.828Z,,,,
hv3-e002742,hv3-u00791,baseline,hv3:main:50,organic_search,assigned,2026-08-21T02:55:32.559Z,,,,
hv3-e001208,hv3-u00343,task_first,hv3:main:50,referral,note_saved,2026-08-21T02:57:22.828Z,,,n-hv3-u00343,
hv3-e001209,hv3-u00343,task_first,hv3:main:50,referral,task_created,2026-08-21T02:59:22.828Z,,,n-hv3-u00343,t-hv3-u00343-1
hv3-e002743,hv3-u00791,baseline,hv3:main:50,organic_search,note_saved,2026-08-21T02:59:32.559Z,,,n-hv3-u00791,
hv3-e001210,hv3-u00343,task_first,hv3:main:50,referral,task_created,2026-08-21T03:00:22.828Z,,,n-hv3-u00343,t-hv3-u00343-2
hv3-e001211,hv3-u00343,task_first,hv3:main:50,referral,task_created,2026-08-21T03:01:22.828Z,,,n-hv3-u00343,t-hv3-u00343-3
hv3-e003185,hv3-u00917,baseline,hv3:main:50,organic_search,trial_started,2026-08-21T03:02:30.113Z,,,,
hv3-e001044,hv3-u00296,task_first,hv3:main:50,organic_search,assigned,2026-08-21T03:30:36.362Z,,,,
hv3-e001418,hv3-u00400,task_first,hv3:main:50,organic_search,assigned,2026-08-21T03:32:49.402Z,,,,
hv3-e001045,hv3-u00296,task_first,hv3:main:50,organic_search,note_saved,2026-08-21T03:34:36.362Z,,,n-hv3-u00296,
hv3-e001419,hv3-u00400,task_first,hv3:main:50,organic_search,note_saved,2026-08-21T03:36:49.402Z,,,n-hv3-u00400,
hv3-e001494,hv3-u00422,baseline,hv3:main:50,referral,assigned,2026-08-21T03:37:04.249Z,,,,
hv3-e001495,hv3-u00422,baseline,hv3:main:50,referral,note_saved,2026-08-21T03:41:04.249Z,,,n-hv3-u00422,
hv3-e001496,hv3-u00422,baseline,hv3:main:50,referral,task_created,2026-08-21T03:43:04.249Z,,,n-hv3-u00422,t-hv3-u00422-1
hv3-e001497,hv3-u00422,baseline,hv3:main:50,referral,task_created,2026-08-21T03:44:04.249Z,,,n-hv3-u00422,t-hv3-u00422-2
hv3-e001498,hv3-u00422,baseline,hv3:main:50,referral,task_created,2026-08-21T03:45:04.249Z,,,n-hv3-u00422,t-hv3-u00422-3
hv3-e000066,hv3-u00021,task_first,hv3:main:50,paid_social,assigned,2026-08-21T03:51:53.879Z,,,,
hv3-e000261,hv3-u00082,task_first,hv3:main:50,paid_social,paid,2026-08-21T03:53:18.019Z,10.00,XTS,,
hv3-e000067,hv3-u00021,task_first,hv3:main:50,paid_social,note_saved,2026-08-21T03:55:53.879Z,,,n-hv3-u00021,
hv3-e000068,hv3-u00021,task_first,hv3:main:50,paid_social,task_created,2026-08-21T03:57:53.879Z,,,n-hv3-u00021,t-hv3-u00021-1
hv3-e000069,hv3-u00021,task_first,hv3:main:50,paid_social,task_created,2026-08-21T03:58:53.879Z,,,n-hv3-u00021,t-hv3-u00021-2
hv3-e000070,hv3-u00021,task_first,hv3:main:50,paid_social,task_created,2026-08-21T03:59:53.879Z,,,n-hv3-u00021,t-hv3-u00021-3
hv3-e001973,hv3-u00563,task_first,hv3:main:50,organic_search,paid,2026-08-21T04:27:19.895Z,10.00,XTS,,
hv3-e002050,hv3-u00586,baseline,hv3:main:50,referral,assigned,2026-08-21T04:48:44.172Z,,,,
hv3-e000071,hv3-u00021,task_first,hv3:main:50,paid_social,trial_started,2026-08-21T04:51:53.879Z,,,,
hv3-e002051,hv3-u00586,baseline,hv3:main:50,referral,note_saved,2026-08-21T04:52:44.172Z,,,n-hv3-u00586,
hv3-e001938,hv3-u00554,task_first,hv3:main:50,referral,trial_started,2026-08-21T04:58:10.110Z,,,,
hv3-e002479,hv3-u00711,task_first,hv3:main:50,referral,trial_started,2026-08-21T05:17:37.056Z,,,,
hv3-e002847,hv3-u00819,baseline,hv3:main:50,organic_search,assigned,2026-08-21T05:49:18.725Z,,,,
hv3-e001648,hv3-u00465,task_first,hv3:main:50,referral,trial_started,2026-08-21T05:49:30.018Z,,,,
hv3-e002637,hv3-u00759,baseline,hv3:main:50,referral,assigned,2026-08-21T05:53:05.603Z,,,,
hv3-e002848,hv3-u00819,baseline,hv3:main:50,organic_search,note_saved,2026-08-21T05:53:18.725Z,,,n-hv3-u00819,
hv3-e002638,hv3-u00759,baseline,hv3:main:50,referral,note_saved,2026-08-21T05:57:05.603Z,,,n-hv3-u00759,
hv3-e002419,hv3-u00695,task_first,hv3:main:50,paid_social,assigned,2026-08-21T05:58:10.744Z,,,,
hv3-e002639,hv3-u00759,baseline,hv3:main:50,referral,task_created,2026-08-21T05:59:05.603Z,,,n-hv3-u00759,t-hv3-u00759-1
hv3-e002640,hv3-u00759,baseline,hv3:main:50,referral,task_created,2026-08-21T06:00:05.603Z,,,n-hv3-u00759,t-hv3-u00759-2
hv3-e002641,hv3-u00759,baseline,hv3:main:50,referral,task_created,2026-08-21T06:01:05.603Z,,,n-hv3-u00759,t-hv3-u00759-3
hv3-e002420,hv3-u00695,task_first,hv3:main:50,paid_social,note_saved,2026-08-21T06:02:10.744Z,,,n-hv3-u00695,
hv3-e003426,hv3-u00991,baseline,hv3:main:50,organic_search,trial_started,2026-08-21T06:14:46.104Z,,,,
hv3-e000042,hv3-u00015,baseline,hv3:main:50,organic_search,assigned,2026-08-21T06:20:59.071Z,,,,
hv3-e003560,hv3-u01032,baseline,hv3:main:50,referral,assigned,2026-08-21T06:23:58.146Z,,,,
hv3-e003561,hv3-u01032,baseline,hv3:main:50,referral,note_saved,2026-08-21T06:27:58.146Z,,,n-hv3-u01032,
hv3-e002729,hv3-u00787,task_first,hv3:main:50,paid_social,assigned,2026-08-21T06:42:33.581Z,,,,
hv3-e002730,hv3-u00787,task_first,hv3:main:50,paid_social,note_saved,2026-08-21T06:46:33.581Z,,,n-hv3-u00787,
hv3-e002731,hv3-u00787,task_first,hv3:main:50,paid_social,task_created,2026-08-21T06:48:33.581Z,,,n-hv3-u00787,t-hv3-u00787-1
hv3-e002732,hv3-u00787,task_first,hv3:main:50,paid_social,task_created,2026-08-21T06:49:33.581Z,,,n-hv3-u00787,t-hv3-u00787-2
hv3-e003562,hv3-u01032,baseline,hv3:main:50,referral,trial_started,2026-08-21T07:23:58.146Z,,,,
hv3-e001181,hv3-u00336,baseline,hv3:main:50,paid_social,revisited,2026-08-21T07:51:36.558Z,,,n-hv3-u00336,
hv3-e001182,hv3-u00336,baseline,hv3:main:50,paid_social,task_completed,2026-08-21T07:56:36.558Z,,,n-hv3-u00336,t-hv3-u00336-1
hv3-e000947,hv3-u00268,task_first,hv3:main:50,paid_social,trial_started,2026-08-21T08:33:25.564Z,,,,
hv3-e002218,hv3-u00635,task_first,hv3:main:50,paid_social,assigned,2026-08-21T08:36:20.195Z,,,,
hv3-e002219,hv3-u00635,task_first,hv3:main:50,paid_social,note_saved,2026-08-21T08:40:20.195Z,,,n-hv3-u00635,
hv3-e002778,hv3-u00801,task_first,hv3:main:50,app_store,assigned,2026-08-21T08:47:17.906Z,,,,
hv3-e001183,hv3-u00337,baseline,hv3:main:50,organic_search,assigned,2026-08-21T09:16:24.919Z,,,,
hv3-e003369,hv3-u00973,task_first,hv3:main:50,organic_search,assigned,2026-08-21T09:17:38.304Z,,,,
hv3-e000585,hv3-u00170,task_first,hv3:main:50,app_store,assigned,2026-08-21T09:45:17.742Z,,,,
hv3-e000586,hv3-u00170,task_first,hv3:main:50,app_store,note_saved,2026-08-21T09:49:17.742Z,,,n-hv3-u00170,
hv3-e000587,hv3-u00170,task_first,hv3:main:50,app_store,task_created,2026-08-21T09:51:17.742Z,,,n-hv3-u00170,t-hv3-u00170-1
hv3-e003325,hv3-u00958,baseline,hv3:main:50,app_store,assigned,2026-08-21T09:51:52.825Z,,,,
hv3-e000588,hv3-u00170,task_first,hv3:main:50,app_store,task_created,2026-08-21T09:52:17.742Z,,,n-hv3-u00170,t-hv3-u00170-2
hv3-e003326,hv3-u00958,baseline,hv3:main:50,app_store,note_saved,2026-08-21T09:55:52.825Z,,,n-hv3-u00958,
hv3-e003327,hv3-u00958,baseline,hv3:main:50,app_store,task_created,2026-08-21T09:57:52.825Z,,,n-hv3-u00958,t-hv3-u00958-1
hv3-e002820,hv3-u00813,baseline,hv3:main:50,paid_social,assigned,2026-08-21T09:59:51.163Z,,,,
hv3-e003317,hv3-u00954,task_first,hv3:main:50,referral,paid,2026-08-21T10:05:03.129Z,10.00,XTS,,
hv3-e002867,hv3-u00824,baseline,hv3:main:50,organic_search,assigned,2026-08-21T10:54:59.092Z,,,,
hv3-e001075,hv3-u00304,baseline,hv3:main:50,referral,paid,2026-08-21T11:10:38.590Z,10.00,XTS,,
hv3-e002925,hv3-u00841,task_first,hv3:main:50,paid_social,assigned,2026-08-21T11:30:37.250Z,,,,
hv3-e002926,hv3-u00841,task_first,hv3:main:50,paid_social,note_saved,2026-08-21T11:34:37.250Z,,,n-hv3-u00841,
hv3-e002927,hv3-u00841,task_first,hv3:main:50,paid_social,task_created,2026-08-21T11:36:37.250Z,,,n-hv3-u00841,t-hv3-u00841-1
hv3-e002928,hv3-u00841,task_first,hv3:main:50,paid_social,task_created,2026-08-21T11:37:37.250Z,,,n-hv3-u00841,t-hv3-u00841-2
hv3-e002818,hv3-u00812,baseline,hv3:main:50,referral,assigned,2026-08-21T11:39:33.294Z,,,,
hv3-e002819,hv3-u00812,baseline,hv3:main:50,referral,note_saved,2026-08-21T11:43:33.294Z,,,n-hv3-u00812,
hv3-e002217,hv3-u00634,baseline,hv3:main:50,organic_search,assigned,2026-08-21T11:50:39.946Z,,,,
hv3-e002868,hv3-u00824,baseline,hv3:main:50,organic_search,trial_started,2026-08-21T11:54:59.092Z,,,,
hv3-e003362,hv3-u00971,baseline,hv3:main:50,organic_search,assigned,2026-08-21T11:56:07.420Z,,,,
hv3-e003363,hv3-u00971,baseline,hv3:main:50,organic_search,note_saved,2026-08-21T12:00:07.420Z,,,n-hv3-u00971,
hv3-e003364,hv3-u00971,baseline,hv3:main:50,organic_search,task_created,2026-08-21T12:02:07.420Z,,,n-hv3-u00971,t-hv3-u00971-1
hv3-e003365,hv3-u00971,baseline,hv3:main:50,organic_search,task_created,2026-08-21T12:03:07.420Z,,,n-hv3-u00971,t-hv3-u00971-2
hv3-e001956,hv3-u00560,baseline,hv3:main:50,app_store,assigned,2026-08-21T12:06:03.500Z,,,,
hv3-e001951,hv3-u00558,baseline,hv3:main:50,paid_social,revisited,2026-08-21T12:06:18.834Z,,,n-hv3-u00558,
hv3-e001957,hv3-u00560,baseline,hv3:main:50,app_store,note_saved,2026-08-21T12:10:03.500Z,,,n-hv3-u00560,
hv3-e001952,hv3-u00558,baseline,hv3:main:50,paid_social,task_completed,2026-08-21T12:11:18.834Z,,,n-hv3-u00558,t-hv3-u00558-1
hv3-e001958,hv3-u00560,baseline,hv3:main:50,app_store,task_created,2026-08-21T12:12:03.500Z,,,n-hv3-u00560,t-hv3-u00560-1
hv3-e002295,hv3-u00657,task_first,hv3:main:50,paid_social,assigned,2026-08-21T12:14:29.179Z,,,,
hv3-e002296,hv3-u00657,task_first,hv3:main:50,paid_social,note_saved,2026-08-21T12:18:29.179Z,,,n-hv3-u00657,
hv3-e002681,hv3-u00771,baseline,hv3:main:50,paid_social,assigned,2026-08-21T13:00:59.911Z,,,,
hv3-e002682,hv3-u00771,baseline,hv3:main:50,paid_social,note_saved,2026-08-21T13:04:59.911Z,,,n-hv3-u00771,
hv3-e000129,hv3-u00039,baseline,hv3:main:50,organic_search,assigned,2026-08-21T13:12:56.003Z,,,,
hv3-e002334,hv3-u00670,task_first,hv3:main:50,organic_search,trial_started,2026-08-21T13:34:09.024Z,,,,
hv3-e000498,hv3-u00147,baseline,hv3:main:50,organic_search,assigned,2026-08-21T14:01:14.768Z,,,,
hv3-e000994,hv3-u00281,baseline,hv3:main:50,app_store,assigned,2026-08-21T14:16:01.943Z,,,,
hv3-e000675,hv3-u00196,baseline,hv3:main:50,organic_search,paid,2026-08-21T14:19:50.117Z,10.00,XTS,,
hv3-e000995,hv3-u00281,baseline,hv3:main:50,app_store,note_saved,2026-08-21T14:20:01.943Z,,,n-hv3-u00281,
hv3-e002109,hv3-u00602,baseline,hv3:main:50,paid_social,trial_started,2026-08-21T14:22:05.090Z,,,,
hv3-e003475,hv3-u01006,baseline,hv3:main:50,organic_search,revisited,2026-08-21T14:35:15.583Z,,,n-hv3-u01006,
hv3-e003476,hv3-u01006,baseline,hv3:main:50,organic_search,task_completed,2026-08-21T14:40:15.583Z,,,n-hv3-u01006,t-hv3-u01006-1
hv3-e003477,hv3-u01006,baseline,hv3:main:50,organic_search,trial_started,2026-08-21T15:05:15.583Z,,,,
hv3-e001342,hv3-u00381,baseline,hv3:main:50,app_store,assigned,2026-08-21T15:44:52.036Z,,,,
hv3-e001343,hv3-u00381,baseline,hv3:main:50,app_store,note_saved,2026-08-21T15:48:52.036Z,,,n-hv3-u00381,
hv3-e001357,hv3-u00384,task_first,hv3:main:50,paid_social,assigned,2026-08-21T15:49:02.660Z,,,,
hv3-e001344,hv3-u00381,baseline,hv3:main:50,app_store,task_created,2026-08-21T15:50:52.036Z,,,n-hv3-u00381,t-hv3-u00381-1
hv3-e001345,hv3-u00381,baseline,hv3:main:50,app_store,task_created,2026-08-21T15:51:52.036Z,,,n-hv3-u00381,t-hv3-u00381-2
hv3-e001346,hv3-u00381,baseline,hv3:main:50,app_store,task_created,2026-08-21T15:52:52.036Z,,,n-hv3-u00381,t-hv3-u00381-3
hv3-e001358,hv3-u00384,task_first,hv3:main:50,paid_social,note_saved,2026-08-21T15:53:02.660Z,,,n-hv3-u00384,
hv3-e001359,hv3-u00384,task_first,hv3:main:50,paid_social,task_created,2026-08-21T15:55:02.660Z,,,n-hv3-u00384,t-hv3-u00384-1
hv3-e001360,hv3-u00384,task_first,hv3:main:50,paid_social,task_created,2026-08-21T15:56:02.660Z,,,n-hv3-u00384,t-hv3-u00384-2
hv3-e001361,hv3-u00384,task_first,hv3:main:50,paid_social,task_created,2026-08-21T15:57:02.660Z,,,n-hv3-u00384,t-hv3-u00384-3
hv3-e002751,hv3-u00792,task_first,hv3:main:50,referral,revisited,2026-08-21T16:04:35.473Z,,,n-hv3-u00792,
hv3-e002534,hv3-u00726,baseline,hv3:main:50,paid_social,revisited,2026-08-21T16:22:30.882Z,,,n-hv3-u00726,
hv3-e003157,hv3-u00909,baseline,hv3:main:50,app_store,revisited,2026-08-21T16:45:06.908Z,,,n-hv3-u00909,
hv3-e002914,hv3-u00838,task_first,hv3:main:50,app_store,assigned,2026-08-21T16:52:07.196Z,,,,
hv3-e002915,hv3-u00838,task_first,hv3:main:50,app_store,note_saved,2026-08-21T16:56:07.196Z,,,n-hv3-u00838,
hv3-e003484,hv3-u01007,task_first,hv3:main:50,organic_search,trial_started,2026-08-21T17:15:41.103Z,,,,
hv3-e002803,hv3-u00805,task_first,hv3:main:50,paid_social,refunded,2026-08-21T17:25:29.278Z,10.00,XTS,,
hv3-e000667,hv3-u00194,task_first,hv3:main:50,paid_social,paid,2026-08-21T17:45:10.403Z,10.00,XTS,,
hv3-e003084,hv3-u00887,task_first,hv3:main:50,app_store,assigned,2026-08-21T17:47:04.013Z,,,,
hv3-e003085,hv3-u00887,task_first,hv3:main:50,app_store,note_saved,2026-08-21T17:51:04.013Z,,,n-hv3-u00887,
hv3-e003086,hv3-u00887,task_first,hv3:main:50,app_store,task_created,2026-08-21T17:53:04.013Z,,,n-hv3-u00887,t-hv3-u00887-1
hv3-e001687,hv3-u00478,task_first,hv3:main:50,app_store,revisited,2026-08-21T18:05:37.960Z,,,n-hv3-u00478,
hv3-e000374,hv3-u00115,baseline,hv3:main:50,paid_social,assigned,2026-08-21T18:57:07.333Z,,,,
hv3-e000375,hv3-u00115,baseline,hv3:main:50,paid_social,note_saved,2026-08-21T19:01:07.333Z,,,n-hv3-u00115,
hv3-e000013,hv3-u00005,task_first,hv3:main:50,app_store,assigned,2026-08-21T19:06:46.669Z,,,,
hv3-e000014,hv3-u00005,task_first,hv3:main:50,app_store,note_saved,2026-08-21T19:10:46.669Z,,,n-hv3-u00005,
hv3-e000015,hv3-u00005,task_first,hv3:main:50,app_store,task_created,2026-08-21T19:12:46.669Z,,,n-hv3-u00005,t-hv3-u00005-1
hv3-e000016,hv3-u00005,task_first,hv3:main:50,app_store,task_created,2026-08-21T19:13:46.669Z,,,n-hv3-u00005,t-hv3-u00005-2
hv3-e000017,hv3-u00005,task_first,hv3:main:50,app_store,task_created,2026-08-21T19:14:46.669Z,,,n-hv3-u00005,t-hv3-u00005-3
hv3-e003702,hv3-u01072,task_first,hv3:main:50,app_store,assigned,2026-08-21T19:35:04.769Z,,,,
hv3-e001412,hv3-u00399,task_first,hv3:main:50,organic_search,assigned,2026-08-21T19:55:40.298Z,,,,
hv3-e001413,hv3-u00399,task_first,hv3:main:50,organic_search,note_saved,2026-08-21T19:59:40.298Z,,,n-hv3-u00399,
hv3-e001414,hv3-u00399,task_first,hv3:main:50,organic_search,task_created,2026-08-21T20:01:40.298Z,,,n-hv3-u00399,t-hv3-u00399-1
hv3-e001415,hv3-u00399,task_first,hv3:main:50,organic_search,task_created,2026-08-21T20:02:40.298Z,,,n-hv3-u00399,t-hv3-u00399-2
hv3-e001416,hv3-u00399,task_first,hv3:main:50,organic_search,task_created,2026-08-21T20:03:40.298Z,,,n-hv3-u00399,t-hv3-u00399-3
hv3-e001720,hv3-u00490,baseline,hv3:main:50,app_store,assigned,2026-08-21T20:17:08.566Z,,,,
hv3-e001599,hv3-u00450,task_first,hv3:main:50,app_store,assigned,2026-08-21T20:33:03.851Z,,,,
hv3-e001600,hv3-u00450,task_first,hv3:main:50,app_store,note_saved,2026-08-21T20:37:03.851Z,,,n-hv3-u00450,
hv3-e001601,hv3-u00450,task_first,hv3:main:50,app_store,task_created,2026-08-21T20:39:03.851Z,,,n-hv3-u00450,t-hv3-u00450-1
hv3-e001602,hv3-u00450,task_first,hv3:main:50,app_store,task_created,2026-08-21T20:40:03.851Z,,,n-hv3-u00450,t-hv3-u00450-2
hv3-e003284,hv3-u00946,task_first,hv3:main:50,referral,assigned,2026-08-21T20:40:24.882Z,,,,
hv3-e001043,hv3-u00295,baseline,hv3:main:50,app_store,paid,2026-08-21T20:49:46.416Z,10.00,XTS,,
hv3-e000048,hv3-u00016,baseline,hv3:main:50,paid_social,revisited,2026-08-21T20:50:31.525Z,,,n-hv3-u00016,
hv3-e000049,hv3-u00016,baseline,hv3:main:50,paid_social,task_completed,2026-08-21T20:55:31.525Z,,,n-hv3-u00016,t-hv3-u00016-1
hv3-e001417,hv3-u00399,task_first,hv3:main:50,organic_search,trial_started,2026-08-21T20:55:40.298Z,,,,
hv3-e002464,hv3-u00708,baseline,hv3:main:50,paid_social,assigned,2026-08-21T21:24:25.862Z,,,,
hv3-e002465,hv3-u00708,baseline,hv3:main:50,paid_social,note_saved,2026-08-21T21:28:25.862Z,,,n-hv3-u00708,
hv3-e002466,hv3-u00708,baseline,hv3:main:50,paid_social,task_created,2026-08-21T21:30:25.862Z,,,n-hv3-u00708,t-hv3-u00708-1
hv3-e002467,hv3-u00708,baseline,hv3:main:50,paid_social,task_created,2026-08-21T21:31:25.862Z,,,n-hv3-u00708,t-hv3-u00708-2
hv3-e002468,hv3-u00708,baseline,hv3:main:50,paid_social,task_created,2026-08-21T21:32:25.862Z,,,n-hv3-u00708,t-hv3-u00708-3
hv3-e001608,hv3-u00452,baseline,hv3:main:50,paid_social,trial_started,2026-08-21T21:34:16.508Z,,,,
hv3-e000190,hv3-u00061,baseline,hv3:main:50,app_store,assigned,2026-08-21T21:43:14.301Z,,,,
hv3-e000191,hv3-u00061,baseline,hv3:main:50,app_store,note_saved,2026-08-21T21:47:14.301Z,,,n-hv3-u00061,
hv3-e002327,hv3-u00669,task_first,hv3:main:50,paid_social,assigned,2026-08-21T22:12:49.343Z,,,,
hv3-e002328,hv3-u00669,task_first,hv3:main:50,paid_social,note_saved,2026-08-21T22:16:49.343Z,,,n-hv3-u00669,
hv3-e002329,hv3-u00669,task_first,hv3:main:50,paid_social,task_created,2026-08-21T22:18:49.343Z,,,n-hv3-u00669,t-hv3-u00669-1
hv3-e000197,hv3-u00062,task_first,hv3:main:50,organic_search,refunded,2026-08-21T22:32:40.082Z,10.00,XTS,,
hv3-e000705,hv3-u00205,baseline,hv3:main:50,app_store,paid,2026-08-21T22:39:14.392Z,10.00,XTS,,
hv3-e002807,hv3-u00808,task_first,hv3:main:50,organic_search,assigned,2026-08-21T23:06:06.352Z,,,,
hv3-e002808,hv3-u00808,task_first,hv3:main:50,organic_search,note_saved,2026-08-21T23:10:06.352Z,,,n-hv3-u00808,
hv3-e002809,hv3-u00808,task_first,hv3:main:50,organic_search,task_created,2026-08-21T23:12:06.352Z,,,n-hv3-u00808,t-hv3-u00808-1
hv3-e001489,hv3-u00420,baseline,hv3:main:50,app_store,assigned,2026-08-21T23:12:21.204Z,,,,
hv3-e002810,hv3-u00808,task_first,hv3:main:50,organic_search,task_created,2026-08-21T23:13:06.352Z,,,n-hv3-u00808,t-hv3-u00808-2
hv3-e001490,hv3-u00420,baseline,hv3:main:50,app_store,note_saved,2026-08-21T23:16:21.204Z,,,n-hv3-u00420,
hv3-e000298,hv3-u00091,baseline,hv3:main:50,paid_social,assigned,2026-08-21T23:23:38.926Z,,,,
hv3-e000299,hv3-u00091,baseline,hv3:main:50,paid_social,note_saved,2026-08-21T23:27:38.926Z,,,n-hv3-u00091,
hv3-e003747,hv3-u01084,baseline,hv3:main:50,paid_social,assigned,2026-08-21T23:49:05.631Z,,,,
hv3-e003748,hv3-u01084,baseline,hv3:main:50,paid_social,note_saved,2026-08-21T23:53:05.631Z,,,n-hv3-u01084,
hv3-e000527,hv3-u00157,baseline,hv3:main:50,app_store,assigned,2026-08-22T00:27:22.472Z,,,,
hv3-e000528,hv3-u00157,baseline,hv3:main:50,app_store,note_saved,2026-08-22T00:31:22.472Z,,,n-hv3-u00157,
hv3-e000529,hv3-u00157,baseline,hv3:main:50,app_store,task_created,2026-08-22T00:33:22.472Z,,,n-hv3-u00157,t-hv3-u00157-1
hv3-e000530,hv3-u00157,baseline,hv3:main:50,app_store,task_created,2026-08-22T00:34:22.472Z,,,n-hv3-u00157,t-hv3-u00157-2
hv3-e000475,hv3-u00140,baseline,hv3:main:50,organic_search,assigned,2026-08-22T00:44:15.324Z,,,,
hv3-e003168,hv3-u00913,task_first,hv3:main:50,paid_social,revisited,2026-08-22T00:47:55.770Z,,,n-hv3-u00913,
hv3-e000476,hv3-u00140,baseline,hv3:main:50,organic_search,note_saved,2026-08-22T00:48:15.324Z,,,n-hv3-u00140,
hv3-e002462,hv3-u00707,baseline,hv3:main:50,paid_social,trial_started,2026-08-22T00:50:07.592Z,,,,
hv3-e000477,hv3-u00140,baseline,hv3:main:50,organic_search,task_created,2026-08-22T00:50:15.324Z,,,n-hv3-u00140,t-hv3-u00140-1
hv3-e002133,hv3-u00610,baseline,hv3:main:50,app_store,assigned,2026-08-22T00:50:24.463Z,,,,
hv3-e000478,hv3-u00140,baseline,hv3:main:50,organic_search,task_created,2026-08-22T00:51:15.324Z,,,n-hv3-u00140,t-hv3-u00140-2
hv3-e000479,hv3-u00140,baseline,hv3:main:50,organic_search,task_created,2026-08-22T00:52:15.324Z,,,n-hv3-u00140,t-hv3-u00140-3
hv3-e003169,hv3-u00913,task_first,hv3:main:50,paid_social,task_completed,2026-08-22T00:52:55.770Z,,,n-hv3-u00913,t-hv3-u00913-1
hv3-e002134,hv3-u00610,baseline,hv3:main:50,app_store,note_saved,2026-08-22T00:54:24.463Z,,,n-hv3-u00610,
hv3-e001861,hv3-u00530,baseline,hv3:main:50,organic_search,assigned,2026-08-22T01:03:05.366Z,,,,
hv3-e001862,hv3-u00530,baseline,hv3:main:50,organic_search,note_saved,2026-08-22T01:07:05.366Z,,,n-hv3-u00530,
hv3-e001102,hv3-u00313,baseline,hv3:main:50,organic_search,assigned,2026-08-22T01:51:02.587Z,,,,
hv3-e001103,hv3-u00313,baseline,hv3:main:50,organic_search,note_saved,2026-08-22T01:55:02.587Z,,,n-hv3-u00313,
hv3-e001104,hv3-u00313,baseline,hv3:main:50,organic_search,task_created,2026-08-22T01:57:02.587Z,,,n-hv3-u00313,t-hv3-u00313-1
hv3-e001105,hv3-u00313,baseline,hv3:main:50,organic_search,task_created,2026-08-22T01:58:02.587Z,,,n-hv3-u00313,t-hv3-u00313-2
hv3-e001106,hv3-u00313,baseline,hv3:main:50,organic_search,task_created,2026-08-22T01:59:02.587Z,,,n-hv3-u00313,t-hv3-u00313-3
hv3-e001188,hv3-u00338,task_first,hv3:main:50,organic_search,revisited,2026-08-22T01:59:12.082Z,,,n-hv3-u00338,
hv3-e003625,hv3-u01049,task_first,hv3:main:50,referral,assigned,2026-08-22T01:59:18.615Z,,,,
hv3-e003626,hv3-u01049,task_first,hv3:main:50,referral,note_saved,2026-08-22T02:03:18.615Z,,,n-hv3-u01049,
hv3-e003448,hv3-u00997,task_first,hv3:main:50,referral,assigned,2026-08-22T02:07:16.427Z,,,,
hv3-e003449,hv3-u00997,task_first,hv3:main:50,referral,note_saved,2026-08-22T02:11:16.427Z,,,n-hv3-u00997,
hv3-e003450,hv3-u00997,task_first,hv3:main:50,referral,task_created,2026-08-22T02:13:16.427Z,,,n-hv3-u00997,t-hv3-u00997-1
hv3-e003451,hv3-u00997,task_first,hv3:main:50,referral,task_created,2026-08-22T02:14:16.427Z,,,n-hv3-u00997,t-hv3-u00997-2
hv3-e003015,hv3-u00865,task_first,hv3:main:50,app_store,refunded,2026-08-22T02:16:32.692Z,10.00,XTS,,
hv3-e003183,hv3-u00917,baseline,hv3:main:50,organic_search,revisited,2026-08-22T02:32:30.113Z,,,n-hv3-u00917,
hv3-e003184,hv3-u00917,baseline,hv3:main:50,organic_search,task_completed,2026-08-22T02:37:30.113Z,,,n-hv3-u00917,t-hv3-u00917-1
hv3-e003761,hv3-u01087,task_first,hv3:main:50,organic_search,revisited,2026-08-22T02:39:58.072Z,,,n-hv3-u01087,
hv3-e001189,hv3-u00338,task_first,hv3:main:50,organic_search,trial_started,2026-08-22T02:59:12.082Z,,,,
hv3-e001271,hv3-u00359,task_first,hv3:main:50,organic_search,assigned,2026-08-22T03:25:39.989Z,,,,
hv3-e003762,hv3-u01087,task_first,hv3:main:50,organic_search,trial_started,2026-08-22T03:39:58.072Z,,,,
hv3-e002745,hv3-u00791,baseline,hv3:main:50,organic_search,trial_started,2026-08-22T03:55:32.559Z,,,,
hv3-e002351,hv3-u00675,baseline,hv3:main:50,paid_social,assigned,2026-08-22T04:02:00.831Z,,,,
hv3-e002352,hv3-u00675,baseline,hv3:main:50,paid_social,note_saved,2026-08-22T04:06:00.831Z,,,n-hv3-u00675,
hv3-e000202,hv3-u00065,task_first,hv3:main:50,organic_search,assigned,2026-08-22T04:50:23.369Z,,,,
hv3-e001377,hv3-u00388,baseline,hv3:main:50,organic_search,assigned,2026-08-22T04:51:28.902Z,,,,
hv3-e000203,hv3-u00065,task_first,hv3:main:50,organic_search,note_saved,2026-08-22T04:54:23.369Z,,,n-hv3-u00065,
hv3-e001378,hv3-u00388,baseline,hv3:main:50,organic_search,note_saved,2026-08-22T04:55:28.902Z,,,n-hv3-u00388,
hv3-e000204,hv3-u00065,task_first,hv3:main:50,organic_search,task_created,2026-08-22T04:56:23.369Z,,,n-hv3-u00065,t-hv3-u00065-1
hv3-e001379,hv3-u00388,baseline,hv3:main:50,organic_search,task_created,2026-08-22T04:57:28.902Z,,,n-hv3-u00388,t-hv3-u00388-1
hv3-e003538,hv3-u01025,task_first,hv3:main:50,paid_social,assigned,2026-08-22T04:57:56.544Z,,,,
hv3-e001028,hv3-u00291,baseline,hv3:main:50,app_store,assigned,2026-08-22T05:27:24.402Z,,,,
hv3-e001029,hv3-u00291,baseline,hv3:main:50,app_store,note_saved,2026-08-22T05:31:24.402Z,,,n-hv3-u00291,
hv3-e001030,hv3-u00291,baseline,hv3:main:50,app_store,task_created,2026-08-22T05:33:24.402Z,,,n-hv3-u00291,t-hv3-u00291-1
hv3-e001031,hv3-u00291,baseline,hv3:main:50,app_store,task_created,2026-08-22T05:34:24.402Z,,,n-hv3-u00291,t-hv3-u00291-2
hv3-e001603,hv3-u00451,task_first,hv3:main:50,paid_social,assigned,2026-08-22T05:36:42.304Z,,,,
hv3-e001604,hv3-u00451,task_first,hv3:main:50,paid_social,note_saved,2026-08-22T05:40:42.304Z,,,n-hv3-u00451,
hv3-e001605,hv3-u00451,task_first,hv3:main:50,paid_social,task_created,2026-08-22T05:42:42.304Z,,,n-hv3-u00451,t-hv3-u00451-1
hv3-e000663,hv3-u00193,task_first,hv3:main:50,paid_social,assigned,2026-08-22T05:53:50.562Z,,,,
hv3-e000780,hv3-u00223,task_first,hv3:main:50,organic_search,revisited,2026-08-22T05:56:03.839Z,,,n-hv3-u00223,
hv3-e000933,hv3-u00263,task_first,hv3:main:50,organic_search,trial_started,2026-08-22T05:57:53.601Z,,,,
hv3-e001089,hv3-u00306,task_first,hv3:main:50,app_store,revisited,2026-08-22T06:01:50.839Z,,,n-hv3-u00306,
hv3-e003655,hv3-u01059,baseline,hv3:main:50,organic_search,assigned,2026-08-22T06:19:01.561Z,,,,
hv3-e003656,hv3-u01059,baseline,hv3:main:50,organic_search,note_saved,2026-08-22T06:23:01.561Z,,,n-hv3-u01059,
hv3-e002879,hv3-u00827,baseline,hv3:main:50,referral,revisited,2026-08-22T06:29:15.616Z,,,n-hv3-u00827,
hv3-e000116,hv3-u00033,task_first,hv3:main:50,paid_social,assigned,2026-08-22T06:31:29.064Z,,,,
hv3-e000117,hv3-u00033,task_first,hv3:main:50,paid_social,note_saved,2026-08-22T06:35:29.064Z,,,n-hv3-u00033,
hv3-e002849,hv3-u00819,baseline,hv3:main:50,organic_search,trial_started,2026-08-22T06:49:18.725Z,,,,
hv3-e002421,hv3-u00695,task_first,hv3:main:50,paid_social,trial_started,2026-08-22T06:58:10.744Z,,,,
hv3-e003654,hv3-u01058,task_first,hv3:main:50,organic_search,revisited,2026-08-22T06:59:44.694Z,,,n-hv3-u01058,
hv3-e003110,hv3-u00895,baseline,hv3:main:50,app_store,assigned,2026-08-22T07:20:33.259Z,,,,
hv3-e003111,hv3-u00895,baseline,hv3:main:50,app_store,note_saved,2026-08-22T07:24:33.259Z,,,n-hv3-u00895,
hv3-e003112,hv3-u00895,baseline,hv3:main:50,app_store,task_created,2026-08-22T07:26:33.259Z,,,n-hv3-u00895,t-hv3-u00895-1
hv3-e000631,hv3-u00184,baseline,hv3:main:50,organic_search,assigned,2026-08-22T07:50:34.199Z,,,,
hv3-e000632,hv3-u00184,baseline,hv3:main:50,organic_search,note_saved,2026-08-22T07:54:34.199Z,,,n-hv3-u00184,
hv3-e000748,hv3-u00216,baseline,hv3:main:50,organic_search,assigned,2026-08-22T08:51:02.288Z,,,,
hv3-e000749,hv3-u00216,baseline,hv3:main:50,organic_search,note_saved,2026-08-22T08:55:02.288Z,,,n-hv3-u00216,
hv3-e000750,hv3-u00216,baseline,hv3:main:50,organic_search,task_created,2026-08-22T08:57:02.288Z,,,n-hv3-u00216,t-hv3-u00216-1
hv3-e000751,hv3-u00216,baseline,hv3:main:50,organic_search,task_created,2026-08-22T08:58:02.288Z,,,n-hv3-u00216,t-hv3-u00216-2
hv3-e000454,hv3-u00136,task_first,hv3:main:50,organic_search,revisited,2026-08-22T08:59:25.361Z,,,n-hv3-u00136,
hv3-e000634,hv3-u00186,task_first,hv3:main:50,organic_search,assigned,2026-08-22T09:05:34.871Z,,,,
hv3-e001579,hv3-u00446,baseline,hv3:main:50,organic_search,assigned,2026-08-22T09:07:52.193Z,,,,
hv3-e000909,hv3-u00258,task_first,hv3:main:50,paid_social,assigned,2026-08-22T09:08:36.117Z,,,,
hv3-e000635,hv3-u00186,task_first,hv3:main:50,organic_search,note_saved,2026-08-22T09:09:34.871Z,,,n-hv3-u00186,
hv3-e000636,hv3-u00186,task_first,hv3:main:50,organic_search,task_created,2026-08-22T09:11:34.871Z,,,n-hv3-u00186,t-hv3-u00186-1
hv3-e001580,hv3-u00446,baseline,hv3:main:50,organic_search,note_saved,2026-08-22T09:11:52.193Z,,,n-hv3-u00446,
hv3-e000637,hv3-u00186,task_first,hv3:main:50,organic_search,task_created,2026-08-22T09:12:34.871Z,,,n-hv3-u00186,t-hv3-u00186-2
hv3-e000910,hv3-u00258,task_first,hv3:main:50,paid_social,note_saved,2026-08-22T09:12:36.117Z,,,n-hv3-u00258,
hv3-e000638,hv3-u00186,task_first,hv3:main:50,organic_search,task_created,2026-08-22T09:13:34.871Z,,,n-hv3-u00186,t-hv3-u00186-3
hv3-e001581,hv3-u00446,baseline,hv3:main:50,organic_search,task_created,2026-08-22T09:13:52.193Z,,,n-hv3-u00446,t-hv3-u00446-1
hv3-e000911,hv3-u00258,task_first,hv3:main:50,paid_social,task_created,2026-08-22T09:14:36.117Z,,,n-hv3-u00258,t-hv3-u00258-1
hv3-e000912,hv3-u00258,task_first,hv3:main:50,paid_social,task_created,2026-08-22T09:15:36.117Z,,,n-hv3-u00258,t-hv3-u00258-2
hv3-e000099,hv3-u00029,baseline,hv3:main:50,paid_social,assigned,2026-08-22T09:15:42.596Z,,,,
hv3-e000100,hv3-u00029,baseline,hv3:main:50,paid_social,note_saved,2026-08-22T09:19:42.596Z,,,n-hv3-u00029,
hv3-e000101,hv3-u00029,baseline,hv3:main:50,paid_social,task_created,2026-08-22T09:21:42.596Z,,,n-hv3-u00029,t-hv3-u00029-1
hv3-e000102,hv3-u00029,baseline,hv3:main:50,paid_social,task_created,2026-08-22T09:22:42.596Z,,,n-hv3-u00029,t-hv3-u00029-2
hv3-e002755,hv3-u00793,task_first,hv3:main:50,referral,assigned,2026-08-22T09:26:57.956Z,,,,
hv3-e001010,hv3-u00286,baseline,hv3:main:50,paid_social,assigned,2026-08-22T09:35:26.816Z,,,,
hv3-e001011,hv3-u00286,baseline,hv3:main:50,paid_social,note_saved,2026-08-22T09:39:26.816Z,,,n-hv3-u00286,
hv3-e001012,hv3-u00286,baseline,hv3:main:50,paid_social,task_created,2026-08-22T09:41:26.816Z,,,n-hv3-u00286,t-hv3-u00286-1
hv3-e001013,hv3-u00286,baseline,hv3:main:50,paid_social,task_created,2026-08-22T09:42:26.816Z,,,n-hv3-u00286,t-hv3-u00286-2
hv3-e001014,hv3-u00286,baseline,hv3:main:50,paid_social,task_created,2026-08-22T09:43:26.816Z,,,n-hv3-u00286,t-hv3-u00286-3
hv3-e002779,hv3-u00801,task_first,hv3:main:50,app_store,trial_started,2026-08-22T09:47:17.906Z,,,,
hv3-e001984,hv3-u00567,task_first,hv3:main:50,app_store,assigned,2026-08-22T10:01:32.640Z,,,,
hv3-e001985,hv3-u00567,task_first,hv3:main:50,app_store,note_saved,2026-08-22T10:05:32.640Z,,,n-hv3-u00567,
hv3-e001986,hv3-u00567,task_first,hv3:main:50,app_store,task_created,2026-08-22T10:07:32.640Z,,,n-hv3-u00567,t-hv3-u00567-1
hv3-e000736,hv3-u00211,task_first,hv3:main:50,referral,paid,2026-08-22T10:08:17.367Z,10.00,XTS,,
hv3-e001987,hv3-u00567,task_first,hv3:main:50,app_store,task_created,2026-08-22T10:08:32.640Z,,,n-hv3-u00567,t-hv3-u00567-2
hv3-e001988,hv3-u00567,task_first,hv3:main:50,app_store,task_created,2026-08-22T10:09:32.640Z,,,n-hv3-u00567,t-hv3-u00567-3
hv3-e002383,hv3-u00682,baseline,hv3:main:50,organic_search,revisited,2026-08-22T10:21:59.713Z,,,n-hv3-u00682,
hv3-e002384,hv3-u00682,baseline,hv3:main:50,organic_search,task_completed,2026-08-22T10:26:59.713Z,,,n-hv3-u00682,t-hv3-u00682-1
hv3-e001543,hv3-u00437,baseline,hv3:main:50,organic_search,revisited,2026-08-22T10:28:06.812Z,,,n-hv3-u00437,
hv3-e000680,hv3-u00199,task_first,hv3:main:50,organic_search,assigned,2026-08-22T10:32:23.991Z,,,,
hv3-e002058,hv3-u00588,task_first,hv3:main:50,referral,trial_started,2026-08-22T10:43:40.877Z,,,,
hv3-e003807,hv3-u01096,baseline,hv3:main:50,organic_search,assigned,2026-08-22T11:13:04.194Z,,,,
hv3-e003808,hv3-u01096,baseline,hv3:main:50,organic_search,note_saved,2026-08-22T11:17:04.194Z,,,n-hv3-u01096,
hv3-e001288,hv3-u00365,task_first,hv3:main:50,referral,assigned,2026-08-22T11:56:38.250Z,,,,
hv3-e002117,hv3-u00605,task_first,hv3:main:50,paid_social,assigned,2026-08-22T11:59:38.956Z,,,,
hv3-e001289,hv3-u00365,task_first,hv3:main:50,referral,note_saved,2026-08-22T12:00:38.250Z,,,n-hv3-u00365,
hv3-e001290,hv3-u00365,task_first,hv3:main:50,referral,task_created,2026-08-22T12:02:38.250Z,,,n-hv3-u00365,t-hv3-u00365-1
hv3-e001291,hv3-u00365,task_first,hv3:main:50,referral,task_created,2026-08-22T12:03:38.250Z,,,n-hv3-u00365,t-hv3-u00365-2
hv3-e002118,hv3-u00605,task_first,hv3:main:50,paid_social,note_saved,2026-08-22T12:03:38.956Z,,,n-hv3-u00605,
hv3-e002119,hv3-u00605,task_first,hv3:main:50,paid_social,task_created,2026-08-22T12:05:38.956Z,,,n-hv3-u00605,t-hv3-u00605-1
hv3-e002120,hv3-u00605,task_first,hv3:main:50,paid_social,task_created,2026-08-22T12:06:38.956Z,,,n-hv3-u00605,t-hv3-u00605-2
hv3-e002121,hv3-u00605,task_first,hv3:main:50,paid_social,task_created,2026-08-22T12:07:38.956Z,,,n-hv3-u00605,t-hv3-u00605-3
hv3-e003466,hv3-u01002,task_first,hv3:main:50,organic_search,assigned,2026-08-22T12:28:24.881Z,,,,
hv3-e002929,hv3-u00841,task_first,hv3:main:50,paid_social,trial_started,2026-08-22T12:30:37.250Z,,,,
hv3-e002984,hv3-u00855,task_first,hv3:main:50,referral,assigned,2026-08-22T12:42:14.664Z,,,,
hv3-e002985,hv3-u00855,task_first,hv3:main:50,referral,note_saved,2026-08-22T12:46:14.664Z,,,n-hv3-u00855,
hv3-e002986,hv3-u00855,task_first,hv3:main:50,referral,task_created,2026-08-22T12:48:14.664Z,,,n-hv3-u00855,t-hv3-u00855-1
hv3-e002987,hv3-u00855,task_first,hv3:main:50,referral,task_created,2026-08-22T12:49:14.664Z,,,n-hv3-u00855,t-hv3-u00855-2
hv3-e003553,hv3-u01029,baseline,hv3:main:50,organic_search,assigned,2026-08-22T12:51:34.980Z,,,,
hv3-e003554,hv3-u01029,baseline,hv3:main:50,organic_search,note_saved,2026-08-22T12:55:34.980Z,,,n-hv3-u01029,
hv3-e003614,hv3-u01046,task_first,hv3:main:50,paid_social,assigned,2026-08-22T13:01:37.609Z,,,,
hv3-e003684,hv3-u01067,baseline,hv3:main:50,organic_search,assigned,2026-08-22T13:05:29.925Z,,,,
hv3-e003615,hv3-u01046,task_first,hv3:main:50,paid_social,note_saved,2026-08-22T13:05:37.609Z,,,n-hv3-u01046,
hv3-e003685,hv3-u01067,baseline,hv3:main:50,organic_search,note_saved,2026-08-22T13:09:29.925Z,,,n-hv3-u01067,
hv3-e002063,hv3-u00590,baseline,hv3:main:50,paid_social,assigned,2026-08-22T13:29:40.380Z,,,,
hv3-e002064,hv3-u00590,baseline,hv3:main:50,paid_social,note_saved,2026-08-22T13:33:40.380Z,,,n-hv3-u00590,
hv3-e002065,hv3-u00590,baseline,hv3:main:50,paid_social,task_created,2026-08-22T13:35:40.380Z,,,n-hv3-u00590,t-hv3-u00590-1
hv3-e002066,hv3-u00590,baseline,hv3:main:50,paid_social,task_created,2026-08-22T13:36:40.380Z,,,n-hv3-u00590,t-hv3-u00590-2
hv3-e002067,hv3-u00590,baseline,hv3:main:50,paid_social,task_created,2026-08-22T13:37:40.380Z,,,n-hv3-u00590,t-hv3-u00590-3
hv3-e001656,hv3-u00468,task_first,hv3:main:50,organic_search,revisited,2026-08-22T14:27:29.693Z,,,n-hv3-u00468,
hv3-e002017,hv3-u00578,task_first,hv3:main:50,organic_search,assigned,2026-08-22T14:39:28.746Z,,,,
hv3-e002018,hv3-u00578,task_first,hv3:main:50,organic_search,note_saved,2026-08-22T14:43:28.746Z,,,n-hv3-u00578,
hv3-e002019,hv3-u00578,task_first,hv3:main:50,organic_search,task_created,2026-08-22T14:45:28.746Z,,,n-hv3-u00578,t-hv3-u00578-1
hv3-e002020,hv3-u00578,task_first,hv3:main:50,organic_search,task_created,2026-08-22T14:46:28.746Z,,,n-hv3-u00578,t-hv3-u00578-2
hv3-e003123,hv3-u00901,task_first,hv3:main:50,organic_search,assigned,2026-08-22T14:46:58.357Z,,,,
hv3-e003124,hv3-u00901,task_first,hv3:main:50,organic_search,note_saved,2026-08-22T14:50:58.357Z,,,n-hv3-u00901,
hv3-e002146,hv3-u00614,baseline,hv3:main:50,paid_social,assigned,2026-08-22T15:15:18.126Z,,,,
hv3-e002147,hv3-u00614,baseline,hv3:main:50,paid_social,note_saved,2026-08-22T15:19:18.126Z,,,n-hv3-u00614,
hv3-e000224,hv3-u00072,task_first,hv3:main:50,referral,assigned,2026-08-22T15:36:06.683Z,,,,
hv3-e002022,hv3-u00578,task_first,hv3:main:50,organic_search,trial_started,2026-08-22T15:39:28.746Z,,,,
hv3-e003125,hv3-u00901,task_first,hv3:main:50,organic_search,trial_started,2026-08-22T15:46:58.357Z,,,,
hv3-e001214,hv3-u00344,task_first,hv3:main:50,organic_search,assigned,2026-08-22T15:55:25.571Z,,,,
hv3-e001215,hv3-u00344,task_first,hv3:main:50,organic_search,note_saved,2026-08-22T15:59:25.571Z,,,n-hv3-u00344,
hv3-e001216,hv3-u00344,task_first,hv3:main:50,organic_search,task_created,2026-08-22T16:01:25.571Z,,,n-hv3-u00344,t-hv3-u00344-1
hv3-e001217,hv3-u00344,task_first,hv3:main:50,organic_search,task_created,2026-08-22T16:02:25.571Z,,,n-hv3-u00344,t-hv3-u00344-2
hv3-e000811,hv3-u00233,task_first,hv3:main:50,app_store,assigned,2026-08-22T16:05:14.374Z,,,,
hv3-e003545,hv3-u01027,task_first,hv3:main:50,organic_search,trial_started,2026-08-22T16:07:46.103Z,,,,
hv3-e000342,hv3-u00103,task_first,hv3:main:50,organic_search,revisited,2026-08-22T16:08:23.257Z,,,n-hv3-u00103,
hv3-e000812,hv3-u00233,task_first,hv3:main:50,app_store,note_saved,2026-08-22T16:09:14.374Z,,,n-hv3-u00233,
hv3-e000813,hv3-u00233,task_first,hv3:main:50,app_store,task_created,2026-08-22T16:11:14.374Z,,,n-hv3-u00233,t-hv3-u00233-1
hv3-e002598,hv3-u00748,baseline,hv3:main:50,paid_social,paid,2026-08-22T16:40:47.053Z,10.00,XTS,,
hv3-e000923,hv3-u00262,task_first,hv3:main:50,organic_search,revisited,2026-08-22T16:43:11.637Z,,,n-hv3-u00262,
hv3-e000924,hv3-u00262,task_first,hv3:main:50,organic_search,task_completed,2026-08-22T16:48:11.637Z,,,n-hv3-u00262,t-hv3-u00262-1
hv3-e000901,hv3-u00255,baseline,hv3:main:50,paid_social,assigned,2026-08-22T17:27:24.344Z,,,,
hv3-e000902,hv3-u00255,baseline,hv3:main:50,paid_social,note_saved,2026-08-22T17:31:24.344Z,,,n-hv3-u00255,
hv3-e000535,hv3-u00158,task_first,hv3:main:50,organic_search,trial_started,2026-08-22T17:51:36.722Z,,,,
hv3-e002183,hv3-u00624,baseline,hv3:main:50,paid_social,assigned,2026-08-22T18:14:44.822Z,,,,
hv3-e002184,hv3-u00624,baseline,hv3:main:50,paid_social,note_saved,2026-08-22T18:18:44.822Z,,,n-hv3-u00624,
hv3-e003265,hv3-u00938,task_first,hv3:main:50,app_store,assigned,2026-08-22T18:23:34.228Z,,,,
hv3-e003266,hv3-u00938,task_first,hv3:main:50,app_store,note_saved,2026-08-22T18:27:34.228Z,,,n-hv3-u00938,
hv3-e000376,hv3-u00115,baseline,hv3:main:50,paid_social,revisited,2026-08-22T18:57:07.333Z,,,n-hv3-u00115,
hv3-e003329,hv3-u00960,baseline,hv3:main:50,referral,assigned,2026-08-22T19:28:56.697Z,,,,
hv3-e000253,hv3-u00080,task_first,hv3:main:50,organic_search,revisited,2026-08-22T19:43:39.086Z,,,n-hv3-u00080,
hv3-e002991,hv3-u00856,task_first,hv3:main:50,paid_social,refunded,2026-08-22T20:05:18.217Z,10.00,XTS,,
hv3-e001035,hv3-u00294,baseline,hv3:main:50,app_store,assigned,2026-08-22T20:15:23.474Z,,,,
hv3-e001721,hv3-u00490,baseline,hv3:main:50,app_store,revisited,2026-08-22T20:17:08.566Z,,,n-hv3-u00490,
hv3-e001036,hv3-u00294,baseline,hv3:main:50,app_store,note_saved,2026-08-22T20:19:23.474Z,,,n-hv3-u00294,
hv3-e002823,hv3-u00814,baseline,hv3:main:50,organic_search,assigned,2026-08-22T21:39:47.580Z,,,,
hv3-e002824,hv3-u00814,baseline,hv3:main:50,organic_search,note_saved,2026-08-22T21:43:47.580Z,,,n-hv3-u00814,
hv3-e003214,hv3-u00924,baseline,hv3:main:50,referral,revisited,2026-08-22T21:55:35.633Z,,,n-hv3-u00924,
hv3-e000333,hv3-u00100,task_first,hv3:main:50,app_store,assigned,2026-08-22T21:59:30.945Z,,,,
hv3-e002862,hv3-u00822,task_first,hv3:main:50,referral,assigned,2026-08-22T21:59:44.379Z,,,,
hv3-e001725,hv3-u00492,baseline,hv3:main:50,app_store,assigned,2026-08-22T21:59:52.301Z,,,,
hv3-e003624,hv3-u01048,baseline,hv3:main:50,organic_search,paid,2026-08-22T22:03:00.784Z,10.00,XTS,,
hv3-e000334,hv3-u00100,task_first,hv3:main:50,app_store,note_saved,2026-08-22T22:03:30.945Z,,,n-hv3-u00100,
hv3-e002863,hv3-u00822,task_first,hv3:main:50,referral,note_saved,2026-08-22T22:03:44.379Z,,,n-hv3-u00822,
hv3-e001726,hv3-u00492,baseline,hv3:main:50,app_store,note_saved,2026-08-22T22:03:52.301Z,,,n-hv3-u00492,
hv3-e001727,hv3-u00492,baseline,hv3:main:50,app_store,task_created,2026-08-22T22:05:52.301Z,,,n-hv3-u00492,t-hv3-u00492-1
hv3-e001728,hv3-u00492,baseline,hv3:main:50,app_store,task_created,2026-08-22T22:06:52.301Z,,,n-hv3-u00492,t-hv3-u00492-2
hv3-e000103,hv3-u00030,task_first,hv3:main:50,app_store,assigned,2026-08-22T22:21:33.657Z,,,,
hv3-e000104,hv3-u00030,task_first,hv3:main:50,app_store,note_saved,2026-08-22T22:25:33.657Z,,,n-hv3-u00030,
hv3-e003309,hv3-u00953,baseline,hv3:main:50,referral,assigned,2026-08-22T22:54:15.757Z,,,,
hv3-e003310,hv3-u00953,baseline,hv3:main:50,referral,note_saved,2026-08-22T22:58:15.757Z,,,n-hv3-u00953,
hv3-e003311,hv3-u00953,baseline,hv3:main:50,referral,task_created,2026-08-22T23:00:15.757Z,,,n-hv3-u00953,t-hv3-u00953-1
hv3-e003312,hv3-u00953,baseline,hv3:main:50,referral,task_created,2026-08-22T23:01:15.757Z,,,n-hv3-u00953,t-hv3-u00953-2
hv3-e003520,hv3-u01019,task_first,hv3:main:50,app_store,paid,2026-08-22T23:06:42.501Z,10.00,XTS,,
hv3-e000554,hv3-u00162,baseline,hv3:main:50,paid_social,assigned,2026-08-22T23:18:16.418Z,,,,
hv3-e000555,hv3-u00162,baseline,hv3:main:50,paid_social,note_saved,2026-08-22T23:22:16.418Z,,,n-hv3-u00162,
hv3-e003721,hv3-u01076,baseline,hv3:main:50,organic_search,revisited,2026-08-22T23:46:29.563Z,,,n-hv3-u01076,
hv3-e000758,hv3-u00217,task_first,hv3:main:50,organic_search,revisited,2026-08-23T00:03:44.185Z,,,n-hv3-u00217,
hv3-e000759,hv3-u00217,task_first,hv3:main:50,organic_search,task_completed,2026-08-23T00:08:44.185Z,,,n-hv3-u00217,t-hv3-u00217-1
hv3-e001142,hv3-u00325,task_first,hv3:main:50,paid_social,assigned,2026-08-23T00:41:45.282Z,,,,
hv3-e001143,hv3-u00325,task_first,hv3:main:50,paid_social,note_saved,2026-08-23T00:45:45.282Z,,,n-hv3-u00325,
hv3-e001144,hv3-u00325,task_first,hv3:main:50,paid_social,task_created,2026-08-23T00:47:45.282Z,,,n-hv3-u00325,t-hv3-u00325-1
hv3-e001145,hv3-u00325,task_first,hv3:main:50,paid_social,task_created,2026-08-23T00:48:45.282Z,,,n-hv3-u00325,t-hv3-u00325-2
hv3-e001146,hv3-u00325,task_first,hv3:main:50,paid_social,task_created,2026-08-23T00:49:45.282Z,,,n-hv3-u00325,t-hv3-u00325-3
hv3-e000421,hv3-u00127,baseline,hv3:main:50,paid_social,paid,2026-08-23T01:03:47.081Z,10.00,XTS,,
hv3-e002941,hv3-u00844,baseline,hv3:main:50,paid_social,assigned,2026-08-23T01:11:02.232Z,,,,
hv3-e002942,hv3-u00844,baseline,hv3:main:50,paid_social,note_saved,2026-08-23T01:15:02.232Z,,,n-hv3-u00844,
hv3-e000264,hv3-u00083,baseline,hv3:main:50,paid_social,assigned,2026-08-23T01:29:02.902Z,,,,
hv3-e000265,hv3-u00083,baseline,hv3:main:50,paid_social,note_saved,2026-08-23T01:33:02.902Z,,,n-hv3-u00083,
hv3-e000266,hv3-u00083,baseline,hv3:main:50,paid_social,task_created,2026-08-23T01:35:02.902Z,,,n-hv3-u00083,t-hv3-u00083-1
hv3-e000855,hv3-u00242,task_first,hv3:main:50,paid_social,assigned,2026-08-23T01:53:39.721Z,,,,
hv3-e000856,hv3-u00242,task_first,hv3:main:50,paid_social,note_saved,2026-08-23T01:57:39.721Z,,,n-hv3-u00242,
hv3-e000857,hv3-u00242,task_first,hv3:main:50,paid_social,task_created,2026-08-23T01:59:39.721Z,,,n-hv3-u00242,t-hv3-u00242-1
hv3-e000858,hv3-u00242,task_first,hv3:main:50,paid_social,task_created,2026-08-23T02:00:39.721Z,,,n-hv3-u00242,t-hv3-u00242-2
hv3-e000859,hv3-u00242,task_first,hv3:main:50,paid_social,task_created,2026-08-23T02:01:39.721Z,,,n-hv3-u00242,t-hv3-u00242-3
hv3-e002744,hv3-u00791,baseline,hv3:main:50,organic_search,revisited,2026-08-23T02:55:32.559Z,,,n-hv3-u00791,
hv3-e002504,hv3-u00716,task_first,hv3:main:50,organic_search,paid,2026-08-23T03:12:34.051Z,10.00,XTS,,
hv3-e001909,hv3-u00545,baseline,hv3:main:50,referral,assigned,2026-08-23T03:31:47.330Z,,,,
hv3-e001910,hv3-u00545,baseline,hv3:main:50,referral,note_saved,2026-08-23T03:35:47.330Z,,,n-hv3-u00545,
hv3-e000262,hv3-u00082,task_first,hv3:main:50,paid_social,refunded,2026-08-23T03:53:18.019Z,10.00,XTS,,
hv3-e002976,hv3-u00852,task_first,hv3:main:50,organic_search,assigned,2026-08-23T04:23:54.896Z,,,,
hv3-e001387,hv3-u00389,task_first,hv3:main:50,paid_social,paid,2026-08-23T05:37:46.016Z,10.00,XTS,,
hv3-e003424,hv3-u00991,baseline,hv3:main:50,organic_search,revisited,2026-08-23T05:44:46.104Z,,,n-hv3-u00991,
hv3-e000893,hv3-u00252,task_first,hv3:main:50,app_store,assigned,2026-08-23T05:46:39.712Z,,,,
hv3-e003425,hv3-u00991,baseline,hv3:main:50,organic_search,task_completed,2026-08-23T05:49:46.104Z,,,n-hv3-u00991,t-hv3-u00991-1
hv3-e001830,hv3-u00522,task_first,hv3:main:50,organic_search,assigned,2026-08-23T05:49:54.090Z,,,,
hv3-e000205,hv3-u00065,task_first,hv3:main:50,organic_search,trial_started,2026-08-23T05:50:23.369Z,,,,
hv3-e000894,hv3-u00252,task_first,hv3:main:50,app_store,note_saved,2026-08-23T05:50:39.712Z,,,n-hv3-u00252,
hv3-e001380,hv3-u00388,baseline,hv3:main:50,organic_search,trial_started,2026-08-23T05:51:28.902Z,,,,
hv3-e001644,hv3-u00464,baseline,hv3:main:50,paid_social,assigned,2026-08-23T06:25:13.187Z,,,,
hv3-e001645,hv3-u00464,baseline,hv3:main:50,paid_social,note_saved,2026-08-23T06:29:13.187Z,,,n-hv3-u00464,
hv3-e001652,hv3-u00467,baseline,hv3:main:50,organic_search,assigned,2026-08-23T06:59:51.136Z,,,,
hv3-e000389,hv3-u00121,task_first,hv3:main:50,paid_social,assigned,2026-08-23T07:03:34.514Z,,,,
hv3-e001653,hv3-u00467,baseline,hv3:main:50,organic_search,note_saved,2026-08-23T07:03:51.136Z,,,n-hv3-u00467,
hv3-e003777,hv3-u01090,task_first,hv3:main:50,referral,assigned,2026-08-23T07:07:21.810Z,,,,
hv3-e003778,hv3-u01090,task_first,hv3:main:50,referral,note_saved,2026-08-23T07:11:21.810Z,,,n-hv3-u01090,
hv3-e003141,hv3-u00905,baseline,hv3:main:50,referral,assigned,2026-08-23T07:16:24.365Z,,,,
hv3-e001245,hv3-u00351,baseline,hv3:main:50,organic_search,paid,2026-08-23T07:17:22.649Z,10.00,XTS,,
hv3-e003142,hv3-u00905,baseline,hv3:main:50,referral,note_saved,2026-08-23T07:20:24.365Z,,,n-hv3-u00905,
hv3-e003367,hv3-u00972,baseline,hv3:main:50,paid_social,assigned,2026-08-23T07:25:06.313Z,,,,
hv3-e003368,hv3-u00972,baseline,hv3:main:50,paid_social,note_saved,2026-08-23T07:29:06.313Z,,,n-hv3-u00972,
hv3-e000946,hv3-u00268,task_first,hv3:main:50,paid_social,revisited,2026-08-23T07:33:25.564Z,,,n-hv3-u00268,
hv3-e002906,hv3-u00835,task_first,hv3:main:50,organic_search,assigned,2026-08-23T07:38:46.850Z,,,,
hv3-e002907,hv3-u00835,task_first,hv3:main:50,organic_search,note_saved,2026-08-23T07:42:46.850Z,,,n-hv3-u00835,
hv3-e002908,hv3-u00835,task_first,hv3:main:50,organic_search,task_created,2026-08-23T07:44:46.850Z,,,n-hv3-u00835,t-hv3-u00835-1
hv3-e002909,hv3-u00835,task_first,hv3:main:50,organic_search,task_created,2026-08-23T07:45:46.850Z,,,n-hv3-u00835,t-hv3-u00835-2
hv3-e000217,hv3-u00069,task_first,hv3:main:50,paid_social,assigned,2026-08-23T08:24:27.588Z,,,,
hv3-e001756,hv3-u00500,baseline,hv3:main:50,paid_social,assigned,2026-08-23T08:32:11.049Z,,,,
hv3-e000541,hv3-u00160,task_first,hv3:main:50,paid_social,assigned,2026-08-23T08:34:25.428Z,,,,
hv3-e001757,hv3-u00500,baseline,hv3:main:50,paid_social,note_saved,2026-08-23T08:36:11.049Z,,,n-hv3-u00500,
hv3-e001758,hv3-u00500,baseline,hv3:main:50,paid_social,task_created,2026-08-23T08:38:11.049Z,,,n-hv3-u00500,t-hv3-u00500-1
hv3-e000542,hv3-u00160,task_first,hv3:main:50,paid_social,note_saved,2026-08-23T08:38:25.428Z,,,n-hv3-u00160,
hv3-e001759,hv3-u00500,baseline,hv3:main:50,paid_social,task_created,2026-08-23T08:39:11.049Z,,,n-hv3-u00500,t-hv3-u00500-2
hv3-e001760,hv3-u00500,baseline,hv3:main:50,paid_social,task_created,2026-08-23T08:40:11.049Z,,,n-hv3-u00500,t-hv3-u00500-3
hv3-e000543,hv3-u00160,task_first,hv3:main:50,paid_social,task_created,2026-08-23T08:40:25.428Z,,,n-hv3-u00160,t-hv3-u00160-1
hv3-e000544,hv3-u00160,task_first,hv3:main:50,paid_social,task_created,2026-08-23T08:41:25.428Z,,,n-hv3-u00160,t-hv3-u00160-2
hv3-e000545,hv3-u00160,task_first,hv3:main:50,paid_social,task_created,2026-08-23T08:42:25.428Z,,,n-hv3-u00160,t-hv3-u00160-3
hv3-e001582,hv3-u00446,baseline,hv3:main:50,organic_search,trial_started,2026-08-23T10:07:52.193Z,,,,
hv3-e002541,hv3-u00729,task_first,hv3:main:50,paid_social,assigned,2026-08-23T10:38:37.195Z,,,,
hv3-e002542,hv3-u00729,task_first,hv3:main:50,paid_social,note_saved,2026-08-23T10:42:37.195Z,,,n-hv3-u00729,
hv3-e003304,hv3-u00951,task_first,hv3:main:50,app_store,assigned,2026-08-23T10:47:34.545Z,,,,
hv3-e001990,hv3-u00567,task_first,hv3:main:50,app_store,trial_started,2026-08-23T11:01:32.640Z,,,,
hv3-e000130,hv3-u00040,baseline,hv3:main:50,organic_search,assigned,2026-08-23T11:21:10.453Z,,,,
hv3-e000131,hv3-u00040,baseline,hv3:main:50,organic_search,note_saved,2026-08-23T11:25:10.453Z,,,n-hv3-u00040,
hv3-e000132,hv3-u00040,baseline,hv3:main:50,organic_search,task_created,2026-08-23T11:27:10.453Z,,,n-hv3-u00040,t-hv3-u00040-1
hv3-e000133,hv3-u00040,baseline,hv3:main:50,organic_search,task_created,2026-08-23T11:28:10.453Z,,,n-hv3-u00040,t-hv3-u00040-2
hv3-e000134,hv3-u00040,baseline,hv3:main:50,organic_search,task_created,2026-08-23T11:29:10.453Z,,,n-hv3-u00040,t-hv3-u00040-3
hv3-e003467,hv3-u01003,task_first,hv3:main:50,referral,assigned,2026-08-23T11:37:27.078Z,,,,
hv3-e003468,hv3-u01003,task_first,hv3:main:50,referral,note_saved,2026-08-23T11:41:27.078Z,,,n-hv3-u01003,
hv3-e000033,hv3-u00012,task_first,hv3:main:50,paid_social,assigned,2026-08-23T11:53:00.440Z,,,,
hv3-e000234,hv3-u00076,task_first,hv3:main:50,app_store,assigned,2026-08-23T12:00:31.936Z,,,,
hv3-e000235,hv3-u00076,task_first,hv3:main:50,app_store,note_saved,2026-08-23T12:04:31.936Z,,,n-hv3-u00076,
hv3-e000236,hv3-u00076,task_first,hv3:main:50,app_store,task_created,2026-08-23T12:06:31.936Z,,,n-hv3-u00076,t-hv3-u00076-1
hv3-e000237,hv3-u00076,task_first,hv3:main:50,app_store,task_created,2026-08-23T12:07:31.936Z,,,n-hv3-u00076,t-hv3-u00076-2
hv3-e000467,hv3-u00139,baseline,hv3:main:50,referral,assigned,2026-08-23T12:25:51.147Z,,,,
hv3-e000468,hv3-u00139,baseline,hv3:main:50,referral,note_saved,2026-08-23T12:29:51.147Z,,,n-hv3-u00139,
hv3-e000469,hv3-u00139,baseline,hv3:main:50,referral,task_created,2026-08-23T12:31:51.147Z,,,n-hv3-u00139,t-hv3-u00139-1
hv3-e000470,hv3-u00139,baseline,hv3:main:50,referral,task_created,2026-08-23T12:32:51.147Z,,,n-hv3-u00139,t-hv3-u00139-2
hv3-e003616,hv3-u01046,task_first,hv3:main:50,paid_social,revisited,2026-08-23T13:01:37.609Z,,,n-hv3-u01046,
hv3-e003130,hv3-u00903,baseline,hv3:main:50,app_store,assigned,2026-08-23T13:09:12.949Z,,,,
hv3-e000903,hv3-u00256,task_first,hv3:main:50,organic_search,assigned,2026-08-23T13:12:58.317Z,,,,
hv3-e003131,hv3-u00903,baseline,hv3:main:50,app_store,note_saved,2026-08-23T13:13:12.949Z,,,n-hv3-u00903,
hv3-e003132,hv3-u00903,baseline,hv3:main:50,app_store,task_created,2026-08-23T13:15:12.949Z,,,n-hv3-u00903,t-hv3-u00903-1
hv3-e003133,hv3-u00903,baseline,hv3:main:50,app_store,task_created,2026-08-23T13:16:12.949Z,,,n-hv3-u00903,t-hv3-u00903-2
hv3-e000904,hv3-u00256,task_first,hv3:main:50,organic_search,note_saved,2026-08-23T13:16:58.317Z,,,n-hv3-u00256,
hv3-e003134,hv3-u00903,baseline,hv3:main:50,app_store,task_created,2026-08-23T13:17:12.949Z,,,n-hv3-u00903,t-hv3-u00903-3
hv3-e000905,hv3-u00256,task_first,hv3:main:50,organic_search,task_created,2026-08-23T13:18:58.317Z,,,n-hv3-u00256,t-hv3-u00256-1
hv3-e000906,hv3-u00256,task_first,hv3:main:50,organic_search,task_created,2026-08-23T13:19:58.317Z,,,n-hv3-u00256,t-hv3-u00256-2
hv3-e000907,hv3-u00256,task_first,hv3:main:50,organic_search,task_created,2026-08-23T13:20:58.317Z,,,n-hv3-u00256,t-hv3-u00256-3
hv3-e003662,hv3-u01060,baseline,hv3:main:50,paid_social,paid,2026-08-23T13:23:44.184Z,10.00,XTS,,
hv3-e002141,hv3-u00613,baseline,hv3:main:50,paid_social,assigned,2026-08-23T13:32:28.202Z,,,,
hv3-e002142,hv3-u00613,baseline,hv3:main:50,paid_social,note_saved,2026-08-23T13:36:28.202Z,,,n-hv3-u00613,
hv3-e002143,hv3-u00613,baseline,hv3:main:50,paid_social,task_created,2026-08-23T13:38:28.202Z,,,n-hv3-u00613,t-hv3-u00613-1
hv3-e002144,hv3-u00613,baseline,hv3:main:50,paid_social,task_created,2026-08-23T13:39:28.202Z,,,n-hv3-u00613,t-hv3-u00613-2
hv3-e002145,hv3-u00613,baseline,hv3:main:50,paid_social,task_created,2026-08-23T13:40:28.202Z,,,n-hv3-u00613,t-hv3-u00613-3
hv3-e002107,hv3-u00602,baseline,hv3:main:50,paid_social,revisited,2026-08-23T13:52:05.090Z,,,n-hv3-u00602,
hv3-e002108,hv3-u00602,baseline,hv3:main:50,paid_social,task_completed,2026-08-23T13:57:05.090Z,,,n-hv3-u00602,t-hv3-u00602-1
hv3-e001411,hv3-u00398,task_first,hv3:main:50,paid_social,paid,2026-08-23T14:07:00.829Z,10.00,XTS,,
hv3-e001099,hv3-u00311,task_first,hv3:main:50,paid_social,assigned,2026-08-23T14:12:03.120Z,,,,
hv3-e000005,hv3-u00002,task_first,hv3:main:50,app_store,assigned,2026-08-23T14:13:12.546Z,,,,
hv3-e000996,hv3-u00281,baseline,hv3:main:50,app_store,revisited,2026-08-23T14:16:01.943Z,,,n-hv3-u00281,
hv3-e000006,hv3-u00002,task_first,hv3:main:50,app_store,note_saved,2026-08-23T14:17:12.546Z,,,n-hv3-u00002,
hv3-e002021,hv3-u00578,task_first,hv3:main:50,organic_search,revisited,2026-08-23T14:39:28.746Z,,,n-hv3-u00578,
hv3-e002851,hv3-u00820,baseline,hv3:main:50,organic_search,assigned,2026-08-23T14:48:11.025Z,,,,
hv3-e002852,hv3-u00820,baseline,hv3:main:50,organic_search,note_saved,2026-08-23T14:52:11.025Z,,,n-hv3-u00820,
hv3-e002853,hv3-u00820,baseline,hv3:main:50,organic_search,task_created,2026-08-23T14:54:11.025Z,,,n-hv3-u00820,t-hv3-u00820-1
hv3-e002854,hv3-u00820,baseline,hv3:main:50,organic_search,task_created,2026-08-23T14:55:11.025Z,,,n-hv3-u00820,t-hv3-u00820-2
hv3-e000499,hv3-u00147,baseline,hv3:main:50,organic_search,trial_started,2026-08-23T15:01:14.768Z,,,,
hv3-e000145,hv3-u00044,task_first,hv3:main:50,organic_search,assigned,2026-08-23T15:31:00.643Z,,,,
hv3-e002716,hv3-u00782,baseline,hv3:main:50,app_store,assigned,2026-08-23T15:31:54.758Z,,,,
hv3-e000146,hv3-u00044,task_first,hv3:main:50,organic_search,note_saved,2026-08-23T15:35:00.643Z,,,n-hv3-u00044,
hv3-e002717,hv3-u00782,baseline,hv3:main:50,app_store,note_saved,2026-08-23T15:35:54.758Z,,,n-hv3-u00782,
hv3-e000147,hv3-u00044,task_first,hv3:main:50,organic_search,task_created,2026-08-23T15:37:00.643Z,,,n-hv3-u00044,t-hv3-u00044-1
hv3-e003725,hv3-u01079,task_first,hv3:main:50,organic_search,assigned,2026-08-23T15:41:51.419Z,,,,
hv3-e002276,hv3-u00652,baseline,hv3:main:50,organic_search,revisited,2026-08-23T15:48:25.290Z,,,n-hv3-u00652,
hv3-e002036,hv3-u00582,task_first,hv3:main:50,referral,paid,2026-08-23T16:13:04.882Z,10.00,XTS,,
hv3-e001485,hv3-u00418,task_first,hv3:main:50,paid_social,assigned,2026-08-23T16:30:22.277Z,,,,
hv3-e003237,hv3-u00930,baseline,hv3:main:50,paid_social,assigned,2026-08-23T16:30:46.698Z,,,,
hv3-e001486,hv3-u00418,task_first,hv3:main:50,paid_social,note_saved,2026-08-23T16:34:22.277Z,,,n-hv3-u00418,
hv3-e002916,hv3-u00838,task_first,hv3:main:50,app_store,revisited,2026-08-23T16:52:07.196Z,,,n-hv3-u00838,
hv3-e002081,hv3-u00595,task_first,hv3:main:50,referral,assigned,2026-08-23T17:04:59.203Z,,,,
hv3-e002082,hv3-u00595,task_first,hv3:main:50,referral,note_saved,2026-08-23T17:08:59.203Z,,,n-hv3-u00595,
hv3-e002083,hv3-u00595,task_first,hv3:main:50,referral,task_created,2026-08-23T17:10:59.203Z,,,n-hv3-u00595,t-hv3-u00595-1
hv3-e002084,hv3-u00595,task_first,hv3:main:50,referral,task_created,2026-08-23T17:11:59.203Z,,,n-hv3-u00595,t-hv3-u00595-2
hv3-e002085,hv3-u00595,task_first,hv3:main:50,referral,task_created,2026-08-23T17:12:59.203Z,,,n-hv3-u00595,t-hv3-u00595-3
hv3-e001432,hv3-u00405,task_first,hv3:main:50,app_store,assigned,2026-08-23T17:27:01.173Z,,,,
hv3-e001433,hv3-u00405,task_first,hv3:main:50,app_store,note_saved,2026-08-23T17:31:01.173Z,,,n-hv3-u00405,
hv3-e001255,hv3-u00354,task_first,hv3:main:50,app_store,assigned,2026-08-23T17:33:09.848Z,,,,
hv3-e001256,hv3-u00354,task_first,hv3:main:50,app_store,note_saved,2026-08-23T17:37:09.848Z,,,n-hv3-u00354,
hv3-e001257,hv3-u00354,task_first,hv3:main:50,app_store,task_created,2026-08-23T17:39:09.848Z,,,n-hv3-u00354,t-hv3-u00354-1
hv3-e001258,hv3-u00354,task_first,hv3:main:50,app_store,task_created,2026-08-23T17:40:09.848Z,,,n-hv3-u00354,t-hv3-u00354-2
hv3-e001259,hv3-u00354,task_first,hv3:main:50,app_store,task_created,2026-08-23T17:41:09.848Z,,,n-hv3-u00354,t-hv3-u00354-3
hv3-e000160,hv3-u00050,task_first,hv3:main:50,paid_social,assigned,2026-08-23T17:43:22.586Z,,,,
hv3-e000668,hv3-u00194,task_first,hv3:main:50,paid_social,refunded,2026-08-23T17:45:10.403Z,10.00,XTS,,
hv3-e000161,hv3-u00050,task_first,hv3:main:50,paid_social,note_saved,2026-08-23T17:47:22.586Z,,,n-hv3-u00050,
hv3-e000290,hv3-u00090,task_first,hv3:main:50,app_store,assigned,2026-08-23T17:48:58.820Z,,,,
hv3-e000291,hv3-u00090,task_first,hv3:main:50,app_store,note_saved,2026-08-23T17:52:58.820Z,,,n-hv3-u00090,
hv3-e000292,hv3-u00090,task_first,hv3:main:50,app_store,task_created,2026-08-23T17:54:58.820Z,,,n-hv3-u00090,t-hv3-u00090-1
hv3-e000293,hv3-u00090,task_first,hv3:main:50,app_store,task_created,2026-08-23T17:55:58.820Z,,,n-hv3-u00090,t-hv3-u00090-2
hv3-e000294,hv3-u00090,task_first,hv3:main:50,app_store,task_created,2026-08-23T17:56:58.820Z,,,n-hv3-u00090,t-hv3-u00090-3
hv3-e002122,hv3-u00606,baseline,hv3:main:50,paid_social,assigned,2026-08-23T18:16:29.856Z,,,,
hv3-e002123,hv3-u00606,baseline,hv3:main:50,paid_social,note_saved,2026-08-23T18:20:29.856Z,,,n-hv3-u00606,
hv3-e001577,hv3-u00445,baseline,hv3:main:50,organic_search,assigned,2026-08-23T18:44:41.099Z,,,,
hv3-e001578,hv3-u00445,baseline,hv3:main:50,organic_search,note_saved,2026-08-23T18:48:41.099Z,,,n-hv3-u00445,
hv3-e000581,hv3-u00168,baseline,hv3:main:50,paid_social,revisited,2026-08-23T19:14:02.580Z,,,n-hv3-u00168,
hv3-e000655,hv3-u00190,baseline,hv3:main:50,referral,revisited,2026-08-23T19:17:14.829Z,,,n-hv3-u00190,
hv3-e000097,hv3-u00028,baseline,hv3:main:50,paid_social,revisited,2026-08-23T19:50:26.708Z,,,n-hv3-u00028,
hv3-e000098,hv3-u00028,baseline,hv3:main:50,paid_social,task_completed,2026-08-23T19:55:26.708Z,,,n-hv3-u00028,t-hv3-u00028-1
hv3-e002992,hv3-u00856,task_first,hv3:main:50,paid_social,cancelled,2026-08-23T20:05:18.217Z,,,,
hv3-e001302,hv3-u00369,baseline,hv3:main:50,app_store,assigned,2026-08-23T20:19:26.354Z,,,,
hv3-e002148,hv3-u00615,baseline,hv3:main:50,paid_social,assigned,2026-08-23T20:28:28.415Z,,,,
hv3-e003121,hv3-u00900,task_first,hv3:main:50,organic_search,assigned,2026-08-23T20:30:49.255Z,,,,
hv3-e002149,hv3-u00615,baseline,hv3:main:50,paid_social,note_saved,2026-08-23T20:32:28.415Z,,,n-hv3-u00615,
hv3-e002150,hv3-u00615,baseline,hv3:main:50,paid_social,task_created,2026-08-23T20:34:28.415Z,,,n-hv3-u00615,t-hv3-u00615-1
hv3-e003122,hv3-u00900,task_first,hv3:main:50,organic_search,note_saved,2026-08-23T20:34:49.255Z,,,n-hv3-u00900,
hv3-e002151,hv3-u00615,baseline,hv3:main:50,paid_social,task_created,2026-08-23T20:35:28.415Z,,,n-hv3-u00615,t-hv3-u00615-2
hv3-e002252,hv3-u00646,baseline,hv3:main:50,referral,assigned,2026-08-23T20:51:36.472Z,,,,
hv3-e002253,hv3-u00646,baseline,hv3:main:50,referral,note_saved,2026-08-23T20:55:36.472Z,,,n-hv3-u00646,
hv3-e001034,hv3-u00293,task_first,hv3:main:50,app_store,assigned,2026-08-23T21:59:17.288Z,,,,
hv3-e001729,hv3-u00492,baseline,hv3:main:50,app_store,revisited,2026-08-23T21:59:52.301Z,,,n-hv3-u00492,
hv3-e001399,hv3-u00395,task_first,hv3:main:50,paid_social,assigned,2026-08-23T22:06:09.332Z,,,,
hv3-e001400,hv3-u00395,task_first,hv3:main:50,paid_social,note_saved,2026-08-23T22:10:09.332Z,,,n-hv3-u00395,
hv3-e000706,hv3-u00205,baseline,hv3:main:50,app_store,refunded,2026-08-23T22:39:14.392Z,10.00,XTS,,
hv3-e001129,hv3-u00320,baseline,hv3:main:50,app_store,assigned,2026-08-23T23:02:03.963Z,,,,
hv3-e000845,hv3-u00239,task_first,hv3:main:50,referral,assigned,2026-08-23T23:03:10.062Z,,,,
hv3-e000846,hv3-u00239,task_first,hv3:main:50,referral,note_saved,2026-08-23T23:07:10.062Z,,,n-hv3-u00239,
hv3-e000847,hv3-u00239,task_first,hv3:main:50,referral,task_created,2026-08-23T23:09:10.062Z,,,n-hv3-u00239,t-hv3-u00239-1
hv3-e000848,hv3-u00239,task_first,hv3:main:50,referral,task_created,2026-08-23T23:10:10.062Z,,,n-hv3-u00239,t-hv3-u00239-2
hv3-e000849,hv3-u00239,task_first,hv3:main:50,referral,task_created,2026-08-23T23:11:10.062Z,,,n-hv3-u00239,t-hv3-u00239-3
hv3-e001280,hv3-u00363,task_first,hv3:main:50,app_store,assigned,2026-08-23T23:40:56.282Z,,,,
hv3-e001281,hv3-u00363,task_first,hv3:main:50,app_store,note_saved,2026-08-23T23:44:56.282Z,,,n-hv3-u00363,
hv3-e001282,hv3-u00363,task_first,hv3:main:50,app_store,task_created,2026-08-23T23:46:56.282Z,,,n-hv3-u00363,t-hv3-u00363-1
hv3-e001283,hv3-u00363,task_first,hv3:main:50,app_store,task_created,2026-08-23T23:47:56.282Z,,,n-hv3-u00363,t-hv3-u00363-2
hv3-e002461,hv3-u00707,baseline,hv3:main:50,paid_social,revisited,2026-08-23T23:50:07.592Z,,,n-hv3-u00707,
hv3-e002683,hv3-u00772,task_first,hv3:main:50,organic_search,assigned,2026-08-24T00:27:10.419Z,,,,
hv3-e002684,hv3-u00772,task_first,hv3:main:50,organic_search,note_saved,2026-08-24T00:31:10.419Z,,,n-hv3-u00772,
hv3-e002685,hv3-u00772,task_first,hv3:main:50,organic_search,task_created,2026-08-24T00:33:10.419Z,,,n-hv3-u00772,t-hv3-u00772-1
hv3-e002528,hv3-u00723,task_first,hv3:main:50,app_store,revisited,2026-08-24T00:34:05.968Z,,,n-hv3-u00723,
hv3-e002686,hv3-u00772,task_first,hv3:main:50,organic_search,task_created,2026-08-24T00:34:10.419Z,,,n-hv3-u00772,t-hv3-u00772-2
hv3-e002173,hv3-u00621,baseline,hv3:main:50,paid_social,paid,2026-08-24T00:39:28.971Z,10.00,XTS,,
hv3-e000959,hv3-u00270,task_first,hv3:main:50,app_store,assigned,2026-08-24T00:40:54.869Z,,,,
hv3-e003339,hv3-u00964,baseline,hv3:main:50,referral,assigned,2026-08-24T00:43:38.779Z,,,,
hv3-e000960,hv3-u00270,task_first,hv3:main:50,app_store,note_saved,2026-08-24T00:44:54.869Z,,,n-hv3-u00270,
hv3-e003340,hv3-u00964,baseline,hv3:main:50,referral,note_saved,2026-08-24T00:47:38.779Z,,,n-hv3-u00964,
hv3-e002209,hv3-u00632,task_first,hv3:main:50,paid_social,assigned,2026-08-24T00:53:34.812Z,,,,
hv3-e002210,hv3-u00632,task_first,hv3:main:50,paid_social,note_saved,2026-08-24T00:57:34.812Z,,,n-hv3-u00632,
hv3-e001669,hv3-u00473,baseline,hv3:main:50,app_store,assigned,2026-08-24T01:09:46.105Z,,,,
hv3-e001670,hv3-u00473,baseline,hv3:main:50,app_store,note_saved,2026-08-24T01:13:46.105Z,,,n-hv3-u00473,
hv3-e001671,hv3-u00473,baseline,hv3:main:50,app_store,task_created,2026-08-24T01:15:46.105Z,,,n-hv3-u00473,t-hv3-u00473-1
hv3-e003754,hv3-u01085,task_first,hv3:main:50,organic_search,revisited,2026-08-24T01:24:45.331Z,,,n-hv3-u01085,
hv3-e001903,hv3-u00544,baseline,hv3:main:50,paid_social,assigned,2026-08-24T01:26:18.415Z,,,,
hv3-e000604,hv3-u00174,task_first,hv3:main:50,app_store,assigned,2026-08-24T01:29:05.710Z,,,,
hv3-e001904,hv3-u00544,baseline,hv3:main:50,paid_social,note_saved,2026-08-24T01:30:18.415Z,,,n-hv3-u00544,
hv3-e001905,hv3-u00544,baseline,hv3:main:50,paid_social,task_created,2026-08-24T01:32:18.415Z,,,n-hv3-u00544,t-hv3-u00544-1
hv3-e001906,hv3-u00544,baseline,hv3:main:50,paid_social,task_created,2026-08-24T01:33:18.415Z,,,n-hv3-u00544,t-hv3-u00544-2
hv3-e000072,hv3-u00022,baseline,hv3:main:50,organic_search,assigned,2026-08-24T01:47:01.789Z,,,,
hv3-e000073,hv3-u00022,baseline,hv3:main:50,organic_search,note_saved,2026-08-24T01:51:01.789Z,,,n-hv3-u00022,
hv3-e003452,hv3-u00997,task_first,hv3:main:50,referral,revisited,2026-08-24T02:07:16.427Z,,,n-hv3-u00997,
hv3-e000142,hv3-u00043,task_first,hv3:main:50,app_store,assigned,2026-08-24T02:29:46.281Z,,,,
hv3-e001018,hv3-u00288,task_first,hv3:main:50,paid_social,assigned,2026-08-24T02:31:58.650Z,,,,
hv3-e000143,hv3-u00043,task_first,hv3:main:50,app_store,note_saved,2026-08-24T02:33:46.281Z,,,n-hv3-u00043,
hv3-e000521,hv3-u00154,task_first,hv3:main:50,organic_search,revisited,2026-08-24T02:35:43.424Z,,,n-hv3-u00154,
hv3-e001019,hv3-u00288,task_first,hv3:main:50,paid_social,note_saved,2026-08-24T02:35:58.650Z,,,n-hv3-u00288,
hv3-e003665,hv3-u01062,baseline,hv3:main:50,app_store,assigned,2026-08-24T02:54:17.314Z,,,,
hv3-e003666,hv3-u01062,baseline,hv3:main:50,app_store,note_saved,2026-08-24T02:58:17.314Z,,,n-hv3-u01062,
hv3-e003667,hv3-u01062,baseline,hv3:main:50,app_store,task_created,2026-08-24T03:00:17.314Z,,,n-hv3-u01062,t-hv3-u01062-1
hv3-e003668,hv3-u01062,baseline,hv3:main:50,app_store,task_created,2026-08-24T03:01:17.314Z,,,n-hv3-u01062,t-hv3-u01062-2
hv3-e003669,hv3-u01062,baseline,hv3:main:50,app_store,task_created,2026-08-24T03:02:17.314Z,,,n-hv3-u01062,t-hv3-u01062-3
hv3-e001675,hv3-u00474,task_first,hv3:main:50,app_store,paid,2026-08-24T03:48:46.683Z,10.00,XTS,,
hv3-e000263,hv3-u00082,task_first,hv3:main:50,paid_social,cancelled,2026-08-24T03:53:18.019Z,,,,
hv3-e003391,hv3-u00983,baseline,hv3:main:50,paid_social,assigned,2026-08-24T04:14:12.982Z,,,,
hv3-e003392,hv3-u00983,baseline,hv3:main:50,paid_social,note_saved,2026-08-24T04:18:12.982Z,,,n-hv3-u00983,
hv3-e001272,hv3-u00360,task_first,hv3:main:50,referral,assigned,2026-08-24T04:27:54.023Z,,,,
hv3-e000982,hv3-u00276,baseline,hv3:main:50,app_store,assigned,2026-08-24T04:31:27.870Z,,,,
hv3-e001273,hv3-u00360,task_first,hv3:main:50,referral,note_saved,2026-08-24T04:31:54.023Z,,,n-hv3-u00360,
hv3-e001274,hv3-u00360,task_first,hv3:main:50,referral,task_created,2026-08-24T04:33:54.023Z,,,n-hv3-u00360,t-hv3-u00360-1
hv3-e000983,hv3-u00276,baseline,hv3:main:50,app_store,note_saved,2026-08-24T04:35:27.870Z,,,n-hv3-u00276,
hv3-e002239,hv3-u00642,baseline,hv3:main:50,paid_social,assigned,2026-08-24T05:11:59.034Z,,,,
hv3-e002240,hv3-u00642,baseline,hv3:main:50,paid_social,note_saved,2026-08-24T05:15:59.034Z,,,n-hv3-u00642,
hv3-e002215,hv3-u00633,task_first,hv3:main:50,organic_search,paid,2026-08-24T05:23:29.626Z,10.00,XTS,,
hv3-e000931,hv3-u00263,task_first,hv3:main:50,organic_search,revisited,2026-08-24T05:27:53.601Z,,,n-hv3-u00263,
hv3-e000932,hv3-u00263,task_first,hv3:main:50,organic_search,task_completed,2026-08-24T05:32:53.601Z,,,n-hv3-u00263,t-hv3-u00263-1
hv3-e003613,hv3-u01045,baseline,hv3:main:50,referral,revisited,2026-08-24T05:53:34.159Z,,,n-hv3-u01045,
hv3-e001098,hv3-u00310,task_first,hv3:main:50,referral,assigned,2026-08-24T05:56:11.294Z,,,,
hv3-e002930,hv3-u00842,baseline,hv3:main:50,organic_search,assigned,2026-08-24T06:03:11.066Z,,,,
hv3-e002931,hv3-u00842,baseline,hv3:main:50,organic_search,note_saved,2026-08-24T06:07:11.066Z,,,n-hv3-u00842,
hv3-e002932,hv3-u00842,baseline,hv3:main:50,organic_search,task_created,2026-08-24T06:09:11.066Z,,,n-hv3-u00842,t-hv3-u00842-1
hv3-e002933,hv3-u00842,baseline,hv3:main:50,organic_search,task_created,2026-08-24T06:10:11.066Z,,,n-hv3-u00842,t-hv3-u00842-2
hv3-e003723,hv3-u01078,baseline,hv3:main:50,app_store,assigned,2026-08-24T06:25:41.874Z,,,,
hv3-e000664,hv3-u00193,task_first,hv3:main:50,paid_social,trial_started,2026-08-24T06:53:50.562Z,,,,
hv3-e003633,hv3-u01052,task_first,hv3:main:50,organic_search,assigned,2026-08-24T07:10:04.342Z,,,,
hv3-e000026,hv3-u00010,baseline,hv3:main:50,app_store,assigned,2026-08-24T07:11:13.565Z,,,,
hv3-e003634,hv3-u01052,task_first,hv3:main:50,organic_search,note_saved,2026-08-24T07:14:04.342Z,,,n-hv3-u01052,
hv3-e000027,hv3-u00010,baseline,hv3:main:50,app_store,note_saved,2026-08-24T07:15:13.565Z,,,n-hv3-u00010,
hv3-e003635,hv3-u01052,task_first,hv3:main:50,organic_search,task_created,2026-08-24T07:16:04.342Z,,,n-hv3-u01052,t-hv3-u01052-1
hv3-e002030,hv3-u00581,baseline,hv3:main:50,organic_search,assigned,2026-08-24T07:24:12.695Z,,,,
hv3-e002031,hv3-u00581,baseline,hv3:main:50,organic_search,note_saved,2026-08-24T07:28:12.695Z,,,n-hv3-u00581,
hv3-e000536,hv3-u00159,baseline,hv3:main:50,paid_social,assigned,2026-08-24T07:37:00.570Z,,,,
hv3-e000537,hv3-u00159,baseline,hv3:main:50,paid_social,note_saved,2026-08-24T07:41:00.570Z,,,n-hv3-u00159,
hv3-e000538,hv3-u00159,baseline,hv3:main:50,paid_social,task_created,2026-08-24T07:43:00.570Z,,,n-hv3-u00159,t-hv3-u00159-1
hv3-e001733,hv3-u00493,task_first,hv3:main:50,organic_search,paid,2026-08-24T08:21:03.093Z,10.00,XTS,,
hv3-e000169,hv3-u00053,baseline,hv3:main:50,app_store,assigned,2026-08-24T08:39:49.370Z,,,,
hv3-e000639,hv3-u00186,task_first,hv3:main:50,organic_search,revisited,2026-08-24T09:05:34.871Z,,,n-hv3-u00186,
hv3-e001989,hv3-u00567,task_first,hv3:main:50,app_store,revisited,2026-08-24T10:01:32.640Z,,,n-hv3-u00567,
hv3-e001015,hv3-u00286,baseline,hv3:main:50,paid_social,revisited,2026-08-24T10:05:26.816Z,,,n-hv3-u00286,
hv3-e001016,hv3-u00286,baseline,hv3:main:50,paid_social,task_completed,2026-08-24T10:10:26.816Z,,,n-hv3-u00286,t-hv3-u00286-1
hv3-e001184,hv3-u00337,baseline,hv3:main:50,organic_search,trial_started,2026-08-24T10:16:24.919Z,,,,
hv3-e002756,hv3-u00793,task_first,hv3:main:50,referral,trial_started,2026-08-24T10:26:57.956Z,,,,
hv3-e001999,hv3-u00570,baseline,hv3:main:50,paid_social,paid,2026-08-24T10:28:38.896Z,10.00,XTS,,
hv3-e000681,hv3-u00199,task_first,hv3:main:50,organic_search,revisited,2026-08-24T10:32:23.991Z,,,n-hv3-u00199,
hv3-e002821,hv3-u00813,baseline,hv3:main:50,paid_social,trial_started,2026-08-24T10:59:51.163Z,,,,
hv3-e002562,hv3-u00738,baseline,hv3:main:50,organic_search,revisited,2026-08-24T11:04:30.703Z,,,n-hv3-u00738,
hv3-e001076,hv3-u00304,baseline,hv3:main:50,referral,cancelled,2026-08-24T11:10:38.590Z,,,,
hv3-e002333,hv3-u00670,task_first,hv3:main:50,organic_search,revisited,2026-08-24T12:34:09.024Z,,,n-hv3-u00670,
hv3-e000034,hv3-u00012,task_first,hv3:main:50,paid_social,trial_started,2026-08-24T12:53:00.440Z,,,,
hv3-e000830,hv3-u00236,baseline,hv3:main:50,referral,paid,2026-08-24T14:58:34.926Z,10.00,XTS,,
hv3-e000148,hv3-u00044,task_first,hv3:main:50,organic_search,revisited,2026-08-24T15:31:00.643Z,,,n-hv3-u00044,
hv3-e000814,hv3-u00233,task_first,hv3:main:50,app_store,revisited,2026-08-24T16:05:14.374Z,,,n-hv3-u00233,
hv3-e000162,hv3-u00050,task_first,hv3:main:50,paid_social,trial_started,2026-08-24T18:43:22.586Z,,,,
hv3-e000086,hv3-u00026,task_first,hv3:main:50,organic_search,paid,2026-08-24T19:21:06.871Z,10.00,XTS,,
hv3-e003285,hv3-u00946,task_first,hv3:main:50,referral,revisited,2026-08-24T20:40:24.882Z,,,n-hv3-u00946,
hv3-e001037,hv3-u00294,baseline,hv3:main:50,app_store,trial_started,2026-08-24T21:15:23.474Z,,,,
hv3-e000192,hv3-u00061,baseline,hv3:main:50,app_store,revisited,2026-08-24T21:43:14.301Z,,,n-hv3-u00061,
hv3-e003232,hv3-u00928,task_first,hv3:main:50,app_store,revisited,2026-08-24T22:13:59.704Z,,,n-hv3-u00928,
hv3-e002398,hv3-u00687,task_first,hv3:main:50,referral,revisited,2026-08-24T23:03:21.624Z,,,n-hv3-u00687,
hv3-e003521,hv3-u01019,task_first,hv3:main:50,app_store,refunded,2026-08-24T23:06:42.501Z,10.00,XTS,,
hv3-e000556,hv3-u00162,baseline,hv3:main:50,paid_social,revisited,2026-08-24T23:18:16.418Z,,,n-hv3-u00162,
hv3-e000300,hv3-u00091,baseline,hv3:main:50,paid_social,trial_started,2026-08-25T00:23:38.926Z,,,,
hv3-e000961,hv3-u00270,task_first,hv3:main:50,app_store,trial_started,2026-08-25T01:40:54.869Z,,,,
hv3-e003342,hv3-u00964,baseline,hv3:main:50,referral,trial_started,2026-08-25T01:43:38.779Z,,,,
hv3-e003627,hv3-u01049,task_first,hv3:main:50,referral,revisited,2026-08-25T01:59:18.615Z,,,n-hv3-u01049,
hv3-e000605,hv3-u00174,task_first,hv3:main:50,app_store,trial_started,2026-08-25T02:29:05.710Z,,,,
hv3-e000074,hv3-u00022,baseline,hv3:main:50,organic_search,trial_started,2026-08-25T02:47:01.789Z,,,,
hv3-e000862,hv3-u00242,task_first,hv3:main:50,paid_social,trial_started,2026-08-25T02:53:39.721Z,,,,
hv3-e002505,hv3-u00716,task_first,hv3:main:50,organic_search,refunded,2026-08-25T03:12:34.051Z,10.00,XTS,,
hv3-e001212,hv3-u00343,task_first,hv3:main:50,referral,revisited,2026-08-25T03:23:22.828Z,,,n-hv3-u00343,
hv3-e001213,hv3-u00343,task_first,hv3:main:50,referral,task_completed,2026-08-25T03:28:22.828Z,,,n-hv3-u00343,t-hv3-u00343-1
hv3-e003393,hv3-u00983,baseline,hv3:main:50,paid_social,revisited,2026-08-25T04:14:12.982Z,,,n-hv3-u00983,
hv3-e001388,hv3-u00389,task_first,hv3:main:50,paid_social,refunded,2026-08-25T05:37:46.016Z,10.00,XTS,,
hv3-e002621,hv3-u00754,task_first,hv3:main:50,paid_social,paid,2026-08-25T05:52:50.830Z,10.00,XTS,,
hv3-e001001,hv3-u00283,baseline,hv3:main:50,organic_search,revisited,2026-08-25T06:10:32.089Z,,,n-hv3-u00283,
hv3-e000118,hv3-u00033,task_first,hv3:main:50,paid_social,revisited,2026-08-25T06:31:29.064Z,,,n-hv3-u00033,
hv3-e001765,hv3-u00502,baseline,hv3:main:50,organic_search,paid,2026-08-25T07:22:32.272Z,10.00,XTS,,
hv3-e003724,hv3-u01078,baseline,hv3:main:50,app_store,trial_started,2026-08-25T07:25:41.874Z,,,,
hv3-e003235,hv3-u00929,task_first,hv3:main:50,paid_social,paid,2026-08-25T07:45:37.214Z,10.00,XTS,,
hv3-e000390,hv3-u00121,task_first,hv3:main:50,paid_social,trial_started,2026-08-25T08:03:34.514Z,,,,
hv3-e000546,hv3-u00160,task_first,hv3:main:50,paid_social,revisited,2026-08-25T08:34:25.428Z,,,n-hv3-u00160,
hv3-e002910,hv3-u00835,task_first,hv3:main:50,organic_search,trial_started,2026-08-25T08:38:46.850Z,,,,
hv3-e001959,hv3-u00560,baseline,hv3:main:50,app_store,revisited,2026-08-25T12:36:03.500Z,,,n-hv3-u00560,
hv3-e001960,hv3-u00560,baseline,hv3:main:50,app_store,task_completed,2026-08-25T12:41:03.500Z,,,n-hv3-u00560,t-hv3-u00560-1
hv3-e003135,hv3-u00903,baseline,hv3:main:50,app_store,revisited,2026-08-25T13:09:12.949Z,,,n-hv3-u00903,
hv3-e000473,hv3-u00139,baseline,hv3:main:50,referral,trial_started,2026-08-25T13:25:51.147Z,,,,
hv3-e002068,hv3-u00590,baseline,hv3:main:50,paid_social,revisited,2026-08-25T13:59:40.380Z,,,n-hv3-u00590,
hv3-e002069,hv3-u00590,baseline,hv3:main:50,paid_social,task_completed,2026-08-25T14:04:40.380Z,,,n-hv3-u00590,t-hv3-u00590-1
hv3-e003686,hv3-u01067,baseline,hv3:main:50,organic_search,trial_started,2026-08-25T14:05:29.925Z,,,,
hv3-e001100,hv3-u00311,task_first,hv3:main:50,paid_social,revisited,2026-08-25T14:12:03.120Z,,,n-hv3-u00311,
hv3-e002855,hv3-u00820,baseline,hv3:main:50,organic_search,revisited,2026-08-25T15:18:11.025Z,,,n-hv3-u00820,
hv3-e002856,hv3-u00820,baseline,hv3:main:50,organic_search,task_completed,2026-08-25T15:23:11.025Z,,,n-hv3-u00820,t-hv3-u00820-1
hv3-e002973,hv3-u00851,task_first,hv3:main:50,paid_social,paid,2026-08-25T16:59:15.253Z,10.00,XTS,,
hv3-e002185,hv3-u00624,baseline,hv3:main:50,paid_social,revisited,2026-08-25T18:14:44.822Z,,,n-hv3-u00624,
hv3-e003267,hv3-u00938,task_first,hv3:main:50,app_store,revisited,2026-08-25T18:23:34.228Z,,,n-hv3-u00938,
hv3-e002289,hv3-u00654,task_first,hv3:main:50,paid_social,paid,2026-08-25T18:24:05.718Z,10.00,XTS,,
hv3-e003353,hv3-u00968,task_first,hv3:main:50,paid_social,revisited,2026-08-25T18:36:24.216Z,,,n-hv3-u00968,
hv3-e001303,hv3-u00369,baseline,hv3:main:50,app_store,revisited,2026-08-25T20:19:26.354Z,,,n-hv3-u00369,
hv3-e001008,hv3-u00285,task_first,hv3:main:50,app_store,revisited,2026-08-25T20:57:56.627Z,,,n-hv3-u00285,
hv3-e001009,hv3-u00285,task_first,hv3:main:50,app_store,task_completed,2026-08-25T21:02:56.627Z,,,n-hv3-u00285,t-hv3-u00285-1
hv3-e001284,hv3-u00363,task_first,hv3:main:50,app_store,revisited,2026-08-25T23:40:56.282Z,,,n-hv3-u00363,
hv3-e003313,hv3-u00953,baseline,hv3:main:50,referral,trial_started,2026-08-25T23:54:15.757Z,,,,
hv3-e001755,hv3-u00499,task_first,hv3:main:50,app_store,paid,2026-08-26T00:01:27.730Z,10.00,XTS,,
hv3-e002268,hv3-u00650,task_first,hv3:main:50,paid_social,revisited,2026-08-26T01:12:53.753Z,,,n-hv3-u00650,
hv3-e002269,hv3-u00650,task_first,hv3:main:50,paid_social,task_completed,2026-08-26T01:17:53.753Z,,,n-hv3-u00650,t-hv3-u00650-1
hv3-e001907,hv3-u00544,baseline,hv3:main:50,paid_social,revisited,2026-08-26T01:56:18.415Z,,,n-hv3-u00544,
hv3-e001908,hv3-u00544,baseline,hv3:main:50,paid_social,task_completed,2026-08-26T02:01:18.415Z,,,n-hv3-u00544,t-hv3-u00544-1
hv3-e000860,hv3-u00242,task_first,hv3:main:50,paid_social,revisited,2026-08-26T02:23:39.721Z,,,n-hv3-u00242,
hv3-e000861,hv3-u00242,task_first,hv3:main:50,paid_social,task_completed,2026-08-26T02:28:39.721Z,,,n-hv3-u00242,t-hv3-u00242-1
hv3-e000144,hv3-u00043,task_first,hv3:main:50,app_store,revisited,2026-08-26T02:29:46.281Z,,,n-hv3-u00043,
hv3-e001548,hv3-u00438,baseline,hv3:main:50,organic_search,paid,2026-08-26T03:20:48.474Z,10.00,XTS,,
hv3-e003295,hv3-u00948,baseline,hv3:main:50,organic_search,paid,2026-08-26T04:23:25.083Z,10.00,XTS,,
hv3-e002216,hv3-u00633,task_first,hv3:main:50,organic_search,refunded,2026-08-26T05:23:29.626Z,10.00,XTS,,
hv3-e000043,hv3-u00015,baseline,hv3:main:50,organic_search,revisited,2026-08-26T06:20:59.071Z,,,n-hv3-u00015,
hv3-e002642,hv3-u00759,baseline,hv3:main:50,referral,revisited,2026-08-26T06:23:05.603Z,,,n-hv3-u00759,
hv3-e002643,hv3-u00759,baseline,hv3:main:50,referral,task_completed,2026-08-26T06:28:05.603Z,,,n-hv3-u00759,t-hv3-u00759-1
hv3-e000895,hv3-u00252,task_first,hv3:main:50,app_store,trial_started,2026-08-26T06:46:39.712Z,,,,
hv3-e003143,hv3-u00905,baseline,hv3:main:50,referral,revisited,2026-08-26T07:16:24.365Z,,,n-hv3-u00905,
hv3-e001246,hv3-u00351,baseline,hv3:main:50,organic_search,cancelled,2026-08-26T07:17:22.649Z,,,,
hv3-e000539,hv3-u00159,baseline,hv3:main:50,paid_social,revisited,2026-08-26T08:07:00.570Z,,,n-hv3-u00159,
hv3-e000540,hv3-u00159,baseline,hv3:main:50,paid_social,task_completed,2026-08-26T08:12:00.570Z,,,n-hv3-u00159,t-hv3-u00159-1
hv3-e001734,hv3-u00493,task_first,hv3:main:50,organic_search,refunded,2026-08-26T08:21:03.093Z,10.00,XTS,,
hv3-e000547,hv3-u00160,task_first,hv3:main:50,paid_social,trial_started,2026-08-26T09:34:25.428Z,,,,
hv3-e000486,hv3-u00141,baseline,hv3:main:50,organic_search,paid,2026-08-26T11:36:01.461Z,10.00,XTS,,
hv3-e000257,hv3-u00081,task_first,hv3:main:50,organic_search,paid,2026-08-26T11:43:23.879Z,10.00,XTS,,
hv3-e003305,hv3-u00951,task_first,hv3:main:50,app_store,trial_started,2026-08-26T11:47:34.545Z,,,,
hv3-e003366,hv3-u00971,baseline,hv3:main:50,organic_search,revisited,2026-08-26T11:56:07.420Z,,,n-hv3-u00971,
hv3-e000471,hv3-u00139,baseline,hv3:main:50,referral,revisited,2026-08-26T12:55:51.147Z,,,n-hv3-u00139,
hv3-e000472,hv3-u00139,baseline,hv3:main:50,referral,task_completed,2026-08-26T13:00:51.147Z,,,n-hv3-u00139,t-hv3-u00139-1
hv3-e003136,hv3-u00903,baseline,hv3:main:50,app_store,trial_started,2026-08-26T14:09:12.949Z,,,,
hv3-e002785,hv3-u00803,task_first,hv3:main:50,organic_search,paid,2026-08-26T15:28:16.961Z,10.00,XTS,,
hv3-e002718,hv3-u00782,baseline,hv3:main:50,app_store,revisited,2026-08-26T15:31:54.758Z,,,n-hv3-u00782,
hv3-e001260,hv3-u00354,task_first,hv3:main:50,app_store,revisited,2026-08-26T17:33:09.848Z,,,n-hv3-u00354,
hv3-e002086,hv3-u00595,task_first,hv3:main:50,referral,trial_started,2026-08-26T18:04:59.203Z,,,,
hv3-e001435,hv3-u00405,task_first,hv3:main:50,app_store,trial_started,2026-08-26T18:27:01.173Z,,,,
hv3-e000296,hv3-u00090,task_first,hv3:main:50,app_store,trial_started,2026-08-26T18:48:58.820Z,,,,
hv3-e000087,hv3-u00026,task_first,hv3:main:50,organic_search,refunded,2026-08-26T19:21:06.871Z,10.00,XTS,,
hv3-e002469,hv3-u00708,baseline,hv3:main:50,paid_social,revisited,2026-08-26T21:24:25.862Z,,,n-hv3-u00708,
hv3-e002825,hv3-u00814,baseline,hv3:main:50,organic_search,revisited,2026-08-26T21:39:47.580Z,,,n-hv3-u00814,
hv3-e002864,hv3-u00822,task_first,hv3:main:50,referral,revisited,2026-08-26T21:59:44.379Z,,,n-hv3-u00822,
hv3-e001107,hv3-u00313,baseline,hv3:main:50,organic_search,revisited,2026-08-27T02:21:02.587Z,,,n-hv3-u00313,
hv3-e001108,hv3-u00313,baseline,hv3:main:50,organic_search,task_completed,2026-08-27T02:26:02.587Z,,,n-hv3-u00313,t-hv3-u00313-1
hv3-e001766,hv3-u00502,baseline,hv3:main:50,organic_search,refunded,2026-08-27T07:22:32.272Z,10.00,XTS,,
hv3-e002032,hv3-u00581,baseline,hv3:main:50,organic_search,revisited,2026-08-27T07:24:12.695Z,,,n-hv3-u00581,
hv3-e003236,hv3-u00929,task_first,hv3:main:50,paid_social,refunded,2026-08-27T07:45:37.214Z,10.00,XTS,,
hv3-e000752,hv3-u00216,baseline,hv3:main:50,organic_search,revisited,2026-08-27T09:21:02.288Z,,,n-hv3-u00216,
hv3-e000753,hv3-u00216,baseline,hv3:main:50,organic_search,task_completed,2026-08-27T09:26:02.288Z,,,n-hv3-u00216,t-hv3-u00216-1
hv3-e000456,hv3-u00136,task_first,hv3:main:50,organic_search,paid,2026-08-27T09:59:25.361Z,10.00,XTS,,
hv3-e002000,hv3-u00570,baseline,hv3:main:50,paid_social,cancelled,2026-08-27T10:28:38.896Z,,,,
hv3-e000831,hv3-u00236,baseline,hv3:main:50,referral,cancelled,2026-08-27T14:58:34.926Z,,,,
hv3-e002974,hv3-u00851,task_first,hv3:main:50,paid_social,refunded,2026-08-27T16:59:15.253Z,10.00,XTS,,
hv3-e002753,hv3-u00792,task_first,hv3:main:50,referral,paid,2026-08-27T17:04:35.473Z,10.00,XTS,,
hv3-e001434,hv3-u00405,task_first,hv3:main:50,app_store,revisited,2026-08-27T17:27:01.173Z,,,n-hv3-u00405,
hv3-e002772,hv3-u00798,task_first,hv3:main:50,referral,paid,2026-08-27T21:57:34.399Z,10.00,XTS,,
hv3-e001794,hv3-u00510,task_first,hv3:main:50,paid_social,paid,2026-08-27T22:56:09.547Z,10.00,XTS,,
hv3-e002687,hv3-u00772,task_first,hv3:main:50,organic_search,revisited,2026-08-28T00:57:10.419Z,,,n-hv3-u00772,
hv3-e002688,hv3-u00772,task_first,hv3:main:50,organic_search,task_completed,2026-08-28T01:02:10.419Z,,,n-hv3-u00772,t-hv3-u00772-1
hv3-e000267,hv3-u00083,baseline,hv3:main:50,paid_social,revisited,2026-08-28T01:59:02.902Z,,,n-hv3-u00083,
hv3-e000268,hv3-u00083,baseline,hv3:main:50,paid_social,task_completed,2026-08-28T02:04:02.902Z,,,n-hv3-u00083,t-hv3-u00083-1
hv3-e003186,hv3-u00917,baseline,hv3:main:50,organic_search,paid,2026-08-28T03:02:30.113Z,10.00,XTS,,
hv3-e001649,hv3-u00465,task_first,hv3:main:50,referral,paid,2026-08-28T05:49:30.018Z,10.00,XTS,,
hv3-e003427,hv3-u00991,baseline,hv3:main:50,organic_search,paid,2026-08-28T06:14:46.104Z,10.00,XTS,,
hv3-e002934,hv3-u00842,baseline,hv3:main:50,organic_search,revisited,2026-08-28T06:33:11.066Z,,,n-hv3-u00842,
hv3-e002935,hv3-u00842,baseline,hv3:main:50,organic_search,task_completed,2026-08-28T06:38:11.066Z,,,n-hv3-u00842,t-hv3-u00842-1
hv3-e001654,hv3-u00467,baseline,hv3:main:50,organic_search,revisited,2026-08-28T06:59:51.136Z,,,n-hv3-u00467,
hv3-e003779,hv3-u01090,task_first,hv3:main:50,referral,revisited,2026-08-28T07:07:21.810Z,,,n-hv3-u01090,
hv3-e003563,hv3-u01032,baseline,hv3:main:50,referral,paid,2026-08-28T07:23:58.146Z,10.00,XTS,,
hv3-e002335,hv3-u00670,task_first,hv3:main:50,organic_search,paid,2026-08-28T13:34:09.024Z,10.00,XTS,,
hv3-e000007,hv3-u00002,task_first,hv3:main:50,app_store,revisited,2026-08-28T14:13:12.546Z,,,n-hv3-u00002,
hv3-e002110,hv3-u00602,baseline,hv3:main:50,paid_social,paid,2026-08-28T14:22:05.090Z,10.00,XTS,,
hv3-e003478,hv3-u01006,baseline,hv3:main:50,organic_search,paid,2026-08-28T15:05:15.583Z,10.00,XTS,,
hv3-e002786,hv3-u00803,task_first,hv3:main:50,organic_search,refunded,2026-08-28T15:28:16.961Z,10.00,XTS,,
hv3-e002975,hv3-u00851,task_first,hv3:main:50,paid_social,cancelled,2026-08-28T16:59:15.253Z,,,,
hv3-e000295,hv3-u00090,task_first,hv3:main:50,app_store,revisited,2026-08-28T17:48:58.820Z,,,n-hv3-u00090,
hv3-e003341,hv3-u00964,baseline,hv3:main:50,referral,revisited,2026-08-29T00:43:38.779Z,,,n-hv3-u00964,
hv3-e002463,hv3-u00707,baseline,hv3:main:50,paid_social,paid,2026-08-29T00:50:07.592Z,10.00,XTS,,
hv3-e001190,hv3-u00338,task_first,hv3:main:50,organic_search,paid,2026-08-29T02:59:12.082Z,10.00,XTS,,
hv3-e003763,hv3-u01087,task_first,hv3:main:50,organic_search,paid,2026-08-29T03:39:58.072Z,10.00,XTS,,
hv3-e002746,hv3-u00791,baseline,hv3:main:50,organic_search,paid,2026-08-29T03:55:32.559Z,10.00,XTS,,
hv3-e002850,hv3-u00819,baseline,hv3:main:50,organic_search,paid,2026-08-29T06:49:18.725Z,10.00,XTS,,
hv3-e002422,hv3-u00695,task_first,hv3:main:50,paid_social,paid,2026-08-29T06:58:10.744Z,10.00,XTS,,
hv3-e000457,hv3-u00136,task_first,hv3:main:50,organic_search,refunded,2026-08-29T09:59:25.361Z,10.00,XTS,,
hv3-e000258,hv3-u00081,task_first,hv3:main:50,organic_search,cancelled,2026-08-29T11:43:23.879Z,,,,
hv3-e002787,hv3-u00803,task_first,hv3:main:50,organic_search,cancelled,2026-08-29T15:28:16.961Z,,,,
hv3-e002023,hv3-u00578,task_first,hv3:main:50,organic_search,paid,2026-08-29T15:39:28.746Z,10.00,XTS,,
hv3-e003126,hv3-u00901,task_first,hv3:main:50,organic_search,paid,2026-08-29T15:46:58.357Z,10.00,XTS,,
hv3-e002773,hv3-u00798,task_first,hv3:main:50,referral,refunded,2026-08-29T21:57:34.399Z,10.00,XTS,,
hv3-e000458,hv3-u00136,task_first,hv3:main:50,organic_search,cancelled,2026-08-30T09:59:25.361Z,,,,
hv3-e000500,hv3-u00147,baseline,hv3:main:50,organic_search,paid,2026-08-30T15:01:14.768Z,10.00,XTS,,
hv3-e002754,hv3-u00792,task_first,hv3:main:50,referral,cancelled,2026-08-30T17:04:35.473Z,,,,
hv3-e002774,hv3-u00798,task_first,hv3:main:50,referral,cancelled,2026-08-30T21:57:34.399Z,,,,
hv3-e001191,hv3-u00338,task_first,hv3:main:50,organic_search,refunded,2026-08-31T02:59:12.082Z,10.00,XTS,,
hv3-e003187,hv3-u00917,baseline,hv3:main:50,organic_search,cancelled,2026-08-31T03:02:30.113Z,,,,
hv3-e002423,hv3-u00695,task_first,hv3:main:50,paid_social,refunded,2026-08-31T06:58:10.744Z,10.00,XTS,,
hv3-e003564,hv3-u01032,baseline,hv3:main:50,referral,cancelled,2026-08-31T07:23:58.146Z,,,,
hv3-e001185,hv3-u00337,baseline,hv3:main:50,organic_search,paid,2026-08-31T10:16:24.919Z,10.00,XTS,,
hv3-e002822,hv3-u00813,baseline,hv3:main:50,paid_social,paid,2026-08-31T10:59:51.163Z,10.00,XTS,,
hv3-e000035,hv3-u00012,task_first,hv3:main:50,paid_social,paid,2026-08-31T12:53:00.440Z,10.00,XTS,,
hv3-e002336,hv3-u00670,task_first,hv3:main:50,organic_search,cancelled,2026-08-31T13:34:09.024Z,,,,
hv3-e002024,hv3-u00578,task_first,hv3:main:50,organic_search,refunded,2026-08-31T15:39:28.746Z,10.00,XTS,,
hv3-e003127,hv3-u00901,task_first,hv3:main:50,organic_search,refunded,2026-08-31T15:46:58.357Z,10.00,XTS,,
hv3-e000163,hv3-u00050,task_first,hv3:main:50,paid_social,paid,2026-08-31T18:43:22.586Z,10.00,XTS,,
hv3-e001038,hv3-u00294,baseline,hv3:main:50,app_store,paid,2026-08-31T21:15:23.474Z,10.00,XTS,,
hv3-e003343,hv3-u00964,baseline,hv3:main:50,referral,paid,2026-09-01T01:43:38.779Z,10.00,XTS,,
hv3-e003764,hv3-u01087,task_first,hv3:main:50,organic_search,cancelled,2026-09-01T03:39:58.072Z,,,,
hv3-e002424,hv3-u00695,task_first,hv3:main:50,paid_social,cancelled,2026-09-01T06:58:10.744Z,,,,
hv3-e000391,hv3-u00121,task_first,hv3:main:50,paid_social,paid,2026-09-01T08:03:34.514Z,10.00,XTS,,
hv3-e000474,hv3-u00139,baseline,hv3:main:50,referral,paid,2026-09-01T13:25:51.147Z,10.00,XTS,,
hv3-e000896,hv3-u00252,task_first,hv3:main:50,app_store,paid,2026-09-02T06:46:39.712Z,10.00,XTS,,
hv3-e000548,hv3-u00160,task_first,hv3:main:50,paid_social,paid,2026-09-02T09:34:25.428Z,10.00,XTS,,
hv3-e000036,hv3-u00012,task_first,hv3:main:50,paid_social,refunded,2026-09-02T12:53:00.440Z,10.00,XTS,,
hv3-e003137,hv3-u00903,baseline,hv3:main:50,app_store,paid,2026-09-02T14:09:12.949Z,10.00,XTS,,
hv3-e002087,hv3-u00595,task_first,hv3:main:50,referral,paid,2026-09-02T18:04:59.203Z,10.00,XTS,,
hv3-e000164,hv3-u00050,task_first,hv3:main:50,paid_social,refunded,2026-09-02T18:43:22.586Z,10.00,XTS,,
hv3-e000297,hv3-u00090,task_first,hv3:main:50,app_store,paid,2026-09-02T18:48:58.820Z,10.00,XTS,,
hv3-e000392,hv3-u00121,task_first,hv3:main:50,paid_social,refunded,2026-09-03T08:03:34.514Z,10.00,XTS,,
hv3-e002088,hv3-u00595,task_first,hv3:main:50,referral,refunded,2026-09-04T18:04:59.203Z,10.00,XTS,,
hv3-e003138,hv3-u00903,baseline,hv3:main:50,app_store,cancelled,2026-09-05T14:09:12.949Z,,,,
hv3-e002089,hv3-u00595,task_first,hv3:main:50,referral,cancelled,2026-09-05T18:04:59.203Z,,,,
