event_id,user_id,variant,assignment_seed,acquisition_source,event_type,occurred_at,amount,currency,note_id,task_id
hv1-e000422,hv1-u00108,task_first,hv1:main:50,organic_search,assigned,2026-08-03T09:17:52.510Z,,,,
hv1-e001699,hv1-u00462,baseline,hv1:main:50,organic_search,assigned,2026-08-03T09:39:13.470Z,,,,
hv1-e001972,hv1-u00529,baseline,hv1:main:50,app_store,assigned,2026-08-03T09:42:44.504Z,,,,
hv1-e001700,hv1-u00462,baseline,hv1:main:50,organic_search,note_saved,2026-08-03T09:43:13.470Z,,,n-hv1-u00462,
hv1-e001973,hv1-u00529,baseline,hv1:main:50,app_store,note_saved,2026-08-03T09:46:44.504Z,,,n-hv1-u00529,
hv1-e001974,hv1-u00529,baseline,hv1:main:50,app_store,task_created,2026-08-03T09:48:44.504Z,,,n-hv1-u00529,t-hv1-u00529-1
hv1-e001427,hv1-u00378,baseline,hv1:main:50,paid_social,assigned,2026-08-03T10:23:13.552Z,,,,
hv1-e000089,hv1-u00025,baseline,hv1:main:50,paid_social,assigned,2026-08-03T10:24:49.901Z,,,,
hv1-e001428,hv1-u00378,baseline,hv1:main:50,paid_social,note_saved,2026-08-03T10:27:13.552Z,,,n-hv1-u00378,
hv1-e000090,hv1-u00025,baseline,hv1:main:50,paid_social,note_saved,2026-08-03T10:28:49.901Z,,,n-hv1-u00025,
hv1-e000091,hv1-u00025,baseline,hv1:main:50,paid_social,task_created,2026-08-03T10:30:49.901Z,,,n-hv1-u00025,t-hv1-u00025-1
hv1-e000092,hv1-u00025,baseline,hv1:main:50,paid_social,task_created,2026-08-03T10:31:49.901Z,,,n-hv1-u00025,t-hv1-u00025-2
hv1-e000093,hv1-u00025,baseline,hv1:main:50,paid_social,task_created,2026-08-03T10:32:49.901Z,,,n-hv1-u00025,t-hv1-u00025-3
hv1-e000570,hv1-u00151,baseline,hv1:main:50,organic_search,assigned,2026-08-03T10:53:28.475Z,,,,
hv1-e001125,hv1-u00296,baseline,hv1:main:50,organic_search,assigned,2026-08-03T10:56:30.056Z,,,,
hv1-e001126,hv1-u00296,baseline,hv1:main:50,organic_search,note_saved,2026-08-03T11:00:30.056Z,,,n-hv1-u00296,
hv1-e001127,hv1-u00296,baseline,hv1:main:50,organic_search,task_created,2026-08-03T11:02:30.056Z,,,n-hv1-u00296,t-hv1-u00296-1
hv1-e001128,hv1-u00296,baseline,hv1:main:50,organic_search,task_created,2026-08-03T11:03:30.056Z,,,n-hv1-u00296,t-hv1-u00296-2
hv1-e001129,hv1-u00296,baseline,hv1:main:50,organic_search,task_created,2026-08-03T11:04:30.056Z,,,n-hv1-u00296,t-hv1-u00296-3
hv1-e003147,hv1-u00850,task_first,hv1:main:50,paid_social,assigned,2026-08-03T11:15:45.710Z,,,,
hv1-e003148,hv1-u00850,task_first,hv1:main:50,paid_social,note_saved,2026-08-03T11:19:45.710Z,,,n-hv1-u00850,
hv1-e000270,hv1-u00069,task_first,hv1:main:50,organic_search,assigned,2026-08-03T11:24:39.187Z,,,,
hv1-e000355,hv1-u00092,task_first,hv1:main:50,organic_search,assigned,2026-08-03T11:24:47.836Z,,,,
hv1-e000356,hv1-u00092,task_first,hv1:main:50,organic_search,note_saved,2026-08-03T11:28:47.836Z,,,n-hv1-u00092,
hv1-e000192,hv1-u00049,baseline,hv1:main:50,paid_social,assigned,2026-08-03T11:32:14.285Z,,,,
hv1-e000193,hv1-u00049,baseline,hv1:main:50,paid_social,note_saved,2026-08-03T11:36:14.285Z,,,n-hv1-u00049,
hv1-e000194,hv1-u00049,baseline,hv1:main:50,paid_social,task_created,2026-08-03T11:38:14.285Z,,,n-hv1-u00049,t-hv1-u00049-1
hv1-e000195,hv1-u00049,baseline,hv1:main:50,paid_social,task_created,2026-08-03T11:39:14.285Z,,,n-hv1-u00049,t-hv1-u00049-2
hv1-e003465,hv1-u00942,task_first,hv1:main:50,paid_social,assigned,2026-08-03T11:42:55.337Z,,,,
hv1-e003466,hv1-u00942,task_first,hv1:main:50,paid_social,note_saved,2026-08-03T11:46:55.337Z,,,n-hv1-u00942,
hv1-e003467,hv1-u00942,task_first,hv1:main:50,paid_social,task_created,2026-08-03T11:48:55.337Z,,,n-hv1-u00942,t-hv1-u00942-1
hv1-e002092,hv1-u00561,task_first,hv1:main:50,paid_social,assigned,2026-08-03T11:49:26.671Z,,,,
hv1-e000946,hv1-u00251,task_first,hv1:main:50,organic_search,assigned,2026-08-03T11:56:54.696Z,,,,
hv1-e000947,hv1-u00251,task_first,hv1:main:50,organic_search,note_saved,2026-08-03T12:00:54.696Z,,,n-hv1-u00251,
hv1-e000948,hv1-u00251,task_first,hv1:main:50,organic_search,task_created,2026-08-03T12:02:54.696Z,,,n-hv1-u00251,t-hv1-u00251-1
hv1-e000274,hv1-u00070,task_first,hv1:main:50,organic_search,assigned,2026-08-03T13:40:08.158Z,,,,
hv1-e002527,hv1-u00678,task_first,hv1:main:50,paid_social,assigned,2026-08-03T14:06:44.953Z,,,,
hv1-e002528,hv1-u00678,task_first,hv1:main:50,paid_social,note_saved,2026-08-03T14:10:44.953Z,,,n-hv1-u00678,
hv1-e002529,hv1-u00678,task_first,hv1:main:50,paid_social,task_created,2026-08-03T14:12:44.953Z,,,n-hv1-u00678,t-hv1-u00678-1
hv1-e000217,hv1-u00054,task_first,hv1:main:50,organic_search,assigned,2026-08-03T15:17:38.154Z,,,,
hv1-e002036,hv1-u00544,task_first,hv1:main:50,organic_search,assigned,2026-08-03T15:27:58.900Z,,,,
hv1-e002037,hv1-u00544,task_first,hv1:main:50,organic_search,note_saved,2026-08-03T15:31:58.900Z,,,n-hv1-u00544,
hv1-e002038,hv1-u00544,task_first,hv1:main:50,organic_search,task_created,2026-08-03T15:33:58.900Z,,,n-hv1-u00544,t-hv1-u00544-1
hv1-e002039,hv1-u00544,task_first,hv1:main:50,organic_search,task_created,2026-08-03T15:34:58.900Z,,,n-hv1-u00544,t-hv1-u00544-2
hv1-e002040,hv1-u00544,task_first,hv1:main:50,organic_search,task_created,2026-08-03T15:35:58.900Z,,,n-hv1-u00544,t-hv1-u00544-3
hv1-e002126,hv1-u00570,task_first,hv1:main:50,organic_search,assigned,2026-08-03T17:05:22.087Z,,,,
hv1-e002127,hv1-u00570,task_first,hv1:main:50,organic_search,note_saved,2026-08-03T17:09:22.087Z,,,n-hv1-u00570,
hv1-e002128,hv1-u00570,task_first,hv1:main:50,organic_search,task_created,2026-08-03T17:11:22.087Z,,,n-hv1-u00570,t-hv1-u00570-1
hv1-e002129,hv1-u00570,task_first,hv1:main:50,organic_search,task_created,2026-08-03T17:12:22.087Z,,,n-hv1-u00570,t-hv1-u00570-2
hv1-e002130,hv1-u00570,task_first,hv1:main:50,organic_search,task_created,2026-08-03T17:13:22.087Z,,,n-hv1-u00570,t-hv1-u00570-3
hv1-e000606,hv1-u00164,task_first,hv1:main:50,organic_search,assigned,2026-08-03T17:31:32.464Z,,,,
hv1-e000607,hv1-u00164,task_first,hv1:main:50,organic_search,note_saved,2026-08-03T17:35:32.464Z,,,n-hv1-u00164,
hv1-e001567,hv1-u00420,task_first,hv1:main:50,organic_search,assigned,2026-08-03T19:30:15.234Z,,,,
hv1-e001568,hv1-u00420,task_first,hv1:main:50,organic_search,note_saved,2026-08-03T19:34:15.234Z,,,n-hv1-u00420,
hv1-e001182,hv1-u00313,task_first,hv1:main:50,organic_search,assigned,2026-08-03T20:26:40.200Z,,,,
hv1-e001183,hv1-u00313,task_first,hv1:main:50,organic_search,note_saved,2026-08-03T20:30:40.200Z,,,n-hv1-u00313,
hv1-e000433,hv1-u00112,baseline,hv1:main:50,referral,assigned,2026-08-03T20:36:34.232Z,,,,
hv1-e000434,hv1-u00112,baseline,hv1:main:50,referral,note_saved,2026-08-03T20:40:34.232Z,,,n-hv1-u00112,
hv1-e000435,hv1-u00112,baseline,hv1:main:50,referral,task_created,2026-08-03T20:42:34.232Z,,,n-hv1-u00112,t-hv1-u00112-1
hv1-e000436,hv1-u00112,baseline,hv1:main:50,referral,task_created,2026-08-03T20:43:34.232Z,,,n-hv1-u00112,t-hv1-u00112-2
hv1-e002807,hv1-u00759,task_first,hv1:main:50,app_store,assigned,2026-08-03T23:47:02.163Z,,,,
hv1-e003248,hv1-u00881,baseline,hv1:main:50,referral,assigned,2026-08-03T23:52:22.410Z,,,,
hv1-e003249,hv1-u00881,baseline,hv1:main:50,referral,note_saved,2026-08-03T23:56:22.410Z,,,n-hv1-u00881,
hv1-e003250,hv1-u00881,baseline,hv1:main:50,referral,task_created,2026-08-03T23:58:22.410Z,,,n-hv1-u00881,t-hv1-u00881-1
hv1-e003251,hv1-u00881,baseline,hv1:main:50,referral,task_created,2026-08-03T23:59:22.410Z,,,n-hv1-u00881,t-hv1-u00881-2
hv1-e002792,hv1-u00753,baseline,hv1:main:50,app_store,assigned,2026-08-04T00:17:58.484Z,,,,
hv1-e002683,hv1-u00723,baseline,hv1:main:50,organic_search,assigned,2026-08-04T00:44:06.029Z,,,,
hv1-e002684,hv1-u00723,baseline,hv1:main:50,organic_search,note_saved,2026-08-04T00:48:06.029Z,,,n-hv1-u00723,
hv1-e001920,hv1-u00517,baseline,hv1:main:50,organic_search,assigned,2026-08-04T01:08:44.522Z,,,,
hv1-e001921,hv1-u00517,baseline,hv1:main:50,organic_search,note_saved,2026-08-04T01:12:44.522Z,,,n-hv1-u00517,
hv1-e002685,hv1-u00723,baseline,hv1:main:50,organic_search,trial_started,2026-08-04T01:44:06.029Z,,,,
hv1-e002376,hv1-u00638,task_first,hv1:main:50,paid_social,assigned,2026-08-04T01:59:36.689Z,,,,
hv1-e002377,hv1-u00638,task_first,hv1:main:50,paid_social,note_saved,2026-08-04T02:03:36.689Z,,,n-hv1-u00638,
hv1-e002404,hv1-u00646,baseline,hv1:main:50,organic_search,assigned,2026-08-04T02:27:01.217Z,,,,
hv1-e001647,hv1-u00444,baseline,hv1:main:50,organic_search,assigned,2026-08-04T02:27:57.060Z,,,,
hv1-e002405,hv1-u00646,baseline,hv1:main:50,organic_search,note_saved,2026-08-04T02:31:01.217Z,,,n-hv1-u00646,
hv1-e000732,hv1-u00195,baseline,hv1:main:50,app_store,assigned,2026-08-04T02:32:24.900Z,,,,
hv1-e002406,hv1-u00646,baseline,hv1:main:50,organic_search,task_created,2026-08-04T02:33:01.217Z,,,n-hv1-u00646,t-hv1-u00646-1
hv1-e002407,hv1-u00646,baseline,hv1:main:50,organic_search,task_created,2026-08-04T02:34:01.217Z,,,n-hv1-u00646,t-hv1-u00646-2
hv1-e002408,hv1-u00646,baseline,hv1:main:50,organic_search,task_created,2026-08-04T02:35:01.217Z,,,n-hv1-u00646,t-hv1-u00646-3
hv1-e000733,hv1-u00195,baseline,hv1:main:50,app_store,note_saved,2026-08-04T02:36:24.900Z,,,n-hv1-u00195,
hv1-e000734,hv1-u00195,baseline,hv1:main:50,app_store,task_created,2026-08-04T02:38:24.900Z,,,n-hv1-u00195,t-hv1-u00195-1
hv1-e000735,hv1-u00195,baseline,hv1:main:50,app_store,task_created,2026-08-04T02:39:24.900Z,,,n-hv1-u00195,t-hv1-u00195-2
hv1-e003404,hv1-u00924,baseline,hv1:main:50,organic_search,assigned,2026-08-04T03:57:49.927Z,,,,
hv1-e003405,hv1-u00924,baseline,hv1:main:50,organic_search,note_saved,2026-08-04T04:01:49.927Z,,,n-hv1-u00924,
hv1-e002868,hv1-u00779,baseline,hv1:main:50,organic_search,assigned,2026-08-04T04:14:07.501Z,,,,
hv1-e002869,hv1-u00779,baseline,hv1:main:50,organic_search,note_saved,2026-08-04T04:18:07.501Z,,,n-hv1-u00779,
hv1-e001334,hv1-u00355,baseline,hv1:main:50,referral,assigned,2026-08-04T04:25:48.902Z,,,,
hv1-e001335,hv1-u00355,baseline,hv1:main:50,referral,note_saved,2026-08-04T04:29:48.902Z,,,n-hv1-u00355,
hv1-e001803,hv1-u00489,task_first,hv1:main:50,organic_search,assigned,2026-08-04T04:30:44.819Z,,,,
hv1-e001804,hv1-u00489,task_first,hv1:main:50,organic_search,note_saved,2026-08-04T04:34:44.819Z,,,n-hv1-u00489,
hv1-e001805,hv1-u00489,task_first,hv1:main:50,organic_search,task_created,2026-08-04T04:36:44.819Z,,,n-hv1-u00489,t-hv1-u00489-1
hv1-e001806,hv1-u00489,task_first,hv1:main:50,organic_search,task_created,2026-08-04T04:37:44.819Z,,,n-hv1-u00489,t-hv1-u00489-2
hv1-e001807,hv1-u00489,task_first,hv1:main:50,organic_search,task_created,2026-08-04T04:38:44.819Z,,,n-hv1-u00489,t-hv1-u00489-3
hv1-e003091,hv1-u00836,task_first,hv1:main:50,paid_social,assigned,2026-08-04T04:55:51.538Z,,,,
hv1-e003092,hv1-u00836,task_first,hv1:main:50,paid_social,note_saved,2026-08-04T04:59:51.538Z,,,n-hv1-u00836,
hv1-e001336,hv1-u00355,baseline,hv1:main:50,referral,trial_started,2026-08-04T05:25:48.902Z,,,,
hv1-e002770,hv1-u00746,task_first,hv1:main:50,referral,assigned,2026-08-04T05:46:55.668Z,,,,
hv1-e002771,hv1-u00746,task_first,hv1:main:50,referral,note_saved,2026-08-04T05:50:55.668Z,,,n-hv1-u00746,
hv1-e003357,hv1-u00911,baseline,hv1:main:50,referral,assigned,2026-08-04T05:52:27.046Z,,,,
hv1-e003358,hv1-u00911,baseline,hv1:main:50,referral,note_saved,2026-08-04T05:56:27.046Z,,,n-hv1-u00911,
hv1-e002237,hv1-u00599,baseline,hv1:main:50,app_store,assigned,2026-08-04T05:58:09.575Z,,,,
hv1-e002238,hv1-u00599,baseline,hv1:main:50,app_store,note_saved,2026-08-04T06:02:09.575Z,,,n-hv1-u00599,
hv1-e000799,hv1-u00210,task_first,hv1:main:50,referral,assigned,2026-08-04T06:12:29.104Z,,,,
hv1-e000800,hv1-u00210,task_first,hv1:main:50,referral,note_saved,2026-08-04T06:16:29.104Z,,,n-hv1-u00210,
hv1-e000801,hv1-u00210,task_first,hv1:main:50,referral,task_created,2026-08-04T06:18:29.104Z,,,n-hv1-u00210,t-hv1-u00210-1
hv1-e000802,hv1-u00210,task_first,hv1:main:50,referral,task_created,2026-08-04T06:19:29.104Z,,,n-hv1-u00210,t-hv1-u00210-2
hv1-e001366,hv1-u00364,task_first,hv1:main:50,referral,assigned,2026-08-04T06:38:57.141Z,,,,
hv1-e002442,hv1-u00657,baseline,hv1:main:50,referral,assigned,2026-08-04T07:13:30.248Z,,,,
hv1-e000907,hv1-u00240,task_first,hv1:main:50,organic_search,assigned,2026-08-04T07:16:08.658Z,,,,
hv1-e002443,hv1-u00657,baseline,hv1:main:50,referral,note_saved,2026-08-04T07:17:30.248Z,,,n-hv1-u00657,
hv1-e000908,hv1-u00240,task_first,hv1:main:50,organic_search,note_saved,2026-08-04T07:20:08.658Z,,,n-hv1-u00240,
hv1-e000909,hv1-u00240,task_first,hv1:main:50,organic_search,task_created,2026-08-04T07:22:08.658Z,,,n-hv1-u00240,t-hv1-u00240-1
hv1-e000910,hv1-u00240,task_first,hv1:main:50,organic_search,task_created,2026-08-04T07:23:08.658Z,,,n-hv1-u00240,t-hv1-u00240-2
hv1-e000993,hv1-u00263,task_first,hv1:main:50,paid_social,assigned,2026-08-04T07:59:01.401Z,,,,
hv1-e000994,hv1-u00263,task_first,hv1:main:50,paid_social,note_saved,2026-08-04T08:03:01.401Z,,,n-hv1-u00263,
hv1-e000995,hv1-u00263,task_first,hv1:main:50,paid_social,task_created,2026-08-04T08:05:01.401Z,,,n-hv1-u00263,t-hv1-u00263-1
hv1-e002444,hv1-u00657,baseline,hv1:main:50,referral,trial_started,2026-08-04T08:13:30.248Z,,,,
hv1-e003532,hv1-u00962,task_first,hv1:main:50,app_store,assigned,2026-08-04T08:42:14.700Z,,,,
hv1-e003533,hv1-u00962,task_first,hv1:main:50,app_store,note_saved,2026-08-04T08:46:14.700Z,,,n-hv1-u00962,
hv1-e001443,hv1-u00383,baseline,hv1:main:50,referral,assigned,2026-08-04T09:07:10.318Z,,,,
hv1-e001444,hv1-u00383,baseline,hv1:main:50,referral,note_saved,2026-08-04T09:11:10.318Z,,,n-hv1-u00383,
hv1-e001435,hv1-u00381,task_first,hv1:main:50,app_store,assigned,2026-08-04T09:14:27.280Z,,,,
hv1-e001436,hv1-u00381,task_first,hv1:main:50,app_store,note_saved,2026-08-04T09:18:27.280Z,,,n-hv1-u00381,
hv1-e001437,hv1-u00381,task_first,hv1:main:50,app_store,task_created,2026-08-04T09:20:27.280Z,,,n-hv1-u00381,t-hv1-u00381-1
hv1-e003204,hv1-u00869,task_first,hv1:main:50,referral,assigned,2026-08-04T09:54:58.026Z,,,,
hv1-e003205,hv1-u00869,task_first,hv1:main:50,referral,note_saved,2026-08-04T09:58:58.026Z,,,n-hv1-u00869,
hv1-e003206,hv1-u00869,task_first,hv1:main:50,referral,task_created,2026-08-04T10:00:58.026Z,,,n-hv1-u00869,t-hv1-u00869-1
hv1-e002015,hv1-u00539,task_first,hv1:main:50,organic_search,assigned,2026-08-04T10:08:32.666Z,,,,
hv1-e002016,hv1-u00539,task_first,hv1:main:50,organic_search,note_saved,2026-08-04T10:12:32.666Z,,,n-hv1-u00539,
hv1-e001440,hv1-u00381,task_first,hv1:main:50,app_store,trial_started,2026-08-04T10:14:27.280Z,,,,
hv1-e002017,hv1-u00539,task_first,hv1:main:50,organic_search,task_created,2026-08-04T10:14:32.666Z,,,n-hv1-u00539,t-hv1-u00539-1
hv1-e002018,hv1-u00539,task_first,hv1:main:50,organic_search,task_created,2026-08-04T10:15:32.666Z,,,n-hv1-u00539,t-hv1-u00539-2
hv1-e002019,hv1-u00539,task_first,hv1:main:50,organic_search,task_created,2026-08-04T10:16:32.666Z,,,n-hv1-u00539,t-hv1-u00539-3
hv1-e000714,hv1-u00193,task_first,hv1:main:50,referral,assigned,2026-08-04T10:34:00.166Z,,,,
hv1-e000715,hv1-u00193,task_first,hv1:main:50,referral,note_saved,2026-08-04T10:38:00.166Z,,,n-hv1-u00193,
hv1-e000716,hv1-u00193,task_first,hv1:main:50,referral,task_created,2026-08-04T10:40:00.166Z,,,n-hv1-u00193,t-hv1-u00193-1
hv1-e000717,hv1-u00193,task_first,hv1:main:50,referral,task_created,2026-08-04T10:41:00.166Z,,,n-hv1-u00193,t-hv1-u00193-2
hv1-e000718,hv1-u00193,task_first,hv1:main:50,referral,task_created,2026-08-04T10:42:00.166Z,,,n-hv1-u00193,t-hv1-u00193-3
hv1-e002093,hv1-u00561,task_first,hv1:main:50,paid_social,trial_started,2026-08-04T12:49:26.671Z,,,,
hv1-e000017,hv1-u00005,task_first,hv1:main:50,organic_search,assigned,2026-08-04T13:20:30.129Z,,,,
hv1-e000018,hv1-u00005,task_first,hv1:main:50,organic_search,note_saved,2026-08-04T13:24:30.129Z,,,n-hv1-u00005,
hv1-e002158,hv1-u00577,task_first,hv1:main:50,organic_search,assigned,2026-08-04T13:28:27.299Z,,,,
hv1-e002159,hv1-u00577,task_first,hv1:main:50,organic_search,note_saved,2026-08-04T13:32:27.299Z,,,n-hv1-u00577,
hv1-e002160,hv1-u00577,task_first,hv1:main:50,organic_search,task_created,2026-08-04T13:34:27.299Z,,,n-hv1-u00577,t-hv1-u00577-1
hv1-e002161,hv1-u00577,task_first,hv1:main:50,organic_search,task_created,2026-08-04T13:35:27.299Z,,,n-hv1-u00577,t-hv1-u00577-2
hv1-e002162,hv1-u00577,task_first,hv1:main:50,organic_search,task_created,2026-08-04T13:36:27.299Z,,,n-hv1-u00577,t-hv1-u00577-3
hv1-e003116,hv1-u00843,baseline,hv1:main:50,app_store,assigned,2026-08-04T14:13:34.646Z,,,,
hv1-e003117,hv1-u00843,baseline,hv1:main:50,app_store,note_saved,2026-08-04T14:17:34.646Z,,,n-hv1-u00843,
hv1-e001367,hv1-u00365,baseline,hv1:main:50,paid_social,assigned,2026-08-04T15:01:26.381Z,,,,
hv1-e001368,hv1-u00365,baseline,hv1:main:50,paid_social,note_saved,2026-08-04T15:05:26.381Z,,,n-hv1-u00365,
hv1-e003039,hv1-u00824,baseline,hv1:main:50,referral,assigned,2026-08-04T15:26:07.113Z,,,,
hv1-e000832,hv1-u00219,baseline,hv1:main:50,referral,assigned,2026-08-04T15:33:46.431Z,,,,
hv1-e000833,hv1-u00219,baseline,hv1:main:50,referral,note_saved,2026-08-04T15:37:46.431Z,,,n-hv1-u00219,
hv1-e001184,hv1-u00314,baseline,hv1:main:50,organic_search,assigned,2026-08-04T15:57:53.345Z,,,,
hv1-e001185,hv1-u00314,baseline,hv1:main:50,organic_search,note_saved,2026-08-04T16:01:53.345Z,,,n-hv1-u00314,
hv1-e000835,hv1-u00219,baseline,hv1:main:50,referral,trial_started,2026-08-04T16:33:46.431Z,,,,
hv1-e000659,hv1-u00176,baseline,hv1:main:50,organic_search,assigned,2026-08-04T16:38:21.235Z,,,,
hv1-e000660,hv1-u00176,baseline,hv1:main:50,organic_search,note_saved,2026-08-04T16:42:21.235Z,,,n-hv1-u00176,
hv1-e001350,hv1-u00361,baseline,hv1:main:50,organic_search,assigned,2026-08-04T16:58:57.753Z,,,,
hv1-e001351,hv1-u00361,baseline,hv1:main:50,organic_search,note_saved,2026-08-04T17:02:57.753Z,,,n-hv1-u00361,
hv1-e001352,hv1-u00361,baseline,hv1:main:50,organic_search,task_created,2026-08-04T17:04:57.753Z,,,n-hv1-u00361,t-hv1-u00361-1
hv1-e002131,hv1-u00570,task_first,hv1:main:50,organic_search,revisited,2026-08-04T17:35:22.087Z,,,n-hv1-u00570,
hv1-e000661,hv1-u00176,baseline,hv1:main:50,organic_search,trial_started,2026-08-04T17:38:21.235Z,,,,
hv1-e002132,hv1-u00570,task_first,hv1:main:50,organic_search,task_completed,2026-08-04T17:40:22.087Z,,,n-hv1-u00570,t-hv1-u00570-1
hv1-e002669,hv1-u00720,task_first,hv1:main:50,paid_social,assigned,2026-08-04T17:53:38.690Z,,,,
hv1-e002670,hv1-u00720,task_first,hv1:main:50,paid_social,note_saved,2026-08-04T17:57:38.690Z,,,n-hv1-u00720,
hv1-e002671,hv1-u00720,task_first,hv1:main:50,paid_social,task_created,2026-08-04T17:59:38.690Z,,,n-hv1-u00720,t-hv1-u00720-1
hv1-e002672,hv1-u00720,task_first,hv1:main:50,paid_social,task_created,2026-08-04T18:00:38.690Z,,,n-hv1-u00720,t-hv1-u00720-2
hv1-e002673,hv1-u00720,task_first,hv1:main:50,paid_social,task_created,2026-08-04T18:01:38.690Z,,,n-hv1-u00720,t-hv1-u00720-3
hv1-e001727,hv1-u00469,baseline,hv1:main:50,organic_search,assigned,2026-08-04T18:12:16.306Z,,,,
hv1-e001728,hv1-u00469,baseline,hv1:main:50,organic_search,note_saved,2026-08-04T18:16:16.306Z,,,n-hv1-u00469,
hv1-e001569,hv1-u00420,task_first,hv1:main:50,organic_search,revisited,2026-08-04T19:30:15.234Z,,,n-hv1-u00420,
hv1-e002448,hv1-u00659,task_first,hv1:main:50,referral,assigned,2026-08-04T19:32:17.554Z,,,,
hv1-e003257,hv1-u00883,task_first,hv1:main:50,paid_social,assigned,2026-08-04T19:34:30.567Z,,,,
hv1-e000241,hv1-u00062,task_first,hv1:main:50,organic_search,assigned,2026-08-04T19:43:18.333Z,,,,
hv1-e003667,hv1-u00996,baseline,hv1:main:50,paid_social,assigned,2026-08-04T19:46:06.219Z,,,,
hv1-e003668,hv1-u00996,baseline,hv1:main:50,paid_social,note_saved,2026-08-04T19:50:06.219Z,,,n-hv1-u00996,
hv1-e003258,hv1-u00883,task_first,hv1:main:50,paid_social,trial_started,2026-08-04T20:34:30.567Z,,,,
hv1-e000242,hv1-u00062,task_first,hv1:main:50,organic_search,trial_started,2026-08-04T20:43:18.333Z,,,,
hv1-e002900,hv1-u00790,task_first,hv1:main:50,organic_search,assigned,2026-08-04T21:19:06.509Z,,,,
hv1-e002901,hv1-u00790,task_first,hv1:main:50,organic_search,note_saved,2026-08-04T21:23:06.509Z,,,n-hv1-u00790,
hv1-e002902,hv1-u00790,task_first,hv1:main:50,organic_search,task_created,2026-08-04T21:25:06.509Z,,,n-hv1-u00790,t-hv1-u00790-1
hv1-e002903,hv1-u00790,task_first,hv1:main:50,organic_search,task_created,2026-08-04T21:26:06.509Z,,,n-hv1-u00790,t-hv1-u00790-2
hv1-e000820,hv1-u00216,baseline,hv1:main:50,paid_social,assigned,2026-08-04T22:45:39.372Z,,,,
hv1-e001492,hv1-u00398,baseline,hv1:main:50,app_store,assigned,2026-08-04T22:46:38.445Z,,,,
hv1-e000821,hv1-u00216,baseline,hv1:main:50,paid_social,note_saved,2026-08-04T22:49:39.372Z,,,n-hv1-u00216,
hv1-e000822,hv1-u00216,baseline,hv1:main:50,paid_social,task_created,2026-08-04T22:51:39.372Z,,,n-hv1-u00216,t-hv1-u00216-1
hv1-e000823,hv1-u00216,baseline,hv1:main:50,paid_social,task_created,2026-08-04T22:52:39.372Z,,,n-hv1-u00216,t-hv1-u00216-2
hv1-e000824,hv1-u00216,baseline,hv1:main:50,paid_social,task_created,2026-08-04T22:53:39.372Z,,,n-hv1-u00216,t-hv1-u00216-3
hv1-e000845,hv1-u00222,baseline,hv1:main:50,organic_search,assigned,2026-08-04T23:25:36.162Z,,,,
hv1-e000846,hv1-u00222,baseline,hv1:main:50,organic_search,note_saved,2026-08-04T23:29:36.162Z,,,n-hv1-u00222,
hv1-e000022,hv1-u00007,baseline,hv1:main:50,organic_search,assigned,2026-08-04T23:40:01.341Z,,,,
hv1-e002046,hv1-u00547,baseline,hv1:main:50,app_store,assigned,2026-08-05T00:06:41.469Z,,,,
hv1-e002047,hv1-u00547,baseline,hv1:main:50,app_store,note_saved,2026-08-05T00:10:41.469Z,,,n-hv1-u00547,
hv1-e001612,hv1-u00435,baseline,hv1:main:50,organic_search,assigned,2026-08-05T00:30:26.266Z,,,,
hv1-e001613,hv1-u00435,baseline,hv1:main:50,organic_search,note_saved,2026-08-05T00:34:26.266Z,,,n-hv1-u00435,
hv1-e001614,hv1-u00435,baseline,hv1:main:50,organic_search,task_created,2026-08-05T00:36:26.266Z,,,n-hv1-u00435,t-hv1-u00435-1
hv1-e002808,hv1-u00759,task_first,hv1:main:50,app_store,trial_started,2026-08-05T00:47:02.163Z,,,,
hv1-e000766,hv1-u00201,task_first,hv1:main:50,paid_social,assigned,2026-08-05T01:00:22.863Z,,,,
hv1-e000767,hv1-u00201,task_first,hv1:main:50,paid_social,note_saved,2026-08-05T01:04:22.863Z,,,n-hv1-u00201,
hv1-e002979,hv1-u00810,task_first,hv1:main:50,paid_social,assigned,2026-08-05T01:04:33.582Z,,,,
hv1-e000768,hv1-u00201,task_first,hv1:main:50,paid_social,task_created,2026-08-05T01:06:22.863Z,,,n-hv1-u00201,t-hv1-u00201-1
hv1-e000769,hv1-u00201,task_first,hv1:main:50,paid_social,task_created,2026-08-05T01:07:22.863Z,,,n-hv1-u00201,t-hv1-u00201-2
hv1-e002980,hv1-u00810,task_first,hv1:main:50,paid_social,note_saved,2026-08-05T01:08:33.582Z,,,n-hv1-u00810,
hv1-e002981,hv1-u00810,task_first,hv1:main:50,paid_social,task_created,2026-08-05T01:10:33.582Z,,,n-hv1-u00810,t-hv1-u00810-1
hv1-e001923,hv1-u00517,baseline,hv1:main:50,organic_search,trial_started,2026-08-05T02:08:44.522Z,,,,
hv1-e001573,hv1-u00422,baseline,hv1:main:50,referral,assigned,2026-08-05T02:13:52.233Z,,,,
hv1-e001574,hv1-u00422,baseline,hv1:main:50,referral,note_saved,2026-08-05T02:17:52.233Z,,,n-hv1-u00422,
hv1-e001648,hv1-u00444,baseline,hv1:main:50,organic_search,revisited,2026-08-05T02:27:57.060Z,,,n-hv1-u00444,
hv1-e000494,hv1-u00131,baseline,hv1:main:50,app_store,assigned,2026-08-05T02:41:44.108Z,,,,
hv1-e000495,hv1-u00131,baseline,hv1:main:50,app_store,note_saved,2026-08-05T02:45:44.108Z,,,n-hv1-u00131,
hv1-e000496,hv1-u00131,baseline,hv1:main:50,app_store,task_created,2026-08-05T02:47:44.108Z,,,n-hv1-u00131,t-hv1-u00131-1
hv1-e001770,hv1-u00479,baseline,hv1:main:50,referral,assigned,2026-08-05T02:51:24.032Z,,,,
hv1-e000398,hv1-u00102,task_first,hv1:main:50,paid_social,assigned,2026-08-05T02:57:29.902Z,,,,
hv1-e000399,hv1-u00102,task_first,hv1:main:50,paid_social,note_saved,2026-08-05T03:01:29.902Z,,,n-hv1-u00102,
hv1-e000400,hv1-u00102,task_first,hv1:main:50,paid_social,task_created,2026-08-05T03:03:29.902Z,,,n-hv1-u00102,t-hv1-u00102-1
hv1-e002409,hv1-u00646,baseline,hv1:main:50,organic_search,trial_started,2026-08-05T03:27:01.217Z,,,,
hv1-e002795,hv1-u00754,baseline,hv1:main:50,organic_search,assigned,2026-08-05T03:40:09.627Z,,,,
hv1-e000499,hv1-u00131,baseline,hv1:main:50,app_store,trial_started,2026-08-05T03:41:44.108Z,,,,
hv1-e002796,hv1-u00754,baseline,hv1:main:50,organic_search,note_saved,2026-08-05T03:44:09.627Z,,,n-hv1-u00754,
hv1-e000140,hv1-u00038,task_first,hv1:main:50,app_store,assigned,2026-08-05T03:44:13.045Z,,,,
hv1-e000141,hv1-u00038,task_first,hv1:main:50,app_store,note_saved,2026-08-05T03:48:13.045Z,,,n-hv1-u00038,
hv1-e000142,hv1-u00038,task_first,hv1:main:50,app_store,task_created,2026-08-05T03:50:13.045Z,,,n-hv1-u00038,t-hv1-u00038-1
hv1-e000143,hv1-u00038,task_first,hv1:main:50,app_store,task_created,2026-08-05T03:51:13.045Z,,,n-hv1-u00038,t-hv1-u00038-2
hv1-e000144,hv1-u00038,task_first,hv1:main:50,app_store,task_created,2026-08-05T03:52:13.045Z,,,n-hv1-u00038,t-hv1-u00038-3
hv1-e000403,hv1-u00102,task_first,hv1:main:50,paid_social,trial_started,2026-08-05T03:57:29.902Z,,,,
hv1-e002269,hv1-u00609,baseline,hv1:main:50,organic_search,assigned,2026-08-05T04:14:01.281Z,,,,
hv1-e002270,hv1-u00609,baseline,hv1:main:50,organic_search,note_saved,2026-08-05T04:18:01.281Z,,,n-hv1-u00609,
hv1-e002847,hv1-u00773,baseline,hv1:main:50,organic_search,assigned,2026-08-05T04:18:03.050Z,,,,
hv1-e002848,hv1-u00773,baseline,hv1:main:50,organic_search,note_saved,2026-08-05T04:22:03.050Z,,,n-hv1-u00773,
hv1-e002203,hv1-u00590,task_first,hv1:main:50,paid_social,assigned,2026-08-05T04:31:30.056Z,,,,
hv1-e002204,hv1-u00590,task_first,hv1:main:50,paid_social,note_saved,2026-08-05T04:35:30.056Z,,,n-hv1-u00590,
hv1-e002961,hv1-u00805,task_first,hv1:main:50,paid_social,assigned,2026-08-05T04:37:27.615Z,,,,
hv1-e002205,hv1-u00590,task_first,hv1:main:50,paid_social,task_created,2026-08-05T04:37:30.056Z,,,n-hv1-u00590,t-hv1-u00590-1
hv1-e002206,hv1-u00590,task_first,hv1:main:50,paid_social,task_created,2026-08-05T04:38:30.056Z,,,n-hv1-u00590,t-hv1-u00590-2
hv1-e002207,hv1-u00590,task_first,hv1:main:50,paid_social,task_created,2026-08-05T04:39:30.056Z,,,n-hv1-u00590,t-hv1-u00590-3
hv1-e002962,hv1-u00805,task_first,hv1:main:50,paid_social,note_saved,2026-08-05T04:41:27.615Z,,,n-hv1-u00805,
hv1-e002963,hv1-u00805,task_first,hv1:main:50,paid_social,task_created,2026-08-05T04:43:27.615Z,,,n-hv1-u00805,t-hv1-u00805-1
hv1-e001046,hv1-u00277,task_first,hv1:main:50,paid_social,assigned,2026-08-05T04:44:11.484Z,,,,
hv1-e001047,hv1-u00277,task_first,hv1:main:50,paid_social,note_saved,2026-08-05T04:48:11.484Z,,,n-hv1-u00277,
hv1-e001048,hv1-u00277,task_first,hv1:main:50,paid_social,task_created,2026-08-05T04:50:11.484Z,,,n-hv1-u00277,t-hv1-u00277-1
hv1-e001049,hv1-u00277,task_first,hv1:main:50,paid_social,task_created,2026-08-05T04:51:11.484Z,,,n-hv1-u00277,t-hv1-u00277-2
hv1-e001050,hv1-u00277,task_first,hv1:main:50,paid_social,task_created,2026-08-05T04:52:11.484Z,,,n-hv1-u00277,t-hv1-u00277-3
hv1-e001353,hv1-u00362,task_first,hv1:main:50,referral,assigned,2026-08-05T05:22:54.201Z,,,,
hv1-e001354,hv1-u00362,task_first,hv1:main:50,referral,note_saved,2026-08-05T05:26:54.201Z,,,n-hv1-u00362,
hv1-e001355,hv1-u00362,task_first,hv1:main:50,referral,task_created,2026-08-05T05:28:54.201Z,,,n-hv1-u00362,t-hv1-u00362-1
hv1-e001356,hv1-u00362,task_first,hv1:main:50,referral,task_created,2026-08-05T05:29:54.201Z,,,n-hv1-u00362,t-hv1-u00362-2
hv1-e001357,hv1-u00362,task_first,hv1:main:50,referral,task_created,2026-08-05T05:30:54.201Z,,,n-hv1-u00362,t-hv1-u00362-3
hv1-e003043,hv1-u00826,task_first,hv1:main:50,paid_social,assigned,2026-08-05T05:31:12.889Z,,,,
hv1-e003044,hv1-u00826,task_first,hv1:main:50,paid_social,note_saved,2026-08-05T05:35:12.889Z,,,n-hv1-u00826,
hv1-e003045,hv1-u00826,task_first,hv1:main:50,paid_social,task_created,2026-08-05T05:37:12.889Z,,,n-hv1-u00826,t-hv1-u00826-1
hv1-e002966,hv1-u00805,task_first,hv1:main:50,paid_social,trial_started,2026-08-05T05:37:27.615Z,,,,
hv1-e003046,hv1-u00826,task_first,hv1:main:50,paid_social,task_created,2026-08-05T05:38:12.889Z,,,n-hv1-u00826,t-hv1-u00826-2
hv1-e003047,hv1-u00826,task_first,hv1:main:50,paid_social,task_created,2026-08-05T05:39:12.889Z,,,n-hv1-u00826,t-hv1-u00826-3
hv1-e000598,hv1-u00161,baseline,hv1:main:50,paid_social,assigned,2026-08-05T06:04:01.072Z,,,,
hv1-e000599,hv1-u00161,baseline,hv1:main:50,paid_social,note_saved,2026-08-05T06:08:01.072Z,,,n-hv1-u00161,
hv1-e002773,hv1-u00746,task_first,hv1:main:50,referral,trial_started,2026-08-05T06:46:55.668Z,,,,
hv1-e000911,hv1-u00240,task_first,hv1:main:50,organic_search,revisited,2026-08-05T07:16:08.658Z,,,n-hv1-u00240,
hv1-e000135,hv1-u00036,baseline,hv1:main:50,organic_search,assigned,2026-08-05T07:28:22.402Z,,,,
hv1-e000136,hv1-u00036,baseline,hv1:main:50,organic_search,note_saved,2026-08-05T07:32:22.402Z,,,n-hv1-u00036,
hv1-e000137,hv1-u00036,baseline,hv1:main:50,organic_search,task_created,2026-08-05T07:34:22.402Z,,,n-hv1-u00036,t-hv1-u00036-1
hv1-e000334,hv1-u00088,baseline,hv1:main:50,organic_search,assigned,2026-08-05T07:53:46.284Z,,,,
hv1-e000335,hv1-u00088,baseline,hv1:main:50,organic_search,note_saved,2026-08-05T07:57:46.284Z,,,n-hv1-u00088,
hv1-e000336,hv1-u00088,baseline,hv1:main:50,organic_search,task_created,2026-08-05T07:59:46.284Z,,,n-hv1-u00088,t-hv1-u00088-1
hv1-e000337,hv1-u00088,baseline,hv1:main:50,organic_search,task_created,2026-08-05T08:00:46.284Z,,,n-hv1-u00088,t-hv1-u00088-2
hv1-e000338,hv1-u00088,baseline,hv1:main:50,organic_search,task_created,2026-08-05T08:01:46.284Z,,,n-hv1-u00088,t-hv1-u00088-3
hv1-e000996,hv1-u00263,task_first,hv1:main:50,paid_social,revisited,2026-08-05T08:29:01.401Z,,,n-hv1-u00263,
hv1-e000997,hv1-u00263,task_first,hv1:main:50,paid_social,task_completed,2026-08-05T08:34:01.401Z,,,n-hv1-u00263,t-hv1-u00263-1
hv1-e000316,hv1-u00082,baseline,hv1:main:50,organic_search,assigned,2026-08-05T09:16:32.870Z,,,,
hv1-e000317,hv1-u00082,baseline,hv1:main:50,organic_search,note_saved,2026-08-05T09:20:32.870Z,,,n-hv1-u00082,
hv1-e003534,hv1-u00962,task_first,hv1:main:50,app_store,trial_started,2026-08-05T09:42:14.700Z,,,,
hv1-e002172,hv1-u00581,task_first,hv1:main:50,paid_social,assigned,2026-08-05T09:42:35.817Z,,,,
hv1-e001523,hv1-u00407,baseline,hv1:main:50,referral,assigned,2026-08-05T09:45:21.443Z,,,,
hv1-e002173,hv1-u00581,task_first,hv1:main:50,paid_social,note_saved,2026-08-05T09:46:35.817Z,,,n-hv1-u00581,
hv1-e002174,hv1-u00581,task_first,hv1:main:50,paid_social,task_created,2026-08-05T09:48:35.817Z,,,n-hv1-u00581,t-hv1-u00581-1
hv1-e001524,hv1-u00407,baseline,hv1:main:50,referral,note_saved,2026-08-05T09:49:21.443Z,,,n-hv1-u00407,
hv1-e002175,hv1-u00581,task_first,hv1:main:50,paid_social,task_created,2026-08-05T09:49:35.817Z,,,n-hv1-u00581,t-hv1-u00581-2
hv1-e002176,hv1-u00581,task_first,hv1:main:50,paid_social,task_created,2026-08-05T09:50:35.817Z,,,n-hv1-u00581,t-hv1-u00581-3
hv1-e001525,hv1-u00407,baseline,hv1:main:50,referral,task_created,2026-08-05T09:51:21.443Z,,,n-hv1-u00407,t-hv1-u00407-1
hv1-e001526,hv1-u00407,baseline,hv1:main:50,referral,task_created,2026-08-05T09:52:21.443Z,,,n-hv1-u00407,t-hv1-u00407-2
hv1-e001897,hv1-u00511,baseline,hv1:main:50,app_store,assigned,2026-08-05T10:24:48.357Z,,,,
hv1-e002020,hv1-u00539,task_first,hv1:main:50,organic_search,revisited,2026-08-05T10:38:32.666Z,,,n-hv1-u00539,
hv1-e002021,hv1-u00539,task_first,hv1:main:50,organic_search,task_completed,2026-08-05T10:43:32.666Z,,,n-hv1-u00539,t-hv1-u00539-1
hv1-e002621,hv1-u00706,task_first,hv1:main:50,organic_search,assigned,2026-08-05T11:18:26.562Z,,,,
hv1-e002622,hv1-u00706,task_first,hv1:main:50,organic_search,note_saved,2026-08-05T11:22:26.562Z,,,n-hv1-u00706,
hv1-e002284,hv1-u00613,baseline,hv1:main:50,paid_social,assigned,2026-08-05T11:25:24.952Z,,,,
hv1-e002285,hv1-u00613,baseline,hv1:main:50,paid_social,note_saved,2026-08-05T11:29:24.952Z,,,n-hv1-u00613,
hv1-e002286,hv1-u00613,baseline,hv1:main:50,paid_social,task_created,2026-08-05T11:31:24.952Z,,,n-hv1-u00613,t-hv1-u00613-1
hv1-e000721,hv1-u00193,task_first,hv1:main:50,referral,trial_started,2026-08-05T11:34:00.166Z,,,,
hv1-e003468,hv1-u00942,task_first,hv1:main:50,paid_social,revisited,2026-08-05T11:42:55.337Z,,,n-hv1-u00942,
hv1-e002076,hv1-u00556,task_first,hv1:main:50,app_store,assigned,2026-08-05T12:00:55.720Z,,,,
hv1-e002077,hv1-u00556,task_first,hv1:main:50,app_store,note_saved,2026-08-05T12:04:55.720Z,,,n-hv1-u00556,
hv1-e000978,hv1-u00259,baseline,hv1:main:50,paid_social,assigned,2026-08-05T12:29:09.121Z,,,,
hv1-e000979,hv1-u00259,baseline,hv1:main:50,paid_social,note_saved,2026-08-05T12:33:09.121Z,,,n-hv1-u00259,
hv1-e003175,hv1-u00861,task_first,hv1:main:50,referral,assigned,2026-08-05T13:35:51.364Z,,,,
hv1-e002107,hv1-u00566,baseline,hv1:main:50,organic_search,assigned,2026-08-05T13:36:37.588Z,,,,
hv1-e003176,hv1-u00861,task_first,hv1:main:50,referral,note_saved,2026-08-05T13:39:51.364Z,,,n-hv1-u00861,
hv1-e002108,hv1-u00566,baseline,hv1:main:50,organic_search,note_saved,2026-08-05T13:40:37.588Z,,,n-hv1-u00566,
hv1-e000889,hv1-u00234,baseline,hv1:main:50,paid_social,assigned,2026-08-05T13:41:10.735Z,,,,
hv1-e002109,hv1-u00566,baseline,hv1:main:50,organic_search,task_created,2026-08-05T13:42:37.588Z,,,n-hv1-u00566,t-hv1-u00566-1
hv1-e002110,hv1-u00566,baseline,hv1:main:50,organic_search,task_created,2026-08-05T13:43:37.588Z,,,n-hv1-u00566,t-hv1-u00566-2
hv1-e002111,hv1-u00566,baseline,hv1:main:50,organic_search,task_created,2026-08-05T13:44:37.588Z,,,n-hv1-u00566,t-hv1-u00566-3
hv1-e001061,hv1-u00280,baseline,hv1:main:50,organic_search,assigned,2026-08-05T13:45:07.445Z,,,,
hv1-e000890,hv1-u00234,baseline,hv1:main:50,paid_social,note_saved,2026-08-05T13:45:10.735Z,,,n-hv1-u00234,
hv1-e003201,hv1-u00868,task_first,hv1:main:50,app_store,assigned,2026-08-05T14:21:46.651Z,,,,
hv1-e001062,hv1-u00280,baseline,hv1:main:50,organic_search,trial_started,2026-08-05T14:45:07.445Z,,,,
hv1-e003344,hv1-u00909,task_first,hv1:main:50,organic_search,assigned,2026-08-05T14:51:50.248Z,,,,
hv1-e003345,hv1-u00909,task_first,hv1:main:50,organic_search,note_saved,2026-08-05T14:55:50.248Z,,,n-hv1-u00909,
hv1-e003346,hv1-u00909,task_first,hv1:main:50,organic_search,task_created,2026-08-05T14:57:50.248Z,,,n-hv1-u00909,t-hv1-u00909-1
hv1-e003347,hv1-u00909,task_first,hv1:main:50,organic_search,task_created,2026-08-05T14:58:50.248Z,,,n-hv1-u00909,t-hv1-u00909-2
hv1-e000263,hv1-u00068,task_first,hv1:main:50,app_store,assigned,2026-08-05T15:10:32.240Z,,,,
hv1-e000264,hv1-u00068,task_first,hv1:main:50,app_store,note_saved,2026-08-05T15:14:32.240Z,,,n-hv1-u00068,
hv1-e000265,hv1-u00068,task_first,hv1:main:50,app_store,task_created,2026-08-05T15:16:32.240Z,,,n-hv1-u00068,t-hv1-u00068-1
hv1-e000266,hv1-u00068,task_first,hv1:main:50,app_store,task_created,2026-08-05T15:17:32.240Z,,,n-hv1-u00068,t-hv1-u00068-2
hv1-e000267,hv1-u00068,task_first,hv1:main:50,app_store,task_created,2026-08-05T15:18:32.240Z,,,n-hv1-u00068,t-hv1-u00068-3
hv1-e000670,hv1-u00179,baseline,hv1:main:50,app_store,assigned,2026-08-05T15:57:04.858Z,,,,
hv1-e001186,hv1-u00314,baseline,hv1:main:50,organic_search,revisited,2026-08-05T15:57:53.345Z,,,n-hv1-u00314,
hv1-e002071,hv1-u00555,baseline,hv1:main:50,paid_social,assigned,2026-08-05T16:05:05.735Z,,,,
hv1-e002072,hv1-u00555,baseline,hv1:main:50,paid_social,note_saved,2026-08-05T16:09:05.735Z,,,n-hv1-u00555,
hv1-e002073,hv1-u00555,baseline,hv1:main:50,paid_social,task_created,2026-08-05T16:11:05.735Z,,,n-hv1-u00555,t-hv1-u00555-1
hv1-e002074,hv1-u00555,baseline,hv1:main:50,paid_social,task_created,2026-08-05T16:12:05.735Z,,,n-hv1-u00555,t-hv1-u00555-2
hv1-e000377,hv1-u00098,task_first,hv1:main:50,referral,assigned,2026-08-05T16:28:29.262Z,,,,
hv1-e000378,hv1-u00098,task_first,hv1:main:50,referral,note_saved,2026-08-05T16:32:29.262Z,,,n-hv1-u00098,
hv1-e000379,hv1-u00098,task_first,hv1:main:50,referral,task_created,2026-08-05T16:34:29.262Z,,,n-hv1-u00098,t-hv1-u00098-1
hv1-e000380,hv1-u00098,task_first,hv1:main:50,referral,task_created,2026-08-05T16:35:29.262Z,,,n-hv1-u00098,t-hv1-u00098-2
hv1-e000381,hv1-u00098,task_first,hv1:main:50,referral,task_created,2026-08-05T16:36:29.262Z,,,n-hv1-u00098,t-hv1-u00098-3
hv1-e002813,hv1-u00762,baseline,hv1:main:50,paid_social,assigned,2026-08-05T17:17:08.020Z,,,,
hv1-e000404,hv1-u00103,task_first,hv1:main:50,organic_search,assigned,2026-08-05T17:29:08.062Z,,,,
hv1-e000099,hv1-u00027,baseline,hv1:main:50,organic_search,assigned,2026-08-05T17:53:59.270Z,,,,
hv1-e000100,hv1-u00027,baseline,hv1:main:50,organic_search,note_saved,2026-08-05T17:57:59.270Z,,,n-hv1-u00027,
hv1-e000101,hv1-u00027,baseline,hv1:main:50,organic_search,task_created,2026-08-05T17:59:59.270Z,,,n-hv1-u00027,t-hv1-u00027-1
hv1-e000102,hv1-u00027,baseline,hv1:main:50,organic_search,task_created,2026-08-05T18:00:59.270Z,,,n-hv1-u00027,t-hv1-u00027-2
hv1-e000103,hv1-u00027,baseline,hv1:main:50,organic_search,task_created,2026-08-05T18:01:59.270Z,,,n-hv1-u00027,t-hv1-u00027-3
hv1-e003142,hv1-u00849,baseline,hv1:main:50,organic_search,assigned,2026-08-05T18:18:36.712Z,,,,
hv1-e000980,hv1-u00260,baseline,hv1:main:50,organic_search,assigned,2026-08-05T18:20:58.462Z,,,,
hv1-e003143,hv1-u00849,baseline,hv1:main:50,organic_search,note_saved,2026-08-05T18:22:36.712Z,,,n-hv1-u00849,
hv1-e003144,hv1-u00849,baseline,hv1:main:50,organic_search,task_created,2026-08-05T18:24:36.712Z,,,n-hv1-u00849,t-hv1-u00849-1
hv1-e000981,hv1-u00260,baseline,hv1:main:50,organic_search,note_saved,2026-08-05T18:24:58.462Z,,,n-hv1-u00260,
hv1-e003145,hv1-u00849,baseline,hv1:main:50,organic_search,task_created,2026-08-05T18:25:36.712Z,,,n-hv1-u00849,t-hv1-u00849-2
hv1-e000982,hv1-u00260,baseline,hv1:main:50,organic_search,trial_started,2026-08-05T19:20:58.462Z,,,,
hv1-e000248,hv1-u00064,baseline,hv1:main:50,app_store,assigned,2026-08-05T19:43:01.399Z,,,,
hv1-e000249,hv1-u00064,baseline,hv1:main:50,app_store,note_saved,2026-08-05T19:47:01.399Z,,,n-hv1-u00064,
hv1-e000250,hv1-u00064,baseline,hv1:main:50,app_store,task_created,2026-08-05T19:49:01.399Z,,,n-hv1-u00064,t-hv1-u00064-1
hv1-e000251,hv1-u00064,baseline,hv1:main:50,app_store,task_created,2026-08-05T19:50:01.399Z,,,n-hv1-u00064,t-hv1-u00064-2
hv1-e000677,hv1-u00182,task_first,hv1:main:50,organic_search,assigned,2026-08-05T20:13:20.328Z,,,,
hv1-e000678,hv1-u00182,task_first,hv1:main:50,organic_search,note_saved,2026-08-05T20:17:20.328Z,,,n-hv1-u00182,
hv1-e002860,hv1-u00777,task_first,hv1:main:50,organic_search,assigned,2026-08-05T20:23:02.728Z,,,,
hv1-e002861,hv1-u00777,task_first,hv1:main:50,organic_search,note_saved,2026-08-05T20:27:02.728Z,,,n-hv1-u00777,
hv1-e000437,hv1-u00112,baseline,hv1:main:50,referral,trial_started,2026-08-05T21:36:34.232Z,,,,
hv1-e001409,hv1-u00374,task_first,hv1:main:50,referral,assigned,2026-08-05T21:49:40.172Z,,,,
hv1-e001410,hv1-u00374,task_first,hv1:main:50,referral,note_saved,2026-08-05T21:53:40.172Z,,,n-hv1-u00374,
hv1-e001411,hv1-u00374,task_first,hv1:main:50,referral,task_created,2026-08-05T21:55:40.172Z,,,n-hv1-u00374,t-hv1-u00374-1
hv1-e001412,hv1-u00374,task_first,hv1:main:50,referral,task_created,2026-08-05T21:56:40.172Z,,,n-hv1-u00374,t-hv1-u00374-2
hv1-e000046,hv1-u00013,task_first,hv1:main:50,paid_social,assigned,2026-08-05T23:14:24.272Z,,,,
hv1-e000047,hv1-u00013,task_first,hv1:main:50,paid_social,note_saved,2026-08-05T23:18:24.272Z,,,n-hv1-u00013,
hv1-e000035,hv1-u00011,baseline,hv1:main:50,paid_social,assigned,2026-08-06T00:14:29.724Z,,,,
hv1-e000036,hv1-u00011,baseline,hv1:main:50,paid_social,note_saved,2026-08-06T00:18:29.724Z,,,n-hv1-u00011,
hv1-e000037,hv1-u00011,baseline,hv1:main:50,paid_social,task_created,2026-08-06T00:20:29.724Z,,,n-hv1-u00011,t-hv1-u00011-1
hv1-e000038,hv1-u00011,baseline,hv1:main:50,paid_social,task_created,2026-08-06T00:21:29.724Z,,,n-hv1-u00011,t-hv1-u00011-2
hv1-e000039,hv1-u00011,baseline,hv1:main:50,paid_social,task_created,2026-08-06T00:22:29.724Z,,,n-hv1-u00011,t-hv1-u00011-3
hv1-e003495,hv1-u00951,task_first,hv1:main:50,referral,assigned,2026-08-06T00:35:44.967Z,,,,
hv1-e003029,hv1-u00822,task_first,hv1:main:50,paid_social,assigned,2026-08-06T00:54:46.069Z,,,,
hv1-e003030,hv1-u00822,task_first,hv1:main:50,paid_social,note_saved,2026-08-06T00:58:46.069Z,,,n-hv1-u00822,
hv1-e003523,hv1-u00960,baseline,hv1:main:50,app_store,assigned,2026-08-06T00:59:00.840Z,,,,
hv1-e003031,hv1-u00822,task_first,hv1:main:50,paid_social,task_created,2026-08-06T01:00:46.069Z,,,n-hv1-u00822,t-hv1-u00822-1
hv1-e003524,hv1-u00960,baseline,hv1:main:50,app_store,note_saved,2026-08-06T01:03:00.840Z,,,n-hv1-u00960,
hv1-e003525,hv1-u00960,baseline,hv1:main:50,app_store,task_created,2026-08-06T01:05:00.840Z,,,n-hv1-u00960,t-hv1-u00960-1
hv1-e003526,hv1-u00960,baseline,hv1:main:50,app_store,task_created,2026-08-06T01:06:00.840Z,,,n-hv1-u00960,t-hv1-u00960-2
hv1-e003527,hv1-u00960,baseline,hv1:main:50,app_store,task_created,2026-08-06T01:07:00.840Z,,,n-hv1-u00960,t-hv1-u00960-3
hv1-e001303,hv1-u00349,task_first,hv1:main:50,paid_social,assigned,2026-08-06T01:20:18.025Z,,,,
hv1-e001304,hv1-u00349,task_first,hv1:main:50,paid_social,note_saved,2026-08-06T01:24:18.025Z,,,n-hv1-u00349,
hv1-e002696,hv1-u00726,baseline,hv1:main:50,paid_social,assigned,2026-08-06T01:24:24.660Z,,,,
hv1-e001305,hv1-u00349,task_first,hv1:main:50,paid_social,task_created,2026-08-06T01:26:18.025Z,,,n-hv1-u00349,t-hv1-u00349-1
hv1-e002697,hv1-u00726,baseline,hv1:main:50,paid_social,note_saved,2026-08-06T01:28:24.660Z,,,n-hv1-u00726,
hv1-e001497,hv1-u00401,baseline,hv1:main:50,organic_search,assigned,2026-08-06T02:13:13.901Z,,,,
hv1-e000279,hv1-u00072,baseline,hv1:main:50,organic_search,assigned,2026-08-06T02:14:21.959Z,,,,
hv1-e001498,hv1-u00401,baseline,hv1:main:50,organic_search,note_saved,2026-08-06T02:17:13.901Z,,,n-hv1-u00401,
hv1-e000188,hv1-u00048,baseline,hv1:main:50,organic_search,assigned,2026-08-06T02:54:21.119Z,,,,
hv1-e000189,hv1-u00048,baseline,hv1:main:50,organic_search,note_saved,2026-08-06T02:58:21.119Z,,,n-hv1-u00048,
hv1-e000497,hv1-u00131,baseline,hv1:main:50,app_store,revisited,2026-08-06T03:11:44.108Z,,,n-hv1-u00131,
hv1-e000498,hv1-u00131,baseline,hv1:main:50,app_store,task_completed,2026-08-06T03:16:44.108Z,,,n-hv1-u00131,t-hv1-u00131-1
hv1-e000736,hv1-u00195,baseline,hv1:main:50,app_store,trial_started,2026-08-06T03:32:24.900Z,,,,
hv1-e000428,hv1-u00110,baseline,hv1:main:50,referral,assigned,2026-08-06T03:40:24.972Z,,,,
hv1-e000429,hv1-u00110,baseline,hv1:main:50,referral,note_saved,2026-08-06T03:44:24.972Z,,,n-hv1-u00110,
hv1-e002858,hv1-u00776,baseline,hv1:main:50,organic_search,assigned,2026-08-06T03:48:25.492Z,,,,
hv1-e002859,hv1-u00776,baseline,hv1:main:50,organic_search,note_saved,2026-08-06T03:52:25.492Z,,,n-hv1-u00776,
hv1-e002182,hv1-u00584,task_first,hv1:main:50,paid_social,assigned,2026-08-06T04:07:37.548Z,,,,
hv1-e002183,hv1-u00584,task_first,hv1:main:50,paid_social,note_saved,2026-08-06T04:11:37.548Z,,,n-hv1-u00584,
hv1-e001239,hv1-u00330,task_first,hv1:main:50,app_store,assigned,2026-08-06T04:39:37.787Z,,,,
hv1-e002208,hv1-u00590,task_first,hv1:main:50,paid_social,revisited,2026-08-06T05:01:30.056Z,,,n-hv1-u00590,
hv1-e002209,hv1-u00590,task_first,hv1:main:50,paid_social,task_completed,2026-08-06T05:06:30.056Z,,,n-hv1-u00590,t-hv1-u00590-1
hv1-e002964,hv1-u00805,task_first,hv1:main:50,paid_social,revisited,2026-08-06T05:07:27.615Z,,,n-hv1-u00805,
hv1-e002965,hv1-u00805,task_first,hv1:main:50,paid_social,task_completed,2026-08-06T05:12:27.615Z,,,n-hv1-u00805,t-hv1-u00805-1
hv1-e000631,hv1-u00171,task_first,hv1:main:50,paid_social,assigned,2026-08-06T05:23:01.221Z,,,,
hv1-e002547,hv1-u00683,task_first,hv1:main:50,organic_search,assigned,2026-08-06T05:32:25.477Z,,,,
hv1-e002548,hv1-u00683,task_first,hv1:main:50,organic_search,note_saved,2026-08-06T05:36:25.477Z,,,n-hv1-u00683,
hv1-e000616,hv1-u00167,baseline,hv1:main:50,referral,assigned,2026-08-06T05:42:04.330Z,,,,
hv1-e000617,hv1-u00167,baseline,hv1:main:50,referral,note_saved,2026-08-06T05:46:04.330Z,,,n-hv1-u00167,
hv1-e001358,hv1-u00362,task_first,hv1:main:50,referral,revisited,2026-08-06T05:52:54.201Z,,,n-hv1-u00362,
hv1-e001359,hv1-u00362,task_first,hv1:main:50,referral,task_completed,2026-08-06T05:57:54.201Z,,,n-hv1-u00362,t-hv1-u00362-1
hv1-e000600,hv1-u00161,baseline,hv1:main:50,paid_social,revisited,2026-08-06T06:04:01.072Z,,,n-hv1-u00161,
hv1-e003376,hv1-u00915,baseline,hv1:main:50,app_store,assigned,2026-08-06T06:13:12.697Z,,,,
hv1-e003377,hv1-u00915,baseline,hv1:main:50,app_store,note_saved,2026-08-06T06:17:12.697Z,,,n-hv1-u00915,
hv1-e001088,hv1-u00286,baseline,hv1:main:50,paid_social,assigned,2026-08-06T06:17:43.814Z,,,,
hv1-e000054,hv1-u00016,baseline,hv1:main:50,organic_search,assigned,2026-08-06T06:18:15.671Z,,,,
hv1-e003378,hv1-u00915,baseline,hv1:main:50,app_store,task_created,2026-08-06T06:19:12.697Z,,,n-hv1-u00915,t-hv1-u00915-1
hv1-e003379,hv1-u00915,baseline,hv1:main:50,app_store,task_created,2026-08-06T06:20:12.697Z,,,n-hv1-u00915,t-hv1-u00915-2
hv1-e001089,hv1-u00286,baseline,hv1:main:50,paid_social,note_saved,2026-08-06T06:21:43.814Z,,,n-hv1-u00286,
hv1-e000055,hv1-u00016,baseline,hv1:main:50,organic_search,note_saved,2026-08-06T06:22:15.671Z,,,n-hv1-u00016,
hv1-e001661,hv1-u00450,task_first,hv1:main:50,app_store,assigned,2026-08-06T06:39:12.339Z,,,,
hv1-e001662,hv1-u00450,task_first,hv1:main:50,app_store,note_saved,2026-08-06T06:43:12.339Z,,,n-hv1-u00450,
hv1-e001422,hv1-u00376,baseline,hv1:main:50,paid_social,assigned,2026-08-06T06:44:21.560Z,,,,
hv1-e001423,hv1-u00376,baseline,hv1:main:50,paid_social,note_saved,2026-08-06T06:48:21.560Z,,,n-hv1-u00376,
hv1-e003584,hv1-u00976,task_first,hv1:main:50,referral,assigned,2026-08-06T06:52:44.039Z,,,,
hv1-e003585,hv1-u00976,task_first,hv1:main:50,referral,note_saved,2026-08-06T06:56:44.039Z,,,n-hv1-u00976,
hv1-e003586,hv1-u00976,task_first,hv1:main:50,referral,task_created,2026-08-06T06:58:44.039Z,,,n-hv1-u00976,t-hv1-u00976-1
hv1-e003587,hv1-u00976,task_first,hv1:main:50,referral,task_created,2026-08-06T06:59:44.039Z,,,n-hv1-u00976,t-hv1-u00976-2
hv1-e003588,hv1-u00976,task_first,hv1:main:50,referral,task_created,2026-08-06T07:00:44.039Z,,,n-hv1-u00976,t-hv1-u00976-3
hv1-e002113,hv1-u00567,baseline,hv1:main:50,app_store,assigned,2026-08-06T07:26:32.769Z,,,,
hv1-e002114,hv1-u00567,baseline,hv1:main:50,app_store,note_saved,2026-08-06T07:30:32.769Z,,,n-hv1-u00567,
hv1-e002563,hv1-u00689,task_first,hv1:main:50,paid_social,assigned,2026-08-06T07:38:34.422Z,,,,
hv1-e002564,hv1-u00689,task_first,hv1:main:50,paid_social,note_saved,2026-08-06T07:42:34.422Z,,,n-hv1-u00689,
hv1-e002565,hv1-u00689,task_first,hv1:main:50,paid_social,task_created,2026-08-06T07:44:34.422Z,,,n-hv1-u00689,t-hv1-u00689-1
hv1-e000280,hv1-u00073,task_first,hv1:main:50,app_store,assigned,2026-08-06T08:39:24.542Z,,,,
hv1-e000281,hv1-u00073,task_first,hv1:main:50,app_store,note_saved,2026-08-06T08:43:24.542Z,,,n-hv1-u00073,
hv1-e002188,hv1-u00586,baseline,hv1:main:50,paid_social,assigned,2026-08-06T08:50:09.834Z,,,,
hv1-e002189,hv1-u00586,baseline,hv1:main:50,paid_social,note_saved,2026-08-06T08:54:09.834Z,,,n-hv1-u00586,
hv1-e000021,hv1-u00006,baseline,hv1:main:50,app_store,assigned,2026-08-06T09:10:55.399Z,,,,
hv1-e000357,hv1-u00093,task_first,hv1:main:50,organic_search,assigned,2026-08-06T09:38:04.054Z,,,,
hv1-e001438,hv1-u00381,task_first,hv1:main:50,app_store,revisited,2026-08-06T09:44:27.280Z,,,n-hv1-u00381,
hv1-e001439,hv1-u00381,task_first,hv1:main:50,app_store,task_completed,2026-08-06T09:49:27.280Z,,,n-hv1-u00381,t-hv1-u00381-1
hv1-e001975,hv1-u00529,baseline,hv1:main:50,app_store,revisited,2026-08-06T10:12:44.504Z,,,n-hv1-u00529,
hv1-e001976,hv1-u00529,baseline,hv1:main:50,app_store,task_completed,2026-08-06T10:17:44.504Z,,,n-hv1-u00529,t-hv1-u00529-1
hv1-e003222,hv1-u00874,task_first,hv1:main:50,referral,assigned,2026-08-06T10:21:46.483Z,,,,
hv1-e003223,hv1-u00874,task_first,hv1:main:50,referral,note_saved,2026-08-06T10:25:46.483Z,,,n-hv1-u00874,
hv1-e000254,hv1-u00065,baseline,hv1:main:50,paid_social,assigned,2026-08-06T11:16:26.413Z,,,,
hv1-e000255,hv1-u00065,baseline,hv1:main:50,paid_social,note_saved,2026-08-06T11:20:26.413Z,,,n-hv1-u00065,
hv1-e003339,hv1-u00908,baseline,hv1:main:50,app_store,assigned,2026-08-06T12:14:47.271Z,,,,
hv1-e003340,hv1-u00908,baseline,hv1:main:50,app_store,note_saved,2026-08-06T12:18:47.271Z,,,n-hv1-u00908,
hv1-e003341,hv1-u00908,baseline,hv1:main:50,app_store,task_created,2026-08-06T12:20:47.271Z,,,n-hv1-u00908,t-hv1-u00908-1
hv1-e003342,hv1-u00908,baseline,hv1:main:50,app_store,task_created,2026-08-06T12:21:47.271Z,,,n-hv1-u00908,t-hv1-u00908-2
hv1-e003343,hv1-u00908,baseline,hv1:main:50,app_store,task_created,2026-08-06T12:22:47.271Z,,,n-hv1-u00908,t-hv1-u00908-3
hv1-e000271,hv1-u00069,task_first,hv1:main:50,organic_search,trial_started,2026-08-06T12:24:39.187Z,,,,
hv1-e001484,hv1-u00396,baseline,hv1:main:50,paid_social,assigned,2026-08-06T12:37:31.621Z,,,,
hv1-e001485,hv1-u00396,baseline,hv1:main:50,paid_social,note_saved,2026-08-06T12:41:31.621Z,,,n-hv1-u00396,
hv1-e001486,hv1-u00396,baseline,hv1:main:50,paid_social,task_created,2026-08-06T12:43:31.621Z,,,n-hv1-u00396,t-hv1-u00396-1
hv1-e001487,hv1-u00396,baseline,hv1:main:50,paid_social,task_created,2026-08-06T12:44:31.621Z,,,n-hv1-u00396,t-hv1-u00396-2
hv1-e000219,hv1-u00055,baseline,hv1:main:50,referral,assigned,2026-08-06T12:54:42.035Z,,,,
hv1-e002112,hv1-u00566,baseline,hv1:main:50,organic_search,revisited,2026-08-06T13:36:37.588Z,,,n-hv1-u00566,
hv1-e000019,hv1-u00005,task_first,hv1:main:50,organic_search,trial_started,2026-08-06T14:20:30.129Z,,,,
hv1-e002417,hv1-u00649,baseline,hv1:main:50,paid_social,assigned,2026-08-06T14:31:13.632Z,,,,
hv1-e003149,hv1-u00851,task_first,hv1:main:50,app_store,assigned,2026-08-06T14:34:05.661Z,,,,
hv1-e002418,hv1-u00649,baseline,hv1:main:50,paid_social,note_saved,2026-08-06T14:35:13.632Z,,,n-hv1-u00649,
hv1-e002419,hv1-u00649,baseline,hv1:main:50,paid_social,task_created,2026-08-06T14:37:13.632Z,,,n-hv1-u00649,t-hv1-u00649-1
hv1-e003150,hv1-u00851,task_first,hv1:main:50,app_store,note_saved,2026-08-06T14:38:05.661Z,,,n-hv1-u00851,
hv1-e002420,hv1-u00649,baseline,hv1:main:50,paid_social,task_created,2026-08-06T14:38:13.632Z,,,n-hv1-u00649,t-hv1-u00649-2
hv1-e003151,hv1-u00851,task_first,hv1:main:50,app_store,task_created,2026-08-06T14:40:05.661Z,,,n-hv1-u00851,t-hv1-u00851-1
hv1-e003152,hv1-u00851,task_first,hv1:main:50,app_store,task_created,2026-08-06T14:41:05.661Z,,,n-hv1-u00851,t-hv1-u00851-2
hv1-e001240,hv1-u00331,task_first,hv1:main:50,paid_social,assigned,2026-08-06T14:54:06.903Z,,,,
hv1-e000218,hv1-u00054,task_first,hv1:main:50,organic_search,revisited,2026-08-06T15:17:38.154Z,,,n-hv1-u00054,
hv1-e001175,hv1-u00310,task_first,hv1:main:50,paid_social,assigned,2026-08-06T15:20:55.747Z,,,,
hv1-e001176,hv1-u00310,task_first,hv1:main:50,paid_social,note_saved,2026-08-06T15:24:55.747Z,,,n-hv1-u00310,
hv1-e001177,hv1-u00310,task_first,hv1:main:50,paid_social,task_created,2026-08-06T15:26:55.747Z,,,n-hv1-u00310,t-hv1-u00310-1
hv1-e003052,hv1-u00828,baseline,hv1:main:50,paid_social,assigned,2026-08-06T15:31:55.867Z,,,,
hv1-e000834,hv1-u00219,baseline,hv1:main:50,referral,revisited,2026-08-06T15:33:46.431Z,,,n-hv1-u00219,
hv1-e003053,hv1-u00828,baseline,hv1:main:50,paid_social,note_saved,2026-08-06T15:35:55.867Z,,,n-hv1-u00828,
hv1-e003054,hv1-u00828,baseline,hv1:main:50,paid_social,task_created,2026-08-06T15:37:55.867Z,,,n-hv1-u00828,t-hv1-u00828-1
hv1-e003055,hv1-u00828,baseline,hv1:main:50,paid_social,task_created,2026-08-06T15:38:55.867Z,,,n-hv1-u00828,t-hv1-u00828-2
hv1-e000268,hv1-u00068,task_first,hv1:main:50,app_store,revisited,2026-08-06T15:40:32.240Z,,,n-hv1-u00068,
hv1-e000269,hv1-u00068,task_first,hv1:main:50,app_store,task_completed,2026-08-06T15:45:32.240Z,,,n-hv1-u00068,t-hv1-u00068-1
hv1-e002703,hv1-u00729,baseline,hv1:main:50,referral,assigned,2026-08-06T15:54:43.655Z,,,,
hv1-e002704,hv1-u00729,baseline,hv1:main:50,referral,note_saved,2026-08-06T15:58:43.655Z,,,n-hv1-u00729,
hv1-e002705,hv1-u00729,baseline,hv1:main:50,referral,task_created,2026-08-06T16:00:43.655Z,,,n-hv1-u00729,t-hv1-u00729-1
hv1-e002706,hv1-u00729,baseline,hv1:main:50,referral,task_created,2026-08-06T16:01:43.655Z,,,n-hv1-u00729,t-hv1-u00729-2
hv1-e001473,hv1-u00393,baseline,hv1:main:50,paid_social,assigned,2026-08-06T16:23:12.010Z,,,,
hv1-e001474,hv1-u00393,baseline,hv1:main:50,paid_social,note_saved,2026-08-06T16:27:12.010Z,,,n-hv1-u00393,
hv1-e000524,hv1-u00138,baseline,hv1:main:50,app_store,assigned,2026-08-06T16:46:54.656Z,,,,
hv1-e000525,hv1-u00138,baseline,hv1:main:50,app_store,note_saved,2026-08-06T16:50:54.656Z,,,n-hv1-u00138,
hv1-e002748,hv1-u00739,baseline,hv1:main:50,organic_search,assigned,2026-08-06T16:57:20.820Z,,,,
hv1-e000382,hv1-u00098,task_first,hv1:main:50,referral,revisited,2026-08-06T16:58:29.262Z,,,n-hv1-u00098,
hv1-e002749,hv1-u00739,baseline,hv1:main:50,organic_search,note_saved,2026-08-06T17:01:20.820Z,,,n-hv1-u00739,
hv1-e000383,hv1-u00098,task_first,hv1:main:50,referral,task_completed,2026-08-06T17:03:29.262Z,,,n-hv1-u00098,t-hv1-u00098-1
hv1-e001104,hv1-u00290,baseline,hv1:main:50,organic_search,assigned,2026-08-06T17:05:13.601Z,,,,
hv1-e001105,hv1-u00290,baseline,hv1:main:50,organic_search,note_saved,2026-08-06T17:09:13.601Z,,,n-hv1-u00290,
hv1-e000405,hv1-u00103,task_first,hv1:main:50,organic_search,revisited,2026-08-06T17:29:08.062Z,,,n-hv1-u00103,
hv1-e000008,hv1-u00003,task_first,hv1:main:50,app_store,assigned,2026-08-06T18:03:01.129Z,,,,
hv1-e000009,hv1-u00003,task_first,hv1:main:50,app_store,note_saved,2026-08-06T18:07:01.129Z,,,n-hv1-u00003,
hv1-e000010,hv1-u00003,task_first,hv1:main:50,app_store,task_created,2026-08-06T18:09:01.129Z,,,n-hv1-u00003,t-hv1-u00003-1
hv1-e000011,hv1-u00003,task_first,hv1:main:50,app_store,task_created,2026-08-06T18:10:01.129Z,,,n-hv1-u00003,t-hv1-u00003-2
hv1-e001255,hv1-u00335,baseline,hv1:main:50,organic_search,assigned,2026-08-06T18:31:26.957Z,,,,
hv1-e000318,hv1-u00083,baseline,hv1:main:50,organic_search,assigned,2026-08-06T18:32:34.738Z,,,,
hv1-e001256,hv1-u00335,baseline,hv1:main:50,organic_search,note_saved,2026-08-06T18:35:26.957Z,,,n-hv1-u00335,
hv1-e000319,hv1-u00083,baseline,hv1:main:50,organic_search,note_saved,2026-08-06T18:36:34.738Z,,,n-hv1-u00083,
hv1-e001257,hv1-u00335,baseline,hv1:main:50,organic_search,task_created,2026-08-06T18:37:26.957Z,,,n-hv1-u00335,t-hv1-u00335-1
hv1-e001858,hv1-u00502,task_first,hv1:main:50,referral,assigned,2026-08-06T18:59:08.931Z,,,,
hv1-e001859,hv1-u00502,task_first,hv1:main:50,referral,note_saved,2026-08-06T19:03:08.931Z,,,n-hv1-u00502,
hv1-e001860,hv1-u00502,task_first,hv1:main:50,referral,task_created,2026-08-06T19:05:08.931Z,,,n-hv1-u00502,t-hv1-u00502-1
hv1-e001861,hv1-u00502,task_first,hv1:main:50,referral,task_created,2026-08-06T19:06:08.931Z,,,n-hv1-u00502,t-hv1-u00502-2
hv1-e001862,hv1-u00502,task_first,hv1:main:50,referral,task_created,2026-08-06T19:07:08.931Z,,,n-hv1-u00502,t-hv1-u00502-3
hv1-e000541,hv1-u00144,task_first,hv1:main:50,organic_search,assigned,2026-08-06T19:59:56.756Z,,,,
hv1-e001777,hv1-u00481,baseline,hv1:main:50,paid_social,assigned,2026-08-06T20:01:03.849Z,,,,
hv1-e002589,hv1-u00696,task_first,hv1:main:50,referral,assigned,2026-08-06T20:29:52.910Z,,,,
hv1-e000252,hv1-u00064,baseline,hv1:main:50,app_store,trial_started,2026-08-06T20:43:01.399Z,,,,
hv1-e002590,hv1-u00696,task_first,hv1:main:50,referral,trial_started,2026-08-06T21:29:52.910Z,,,,
hv1-e000078,hv1-u00022,task_first,hv1:main:50,organic_search,assigned,2026-08-06T21:53:09.950Z,,,,
hv1-e003683,hv1-u01000,task_first,hv1:main:50,paid_social,assigned,2026-08-06T21:53:59.210Z,,,,
hv1-e000079,hv1-u00022,task_first,hv1:main:50,organic_search,note_saved,2026-08-06T21:57:09.950Z,,,n-hv1-u00022,
hv1-e003684,hv1-u01000,task_first,hv1:main:50,paid_social,note_saved,2026-08-06T21:57:59.210Z,,,n-hv1-u01000,
hv1-e000080,hv1-u00022,task_first,hv1:main:50,organic_search,task_created,2026-08-06T21:59:09.950Z,,,n-hv1-u00022,t-hv1-u00022-1
hv1-e003685,hv1-u01000,task_first,hv1:main:50,paid_social,task_created,2026-08-06T21:59:59.210Z,,,n-hv1-u01000,t-hv1-u01000-1
hv1-e000081,hv1-u00022,task_first,hv1:main:50,organic_search,task_created,2026-08-06T22:00:09.950Z,,,n-hv1-u00022,t-hv1-u00022-2
hv1-e003686,hv1-u01000,task_first,hv1:main:50,paid_social,task_created,2026-08-06T22:00:59.210Z,,,n-hv1-u01000,t-hv1-u01000-2
hv1-e003687,hv1-u01000,task_first,hv1:main:50,paid_social,task_created,2026-08-06T22:01:59.210Z,,,n-hv1-u01000,t-hv1-u01000-3
hv1-e001508,hv1-u00404,task_first,hv1:main:50,organic_search,assigned,2026-08-06T22:17:32.010Z,,,,
hv1-e001509,hv1-u00404,task_first,hv1:main:50,organic_search,note_saved,2026-08-06T22:21:32.010Z,,,n-hv1-u00404,
hv1-e001510,hv1-u00404,task_first,hv1:main:50,organic_search,task_created,2026-08-06T22:23:32.010Z,,,n-hv1-u00404,t-hv1-u00404-1
hv1-e001511,hv1-u00404,task_first,hv1:main:50,organic_search,task_created,2026-08-06T22:24:32.010Z,,,n-hv1-u00404,t-hv1-u00404-2
hv1-e001415,hv1-u00374,task_first,hv1:main:50,referral,trial_started,2026-08-06T22:49:40.172Z,,,,
hv1-e002143,hv1-u00573,baseline,hv1:main:50,paid_social,assigned,2026-08-07T00:02:40.137Z,,,,
hv1-e002144,hv1-u00573,baseline,hv1:main:50,paid_social,note_saved,2026-08-07T00:06:40.137Z,,,n-hv1-u00573,
hv1-e002793,hv1-u00753,baseline,hv1:main:50,app_store,trial_started,2026-08-07T01:17:58.484Z,,,,
hv1-e002797,hv1-u00755,baseline,hv1:main:50,referral,assigned,2026-08-07T01:49:05.763Z,,,,
hv1-e001306,hv1-u00349,task_first,hv1:main:50,paid_social,revisited,2026-08-07T01:50:18.025Z,,,n-hv1-u00349,
hv1-e002798,hv1-u00755,baseline,hv1:main:50,referral,note_saved,2026-08-07T01:53:05.763Z,,,n-hv1-u00755,
hv1-e002799,hv1-u00755,baseline,hv1:main:50,referral,task_created,2026-08-07T01:55:05.763Z,,,n-hv1-u00755,t-hv1-u00755-1
hv1-e001307,hv1-u00349,task_first,hv1:main:50,paid_social,task_completed,2026-08-07T01:55:18.025Z,,,n-hv1-u00349,t-hv1-u00349-1
hv1-e003451,hv1-u00936,task_first,hv1:main:50,app_store,assigned,2026-08-07T02:00:20.250Z,,,,
hv1-e002984,hv1-u00810,task_first,hv1:main:50,paid_social,trial_started,2026-08-07T02:04:33.582Z,,,,
hv1-e002085,hv1-u00559,baseline,hv1:main:50,app_store,assigned,2026-08-07T02:07:59.734Z,,,,
hv1-e002086,hv1-u00559,baseline,hv1:main:50,app_store,note_saved,2026-08-07T02:11:59.734Z,,,n-hv1-u00559,
hv1-e002087,hv1-u00559,baseline,hv1:main:50,app_store,task_created,2026-08-07T02:13:59.734Z,,,n-hv1-u00559,t-hv1-u00559-1
hv1-e002088,hv1-u00559,baseline,hv1:main:50,app_store,task_created,2026-08-07T02:14:59.734Z,,,n-hv1-u00559,t-hv1-u00559-2
hv1-e002089,hv1-u00559,baseline,hv1:main:50,app_store,task_created,2026-08-07T02:15:59.734Z,,,n-hv1-u00559,t-hv1-u00559-3
hv1-e002378,hv1-u00638,task_first,hv1:main:50,paid_social,trial_started,2026-08-07T02:59:36.689Z,,,,
hv1-e000803,hv1-u00211,task_first,hv1:main:50,organic_search,assigned,2026-08-07T03:20:15.911Z,,,,
hv1-e002758,hv1-u00741,task_first,hv1:main:50,app_store,assigned,2026-08-07T03:24:17.962Z,,,,
hv1-e000190,hv1-u00048,baseline,hv1:main:50,organic_search,trial_started,2026-08-07T03:54:21.119Z,,,,
hv1-e000575,hv1-u00155,baseline,hv1:main:50,organic_search,assigned,2026-08-07T04:09:26.108Z,,,,
hv1-e000576,hv1-u00155,baseline,hv1:main:50,organic_search,note_saved,2026-08-07T04:13:26.108Z,,,n-hv1-u00155,
hv1-e002870,hv1-u00779,baseline,hv1:main:50,organic_search,revisited,2026-08-07T04:14:07.501Z,,,n-hv1-u00779,
hv1-e002041,hv1-u00545,task_first,hv1:main:50,organic_search,assigned,2026-08-07T04:55:08.097Z,,,,
hv1-e002042,hv1-u00545,task_first,hv1:main:50,organic_search,note_saved,2026-08-07T04:59:08.097Z,,,n-hv1-u00545,
hv1-e001051,hv1-u00277,task_first,hv1:main:50,paid_social,revisited,2026-08-07T05:14:11.484Z,,,n-hv1-u00277,
hv1-e001584,hv1-u00428,baseline,hv1:main:50,referral,assigned,2026-08-07T05:17:20.803Z,,,,
hv1-e001052,hv1-u00277,task_first,hv1:main:50,paid_social,task_completed,2026-08-07T05:19:11.484Z,,,n-hv1-u00277,t-hv1-u00277-1
hv1-e001585,hv1-u00428,baseline,hv1:main:50,referral,note_saved,2026-08-07T05:21:20.803Z,,,n-hv1-u00428,
hv1-e001808,hv1-u00489,task_first,hv1:main:50,organic_search,trial_started,2026-08-07T05:30:44.819Z,,,,
hv1-e002549,hv1-u00683,task_first,hv1:main:50,organic_search,revisited,2026-08-07T05:32:25.477Z,,,n-hv1-u00683,
hv1-e002772,hv1-u00746,task_first,hv1:main:50,referral,revisited,2026-08-07T05:46:55.668Z,,,n-hv1-u00746,
hv1-e003254,hv1-u00882,task_first,hv1:main:50,paid_social,assigned,2026-08-07T05:50:53.506Z,,,,
hv1-e003255,hv1-u00882,task_first,hv1:main:50,paid_social,note_saved,2026-08-07T05:54:53.506Z,,,n-hv1-u00882,
hv1-e003256,hv1-u00882,task_first,hv1:main:50,paid_social,trial_started,2026-08-07T06:50:53.506Z,,,,
hv1-e001299,hv1-u00347,task_first,hv1:main:50,app_store,assigned,2026-08-07T09:06:50.790Z,,,,
hv1-e003616,hv1-u00983,baseline,hv1:main:50,paid_social,assigned,2026-08-07T09:12:20.058Z,,,,
hv1-e002994,hv1-u00813,task_first,hv1:main:50,referral,assigned,2026-08-07T09:14:44.780Z,,,,
hv1-e002995,hv1-u00813,task_first,hv1:main:50,referral,note_saved,2026-08-07T09:18:44.780Z,,,n-hv1-u00813,
hv1-e002996,hv1-u00813,task_first,hv1:main:50,referral,task_created,2026-08-07T09:20:44.780Z,,,n-hv1-u00813,t-hv1-u00813-1
hv1-e002061,hv1-u00553,baseline,hv1:main:50,paid_social,assigned,2026-08-07T09:21:26.624Z,,,,
hv1-e002997,hv1-u00813,task_first,hv1:main:50,referral,task_created,2026-08-07T09:21:44.780Z,,,n-hv1-u00813,t-hv1-u00813-2
hv1-e002998,hv1-u00813,task_first,hv1:main:50,referral,task_created,2026-08-07T09:22:44.780Z,,,n-hv1-u00813,t-hv1-u00813-3
hv1-e002062,hv1-u00553,baseline,hv1:main:50,paid_social,note_saved,2026-08-07T09:25:26.624Z,,,n-hv1-u00553,
hv1-e002063,hv1-u00553,baseline,hv1:main:50,paid_social,task_created,2026-08-07T09:27:26.624Z,,,n-hv1-u00553,t-hv1-u00553-1
hv1-e002064,hv1-u00553,baseline,hv1:main:50,paid_social,task_created,2026-08-07T09:28:26.624Z,,,n-hv1-u00553,t-hv1-u00553-2
hv1-e002659,hv1-u00717,task_first,hv1:main:50,organic_search,assigned,2026-08-07T10:12:55.351Z,,,,
hv1-e000455,hv1-u00120,task_first,hv1:main:50,app_store,assigned,2026-08-07T10:16:04.036Z,,,,
hv1-e002660,hv1-u00717,task_first,hv1:main:50,organic_search,note_saved,2026-08-07T10:16:55.351Z,,,n-hv1-u00717,
hv1-e000456,hv1-u00120,task_first,hv1:main:50,app_store,note_saved,2026-08-07T10:20:04.036Z,,,n-hv1-u00120,
hv1-e002723,hv1-u00734,task_first,hv1:main:50,paid_social,assigned,2026-08-07T10:21:50.804Z,,,,
hv1-e000457,hv1-u00120,task_first,hv1:main:50,app_store,task_created,2026-08-07T10:22:04.036Z,,,n-hv1-u00120,t-hv1-u00120-1
hv1-e000458,hv1-u00120,task_first,hv1:main:50,app_store,task_created,2026-08-07T10:23:04.036Z,,,n-hv1-u00120,t-hv1-u00120-2
hv1-e003207,hv1-u00869,task_first,hv1:main:50,referral,revisited,2026-08-07T10:24:58.026Z,,,n-hv1-u00869,
hv1-e003208,hv1-u00869,task_first,hv1:main:50,referral,task_completed,2026-08-07T10:29:58.026Z,,,n-hv1-u00869,t-hv1-u00869-1
hv1-e000358,hv1-u00093,task_first,hv1:main:50,organic_search,trial_started,2026-08-07T10:38:04.054Z,,,,
hv1-e001885,hv1-u00509,task_first,hv1:main:50,paid_social,assigned,2026-08-07T10:45:30.192Z,,,,
hv1-e001886,hv1-u00509,task_first,hv1:main:50,paid_social,note_saved,2026-08-07T10:49:30.192Z,,,n-hv1-u00509,
hv1-e001887,hv1-u00509,task_first,hv1:main:50,paid_social,task_created,2026-08-07T10:51:30.192Z,,,n-hv1-u00509,t-hv1-u00509-1
hv1-e001888,hv1-u00509,task_first,hv1:main:50,paid_social,task_created,2026-08-07T10:52:30.192Z,,,n-hv1-u00509,t-hv1-u00509-2
hv1-e001889,hv1-u00509,task_first,hv1:main:50,paid_social,task_created,2026-08-07T10:53:30.192Z,,,n-hv1-u00509,t-hv1-u00509-3
hv1-e003019,hv1-u00818,baseline,hv1:main:50,paid_social,assigned,2026-08-07T11:17:44.646Z,,,,
hv1-e003020,hv1-u00818,baseline,hv1:main:50,paid_social,note_saved,2026-08-07T11:21:44.646Z,,,n-hv1-u00818,
hv1-e000538,hv1-u00143,baseline,hv1:main:50,paid_social,assigned,2026-08-07T11:29:03.056Z,,,,
hv1-e000539,hv1-u00143,baseline,hv1:main:50,paid_social,note_saved,2026-08-07T11:33:03.056Z,,,n-hv1-u00143,
hv1-e000934,hv1-u00248,baseline,hv1:main:50,paid_social,assigned,2026-08-07T11:43:28.189Z,,,,
hv1-e000935,hv1-u00248,baseline,hv1:main:50,paid_social,note_saved,2026-08-07T11:47:28.189Z,,,n-hv1-u00248,
hv1-e000949,hv1-u00251,task_first,hv1:main:50,organic_search,revisited,2026-08-07T11:56:54.696Z,,,n-hv1-u00251,
hv1-e002267,hv1-u00608,baseline,hv1:main:50,organic_search,assigned,2026-08-07T12:04:35.765Z,,,,
hv1-e002268,hv1-u00608,baseline,hv1:main:50,organic_search,note_saved,2026-08-07T12:08:35.765Z,,,n-hv1-u00608,
hv1-e002623,hv1-u00706,task_first,hv1:main:50,organic_search,trial_started,2026-08-07T12:18:26.562Z,,,,
hv1-e002345,hv1-u00629,task_first,hv1:main:50,paid_social,assigned,2026-08-07T12:25:04.058Z,,,,
hv1-e002346,hv1-u00629,task_first,hv1:main:50,paid_social,note_saved,2026-08-07T12:29:04.058Z,,,n-hv1-u00629,
hv1-e002347,hv1-u00629,task_first,hv1:main:50,paid_social,task_created,2026-08-07T12:31:04.058Z,,,n-hv1-u00629,t-hv1-u00629-1
hv1-e001341,hv1-u00357,task_first,hv1:main:50,organic_search,assigned,2026-08-07T12:49:15.475Z,,,,
hv1-e002955,hv1-u00804,task_first,hv1:main:50,organic_search,assigned,2026-08-07T12:51:14.022Z,,,,
hv1-e002956,hv1-u00804,task_first,hv1:main:50,organic_search,note_saved,2026-08-07T12:55:14.022Z,,,n-hv1-u00804,
hv1-e002957,hv1-u00804,task_first,hv1:main:50,organic_search,task_created,2026-08-07T12:57:14.022Z,,,n-hv1-u00804,t-hv1-u00804-1
hv1-e002958,hv1-u00804,task_first,hv1:main:50,organic_search,task_created,2026-08-07T12:58:14.022Z,,,n-hv1-u00804,t-hv1-u00804-2
hv1-e002959,hv1-u00804,task_first,hv1:main:50,organic_search,task_created,2026-08-07T12:59:14.022Z,,,n-hv1-u00804,t-hv1-u00804-3
hv1-e000542,hv1-u00145,task_first,hv1:main:50,referral,assigned,2026-08-07T13:15:30.819Z,,,,
hv1-e000543,hv1-u00145,task_first,hv1:main:50,referral,note_saved,2026-08-07T13:19:30.819Z,,,n-hv1-u00145,
hv1-e000544,hv1-u00145,task_first,hv1:main:50,referral,task_created,2026-08-07T13:21:30.819Z,,,n-hv1-u00145,t-hv1-u00145-1
hv1-e000545,hv1-u00145,task_first,hv1:main:50,referral,task_created,2026-08-07T13:22:30.819Z,,,n-hv1-u00145,t-hv1-u00145-2
hv1-e003003,hv1-u00815,task_first,hv1:main:50,organic_search,assigned,2026-08-07T14:59:22.576Z,,,,
hv1-e001441,hv1-u00382,baseline,hv1:main:50,organic_search,assigned,2026-08-07T15:02:27.213Z,,,,
hv1-e003004,hv1-u00815,task_first,hv1:main:50,organic_search,note_saved,2026-08-07T15:03:22.576Z,,,n-hv1-u00815,
hv1-e003005,hv1-u00815,task_first,hv1:main:50,organic_search,task_created,2026-08-07T15:05:22.576Z,,,n-hv1-u00815,t-hv1-u00815-1
hv1-e003006,hv1-u00815,task_first,hv1:main:50,organic_search,task_created,2026-08-07T15:06:22.576Z,,,n-hv1-u00815,t-hv1-u00815-2
hv1-e003202,hv1-u00868,task_first,hv1:main:50,app_store,trial_started,2026-08-07T15:21:46.651Z,,,,
hv1-e001102,hv1-u00289,task_first,hv1:main:50,app_store,assigned,2026-08-07T17:00:35.446Z,,,,
hv1-e001103,hv1-u00289,task_first,hv1:main:50,app_store,note_saved,2026-08-07T17:04:35.446Z,,,n-hv1-u00289,
hv1-e000384,hv1-u00098,task_first,hv1:main:50,referral,trial_started,2026-08-07T17:28:29.262Z,,,,
hv1-e003260,hv1-u00884,baseline,hv1:main:50,paid_social,assigned,2026-08-07T17:45:42.466Z,,,,
hv1-e002750,hv1-u00739,baseline,hv1:main:50,organic_search,trial_started,2026-08-07T17:57:20.820Z,,,,
hv1-e001106,hv1-u00290,baseline,hv1:main:50,organic_search,trial_started,2026-08-07T18:05:13.601Z,,,,
hv1-e001729,hv1-u00469,baseline,hv1:main:50,organic_search,revisited,2026-08-07T18:12:16.306Z,,,n-hv1-u00469,
hv1-e003146,hv1-u00849,baseline,hv1:main:50,organic_search,revisited,2026-08-07T18:18:36.712Z,,,n-hv1-u00849,
hv1-e002674,hv1-u00720,task_first,hv1:main:50,paid_social,revisited,2026-08-07T18:23:38.690Z,,,n-hv1-u00720,
hv1-e002675,hv1-u00720,task_first,hv1:main:50,paid_social,task_completed,2026-08-07T18:28:38.690Z,,,n-hv1-u00720,t-hv1-u00720-1
hv1-e000679,hv1-u00182,task_first,hv1:main:50,organic_search,revisited,2026-08-07T20:13:20.328Z,,,n-hv1-u00182,
hv1-e001162,hv1-u00307,task_first,hv1:main:50,paid_social,assigned,2026-08-07T20:25:26.417Z,,,,
hv1-e000296,hv1-u00077,baseline,hv1:main:50,app_store,assigned,2026-08-07T20:25:28.661Z,,,,
hv1-e001163,hv1-u00307,task_first,hv1:main:50,paid_social,note_saved,2026-08-07T20:29:26.417Z,,,n-hv1-u00307,
hv1-e000297,hv1-u00077,baseline,hv1:main:50,app_store,note_saved,2026-08-07T20:29:28.661Z,,,n-hv1-u00077,
hv1-e001164,hv1-u00307,task_first,hv1:main:50,paid_social,task_created,2026-08-07T20:31:26.417Z,,,n-hv1-u00307,t-hv1-u00307-1
hv1-e000298,hv1-u00077,baseline,hv1:main:50,app_store,task_created,2026-08-07T20:31:28.661Z,,,n-hv1-u00077,t-hv1-u00077-1
hv1-e000299,hv1-u00077,baseline,hv1:main:50,app_store,task_created,2026-08-07T20:32:28.661Z,,,n-hv1-u00077,t-hv1-u00077-2
hv1-e002863,hv1-u00777,task_first,hv1:main:50,organic_search,trial_started,2026-08-07T21:23:02.728Z,,,,
hv1-e001220,hv1-u00324,task_first,hv1:main:50,paid_social,assigned,2026-08-07T21:44:13.383Z,,,,
hv1-e001221,hv1-u00324,task_first,hv1:main:50,paid_social,note_saved,2026-08-07T21:48:13.383Z,,,n-hv1-u00324,
hv1-e001222,hv1-u00324,task_first,hv1:main:50,paid_social,task_created,2026-08-07T21:50:13.383Z,,,n-hv1-u00324,t-hv1-u00324-1
hv1-e000082,hv1-u00022,task_first,hv1:main:50,organic_search,revisited,2026-08-07T21:53:09.950Z,,,n-hv1-u00022,
hv1-e001413,hv1-u00374,task_first,hv1:main:50,referral,revisited,2026-08-07T22:19:40.172Z,,,n-hv1-u00374,
hv1-e003688,hv1-u01000,task_first,hv1:main:50,paid_social,revisited,2026-08-07T22:23:59.210Z,,,n-hv1-u01000,
hv1-e001414,hv1-u00374,task_first,hv1:main:50,referral,task_completed,2026-08-07T22:24:40.172Z,,,n-hv1-u00374,t-hv1-u00374-1
hv1-e003689,hv1-u01000,task_first,hv1:main:50,paid_social,task_completed,2026-08-07T22:28:59.210Z,,,n-hv1-u01000,t-hv1-u01000-1
hv1-e001085,hv1-u00285,task_first,hv1:main:50,paid_social,assigned,2026-08-07T22:36:03.197Z,,,,
hv1-e001086,hv1-u00285,task_first,hv1:main:50,paid_social,note_saved,2026-08-07T22:40:03.197Z,,,n-hv1-u00285,
hv1-e001087,hv1-u00285,task_first,hv1:main:50,paid_social,task_created,2026-08-07T22:42:03.197Z,,,n-hv1-u00285,t-hv1-u00285-1
hv1-e000825,hv1-u00216,baseline,hv1:main:50,paid_social,revisited,2026-08-07T23:15:39.372Z,,,n-hv1-u00216,
hv1-e000826,hv1-u00216,baseline,hv1:main:50,paid_social,task_completed,2026-08-07T23:20:39.372Z,,,n-hv1-u00216,t-hv1-u00216-1
hv1-e000871,hv1-u00229,task_first,hv1:main:50,paid_social,assigned,2026-08-08T00:04:02.503Z,,,,
hv1-e000872,hv1-u00229,task_first,hv1:main:50,paid_social,note_saved,2026-08-08T00:08:02.503Z,,,n-hv1-u00229,
hv1-e000873,hv1-u00229,task_first,hv1:main:50,paid_social,task_created,2026-08-08T00:10:02.503Z,,,n-hv1-u00229,t-hv1-u00229-1
hv1-e000874,hv1-u00229,task_first,hv1:main:50,paid_social,task_created,2026-08-08T00:11:02.503Z,,,n-hv1-u00229,t-hv1-u00229-2
hv1-e003252,hv1-u00881,baseline,hv1:main:50,referral,revisited,2026-08-08T00:22:22.410Z,,,n-hv1-u00881,
hv1-e003253,hv1-u00881,baseline,hv1:main:50,referral,task_completed,2026-08-08T00:27:22.410Z,,,n-hv1-u00881,t-hv1-u00881-1
hv1-e002256,hv1-u00605,task_first,hv1:main:50,organic_search,assigned,2026-08-08T00:55:48.127Z,,,,
hv1-e000770,hv1-u00201,task_first,hv1:main:50,paid_social,revisited,2026-08-08T01:00:22.863Z,,,n-hv1-u00201,
hv1-e002459,hv1-u00663,baseline,hv1:main:50,paid_social,assigned,2026-08-08T01:16:28.308Z,,,,
hv1-e002460,hv1-u00663,baseline,hv1:main:50,paid_social,note_saved,2026-08-08T01:20:28.308Z,,,n-hv1-u00663,
hv1-e002876,hv1-u00782,baseline,hv1:main:50,paid_social,assigned,2026-08-08T01:20:33.779Z,,,,
hv1-e001546,hv1-u00413,task_first,hv1:main:50,organic_search,assigned,2026-08-08T01:43:27.578Z,,,,
hv1-e001547,hv1-u00413,task_first,hv1:main:50,organic_search,note_saved,2026-08-08T01:47:27.578Z,,,n-hv1-u00413,
hv1-e001548,hv1-u00413,task_first,hv1:main:50,organic_search,task_created,2026-08-08T01:49:27.578Z,,,n-hv1-u00413,t-hv1-u00413-1
hv1-e002022,hv1-u00540,task_first,hv1:main:50,organic_search,assigned,2026-08-08T02:12:25.787Z,,,,
hv1-e002450,hv1-u00660,task_first,hv1:main:50,app_store,assigned,2026-08-08T02:17:25.236Z,,,,
hv1-e002800,hv1-u00755,baseline,hv1:main:50,referral,revisited,2026-08-08T02:19:05.763Z,,,n-hv1-u00755,
hv1-e002451,hv1-u00660,task_first,hv1:main:50,app_store,note_saved,2026-08-08T02:21:25.236Z,,,n-hv1-u00660,
hv1-e002801,hv1-u00755,baseline,hv1:main:50,referral,task_completed,2026-08-08T02:24:05.763Z,,,n-hv1-u00755,t-hv1-u00755-1
hv1-e003298,hv1-u00897,task_first,hv1:main:50,paid_social,assigned,2026-08-08T02:40:22.451Z,,,,
hv1-e003299,hv1-u00897,task_first,hv1:main:50,paid_social,note_saved,2026-08-08T02:44:22.451Z,,,n-hv1-u00897,
hv1-e003661,hv1-u00994,task_first,hv1:main:50,app_store,assigned,2026-08-08T02:57:19.631Z,,,,
hv1-e003229,hv1-u00876,baseline,hv1:main:50,paid_social,assigned,2026-08-08T03:01:02.856Z,,,,
hv1-e003662,hv1-u00994,task_first,hv1:main:50,app_store,note_saved,2026-08-08T03:01:19.631Z,,,n-hv1-u00994,
hv1-e003663,hv1-u00994,task_first,hv1:main:50,app_store,task_created,2026-08-08T03:03:19.631Z,,,n-hv1-u00994,t-hv1-u00994-1
hv1-e003664,hv1-u00994,task_first,hv1:main:50,app_store,task_created,2026-08-08T03:04:19.631Z,,,n-hv1-u00994,t-hv1-u00994-2
hv1-e003665,hv1-u00994,task_first,hv1:main:50,app_store,task_created,2026-08-08T03:05:19.631Z,,,n-hv1-u00994,t-hv1-u00994-3
hv1-e001530,hv1-u00409,task_first,hv1:main:50,paid_social,assigned,2026-08-08T03:25:18.807Z,,,,
hv1-e000401,hv1-u00102,task_first,hv1:main:50,paid_social,revisited,2026-08-08T03:27:29.902Z,,,n-hv1-u00102,
hv1-e001531,hv1-u00409,task_first,hv1:main:50,paid_social,note_saved,2026-08-08T03:29:18.807Z,,,n-hv1-u00409,
hv1-e001532,hv1-u00409,task_first,hv1:main:50,paid_social,task_created,2026-08-08T03:31:18.807Z,,,n-hv1-u00409,t-hv1-u00409-1
hv1-e000402,hv1-u00102,task_first,hv1:main:50,paid_social,task_completed,2026-08-08T03:32:29.902Z,,,n-hv1-u00102,t-hv1-u00102-1
hv1-e001577,hv1-u00424,baseline,hv1:main:50,organic_search,assigned,2026-08-08T03:38:21.318Z,,,,
hv1-e001928,hv1-u00519,task_first,hv1:main:50,referral,assigned,2026-08-08T03:58:29.110Z,,,,
hv1-e003231,hv1-u00876,baseline,hv1:main:50,paid_social,trial_started,2026-08-08T04:01:02.856Z,,,,
hv1-e001929,hv1-u00519,task_first,hv1:main:50,referral,note_saved,2026-08-08T04:02:29.110Z,,,n-hv1-u00519,
hv1-e002434,hv1-u00654,baseline,hv1:main:50,organic_search,assigned,2026-08-08T04:02:54.744Z,,,,
hv1-e001930,hv1-u00519,task_first,hv1:main:50,referral,task_created,2026-08-08T04:04:29.110Z,,,n-hv1-u00519,t-hv1-u00519-1
hv1-e001931,hv1-u00519,task_first,hv1:main:50,referral,task_created,2026-08-08T04:05:29.110Z,,,n-hv1-u00519,t-hv1-u00519-2
hv1-e001932,hv1-u00519,task_first,hv1:main:50,referral,task_created,2026-08-08T04:06:29.110Z,,,n-hv1-u00519,t-hv1-u00519-3
hv1-e002435,hv1-u00654,baseline,hv1:main:50,organic_search,note_saved,2026-08-08T04:06:54.744Z,,,n-hv1-u00654,
hv1-e000577,hv1-u00155,baseline,hv1:main:50,organic_search,revisited,2026-08-08T04:09:26.108Z,,,n-hv1-u00155,
hv1-e001891,hv1-u00510,baseline,hv1:main:50,paid_social,assigned,2026-08-08T04:24:48.149Z,,,,
hv1-e001892,hv1-u00510,baseline,hv1:main:50,paid_social,note_saved,2026-08-08T04:28:48.149Z,,,n-hv1-u00510,
hv1-e001893,hv1-u00510,baseline,hv1:main:50,paid_social,task_created,2026-08-08T04:30:48.149Z,,,n-hv1-u00510,t-hv1-u00510-1
hv1-e001894,hv1-u00510,baseline,hv1:main:50,paid_social,task_created,2026-08-08T04:31:48.149Z,,,n-hv1-u00510,t-hv1-u00510-2
hv1-e001895,hv1-u00510,baseline,hv1:main:50,paid_social,task_created,2026-08-08T04:32:48.149Z,,,n-hv1-u00510,t-hv1-u00510-3
hv1-e001308,hv1-u00350,baseline,hv1:main:50,referral,assigned,2026-08-08T04:37:16.771Z,,,,
hv1-e001309,hv1-u00350,baseline,hv1:main:50,referral,note_saved,2026-08-08T04:41:16.771Z,,,n-hv1-u00350,
hv1-e000406,hv1-u00104,task_first,hv1:main:50,organic_search,assigned,2026-08-08T04:54:22.646Z,,,,
hv1-e003241,hv1-u00880,baseline,hv1:main:50,organic_search,assigned,2026-08-08T05:11:41.606Z,,,,
hv1-e003242,hv1-u00880,baseline,hv1:main:50,organic_search,note_saved,2026-08-08T05:15:41.606Z,,,n-hv1-u00880,
hv1-e000884,hv1-u00232,task_first,hv1:main:50,referral,assigned,2026-08-08T05:16:05.498Z,,,,
hv1-e003243,hv1-u00880,baseline,hv1:main:50,organic_search,task_created,2026-08-08T05:17:41.606Z,,,n-hv1-u00880,t-hv1-u00880-1
hv1-e003244,hv1-u00880,baseline,hv1:main:50,organic_search,task_created,2026-08-08T05:18:41.606Z,,,n-hv1-u00880,t-hv1-u00880-2
hv1-e000119,hv1-u00032,task_first,hv1:main:50,paid_social,assigned,2026-08-08T05:42:04.620Z,,,,
hv1-e003359,hv1-u00911,baseline,hv1:main:50,referral,revisited,2026-08-08T05:52:27.046Z,,,n-hv1-u00911,
hv1-e002970,hv1-u00807,baseline,hv1:main:50,referral,assigned,2026-08-08T06:01:13.043Z,,,,
hv1-e002971,hv1-u00807,baseline,hv1:main:50,referral,note_saved,2026-08-08T06:05:13.043Z,,,n-hv1-u00807,
hv1-e001360,hv1-u00362,task_first,hv1:main:50,referral,trial_started,2026-08-08T06:22:54.201Z,,,,
hv1-e003137,hv1-u00848,baseline,hv1:main:50,referral,assigned,2026-08-08T07:55:00.685Z,,,,
hv1-e003138,hv1-u00848,baseline,hv1:main:50,referral,note_saved,2026-08-08T07:59:00.685Z,,,n-hv1-u00848,
hv1-e003139,hv1-u00848,baseline,hv1:main:50,referral,task_created,2026-08-08T08:01:00.685Z,,,n-hv1-u00848,t-hv1-u00848-1
hv1-e000282,hv1-u00073,task_first,hv1:main:50,app_store,revisited,2026-08-08T08:39:24.542Z,,,n-hv1-u00073,
hv1-e000231,hv1-u00059,baseline,hv1:main:50,organic_search,assigned,2026-08-08T09:05:15.340Z,,,,
hv1-e000232,hv1-u00059,baseline,hv1:main:50,organic_search,note_saved,2026-08-08T09:09:15.340Z,,,n-hv1-u00059,
hv1-e000233,hv1-u00059,baseline,hv1:main:50,organic_search,task_created,2026-08-08T09:11:15.340Z,,,n-hv1-u00059,t-hv1-u00059-1
hv1-e000950,hv1-u00252,baseline,hv1:main:50,organic_search,assigned,2026-08-08T10:29:55.666Z,,,,
hv1-e000094,hv1-u00025,baseline,hv1:main:50,paid_social,revisited,2026-08-08T10:54:49.901Z,,,n-hv1-u00025,
hv1-e000095,hv1-u00025,baseline,hv1:main:50,paid_social,task_completed,2026-08-08T10:59:49.901Z,,,n-hv1-u00025,t-hv1-u00025-1
hv1-e000719,hv1-u00193,task_first,hv1:main:50,referral,revisited,2026-08-08T11:04:00.166Z,,,n-hv1-u00193,
hv1-e000720,hv1-u00193,task_first,hv1:main:50,referral,task_completed,2026-08-08T11:09:00.166Z,,,n-hv1-u00193,t-hv1-u00193-1
hv1-e002661,hv1-u00717,task_first,hv1:main:50,organic_search,trial_started,2026-08-08T11:12:55.351Z,,,,
hv1-e002725,hv1-u00734,task_first,hv1:main:50,paid_social,trial_started,2026-08-08T11:21:50.804Z,,,,
hv1-e001130,hv1-u00296,baseline,hv1:main:50,organic_search,revisited,2026-08-08T11:26:30.056Z,,,n-hv1-u00296,
hv1-e001131,hv1-u00296,baseline,hv1:main:50,organic_search,task_completed,2026-08-08T11:31:30.056Z,,,n-hv1-u00296,t-hv1-u00296-1
hv1-e000196,hv1-u00049,baseline,hv1:main:50,paid_social,revisited,2026-08-08T11:32:14.285Z,,,n-hv1-u00049,
hv1-e000472,hv1-u00124,task_first,hv1:main:50,paid_social,assigned,2026-08-08T11:34:12.270Z,,,,
hv1-e000473,hv1-u00124,task_first,hv1:main:50,paid_social,note_saved,2026-08-08T11:38:12.270Z,,,n-hv1-u00124,
hv1-e002441,hv1-u00656,task_first,hv1:main:50,organic_search,assigned,2026-08-08T12:02:40.166Z,,,,
hv1-e003536,hv1-u00963,task_first,hv1:main:50,organic_search,assigned,2026-08-08T12:52:20.860Z,,,,
hv1-e003537,hv1-u00963,task_first,hv1:main:50,organic_search,note_saved,2026-08-08T12:56:20.860Z,,,n-hv1-u00963,
hv1-e000225,hv1-u00057,baseline,hv1:main:50,paid_social,assigned,2026-08-08T13:30:39.926Z,,,,
hv1-e002257,hv1-u00606,baseline,hv1:main:50,organic_search,assigned,2026-08-08T13:31:53.275Z,,,,
hv1-e002381,hv1-u00639,task_first,hv1:main:50,organic_search,assigned,2026-08-08T13:32:25.025Z,,,,
hv1-e000226,hv1-u00057,baseline,hv1:main:50,paid_social,note_saved,2026-08-08T13:34:39.926Z,,,n-hv1-u00057,
hv1-e002258,hv1-u00606,baseline,hv1:main:50,organic_search,note_saved,2026-08-08T13:35:53.275Z,,,n-hv1-u00606,
hv1-e002382,hv1-u00639,task_first,hv1:main:50,organic_search,note_saved,2026-08-08T13:36:25.025Z,,,n-hv1-u00639,
hv1-e002259,hv1-u00606,baseline,hv1:main:50,organic_search,task_created,2026-08-08T13:37:53.275Z,,,n-hv1-u00606,t-hv1-u00606-1
hv1-e002163,hv1-u00577,task_first,hv1:main:50,organic_search,revisited,2026-08-08T13:58:27.299Z,,,n-hv1-u00577,
hv1-e002164,hv1-u00577,task_first,hv1:main:50,organic_search,task_completed,2026-08-08T14:03:27.299Z,,,n-hv1-u00577,t-hv1-u00577-1
hv1-e002101,hv1-u00564,task_first,hv1:main:50,organic_search,assigned,2026-08-08T14:26:59.518Z,,,,
hv1-e002102,hv1-u00564,task_first,hv1:main:50,organic_search,note_saved,2026-08-08T14:30:59.518Z,,,n-hv1-u00564,
hv1-e001281,hv1-u00342,baseline,hv1:main:50,organic_search,assigned,2026-08-08T14:38:50.823Z,,,,
hv1-e000892,hv1-u00234,baseline,hv1:main:50,paid_social,trial_started,2026-08-08T14:41:10.735Z,,,,
hv1-e003076,hv1-u00833,task_first,hv1:main:50,organic_search,assigned,2026-08-08T15:13:18.477Z,,,,
hv1-e003077,hv1-u00833,task_first,hv1:main:50,organic_search,note_saved,2026-08-08T15:17:18.477Z,,,n-hv1-u00833,
hv1-e003078,hv1-u00833,task_first,hv1:main:50,organic_search,task_created,2026-08-08T15:19:18.477Z,,,n-hv1-u00833,t-hv1-u00833-1
hv1-e002075,hv1-u00555,baseline,hv1:main:50,paid_social,revisited,2026-08-08T16:05:05.735Z,,,n-hv1-u00555,
hv1-e003608,hv1-u00980,task_first,hv1:main:50,organic_search,assigned,2026-08-08T16:10:34.653Z,,,,
hv1-e001178,hv1-u00310,task_first,hv1:main:50,paid_social,trial_started,2026-08-08T16:20:55.747Z,,,,
hv1-e000859,hv1-u00227,task_first,hv1:main:50,paid_social,assigned,2026-08-08T16:36:22.666Z,,,,
hv1-e000860,hv1-u00227,task_first,hv1:main:50,paid_social,note_saved,2026-08-08T16:40:22.666Z,,,n-hv1-u00227,
hv1-e000861,hv1-u00227,task_first,hv1:main:50,paid_social,task_created,2026-08-08T16:42:22.666Z,,,n-hv1-u00227,t-hv1-u00227-1
hv1-e003183,hv1-u00863,baseline,hv1:main:50,app_store,assigned,2026-08-08T16:53:15.827Z,,,,
hv1-e003184,hv1-u00863,baseline,hv1:main:50,app_store,note_saved,2026-08-08T16:57:15.827Z,,,n-hv1-u00863,
hv1-e003185,hv1-u00863,baseline,hv1:main:50,app_store,task_created,2026-08-08T16:59:15.827Z,,,n-hv1-u00863,t-hv1-u00863-1
hv1-e001813,hv1-u00491,task_first,hv1:main:50,referral,assigned,2026-08-08T16:59:38.438Z,,,,
hv1-e003186,hv1-u00863,baseline,hv1:main:50,app_store,task_created,2026-08-08T17:00:15.827Z,,,n-hv1-u00863,t-hv1-u00863-2
hv1-e001814,hv1-u00491,task_first,hv1:main:50,referral,note_saved,2026-08-08T17:03:38.438Z,,,n-hv1-u00491,
hv1-e001593,hv1-u00431,task_first,hv1:main:50,paid_social,assigned,2026-08-08T17:20:21.562Z,,,,
hv1-e001594,hv1-u00431,task_first,hv1:main:50,paid_social,note_saved,2026-08-08T17:24:21.562Z,,,n-hv1-u00431,
hv1-e001595,hv1-u00431,task_first,hv1:main:50,paid_social,task_created,2026-08-08T17:26:21.562Z,,,n-hv1-u00431,t-hv1-u00431-1
hv1-e002291,hv1-u00615,task_first,hv1:main:50,organic_search,assigned,2026-08-08T17:52:14.290Z,,,,
hv1-e002292,hv1-u00615,task_first,hv1:main:50,organic_search,note_saved,2026-08-08T17:56:14.290Z,,,n-hv1-u00615,
hv1-e002335,hv1-u00627,baseline,hv1:main:50,referral,assigned,2026-08-08T18:24:05.559Z,,,,
hv1-e002336,hv1-u00627,baseline,hv1:main:50,referral,note_saved,2026-08-08T18:28:05.559Z,,,n-hv1-u00627,
hv1-e000014,hv1-u00003,task_first,hv1:main:50,app_store,trial_started,2026-08-08T19:03:01.129Z,,,,
hv1-e002862,hv1-u00777,task_first,hv1:main:50,organic_search,revisited,2026-08-08T20:23:02.728Z,,,n-hv1-u00777,
hv1-e001475,hv1-u00394,task_first,hv1:main:50,referral,assigned,2026-08-08T20:42:54.130Z,,,,
hv1-e001476,hv1-u00394,task_first,hv1:main:50,referral,note_saved,2026-08-08T20:46:54.130Z,,,n-hv1-u00394,
hv1-e001477,hv1-u00394,task_first,hv1:main:50,referral,task_created,2026-08-08T20:48:54.130Z,,,n-hv1-u00394,t-hv1-u00394-1
hv1-e001165,hv1-u00307,task_first,hv1:main:50,paid_social,revisited,2026-08-08T20:55:26.417Z,,,n-hv1-u00307,
hv1-e000681,hv1-u00183,baseline,hv1:main:50,organic_search,assigned,2026-08-08T20:58:12.835Z,,,,
hv1-e001166,hv1-u00307,task_first,hv1:main:50,paid_social,task_completed,2026-08-08T21:00:26.417Z,,,n-hv1-u00307,t-hv1-u00307-1
hv1-e000682,hv1-u00183,baseline,hv1:main:50,organic_search,note_saved,2026-08-08T21:02:12.835Z,,,n-hv1-u00183,
hv1-e000683,hv1-u00183,baseline,hv1:main:50,organic_search,task_created,2026-08-08T21:04:12.835Z,,,n-hv1-u00183,t-hv1-u00183-1
hv1-e000684,hv1-u00183,baseline,hv1:main:50,organic_search,task_created,2026-08-08T21:05:12.835Z,,,n-hv1-u00183,t-hv1-u00183-2
hv1-e000685,hv1-u00183,baseline,hv1:main:50,organic_search,task_created,2026-08-08T21:06:12.835Z,,,n-hv1-u00183,t-hv1-u00183-3
hv1-e002148,hv1-u00575,task_first,hv1:main:50,paid_social,assigned,2026-08-08T21:10:02.431Z,,,,
hv1-e001818,hv1-u00494,task_first,hv1:main:50,organic_search,assigned,2026-08-08T21:10:40.654Z,,,,
hv1-e000680,hv1-u00182,task_first,hv1:main:50,organic_search,trial_started,2026-08-08T21:13:20.328Z,,,,
hv1-e002149,hv1-u00575,task_first,hv1:main:50,paid_social,note_saved,2026-08-08T21:14:02.431Z,,,n-hv1-u00575,
hv1-e001819,hv1-u00494,task_first,hv1:main:50,organic_search,note_saved,2026-08-08T21:14:40.654Z,,,n-hv1-u00494,
hv1-e002150,hv1-u00575,task_first,hv1:main:50,paid_social,task_created,2026-08-08T21:16:02.431Z,,,n-hv1-u00575,t-hv1-u00575-1
hv1-e002151,hv1-u00575,task_first,hv1:main:50,paid_social,task_created,2026-08-08T21:17:02.431Z,,,n-hv1-u00575,t-hv1-u00575-2
hv1-e002152,hv1-u00575,task_first,hv1:main:50,paid_social,task_created,2026-08-08T21:18:02.431Z,,,n-hv1-u00575,t-hv1-u00575-3
hv1-e002581,hv1-u00694,baseline,hv1:main:50,paid_social,assigned,2026-08-08T21:38:24.567Z,,,,
hv1-e002904,hv1-u00790,task_first,hv1:main:50,organic_search,revisited,2026-08-08T21:49:06.509Z,,,n-hv1-u00790,
hv1-e002905,hv1-u00790,task_first,hv1:main:50,organic_search,task_completed,2026-08-08T21:54:06.509Z,,,n-hv1-u00790,t-hv1-u00790-1
hv1-e001241,hv1-u00332,baseline,hv1:main:50,referral,assigned,2026-08-08T22:15:04.525Z,,,,
hv1-e001242,hv1-u00332,baseline,hv1:main:50,referral,note_saved,2026-08-08T22:19:04.525Z,,,n-hv1-u00332,
hv1-e000351,hv1-u00091,task_first,hv1:main:50,organic_search,assigned,2026-08-08T22:54:27.044Z,,,,
hv1-e000352,hv1-u00091,task_first,hv1:main:50,organic_search,note_saved,2026-08-08T22:58:27.044Z,,,n-hv1-u00091,
hv1-e000353,hv1-u00091,task_first,hv1:main:50,organic_search,task_created,2026-08-08T23:00:27.044Z,,,n-hv1-u00091,t-hv1-u00091-1
hv1-e000354,hv1-u00091,task_first,hv1:main:50,organic_search,task_created,2026-08-08T23:01:27.044Z,,,n-hv1-u00091,t-hv1-u00091-2
hv1-e001649,hv1-u00445,baseline,hv1:main:50,organic_search,assigned,2026-08-08T23:21:33.390Z,,,,
hv1-e001650,hv1-u00445,baseline,hv1:main:50,organic_search,note_saved,2026-08-08T23:25:33.390Z,,,n-hv1-u00445,
hv1-e000782,hv1-u00205,task_first,hv1:main:50,paid_social,assigned,2026-08-08T23:46:22.108Z,,,,
hv1-e000783,hv1-u00205,task_first,hv1:main:50,paid_social,note_saved,2026-08-08T23:50:22.108Z,,,n-hv1-u00205,
hv1-e000784,hv1-u00205,task_first,hv1:main:50,paid_social,task_created,2026-08-08T23:52:22.108Z,,,n-hv1-u00205,t-hv1-u00205-1
hv1-e001946,hv1-u00523,baseline,hv1:main:50,paid_social,assigned,2026-08-09T00:06:32.346Z,,,,
hv1-e001798,hv1-u00488,baseline,hv1:main:50,paid_social,assigned,2026-08-09T00:16:44.308Z,,,,
hv1-e001799,hv1-u00488,baseline,hv1:main:50,paid_social,note_saved,2026-08-09T00:20:44.308Z,,,n-hv1-u00488,
hv1-e001800,hv1-u00488,baseline,hv1:main:50,paid_social,task_created,2026-08-09T00:22:44.308Z,,,n-hv1-u00488,t-hv1-u00488-1
hv1-e001801,hv1-u00488,baseline,hv1:main:50,paid_social,task_created,2026-08-09T00:23:44.308Z,,,n-hv1-u00488,t-hv1-u00488-2
hv1-e001802,hv1-u00488,baseline,hv1:main:50,paid_social,task_created,2026-08-09T00:24:44.308Z,,,n-hv1-u00488,t-hv1-u00488-3
hv1-e003449,hv1-u00935,task_first,hv1:main:50,paid_social,assigned,2026-08-09T00:27:00.434Z,,,,
hv1-e000875,hv1-u00229,task_first,hv1:main:50,paid_social,revisited,2026-08-09T00:34:02.503Z,,,n-hv1-u00229,
hv1-e000876,hv1-u00229,task_first,hv1:main:50,paid_social,task_completed,2026-08-09T00:39:02.503Z,,,n-hv1-u00229,t-hv1-u00229-1
hv1-e003538,hv1-u00964,task_first,hv1:main:50,organic_search,assigned,2026-08-09T00:54:33.573Z,,,,
hv1-e003539,hv1-u00964,task_first,hv1:main:50,organic_search,note_saved,2026-08-09T00:58:33.573Z,,,n-hv1-u00964,
hv1-e003540,hv1-u00964,task_first,hv1:main:50,organic_search,task_created,2026-08-09T01:00:33.573Z,,,n-hv1-u00964,t-hv1-u00964-1
hv1-e003541,hv1-u00964,task_first,hv1:main:50,organic_search,task_created,2026-08-09T01:01:33.573Z,,,n-hv1-u00964,t-hv1-u00964-2
hv1-e001922,hv1-u00517,baseline,hv1:main:50,organic_search,revisited,2026-08-09T01:08:44.522Z,,,n-hv1-u00517,
hv1-e002461,hv1-u00663,baseline,hv1:main:50,paid_social,revisited,2026-08-09T01:16:28.308Z,,,n-hv1-u00663,
hv1-e003528,hv1-u00960,baseline,hv1:main:50,app_store,revisited,2026-08-09T01:29:00.840Z,,,n-hv1-u00960,
hv1-e003529,hv1-u00960,baseline,hv1:main:50,app_store,task_completed,2026-08-09T01:34:00.840Z,,,n-hv1-u00960,t-hv1-u00960-1
hv1-e002982,hv1-u00810,task_first,hv1:main:50,paid_social,revisited,2026-08-09T01:34:33.582Z,,,n-hv1-u00810,
hv1-e002983,hv1-u00810,task_first,hv1:main:50,paid_social,task_completed,2026-08-09T01:39:33.582Z,,,n-hv1-u00810,t-hv1-u00810-1
hv1-e002243,hv1-u00601,task_first,hv1:main:50,app_store,assigned,2026-08-09T02:20:46.250Z,,,,
hv1-e002244,hv1-u00601,task_first,hv1:main:50,app_store,note_saved,2026-08-09T02:24:46.250Z,,,n-hv1-u00601,
hv1-e001549,hv1-u00413,task_first,hv1:main:50,organic_search,trial_started,2026-08-09T02:43:27.578Z,,,,
hv1-e001771,hv1-u00479,baseline,hv1:main:50,referral,revisited,2026-08-09T02:51:24.032Z,,,n-hv1-u00479,
hv1-e002023,hv1-u00540,task_first,hv1:main:50,organic_search,trial_started,2026-08-09T03:12:25.787Z,,,,
hv1-e002245,hv1-u00601,task_first,hv1:main:50,app_store,trial_started,2026-08-09T03:20:46.250Z,,,,
hv1-e003406,hv1-u00925,baseline,hv1:main:50,referral,assigned,2026-08-09T03:20:55.198Z,,,,
hv1-e003407,hv1-u00925,baseline,hv1:main:50,referral,note_saved,2026-08-09T03:24:55.198Z,,,n-hv1-u00925,
hv1-e003408,hv1-u00925,baseline,hv1:main:50,referral,task_created,2026-08-09T03:26:55.198Z,,,n-hv1-u00925,t-hv1-u00925-1
hv1-e003409,hv1-u00925,baseline,hv1:main:50,referral,task_created,2026-08-09T03:27:55.198Z,,,n-hv1-u00925,t-hv1-u00925-2
hv1-e003410,hv1-u00925,baseline,hv1:main:50,referral,task_created,2026-08-09T03:28:55.198Z,,,n-hv1-u00925,t-hv1-u00925-3
hv1-e003279,hv1-u00891,baseline,hv1:main:50,referral,assigned,2026-08-09T03:51:53.244Z,,,,
hv1-e003280,hv1-u00891,baseline,hv1:main:50,referral,note_saved,2026-08-09T03:55:53.244Z,,,n-hv1-u00891,
hv1-e002271,hv1-u00609,baseline,hv1:main:50,organic_search,revisited,2026-08-09T04:14:01.281Z,,,n-hv1-u00609,
hv1-e003118,hv1-u00844,task_first,hv1:main:50,organic_search,assigned,2026-08-09T04:37:06.078Z,,,,
hv1-e003119,hv1-u00844,task_first,hv1:main:50,organic_search,note_saved,2026-08-09T04:41:06.078Z,,,n-hv1-u00844,
hv1-e002924,hv1-u00796,task_first,hv1:main:50,app_store,assigned,2026-08-09T04:45:42.505Z,,,,
hv1-e002925,hv1-u00796,task_first,hv1:main:50,app_store,note_saved,2026-08-09T04:49:42.505Z,,,n-hv1-u00796,
hv1-e002926,hv1-u00796,task_first,hv1:main:50,app_store,task_created,2026-08-09T04:51:42.505Z,,,n-hv1-u00796,t-hv1-u00796-1
hv1-e000650,hv1-u00174,task_first,hv1:main:50,referral,assigned,2026-08-09T05:11:11.647Z,,,,
hv1-e000651,hv1-u00174,task_first,hv1:main:50,referral,note_saved,2026-08-09T05:15:11.647Z,,,n-hv1-u00174,
hv1-e000652,hv1-u00174,task_first,hv1:main:50,referral,task_created,2026-08-09T05:17:11.647Z,,,n-hv1-u00174,t-hv1-u00174-1
hv1-e001310,hv1-u00350,baseline,hv1:main:50,referral,trial_started,2026-08-09T05:37:16.771Z,,,,
hv1-e003245,hv1-u00880,baseline,hv1:main:50,organic_search,revisited,2026-08-09T05:41:41.606Z,,,n-hv1-u00880,
hv1-e003246,hv1-u00880,baseline,hv1:main:50,organic_search,task_completed,2026-08-09T05:46:41.606Z,,,n-hv1-u00880,t-hv1-u00880-1
hv1-e003034,hv1-u00823,task_first,hv1:main:50,paid_social,assigned,2026-08-09T06:04:15.026Z,,,,
hv1-e003035,hv1-u00823,task_first,hv1:main:50,paid_social,note_saved,2026-08-09T06:08:15.026Z,,,n-hv1-u00823,
hv1-e003036,hv1-u00823,task_first,hv1:main:50,paid_social,task_created,2026-08-09T06:10:15.026Z,,,n-hv1-u00823,t-hv1-u00823-1
hv1-e000893,hv1-u00235,baseline,hv1:main:50,organic_search,assigned,2026-08-09T06:12:13.422Z,,,,
hv1-e000894,hv1-u00235,baseline,hv1:main:50,organic_search,trial_started,2026-08-09T07:12:13.422Z,,,,
hv1-e002115,hv1-u00567,baseline,hv1:main:50,app_store,revisited,2026-08-09T07:26:32.769Z,,,n-hv1-u00567,
hv1-e000956,hv1-u00254,baseline,hv1:main:50,organic_search,assigned,2026-08-09T07:37:32.387Z,,,,
hv1-e000957,hv1-u00254,baseline,hv1:main:50,organic_search,note_saved,2026-08-09T07:41:32.387Z,,,n-hv1-u00254,
hv1-e000958,hv1-u00254,baseline,hv1:main:50,organic_search,task_created,2026-08-09T07:43:32.387Z,,,n-hv1-u00254,t-hv1-u00254-1
hv1-e000959,hv1-u00254,baseline,hv1:main:50,organic_search,task_created,2026-08-09T07:44:32.387Z,,,n-hv1-u00254,t-hv1-u00254-2
hv1-e000960,hv1-u00254,baseline,hv1:main:50,organic_search,task_created,2026-08-09T07:45:32.387Z,,,n-hv1-u00254,t-hv1-u00254-3
hv1-e003402,hv1-u00923,baseline,hv1:main:50,paid_social,assigned,2026-08-09T08:30:07.261Z,,,,
hv1-e003403,hv1-u00923,baseline,hv1:main:50,paid_social,note_saved,2026-08-09T08:34:07.261Z,,,n-hv1-u00923,
hv1-e000501,hv1-u00132,baseline,hv1:main:50,organic_search,assigned,2026-08-09T08:40:50.935Z,,,,
hv1-e000502,hv1-u00132,baseline,hv1:main:50,organic_search,note_saved,2026-08-09T08:44:50.935Z,,,n-hv1-u00132,
hv1-e000503,hv1-u00132,baseline,hv1:main:50,organic_search,task_created,2026-08-09T08:46:50.935Z,,,n-hv1-u00132,t-hv1-u00132-1
hv1-e000481,hv1-u00127,baseline,hv1:main:50,paid_social,assigned,2026-08-09T09:22:32.164Z,,,,
hv1-e000482,hv1-u00127,baseline,hv1:main:50,paid_social,note_saved,2026-08-09T09:26:32.164Z,,,n-hv1-u00127,
hv1-e000483,hv1-u00127,baseline,hv1:main:50,paid_social,task_created,2026-08-09T09:28:32.164Z,,,n-hv1-u00127,t-hv1-u00127-1
hv1-e000484,hv1-u00127,baseline,hv1:main:50,paid_social,task_created,2026-08-09T09:29:32.164Z,,,n-hv1-u00127,t-hv1-u00127-2
hv1-e000485,hv1-u00127,baseline,hv1:main:50,paid_social,task_created,2026-08-09T09:30:32.164Z,,,n-hv1-u00127,t-hv1-u00127-3
hv1-e002065,hv1-u00553,baseline,hv1:main:50,paid_social,revisited,2026-08-09T09:51:26.624Z,,,n-hv1-u00553,
hv1-e002066,hv1-u00553,baseline,hv1:main:50,paid_social,task_completed,2026-08-09T09:56:26.624Z,,,n-hv1-u00553,t-hv1-u00553-1
hv1-e003211,hv1-u00871,baseline,hv1:main:50,organic_search,assigned,2026-08-09T09:59:29.821Z,,,,
hv1-e003212,hv1-u00871,baseline,hv1:main:50,organic_search,note_saved,2026-08-09T10:03:29.821Z,,,n-hv1-u00871,
hv1-e002999,hv1-u00813,task_first,hv1:main:50,referral,trial_started,2026-08-09T10:14:44.780Z,,,,
hv1-e000367,hv1-u00096,baseline,hv1:main:50,organic_search,assigned,2026-08-09T10:38:00.664Z,,,,
hv1-e000368,hv1-u00096,baseline,hv1:main:50,organic_search,note_saved,2026-08-09T10:42:00.664Z,,,n-hv1-u00096,
hv1-e000369,hv1-u00096,baseline,hv1:main:50,organic_search,task_created,2026-08-09T10:44:00.664Z,,,n-hv1-u00096,t-hv1-u00096-1
hv1-e000370,hv1-u00096,baseline,hv1:main:50,organic_search,task_created,2026-08-09T10:45:00.664Z,,,n-hv1-u00096,t-hv1-u00096-2
hv1-e000371,hv1-u00096,baseline,hv1:main:50,organic_search,task_created,2026-08-09T10:46:00.664Z,,,n-hv1-u00096,t-hv1-u00096-3
hv1-e001702,hv1-u00464,task_first,hv1:main:50,referral,assigned,2026-08-09T10:54:11.937Z,,,,
hv1-e001703,hv1-u00464,task_first,hv1:main:50,referral,note_saved,2026-08-09T10:58:11.937Z,,,n-hv1-u00464,
hv1-e002715,hv1-u00732,baseline,hv1:main:50,paid_social,assigned,2026-08-09T11:28:46.453Z,,,,
hv1-e002716,hv1-u00732,baseline,hv1:main:50,paid_social,note_saved,2026-08-09T11:32:46.453Z,,,n-hv1-u00732,
hv1-e003496,hv1-u00952,baseline,hv1:main:50,paid_social,assigned,2026-08-09T11:44:17.877Z,,,,
hv1-e002717,hv1-u00733,task_first,hv1:main:50,referral,assigned,2026-08-09T12:17:29.104Z,,,,
hv1-e002718,hv1-u00733,task_first,hv1:main:50,referral,note_saved,2026-08-09T12:21:29.104Z,,,n-hv1-u00733,
hv1-e002719,hv1-u00733,task_first,hv1:main:50,referral,task_created,2026-08-09T12:23:29.104Z,,,n-hv1-u00733,t-hv1-u00733-1
hv1-e001342,hv1-u00357,task_first,hv1:main:50,organic_search,revisited,2026-08-09T12:49:15.475Z,,,n-hv1-u00357,
hv1-e000917,hv1-u00243,task_first,hv1:main:50,paid_social,assigned,2026-08-09T13:18:52.303Z,,,,
hv1-e003420,hv1-u00928,baseline,hv1:main:50,organic_search,assigned,2026-08-09T13:22:36.628Z,,,,
hv1-e000918,hv1-u00243,task_first,hv1:main:50,paid_social,note_saved,2026-08-09T13:22:52.303Z,,,n-hv1-u00243,
hv1-e000919,hv1-u00243,task_first,hv1:main:50,paid_social,task_created,2026-08-09T13:24:52.303Z,,,n-hv1-u00243,t-hv1-u00243-1
hv1-e000920,hv1-u00243,task_first,hv1:main:50,paid_social,task_created,2026-08-09T13:25:52.303Z,,,n-hv1-u00243,t-hv1-u00243-2
hv1-e003421,hv1-u00928,baseline,hv1:main:50,organic_search,note_saved,2026-08-09T13:26:36.628Z,,,n-hv1-u00928,
hv1-e003422,hv1-u00928,baseline,hv1:main:50,organic_search,task_created,2026-08-09T13:28:36.628Z,,,n-hv1-u00928,t-hv1-u00928-1
hv1-e003423,hv1-u00928,baseline,hv1:main:50,organic_search,task_created,2026-08-09T13:29:36.628Z,,,n-hv1-u00928,t-hv1-u00928-2
hv1-e003424,hv1-u00928,baseline,hv1:main:50,organic_search,task_created,2026-08-09T13:30:36.628Z,,,n-hv1-u00928,t-hv1-u00928-3
hv1-e003177,hv1-u00861,task_first,hv1:main:50,referral,revisited,2026-08-09T13:35:51.364Z,,,n-hv1-u00861,
hv1-e002260,hv1-u00606,baseline,hv1:main:50,organic_search,revisited,2026-08-09T14:01:53.275Z,,,n-hv1-u00606,
hv1-e002261,hv1-u00606,baseline,hv1:main:50,organic_search,task_completed,2026-08-09T14:06:53.275Z,,,n-hv1-u00606,t-hv1-u00606-1
hv1-e002103,hv1-u00564,task_first,hv1:main:50,organic_search,trial_started,2026-08-09T15:26:59.518Z,,,,
hv1-e001964,hv1-u00528,baseline,hv1:main:50,organic_search,assigned,2026-08-09T15:27:02.535Z,,,,
hv1-e001965,hv1-u00528,baseline,hv1:main:50,organic_search,note_saved,2026-08-09T15:31:02.535Z,,,n-hv1-u00528,
hv1-e001966,hv1-u00528,baseline,hv1:main:50,organic_search,task_created,2026-08-09T15:33:02.535Z,,,n-hv1-u00528,t-hv1-u00528-1
hv1-e001967,hv1-u00528,baseline,hv1:main:50,organic_search,task_created,2026-08-09T15:34:02.535Z,,,n-hv1-u00528,t-hv1-u00528-2
hv1-e001968,hv1-u00528,baseline,hv1:main:50,organic_search,task_created,2026-08-09T15:35:02.535Z,,,n-hv1-u00528,t-hv1-u00528-3
hv1-e002698,hv1-u00727,baseline,hv1:main:50,paid_social,assigned,2026-08-09T15:38:27.940Z,,,,
hv1-e002699,hv1-u00727,baseline,hv1:main:50,paid_social,note_saved,2026-08-09T15:42:27.940Z,,,n-hv1-u00727,
hv1-e003589,hv1-u00977,baseline,hv1:main:50,referral,assigned,2026-08-09T15:42:46.075Z,,,,
hv1-e003590,hv1-u00977,baseline,hv1:main:50,referral,note_saved,2026-08-09T15:46:46.075Z,,,n-hv1-u00977,
hv1-e003591,hv1-u00977,baseline,hv1:main:50,referral,task_created,2026-08-09T15:48:46.075Z,,,n-hv1-u00977,t-hv1-u00977-1
hv1-e000548,hv1-u00146,baseline,hv1:main:50,organic_search,assigned,2026-08-09T15:54:03.703Z,,,,
hv1-e000549,hv1-u00146,baseline,hv1:main:50,organic_search,note_saved,2026-08-09T15:58:03.703Z,,,n-hv1-u00146,
hv1-e000550,hv1-u00146,baseline,hv1:main:50,organic_search,task_created,2026-08-09T16:00:03.703Z,,,n-hv1-u00146,t-hv1-u00146-1
hv1-e003609,hv1-u00980,task_first,hv1:main:50,organic_search,revisited,2026-08-09T16:10:34.653Z,,,n-hv1-u00980,
hv1-e001778,hv1-u00482,baseline,hv1:main:50,organic_search,assigned,2026-08-09T16:18:12.047Z,,,,
hv1-e001779,hv1-u00482,baseline,hv1:main:50,organic_search,note_saved,2026-08-09T16:22:12.047Z,,,n-hv1-u00482,
hv1-e001780,hv1-u00482,baseline,hv1:main:50,organic_search,task_created,2026-08-09T16:24:12.047Z,,,n-hv1-u00482,t-hv1-u00482-1
hv1-e001781,hv1-u00482,baseline,hv1:main:50,organic_search,task_created,2026-08-09T16:25:12.047Z,,,n-hv1-u00482,t-hv1-u00482-2
hv1-e001782,hv1-u00482,baseline,hv1:main:50,organic_search,task_created,2026-08-09T16:26:12.047Z,,,n-hv1-u00482,t-hv1-u00482-3
hv1-e001198,hv1-u00319,task_first,hv1:main:50,app_store,assigned,2026-08-09T16:31:54.413Z,,,,
hv1-e001199,hv1-u00319,task_first,hv1:main:50,app_store,note_saved,2026-08-09T16:35:54.413Z,,,n-hv1-u00319,
hv1-e001200,hv1-u00319,task_first,hv1:main:50,app_store,task_created,2026-08-09T16:37:54.413Z,,,n-hv1-u00319,t-hv1-u00319-1
hv1-e001201,hv1-u00319,task_first,hv1:main:50,app_store,task_created,2026-08-09T16:38:54.413Z,,,n-hv1-u00319,t-hv1-u00319-2
hv1-e001202,hv1-u00319,task_first,hv1:main:50,app_store,task_created,2026-08-09T16:39:54.413Z,,,n-hv1-u00319,t-hv1-u00319-3
hv1-e000474,hv1-u00125,baseline,hv1:main:50,paid_social,assigned,2026-08-09T17:19:29.802Z,,,,
hv1-e001898,hv1-u00512,task_first,hv1:main:50,referral,assigned,2026-08-09T17:29:56.828Z,,,,
hv1-e001205,hv1-u00319,task_first,hv1:main:50,app_store,trial_started,2026-08-09T17:31:54.413Z,,,,
hv1-e001899,hv1-u00512,task_first,hv1:main:50,referral,note_saved,2026-08-09T17:33:56.828Z,,,n-hv1-u00512,
hv1-e001900,hv1-u00512,task_first,hv1:main:50,referral,task_created,2026-08-09T17:35:56.828Z,,,n-hv1-u00512,t-hv1-u00512-1
hv1-e001901,hv1-u00512,task_first,hv1:main:50,referral,task_created,2026-08-09T17:36:56.828Z,,,n-hv1-u00512,t-hv1-u00512-2
hv1-e001020,hv1-u00269,baseline,hv1:main:50,organic_search,assigned,2026-08-09T17:54:30.060Z,,,,
hv1-e001021,hv1-u00269,baseline,hv1:main:50,organic_search,note_saved,2026-08-09T17:58:30.060Z,,,n-hv1-u00269,
hv1-e000618,hv1-u00168,baseline,hv1:main:50,app_store,assigned,2026-08-09T18:05:39.028Z,,,,
hv1-e000619,hv1-u00168,baseline,hv1:main:50,app_store,note_saved,2026-08-09T18:09:39.028Z,,,n-hv1-u00168,
hv1-e000620,hv1-u00168,baseline,hv1:main:50,app_store,task_created,2026-08-09T18:11:39.028Z,,,n-hv1-u00168,t-hv1-u00168-1
hv1-e000621,hv1-u00168,baseline,hv1:main:50,app_store,task_created,2026-08-09T18:12:39.028Z,,,n-hv1-u00168,t-hv1-u00168-2
hv1-e000622,hv1-u00168,baseline,hv1:main:50,app_store,task_created,2026-08-09T18:13:39.028Z,,,n-hv1-u00168,t-hv1-u00168-3
hv1-e002337,hv1-u00627,baseline,hv1:main:50,referral,revisited,2026-08-09T18:24:05.559Z,,,n-hv1-u00627,
hv1-e002973,hv1-u00808,task_first,hv1:main:50,referral,assigned,2026-08-09T18:26:15.849Z,,,,
hv1-e002974,hv1-u00808,task_first,hv1:main:50,referral,note_saved,2026-08-09T18:30:15.849Z,,,n-hv1-u00808,
hv1-e002975,hv1-u00808,task_first,hv1:main:50,referral,task_created,2026-08-09T18:32:15.849Z,,,n-hv1-u00808,t-hv1-u00808-1
hv1-e000012,hv1-u00003,task_first,hv1:main:50,app_store,revisited,2026-08-09T18:33:01.129Z,,,n-hv1-u00003,
hv1-e002976,hv1-u00808,task_first,hv1:main:50,referral,task_created,2026-08-09T18:33:15.849Z,,,n-hv1-u00808,t-hv1-u00808-2
hv1-e000013,hv1-u00003,task_first,hv1:main:50,app_store,task_completed,2026-08-09T18:38:01.129Z,,,n-hv1-u00003,t-hv1-u00003-1
hv1-e000624,hv1-u00168,baseline,hv1:main:50,app_store,trial_started,2026-08-09T19:05:39.028Z,,,,
hv1-e001863,hv1-u00502,task_first,hv1:main:50,referral,revisited,2026-08-09T19:29:08.931Z,,,n-hv1-u00502,
hv1-e002449,hv1-u00659,task_first,hv1:main:50,referral,revisited,2026-08-09T19:32:17.554Z,,,n-hv1-u00659,
hv1-e001864,hv1-u00502,task_first,hv1:main:50,referral,task_completed,2026-08-09T19:34:08.931Z,,,n-hv1-u00502,t-hv1-u00502-1
hv1-e002537,hv1-u00680,baseline,hv1:main:50,paid_social,assigned,2026-08-09T20:30:47.924Z,,,,
hv1-e002538,hv1-u00680,baseline,hv1:main:50,paid_social,note_saved,2026-08-09T20:34:47.924Z,,,n-hv1-u00680,
hv1-e002539,hv1-u00680,baseline,hv1:main:50,paid_social,task_created,2026-08-09T20:36:47.924Z,,,n-hv1-u00680,t-hv1-u00680-1
hv1-e002540,hv1-u00680,baseline,hv1:main:50,paid_social,task_created,2026-08-09T20:37:47.924Z,,,n-hv1-u00680,t-hv1-u00680-2
hv1-e002314,hv1-u00623,task_first,hv1:main:50,organic_search,assigned,2026-08-09T21:24:39.530Z,,,,
hv1-e002315,hv1-u00623,task_first,hv1:main:50,organic_search,note_saved,2026-08-09T21:28:39.530Z,,,n-hv1-u00623,
hv1-e002316,hv1-u00623,task_first,hv1:main:50,organic_search,task_created,2026-08-09T21:30:39.530Z,,,n-hv1-u00623,t-hv1-u00623-1
hv1-e002317,hv1-u00623,task_first,hv1:main:50,organic_search,task_created,2026-08-09T21:31:39.530Z,,,n-hv1-u00623,t-hv1-u00623-2
hv1-e002318,hv1-u00623,task_first,hv1:main:50,organic_search,task_created,2026-08-09T21:32:39.530Z,,,n-hv1-u00623,t-hv1-u00623-3
hv1-e002582,hv1-u00694,baseline,hv1:main:50,paid_social,revisited,2026-08-09T21:38:24.567Z,,,n-hv1-u00694,
hv1-e003386,hv1-u00919,task_first,hv1:main:50,app_store,assigned,2026-08-09T22:14:20.355Z,,,,
hv1-e003387,hv1-u00919,task_first,hv1:main:50,app_store,note_saved,2026-08-09T22:18:20.355Z,,,n-hv1-u00919,
hv1-e003388,hv1-u00919,task_first,hv1:main:50,app_store,task_created,2026-08-09T22:20:20.355Z,,,n-hv1-u00919,t-hv1-u00919-1
hv1-e003040,hv1-u00825,baseline,hv1:main:50,organic_search,assigned,2026-08-09T22:20:29.607Z,,,,
hv1-e003389,hv1-u00919,task_first,hv1:main:50,app_store,task_created,2026-08-09T22:21:20.355Z,,,n-hv1-u00919,t-hv1-u00919-2
hv1-e003390,hv1-u00919,task_first,hv1:main:50,app_store,task_created,2026-08-09T22:22:20.355Z,,,n-hv1-u00919,t-hv1-u00919-3
hv1-e003041,hv1-u00825,baseline,hv1:main:50,organic_search,note_saved,2026-08-09T22:24:29.607Z,,,n-hv1-u00825,
hv1-e003042,hv1-u00825,baseline,hv1:main:50,organic_search,task_created,2026-08-09T22:26:29.607Z,,,n-hv1-u00825,t-hv1-u00825-1
hv1-e000513,hv1-u00135,task_first,hv1:main:50,organic_search,assigned,2026-08-09T22:33:20.857Z,,,,
hv1-e002436,hv1-u00655,baseline,hv1:main:50,paid_social,assigned,2026-08-09T22:47:46.709Z,,,,
hv1-e002437,hv1-u00655,baseline,hv1:main:50,paid_social,note_saved,2026-08-09T22:51:46.709Z,,,n-hv1-u00655,
hv1-e002438,hv1-u00655,baseline,hv1:main:50,paid_social,task_created,2026-08-09T22:53:46.709Z,,,n-hv1-u00655,t-hv1-u00655-1
hv1-e002439,hv1-u00655,baseline,hv1:main:50,paid_social,task_created,2026-08-09T22:54:46.709Z,,,n-hv1-u00655,t-hv1-u00655-2
hv1-e002440,hv1-u00655,baseline,hv1:main:50,paid_social,task_created,2026-08-09T22:55:46.709Z,,,n-hv1-u00655,t-hv1-u00655-3
hv1-e002155,hv1-u00576,task_first,hv1:main:50,organic_search,assigned,2026-08-09T23:31:18.199Z,,,,
hv1-e002156,hv1-u00576,task_first,hv1:main:50,organic_search,note_saved,2026-08-09T23:35:18.199Z,,,n-hv1-u00576,
hv1-e002157,hv1-u00576,task_first,hv1:main:50,organic_search,task_created,2026-08-09T23:37:18.199Z,,,n-hv1-u00576,t-hv1-u00576-1
hv1-e001053,hv1-u00278,task_first,hv1:main:50,paid_social,assigned,2026-08-09T23:54:09.477Z,,,,
hv1-e001054,hv1-u00278,task_first,hv1:main:50,paid_social,note_saved,2026-08-09T23:58:09.477Z,,,n-hv1-u00278,
hv1-e001055,hv1-u00278,task_first,hv1:main:50,paid_social,task_created,2026-08-10T00:00:09.477Z,,,n-hv1-u00278,t-hv1-u00278-1
hv1-e001056,hv1-u00278,task_first,hv1:main:50,paid_social,task_created,2026-08-10T00:01:09.477Z,,,n-hv1-u00278,t-hv1-u00278-2
hv1-e001057,hv1-u00278,task_first,hv1:main:50,paid_social,task_created,2026-08-10T00:02:09.477Z,,,n-hv1-u00278,t-hv1-u00278-3
hv1-e003450,hv1-u00935,task_first,hv1:main:50,paid_social,revisited,2026-08-10T00:27:00.434Z,,,n-hv1-u00935,
hv1-e001615,hv1-u00435,baseline,hv1:main:50,organic_search,revisited,2026-08-10T01:00:26.266Z,,,n-hv1-u00435,
hv1-e003363,hv1-u00913,task_first,hv1:main:50,referral,assigned,2026-08-10T01:01:39.984Z,,,,
hv1-e001616,hv1-u00435,baseline,hv1:main:50,organic_search,task_completed,2026-08-10T01:05:26.266Z,,,n-hv1-u00435,t-hv1-u00435-1
hv1-e003364,hv1-u00913,task_first,hv1:main:50,referral,note_saved,2026-08-10T01:05:39.984Z,,,n-hv1-u00913,
hv1-e003365,hv1-u00913,task_first,hv1:main:50,referral,task_created,2026-08-10T01:07:39.984Z,,,n-hv1-u00913,t-hv1-u00913-1
hv1-e002452,hv1-u00660,task_first,hv1:main:50,app_store,revisited,2026-08-10T02:17:25.236Z,,,n-hv1-u00660,
hv1-e003640,hv1-u00989,baseline,hv1:main:50,paid_social,assigned,2026-08-10T02:37:31.557Z,,,,
hv1-e003641,hv1-u00989,baseline,hv1:main:50,paid_social,note_saved,2026-08-10T02:41:31.557Z,,,n-hv1-u00989,
hv1-e000492,hv1-u00130,task_first,hv1:main:50,organic_search,assigned,2026-08-10T02:49:02.071Z,,,,
hv1-e000493,hv1-u00130,task_first,hv1:main:50,organic_search,note_saved,2026-08-10T02:53:02.071Z,,,n-hv1-u00130,
hv1-e000320,hv1-u00084,task_first,hv1:main:50,organic_search,assigned,2026-08-10T02:53:05.351Z,,,,
hv1-e000321,hv1-u00084,task_first,hv1:main:50,organic_search,note_saved,2026-08-10T02:57:05.351Z,,,n-hv1-u00084,
hv1-e000322,hv1-u00084,task_first,hv1:main:50,organic_search,task_created,2026-08-10T02:59:05.351Z,,,n-hv1-u00084,t-hv1-u00084-1
hv1-e000323,hv1-u00084,task_first,hv1:main:50,organic_search,task_created,2026-08-10T03:00:05.351Z,,,n-hv1-u00084,t-hv1-u00084-2
hv1-e003230,hv1-u00876,baseline,hv1:main:50,paid_social,revisited,2026-08-10T03:01:02.856Z,,,n-hv1-u00876,
hv1-e003615,hv1-u00982,baseline,hv1:main:50,paid_social,assigned,2026-08-10T03:02:23.126Z,,,,
hv1-e003652,hv1-u00991,task_first,hv1:main:50,paid_social,assigned,2026-08-10T03:55:45.378Z,,,,
hv1-e003653,hv1-u00991,task_first,hv1:main:50,paid_social,note_saved,2026-08-10T03:59:45.378Z,,,n-hv1-u00991,
hv1-e003381,hv1-u00917,task_first,hv1:main:50,organic_search,assigned,2026-08-10T04:12:06.962Z,,,,
hv1-e000145,hv1-u00038,task_first,hv1:main:50,app_store,revisited,2026-08-10T04:14:13.045Z,,,n-hv1-u00038,
hv1-e003382,hv1-u00917,task_first,hv1:main:50,organic_search,note_saved,2026-08-10T04:16:06.962Z,,,n-hv1-u00917,
hv1-e000705,hv1-u00190,baseline,hv1:main:50,app_store,assigned,2026-08-10T04:18:44.766Z,,,,
hv1-e000146,hv1-u00038,task_first,hv1:main:50,app_store,task_completed,2026-08-10T04:19:13.045Z,,,n-hv1-u00038,t-hv1-u00038-1
hv1-e001896,hv1-u00510,baseline,hv1:main:50,paid_social,revisited,2026-08-10T04:24:48.149Z,,,n-hv1-u00510,
hv1-e003627,hv1-u00987,baseline,hv1:main:50,organic_search,assigned,2026-08-10T04:33:20.314Z,,,,
hv1-e003628,hv1-u00987,baseline,hv1:main:50,organic_search,note_saved,2026-08-10T04:37:20.314Z,,,n-hv1-u00987,
hv1-e003629,hv1-u00987,baseline,hv1:main:50,organic_search,task_created,2026-08-10T04:39:20.314Z,,,n-hv1-u00987,t-hv1-u00987-1
hv1-e003630,hv1-u00987,baseline,hv1:main:50,organic_search,task_created,2026-08-10T04:40:20.314Z,,,n-hv1-u00987,t-hv1-u00987-2
hv1-e001935,hv1-u00519,task_first,hv1:main:50,referral,trial_started,2026-08-10T04:58:29.110Z,,,,
hv1-e000632,hv1-u00171,task_first,hv1:main:50,paid_social,revisited,2026-08-10T05:23:01.221Z,,,n-hv1-u00171,
hv1-e003400,hv1-u00922,baseline,hv1:main:50,app_store,assigned,2026-08-10T05:30:05.587Z,,,,
hv1-e003048,hv1-u00826,task_first,hv1:main:50,paid_social,revisited,2026-08-10T05:31:12.889Z,,,n-hv1-u00826,
hv1-e003401,hv1-u00922,baseline,hv1:main:50,app_store,note_saved,2026-08-10T05:34:05.587Z,,,n-hv1-u00922,
hv1-e000797,hv1-u00209,baseline,hv1:main:50,referral,assigned,2026-08-10T06:10:43.663Z,,,,
hv1-e003247,hv1-u00880,baseline,hv1:main:50,organic_search,trial_started,2026-08-10T06:11:41.606Z,,,,
hv1-e003172,hv1-u00859,baseline,hv1:main:50,paid_social,assigned,2026-08-10T06:27:29.890Z,,,,
hv1-e003173,hv1-u00859,baseline,hv1:main:50,paid_social,note_saved,2026-08-10T06:31:29.890Z,,,n-hv1-u00859,
hv1-e003037,hv1-u00823,task_first,hv1:main:50,paid_social,revisited,2026-08-10T06:34:15.026Z,,,n-hv1-u00823,
hv1-e003038,hv1-u00823,task_first,hv1:main:50,paid_social,task_completed,2026-08-10T06:39:15.026Z,,,n-hv1-u00823,t-hv1-u00823-1
hv1-e002566,hv1-u00689,task_first,hv1:main:50,paid_social,revisited,2026-08-10T07:38:34.422Z,,,n-hv1-u00689,
hv1-e002834,hv1-u00769,baseline,hv1:main:50,organic_search,assigned,2026-08-10T07:40:28.506Z,,,,
hv1-e002835,hv1-u00769,baseline,hv1:main:50,organic_search,note_saved,2026-08-10T07:44:28.506Z,,,n-hv1-u00769,
hv1-e001457,hv1-u00387,baseline,hv1:main:50,organic_search,assigned,2026-08-10T07:51:58.091Z,,,,
hv1-e001458,hv1-u00387,baseline,hv1:main:50,organic_search,note_saved,2026-08-10T07:55:58.091Z,,,n-hv1-u00387,
hv1-e001459,hv1-u00387,baseline,hv1:main:50,organic_search,task_created,2026-08-10T07:57:58.091Z,,,n-hv1-u00387,t-hv1-u00387-1
hv1-e000571,hv1-u00152,task_first,hv1:main:50,paid_social,assigned,2026-08-10T08:02:51.295Z,,,,
hv1-e000572,hv1-u00152,task_first,hv1:main:50,paid_social,note_saved,2026-08-10T08:06:51.295Z,,,n-hv1-u00152,
hv1-e000901,hv1-u00237,task_first,hv1:main:50,organic_search,assigned,2026-08-10T09:22:54.366Z,,,,
hv1-e000902,hv1-u00237,task_first,hv1:main:50,organic_search,note_saved,2026-08-10T09:26:54.366Z,,,n-hv1-u00237,
hv1-e002968,hv1-u00806,baseline,hv1:main:50,referral,assigned,2026-08-10T09:30:41.445Z,,,,
hv1-e000234,hv1-u00059,baseline,hv1:main:50,organic_search,revisited,2026-08-10T09:35:15.340Z,,,n-hv1-u00059,
hv1-e000235,hv1-u00059,baseline,hv1:main:50,organic_search,task_completed,2026-08-10T09:40:15.340Z,,,n-hv1-u00059,t-hv1-u00059-1
hv1-e001499,hv1-u00402,task_first,hv1:main:50,app_store,assigned,2026-08-10T09:55:37.590Z,,,,
hv1-e001500,hv1-u00402,task_first,hv1:main:50,app_store,note_saved,2026-08-10T09:59:37.590Z,,,n-hv1-u00402,
hv1-e003444,hv1-u00933,baseline,hv1:main:50,app_store,assigned,2026-08-10T10:03:04.443Z,,,,
hv1-e000489,hv1-u00129,baseline,hv1:main:50,paid_social,assigned,2026-08-10T10:03:47.338Z,,,,
hv1-e000385,hv1-u00099,baseline,hv1:main:50,referral,assigned,2026-08-10T10:05:15.511Z,,,,
hv1-e001300,hv1-u00347,task_first,hv1:main:50,app_store,trial_started,2026-08-10T10:06:50.790Z,,,,
hv1-e003445,hv1-u00933,baseline,hv1:main:50,app_store,note_saved,2026-08-10T10:07:04.443Z,,,n-hv1-u00933,
hv1-e000490,hv1-u00129,baseline,hv1:main:50,paid_social,note_saved,2026-08-10T10:07:47.338Z,,,n-hv1-u00129,
hv1-e003446,hv1-u00933,baseline,hv1:main:50,app_store,task_created,2026-08-10T10:09:04.443Z,,,n-hv1-u00933,t-hv1-u00933-1
hv1-e000386,hv1-u00099,baseline,hv1:main:50,referral,note_saved,2026-08-10T10:09:15.511Z,,,n-hv1-u00099,
hv1-e002177,hv1-u00581,task_first,hv1:main:50,paid_social,revisited,2026-08-10T10:12:35.817Z,,,n-hv1-u00581,
hv1-e002178,hv1-u00581,task_first,hv1:main:50,paid_social,task_completed,2026-08-10T10:17:35.817Z,,,n-hv1-u00581,t-hv1-u00581-1
hv1-e001890,hv1-u00509,task_first,hv1:main:50,paid_social,revisited,2026-08-10T10:45:30.192Z,,,n-hv1-u00509,
hv1-e002287,hv1-u00613,baseline,hv1:main:50,paid_social,revisited,2026-08-10T11:25:24.952Z,,,n-hv1-u00613,
hv1-e000976,hv1-u00258,baseline,hv1:main:50,app_store,assigned,2026-08-10T11:35:44.909Z,,,,
hv1-e000977,hv1-u00258,baseline,hv1:main:50,app_store,note_saved,2026-08-10T11:39:44.909Z,,,n-hv1-u00258,
hv1-e000804,hv1-u00212,baseline,hv1:main:50,organic_search,assigned,2026-08-10T11:45:52.372Z,,,,
hv1-e000805,hv1-u00212,baseline,hv1:main:50,organic_search,note_saved,2026-08-10T11:49:52.372Z,,,n-hv1-u00212,
hv1-e000806,hv1-u00212,baseline,hv1:main:50,organic_search,task_created,2026-08-10T11:51:52.372Z,,,n-hv1-u00212,t-hv1-u00212-1
hv1-e000807,hv1-u00212,baseline,hv1:main:50,organic_search,task_created,2026-08-10T11:52:52.372Z,,,n-hv1-u00212,t-hv1-u00212-2
hv1-e000808,hv1-u00212,baseline,hv1:main:50,organic_search,task_created,2026-08-10T11:53:52.372Z,,,n-hv1-u00212,t-hv1-u00212-3
hv1-e000260,hv1-u00067,task_first,hv1:main:50,organic_search,assigned,2026-08-10T12:06:17.006Z,,,,
hv1-e002960,hv1-u00804,task_first,hv1:main:50,organic_search,revisited,2026-08-10T12:51:14.022Z,,,n-hv1-u00804,
hv1-e001488,hv1-u00396,baseline,hv1:main:50,paid_social,revisited,2026-08-10T13:07:31.621Z,,,n-hv1-u00396,
hv1-e001489,hv1-u00396,baseline,hv1:main:50,paid_social,task_completed,2026-08-10T13:12:31.621Z,,,n-hv1-u00396,t-hv1-u00396-1
hv1-e002721,hv1-u00733,task_first,hv1:main:50,referral,trial_started,2026-08-10T13:17:29.104Z,,,,
hv1-e000475,hv1-u00126,baseline,hv1:main:50,organic_search,assigned,2026-08-10T13:31:11.213Z,,,,
hv1-e000476,hv1-u00126,baseline,hv1:main:50,organic_search,note_saved,2026-08-10T13:35:11.213Z,,,n-hv1-u00126,
hv1-e000477,hv1-u00126,baseline,hv1:main:50,organic_search,task_created,2026-08-10T13:37:11.213Z,,,n-hv1-u00126,t-hv1-u00126-1
hv1-e000478,hv1-u00126,baseline,hv1:main:50,organic_search,task_created,2026-08-10T13:38:11.213Z,,,n-hv1-u00126,t-hv1-u00126-2
hv1-e000891,hv1-u00234,baseline,hv1:main:50,paid_social,revisited,2026-08-10T13:41:10.735Z,,,n-hv1-u00234,
hv1-e000180,hv1-u00046,task_first,hv1:main:50,referral,assigned,2026-08-10T14:13:57.906Z,,,,
hv1-e000181,hv1-u00046,task_first,hv1:main:50,referral,note_saved,2026-08-10T14:17:57.906Z,,,n-hv1-u00046,
hv1-e000182,hv1-u00046,task_first,hv1:main:50,referral,task_created,2026-08-10T14:19:57.906Z,,,n-hv1-u00046,t-hv1-u00046-1
hv1-e003025,hv1-u00820,task_first,hv1:main:50,organic_search,assigned,2026-08-10T14:23:07.337Z,,,,
hv1-e003026,hv1-u00820,task_first,hv1:main:50,organic_search,note_saved,2026-08-10T14:27:07.337Z,,,n-hv1-u00820,
hv1-e003153,hv1-u00851,task_first,hv1:main:50,app_store,revisited,2026-08-10T14:34:05.661Z,,,n-hv1-u00851,
hv1-e002421,hv1-u00649,baseline,hv1:main:50,paid_social,revisited,2026-08-10T15:01:13.632Z,,,n-hv1-u00649,
hv1-e002422,hv1-u00649,baseline,hv1:main:50,paid_social,task_completed,2026-08-10T15:06:13.632Z,,,n-hv1-u00649,t-hv1-u00649-1
hv1-e002944,hv1-u00802,task_first,hv1:main:50,paid_social,assigned,2026-08-10T15:14:31.691Z,,,,
hv1-e000662,hv1-u00177,baseline,hv1:main:50,referral,assigned,2026-08-10T15:16:27.901Z,,,,
hv1-e002945,hv1-u00802,task_first,hv1:main:50,paid_social,note_saved,2026-08-10T15:18:31.691Z,,,n-hv1-u00802,
hv1-e002911,hv1-u00793,baseline,hv1:main:50,referral,assigned,2026-08-10T15:19:39.367Z,,,,
hv1-e000663,hv1-u00177,baseline,hv1:main:50,referral,note_saved,2026-08-10T15:20:27.901Z,,,n-hv1-u00177,
hv1-e002946,hv1-u00802,task_first,hv1:main:50,paid_social,task_created,2026-08-10T15:20:31.691Z,,,n-hv1-u00802,t-hv1-u00802-1
hv1-e002947,hv1-u00802,task_first,hv1:main:50,paid_social,task_created,2026-08-10T15:21:31.691Z,,,n-hv1-u00802,t-hv1-u00802-2
hv1-e000664,hv1-u00177,baseline,hv1:main:50,referral,task_created,2026-08-10T15:22:27.901Z,,,n-hv1-u00177,t-hv1-u00177-1
hv1-e000665,hv1-u00177,baseline,hv1:main:50,referral,task_created,2026-08-10T15:23:27.901Z,,,n-hv1-u00177,t-hv1-u00177-2
hv1-e002912,hv1-u00793,baseline,hv1:main:50,referral,note_saved,2026-08-10T15:23:39.367Z,,,n-hv1-u00793,
hv1-e002913,hv1-u00793,baseline,hv1:main:50,referral,task_created,2026-08-10T15:25:39.367Z,,,n-hv1-u00793,t-hv1-u00793-1
hv1-e002914,hv1-u00793,baseline,hv1:main:50,referral,task_created,2026-08-10T15:26:39.367Z,,,n-hv1-u00793,t-hv1-u00793-2
hv1-e000811,hv1-u00213,baseline,hv1:main:50,organic_search,assigned,2026-08-10T15:26:59.672Z,,,,
hv1-e002915,hv1-u00793,baseline,hv1:main:50,referral,task_created,2026-08-10T15:27:39.367Z,,,n-hv1-u00793,t-hv1-u00793-3
hv1-e000812,hv1-u00213,baseline,hv1:main:50,organic_search,note_saved,2026-08-10T15:30:59.672Z,,,n-hv1-u00213,
hv1-e001969,hv1-u00528,baseline,hv1:main:50,organic_search,revisited,2026-08-10T15:57:02.535Z,,,n-hv1-u00528,
hv1-e001970,hv1-u00528,baseline,hv1:main:50,organic_search,task_completed,2026-08-10T16:02:02.535Z,,,n-hv1-u00528,t-hv1-u00528-1
hv1-e001321,hv1-u00353,task_first,hv1:main:50,organic_search,assigned,2026-08-10T16:02:14.934Z,,,,
hv1-e001322,hv1-u00353,task_first,hv1:main:50,organic_search,note_saved,2026-08-10T16:06:14.934Z,,,n-hv1-u00353,
hv1-e001323,hv1-u00353,task_first,hv1:main:50,organic_search,task_created,2026-08-10T16:08:14.934Z,,,n-hv1-u00353,t-hv1-u00353-1
hv1-e001324,hv1-u00353,task_first,hv1:main:50,organic_search,task_created,2026-08-10T16:09:14.934Z,,,n-hv1-u00353,t-hv1-u00353-2
hv1-e002929,hv1-u00797,task_first,hv1:main:50,app_store,assigned,2026-08-10T16:17:44.451Z,,,,
hv1-e002918,hv1-u00793,baseline,hv1:main:50,referral,trial_started,2026-08-10T16:19:39.367Z,,,,
hv1-e001040,hv1-u00276,task_first,hv1:main:50,app_store,assigned,2026-08-10T16:20:42.108Z,,,,
hv1-e001041,hv1-u00276,task_first,hv1:main:50,app_store,note_saved,2026-08-10T16:24:42.108Z,,,n-hv1-u00276,
hv1-e001042,hv1-u00276,task_first,hv1:main:50,app_store,task_created,2026-08-10T16:26:42.108Z,,,n-hv1-u00276,t-hv1-u00276-1
hv1-e001971,hv1-u00528,baseline,hv1:main:50,organic_search,trial_started,2026-08-10T16:27:02.535Z,,,,
hv1-e000197,hv1-u00050,task_first,hv1:main:50,organic_search,assigned,2026-08-10T16:52:45.451Z,,,,
hv1-e000198,hv1-u00050,task_first,hv1:main:50,organic_search,note_saved,2026-08-10T16:56:45.451Z,,,n-hv1-u00050,
hv1-e000199,hv1-u00050,task_first,hv1:main:50,organic_search,task_created,2026-08-10T16:58:45.451Z,,,n-hv1-u00050,t-hv1-u00050-1
hv1-e001203,hv1-u00319,task_first,hv1:main:50,app_store,revisited,2026-08-10T17:01:54.413Z,,,n-hv1-u00319,
hv1-e001204,hv1-u00319,task_first,hv1:main:50,app_store,task_completed,2026-08-10T17:06:54.413Z,,,n-hv1-u00319,t-hv1-u00319-1
hv1-e001596,hv1-u00431,task_first,hv1:main:50,paid_social,revisited,2026-08-10T17:20:21.562Z,,,n-hv1-u00431,
hv1-e000220,hv1-u00056,baseline,hv1:main:50,paid_social,assigned,2026-08-10T17:24:20.513Z,,,,
hv1-e000221,hv1-u00056,baseline,hv1:main:50,paid_social,note_saved,2026-08-10T17:28:20.513Z,,,n-hv1-u00056,
hv1-e000222,hv1-u00056,baseline,hv1:main:50,paid_social,task_created,2026-08-10T17:30:20.513Z,,,n-hv1-u00056,t-hv1-u00056-1
hv1-e001741,hv1-u00472,baseline,hv1:main:50,paid_social,assigned,2026-08-10T17:51:00.058Z,,,,
hv1-e001742,hv1-u00472,baseline,hv1:main:50,paid_social,note_saved,2026-08-10T17:55:00.058Z,,,n-hv1-u00472,
hv1-e001743,hv1-u00472,baseline,hv1:main:50,paid_social,task_created,2026-08-10T17:57:00.058Z,,,n-hv1-u00472,t-hv1-u00472-1
hv1-e001744,hv1-u00472,baseline,hv1:main:50,paid_social,task_created,2026-08-10T17:58:00.058Z,,,n-hv1-u00472,t-hv1-u00472-2
hv1-e001745,hv1-u00472,baseline,hv1:main:50,paid_social,task_created,2026-08-10T17:59:00.058Z,,,n-hv1-u00472,t-hv1-u00472-3
hv1-e000985,hv1-u00261,baseline,hv1:main:50,referral,assigned,2026-08-10T18:13:46.687Z,,,,
hv1-e000986,hv1-u00261,baseline,hv1:main:50,referral,note_saved,2026-08-10T18:17:46.687Z,,,n-hv1-u00261,
hv1-e000504,hv1-u00133,baseline,hv1:main:50,paid_social,assigned,2026-08-10T19:10:48.523Z,,,,
hv1-e000505,hv1-u00133,baseline,hv1:main:50,paid_social,note_saved,2026-08-10T19:14:48.523Z,,,n-hv1-u00133,
hv1-e002153,hv1-u00575,task_first,hv1:main:50,paid_social,revisited,2026-08-10T21:40:02.431Z,,,n-hv1-u00575,
hv1-e002154,hv1-u00575,task_first,hv1:main:50,paid_social,task_completed,2026-08-10T21:45:02.431Z,,,n-hv1-u00575,t-hv1-u00575-1
hv1-e001555,hv1-u00415,task_first,hv1:main:50,organic_search,assigned,2026-08-10T21:45:02.569Z,,,,
hv1-e002922,hv1-u00795,baseline,hv1:main:50,app_store,assigned,2026-08-10T21:51:00.218Z,,,,
hv1-e002923,hv1-u00795,baseline,hv1:main:50,app_store,note_saved,2026-08-10T21:55:00.218Z,,,n-hv1-u00795,
hv1-e002576,hv1-u00692,task_first,hv1:main:50,paid_social,assigned,2026-08-10T22:00:06.147Z,,,,
hv1-e002577,hv1-u00692,task_first,hv1:main:50,paid_social,note_saved,2026-08-10T22:04:06.147Z,,,n-hv1-u00692,
hv1-e002578,hv1-u00692,task_first,hv1:main:50,paid_social,task_created,2026-08-10T22:06:06.147Z,,,n-hv1-u00692,t-hv1-u00692-1
hv1-e003348,hv1-u00910,baseline,hv1:main:50,organic_search,assigned,2026-08-10T22:12:11.869Z,,,,
hv1-e003349,hv1-u00910,baseline,hv1:main:50,organic_search,note_saved,2026-08-10T22:16:11.869Z,,,n-hv1-u00910,
hv1-e003350,hv1-u00910,baseline,hv1:main:50,organic_search,task_created,2026-08-10T22:18:11.869Z,,,n-hv1-u00910,t-hv1-u00910-1
hv1-e001690,hv1-u00458,baseline,hv1:main:50,organic_search,assigned,2026-08-10T22:18:32.350Z,,,,
hv1-e003351,hv1-u00910,baseline,hv1:main:50,organic_search,task_created,2026-08-10T22:19:11.869Z,,,n-hv1-u00910,t-hv1-u00910-2
hv1-e003352,hv1-u00910,baseline,hv1:main:50,organic_search,task_created,2026-08-10T22:20:11.869Z,,,n-hv1-u00910,t-hv1-u00910-3
hv1-e001691,hv1-u00458,baseline,hv1:main:50,organic_search,note_saved,2026-08-10T22:22:32.350Z,,,n-hv1-u00458,
hv1-e001188,hv1-u00316,task_first,hv1:main:50,paid_social,assigned,2026-08-10T22:54:34.404Z,,,,
hv1-e001189,hv1-u00316,task_first,hv1:main:50,paid_social,note_saved,2026-08-10T22:58:34.404Z,,,n-hv1-u00316,
hv1-e001190,hv1-u00316,task_first,hv1:main:50,paid_social,task_created,2026-08-10T23:00:34.404Z,,,n-hv1-u00316,t-hv1-u00316-1
hv1-e001191,hv1-u00316,task_first,hv1:main:50,paid_social,task_created,2026-08-10T23:01:34.404Z,,,n-hv1-u00316,t-hv1-u00316-2
hv1-e002013,hv1-u00538,task_first,hv1:main:50,referral,assigned,2026-08-10T23:21:37.829Z,,,,
hv1-e001984,hv1-u00532,task_first,hv1:main:50,paid_social,assigned,2026-08-10T23:26:03.481Z,,,,
hv1-e001985,hv1-u00532,task_first,hv1:main:50,paid_social,note_saved,2026-08-10T23:30:03.481Z,,,n-hv1-u00532,
hv1-e001760,hv1-u00476,task_first,hv1:main:50,referral,assigned,2026-08-10T23:30:16.169Z,,,,
hv1-e002432,hv1-u00653,task_first,hv1:main:50,app_store,assigned,2026-08-10T23:34:47.919Z,,,,
hv1-e001417,hv1-u00375,task_first,hv1:main:50,paid_social,assigned,2026-08-10T23:36:52.160Z,,,,
hv1-e001772,hv1-u00480,task_first,hv1:main:50,organic_search,assigned,2026-08-10T23:38:47.854Z,,,,
hv1-e002433,hv1-u00653,task_first,hv1:main:50,app_store,note_saved,2026-08-10T23:38:47.919Z,,,n-hv1-u00653,
hv1-e001418,hv1-u00375,task_first,hv1:main:50,paid_social,note_saved,2026-08-10T23:40:52.160Z,,,n-hv1-u00375,
hv1-e001773,hv1-u00480,task_first,hv1:main:50,organic_search,note_saved,2026-08-10T23:42:47.854Z,,,n-hv1-u00480,
hv1-e001419,hv1-u00375,task_first,hv1:main:50,paid_social,task_created,2026-08-10T23:42:52.160Z,,,n-hv1-u00375,t-hv1-u00375-1
hv1-e001420,hv1-u00375,task_first,hv1:main:50,paid_social,task_created,2026-08-10T23:43:52.160Z,,,n-hv1-u00375,t-hv1-u00375-2
hv1-e001774,hv1-u00480,task_first,hv1:main:50,organic_search,task_created,2026-08-10T23:44:47.854Z,,,n-hv1-u00480,t-hv1-u00480-1
hv1-e000470,hv1-u00123,baseline,hv1:main:50,paid_social,assigned,2026-08-11T00:23:28.307Z,,,,
hv1-e000471,hv1-u00123,baseline,hv1:main:50,paid_social,note_saved,2026-08-11T00:27:28.307Z,,,n-hv1-u00123,
hv1-e000785,hv1-u00205,task_first,hv1:main:50,paid_social,trial_started,2026-08-11T00:46:22.108Z,,,,
hv1-e001193,hv1-u00317,task_first,hv1:main:50,organic_search,assigned,2026-08-11T00:50:54.424Z,,,,
hv1-e001194,hv1-u00317,task_first,hv1:main:50,organic_search,note_saved,2026-08-11T00:54:54.424Z,,,n-hv1-u00317,
hv1-e000877,hv1-u00229,task_first,hv1:main:50,paid_social,trial_started,2026-08-11T01:04:02.503Z,,,,
hv1-e003032,hv1-u00822,task_first,hv1:main:50,paid_social,revisited,2026-08-11T01:24:46.069Z,,,n-hv1-u00822,
hv1-e003033,hv1-u00822,task_first,hv1:main:50,paid_social,task_completed,2026-08-11T01:29:46.069Z,,,n-hv1-u00822,t-hv1-u00822-1
hv1-e002686,hv1-u00723,baseline,hv1:main:50,organic_search,paid,2026-08-11T01:44:06.029Z,10.00,XTS,,
hv1-e002930,hv1-u00798,baseline,hv1:main:50,referral,assigned,2026-08-11T01:58:06.739Z,,,,
hv1-e002931,hv1-u00798,baseline,hv1:main:50,referral,note_saved,2026-08-11T02:02:06.739Z,,,n-hv1-u00798,
hv1-e002932,hv1-u00798,baseline,hv1:main:50,referral,task_created,2026-08-11T02:04:06.739Z,,,n-hv1-u00798,t-hv1-u00798-1
hv1-e002933,hv1-u00798,baseline,hv1:main:50,referral,task_created,2026-08-11T02:05:06.739Z,,,n-hv1-u00798,t-hv1-u00798-2
hv1-e002934,hv1-u00798,baseline,hv1:main:50,referral,task_created,2026-08-11T02:06:06.739Z,,,n-hv1-u00798,t-hv1-u00798-3
hv1-e001603,hv1-u00433,baseline,hv1:main:50,organic_search,assigned,2026-08-11T02:06:08.268Z,,,,
hv1-e001604,hv1-u00433,baseline,hv1:main:50,organic_search,note_saved,2026-08-11T02:10:08.268Z,,,n-hv1-u00433,
hv1-e001605,hv1-u00433,baseline,hv1:main:50,organic_search,task_created,2026-08-11T02:12:08.268Z,,,n-hv1-u00433,t-hv1-u00433-1
hv1-e001606,hv1-u00433,baseline,hv1:main:50,organic_search,task_created,2026-08-11T02:13:08.268Z,,,n-hv1-u00433,t-hv1-u00433-2
hv1-e001936,hv1-u00520,task_first,hv1:main:50,organic_search,assigned,2026-08-11T02:13:45.165Z,,,,
hv1-e001937,hv1-u00520,task_first,hv1:main:50,organic_search,note_saved,2026-08-11T02:17:45.165Z,,,n-hv1-u00520,
hv1-e001938,hv1-u00520,task_first,hv1:main:50,organic_search,task_created,2026-08-11T02:19:45.165Z,,,n-hv1-u00520,t-hv1-u00520-1
hv1-e001274,hv1-u00340,baseline,hv1:main:50,app_store,assigned,2026-08-11T02:51:43.677Z,,,,
hv1-e001275,hv1-u00340,baseline,hv1:main:50,app_store,note_saved,2026-08-11T02:55:43.677Z,,,n-hv1-u00340,
hv1-e001276,hv1-u00340,baseline,hv1:main:50,app_store,task_created,2026-08-11T02:57:43.677Z,,,n-hv1-u00340,t-hv1-u00340-1
hv1-e001406,hv1-u00373,task_first,hv1:main:50,referral,assigned,2026-08-11T03:03:32.419Z,,,,
hv1-e003195,hv1-u00867,task_first,hv1:main:50,referral,assigned,2026-08-11T03:05:53.570Z,,,,
hv1-e001407,hv1-u00373,task_first,hv1:main:50,referral,note_saved,2026-08-11T03:07:32.419Z,,,n-hv1-u00373,
hv1-e001408,hv1-u00373,task_first,hv1:main:50,referral,task_created,2026-08-11T03:09:32.419Z,,,n-hv1-u00373,t-hv1-u00373-1
hv1-e003196,hv1-u00867,task_first,hv1:main:50,referral,note_saved,2026-08-11T03:09:53.570Z,,,n-hv1-u00867,
hv1-e003197,hv1-u00867,task_first,hv1:main:50,referral,task_created,2026-08-11T03:11:53.570Z,,,n-hv1-u00867,t-hv1-u00867-1
hv1-e003198,hv1-u00867,task_first,hv1:main:50,referral,task_created,2026-08-11T03:12:53.570Z,,,n-hv1-u00867,t-hv1-u00867-2
hv1-e003199,hv1-u00867,task_first,hv1:main:50,referral,task_created,2026-08-11T03:13:53.570Z,,,n-hv1-u00867,t-hv1-u00867-3
hv1-e002355,hv1-u00633,task_first,hv1:main:50,app_store,assigned,2026-08-11T03:24:33.414Z,,,,
hv1-e002356,hv1-u00633,task_first,hv1:main:50,app_store,note_saved,2026-08-11T03:28:33.414Z,,,n-hv1-u00633,
hv1-e002357,hv1-u00633,task_first,hv1:main:50,app_store,task_created,2026-08-11T03:30:33.414Z,,,n-hv1-u00633,t-hv1-u00633-1
hv1-e000430,hv1-u00110,baseline,hv1:main:50,referral,revisited,2026-08-11T03:40:24.972Z,,,n-hv1-u00110,
hv1-e000293,hv1-u00076,baseline,hv1:main:50,paid_social,assigned,2026-08-11T03:51:54.949Z,,,,
hv1-e003654,hv1-u00991,task_first,hv1:main:50,paid_social,revisited,2026-08-11T03:55:45.378Z,,,n-hv1-u00991,
hv1-e003200,hv1-u00867,task_first,hv1:main:50,referral,trial_started,2026-08-11T04:05:53.570Z,,,,
hv1-e001390,hv1-u00370,task_first,hv1:main:50,organic_search,assigned,2026-08-11T04:08:41.891Z,,,,
hv1-e001391,hv1-u00370,task_first,hv1:main:50,organic_search,note_saved,2026-08-11T04:12:41.891Z,,,n-hv1-u00370,
hv1-e001392,hv1-u00370,task_first,hv1:main:50,organic_search,task_created,2026-08-11T04:14:41.891Z,,,n-hv1-u00370,t-hv1-u00370-1
hv1-e001393,hv1-u00370,task_first,hv1:main:50,organic_search,task_created,2026-08-11T04:15:41.891Z,,,n-hv1-u00370,t-hv1-u00370-2
hv1-e001394,hv1-u00370,task_first,hv1:main:50,organic_search,task_created,2026-08-11T04:16:41.891Z,,,n-hv1-u00370,t-hv1-u00370-3
hv1-e000706,hv1-u00190,baseline,hv1:main:50,app_store,revisited,2026-08-11T04:18:44.766Z,,,n-hv1-u00190,
hv1-e001468,hv1-u00392,baseline,hv1:main:50,organic_search,assigned,2026-08-11T04:18:54.214Z,,,,
hv1-e001469,hv1-u00392,baseline,hv1:main:50,organic_search,note_saved,2026-08-11T04:22:54.214Z,,,n-hv1-u00392,
hv1-e001470,hv1-u00392,baseline,hv1:main:50,organic_search,task_created,2026-08-11T04:24:54.214Z,,,n-hv1-u00392,t-hv1-u00392-1
hv1-e000614,hv1-u00166,baseline,hv1:main:50,app_store,assigned,2026-08-11T06:07:41.895Z,,,,
hv1-e000653,hv1-u00174,task_first,hv1:main:50,referral,trial_started,2026-08-11T06:11:11.647Z,,,,
hv1-e000615,hv1-u00166,baseline,hv1:main:50,app_store,note_saved,2026-08-11T06:11:41.895Z,,,n-hv1-u00166,
hv1-e000885,hv1-u00232,task_first,hv1:main:50,referral,trial_started,2026-08-11T06:16:05.498Z,,,,
hv1-e003392,hv1-u00920,task_first,hv1:main:50,organic_search,assigned,2026-08-11T06:32:48.738Z,,,,
hv1-e000283,hv1-u00074,task_first,hv1:main:50,app_store,assigned,2026-08-11T07:11:39.786Z,,,,
hv1-e000284,hv1-u00074,task_first,hv1:main:50,app_store,note_saved,2026-08-11T07:15:39.786Z,,,n-hv1-u00074,
hv1-e000285,hv1-u00074,task_first,hv1:main:50,app_store,task_created,2026-08-11T07:17:39.786Z,,,n-hv1-u00074,t-hv1-u00074-1
hv1-e000286,hv1-u00074,task_first,hv1:main:50,app_store,trial_started,2026-08-11T08:11:39.786Z,,,,
hv1-e003140,hv1-u00848,baseline,hv1:main:50,referral,revisited,2026-08-11T08:25:00.685Z,,,n-hv1-u00848,
hv1-e003141,hv1-u00848,baseline,hv1:main:50,referral,task_completed,2026-08-11T08:30:00.685Z,,,n-hv1-u00848,t-hv1-u00848-1
hv1-e001464,hv1-u00390,task_first,hv1:main:50,paid_social,assigned,2026-08-11T08:36:33.450Z,,,,
hv1-e000961,hv1-u00254,baseline,hv1:main:50,organic_search,trial_started,2026-08-11T08:37:32.387Z,,,,
hv1-e001465,hv1-u00390,task_first,hv1:main:50,paid_social,note_saved,2026-08-11T08:40:33.450Z,,,n-hv1-u00390,
hv1-e003063,hv1-u00830,baseline,hv1:main:50,paid_social,assigned,2026-08-11T09:22:45.104Z,,,,
hv1-e003064,hv1-u00830,baseline,hv1:main:50,paid_social,note_saved,2026-08-11T09:26:45.104Z,,,n-hv1-u00830,
hv1-e003065,hv1-u00830,baseline,hv1:main:50,paid_social,task_created,2026-08-11T09:28:45.104Z,,,n-hv1-u00830,t-hv1-u00830-1
hv1-e002498,hv1-u00673,baseline,hv1:main:50,organic_search,assigned,2026-08-11T09:53:57.665Z,,,,
hv1-e000305,hv1-u00080,task_first,hv1:main:50,app_store,assigned,2026-08-11T09:54:51.616Z,,,,
hv1-e002499,hv1-u00673,baseline,hv1:main:50,organic_search,note_saved,2026-08-11T09:57:57.665Z,,,n-hv1-u00673,
hv1-e000306,hv1-u00080,task_first,hv1:main:50,app_store,note_saved,2026-08-11T09:58:51.616Z,,,n-hv1-u00080,
hv1-e002500,hv1-u00673,baseline,hv1:main:50,organic_search,task_created,2026-08-11T09:59:57.665Z,,,n-hv1-u00673,t-hv1-u00673-1
hv1-e000307,hv1-u00080,task_first,hv1:main:50,app_store,task_created,2026-08-11T10:00:51.616Z,,,n-hv1-u00080,t-hv1-u00080-1
hv1-e002501,hv1-u00673,baseline,hv1:main:50,organic_search,task_created,2026-08-11T10:00:57.665Z,,,n-hv1-u00673,t-hv1-u00673-2
hv1-e000308,hv1-u00080,task_first,hv1:main:50,app_store,task_created,2026-08-11T10:01:51.616Z,,,n-hv1-u00080,t-hv1-u00080-2
hv1-e002502,hv1-u00673,baseline,hv1:main:50,organic_search,task_created,2026-08-11T10:01:57.665Z,,,n-hv1-u00673,t-hv1-u00673-3
hv1-e002724,hv1-u00734,task_first,hv1:main:50,paid_social,revisited,2026-08-11T10:21:50.804Z,,,n-hv1-u00734,
hv1-e003068,hv1-u00830,baseline,hv1:main:50,paid_social,trial_started,2026-08-11T10:22:45.104Z,,,,
hv1-e001597,hv1-u00432,task_first,hv1:main:50,app_store,assigned,2026-08-11T10:26:05.580Z,,,,
hv1-e000559,hv1-u00149,baseline,hv1:main:50,referral,assigned,2026-08-11T10:26:33.635Z,,,,
hv1-e001598,hv1-u00432,task_first,hv1:main:50,app_store,note_saved,2026-08-11T10:30:05.580Z,,,n-hv1-u00432,
hv1-e000560,hv1-u00149,baseline,hv1:main:50,referral,note_saved,2026-08-11T10:30:33.635Z,,,n-hv1-u00149,
hv1-e001599,hv1-u00432,task_first,hv1:main:50,app_store,task_created,2026-08-11T10:32:05.580Z,,,n-hv1-u00432,t-hv1-u00432-1
hv1-e000561,hv1-u00149,baseline,hv1:main:50,referral,task_created,2026-08-11T10:32:33.635Z,,,n-hv1-u00149,t-hv1-u00149-1
hv1-e001600,hv1-u00432,task_first,hv1:main:50,app_store,task_created,2026-08-11T10:33:05.580Z,,,n-hv1-u00432,t-hv1-u00432-2
hv1-e000562,hv1-u00149,baseline,hv1:main:50,referral,task_created,2026-08-11T10:33:33.635Z,,,n-hv1-u00149,t-hv1-u00149-2
hv1-e002180,hv1-u00583,baseline,hv1:main:50,paid_social,assigned,2026-08-11T10:34:57.044Z,,,,
hv1-e002181,hv1-u00583,baseline,hv1:main:50,paid_social,note_saved,2026-08-11T10:38:57.044Z,,,n-hv1-u00583,
hv1-e003461,hv1-u00940,baseline,hv1:main:50,paid_social,assigned,2026-08-11T10:42:02.542Z,,,,
hv1-e001704,hv1-u00464,task_first,hv1:main:50,referral,revisited,2026-08-11T10:54:11.937Z,,,n-hv1-u00464,
hv1-e001746,hv1-u00473,task_first,hv1:main:50,paid_social,assigned,2026-08-11T11:04:38.939Z,,,,
hv1-e001747,hv1-u00473,task_first,hv1:main:50,paid_social,note_saved,2026-08-11T11:08:38.939Z,,,n-hv1-u00473,
hv1-e001748,hv1-u00473,task_first,hv1:main:50,paid_social,task_created,2026-08-11T11:10:38.939Z,,,n-hv1-u00473,t-hv1-u00473-1
hv1-e001749,hv1-u00473,task_first,hv1:main:50,paid_social,task_created,2026-08-11T11:11:38.939Z,,,n-hv1-u00473,t-hv1-u00473-2
hv1-e001750,hv1-u00473,task_first,hv1:main:50,paid_social,task_created,2026-08-11T11:12:38.939Z,,,n-hv1-u00473,t-hv1-u00473-3
hv1-e000374,hv1-u00096,baseline,hv1:main:50,organic_search,trial_started,2026-08-11T11:38:00.664Z,,,,
hv1-e002059,hv1-u00552,baseline,hv1:main:50,app_store,assigned,2026-08-11T12:15:44.180Z,,,,
hv1-e000809,hv1-u00212,baseline,hv1:main:50,organic_search,revisited,2026-08-11T12:15:52.372Z,,,n-hv1-u00212,
hv1-e002060,hv1-u00552,baseline,hv1:main:50,app_store,note_saved,2026-08-11T12:19:44.180Z,,,n-hv1-u00552,
hv1-e000810,hv1-u00212,baseline,hv1:main:50,organic_search,task_completed,2026-08-11T12:20:52.372Z,,,n-hv1-u00212,t-hv1-u00212-1
hv1-e001023,hv1-u00271,baseline,hv1:main:50,organic_search,assigned,2026-08-11T12:25:33.870Z,,,,
hv1-e001024,hv1-u00271,baseline,hv1:main:50,organic_search,note_saved,2026-08-11T12:29:33.870Z,,,n-hv1-u00271,
hv1-e003669,hv1-u00997,baseline,hv1:main:50,organic_search,assigned,2026-08-11T12:45:53.682Z,,,,
hv1-e002094,hv1-u00561,task_first,hv1:main:50,paid_social,paid,2026-08-11T12:49:26.671Z,10.00,XTS,,
hv1-e003670,hv1-u00997,baseline,hv1:main:50,organic_search,note_saved,2026-08-11T12:49:53.682Z,,,n-hv1-u00997,
hv1-e003671,hv1-u00997,baseline,hv1:main:50,organic_search,task_created,2026-08-11T12:51:53.682Z,,,n-hv1-u00997,t-hv1-u00997-1
hv1-e003672,hv1-u00997,baseline,hv1:main:50,organic_search,task_created,2026-08-11T12:52:53.682Z,,,n-hv1-u00997,t-hv1-u00997-2
hv1-e000113,hv1-u00031,baseline,hv1:main:50,referral,assigned,2026-08-11T13:01:02.647Z,,,,
hv1-e000114,hv1-u00031,baseline,hv1:main:50,referral,note_saved,2026-08-11T13:05:02.647Z,,,n-hv1-u00031,
hv1-e000261,hv1-u00067,task_first,hv1:main:50,organic_search,trial_started,2026-08-11T13:06:17.006Z,,,,
hv1-e000115,hv1-u00031,baseline,hv1:main:50,referral,task_created,2026-08-11T13:07:02.647Z,,,n-hv1-u00031,t-hv1-u00031-1
hv1-e001230,hv1-u00328,baseline,hv1:main:50,organic_search,assigned,2026-08-11T13:42:10.145Z,,,,
hv1-e000546,hv1-u00145,task_first,hv1:main:50,referral,revisited,2026-08-11T13:45:30.819Z,,,n-hv1-u00145,
hv1-e001231,hv1-u00328,baseline,hv1:main:50,organic_search,note_saved,2026-08-11T13:46:10.145Z,,,n-hv1-u00328,
hv1-e000547,hv1-u00145,task_first,hv1:main:50,referral,task_completed,2026-08-11T13:50:30.819Z,,,n-hv1-u00145,t-hv1-u00145-1
hv1-e000479,hv1-u00126,baseline,hv1:main:50,organic_search,revisited,2026-08-11T14:01:11.213Z,,,n-hv1-u00126,
hv1-e000480,hv1-u00126,baseline,hv1:main:50,organic_search,task_completed,2026-08-11T14:06:11.213Z,,,n-hv1-u00126,t-hv1-u00126-1
hv1-e002854,hv1-u00775,task_first,hv1:main:50,app_store,assigned,2026-08-11T14:25:56.681Z,,,,
hv1-e002855,hv1-u00775,task_first,hv1:main:50,app_store,note_saved,2026-08-11T14:29:56.681Z,,,n-hv1-u00775,
hv1-e001167,hv1-u00308,task_first,hv1:main:50,paid_social,assigned,2026-08-11T14:38:04.622Z,,,,
hv1-e001168,hv1-u00308,task_first,hv1:main:50,paid_social,note_saved,2026-08-11T14:42:04.622Z,,,n-hv1-u00308,
hv1-e001169,hv1-u00308,task_first,hv1:main:50,paid_social,task_created,2026-08-11T14:44:04.622Z,,,n-hv1-u00308,t-hv1-u00308-1
hv1-e001170,hv1-u00308,task_first,hv1:main:50,paid_social,task_created,2026-08-11T14:45:04.622Z,,,n-hv1-u00308,t-hv1-u00308-2
hv1-e001948,hv1-u00525,task_first,hv1:main:50,organic_search,assigned,2026-08-11T14:47:05.652Z,,,,
hv1-e001949,hv1-u00525,task_first,hv1:main:50,organic_search,note_saved,2026-08-11T14:51:05.652Z,,,n-hv1-u00525,
hv1-e001950,hv1-u00525,task_first,hv1:main:50,organic_search,task_created,2026-08-11T14:53:05.652Z,,,n-hv1-u00525,t-hv1-u00525-1
hv1-e001951,hv1-u00525,task_first,hv1:main:50,organic_search,task_created,2026-08-11T14:54:05.652Z,,,n-hv1-u00525,t-hv1-u00525-2
hv1-e001952,hv1-u00525,task_first,hv1:main:50,organic_search,task_created,2026-08-11T14:55:05.652Z,,,n-hv1-u00525,t-hv1-u00525-3
hv1-e003610,hv1-u00981,task_first,hv1:main:50,referral,assigned,2026-08-11T15:25:23.679Z,,,,
hv1-e002856,hv1-u00775,task_first,hv1:main:50,app_store,trial_started,2026-08-11T15:25:56.681Z,,,,
hv1-e003007,hv1-u00815,task_first,hv1:main:50,organic_search,revisited,2026-08-11T15:29:22.576Z,,,n-hv1-u00815,
hv1-e003611,hv1-u00981,task_first,hv1:main:50,referral,note_saved,2026-08-11T15:29:23.679Z,,,n-hv1-u00981,
hv1-e003612,hv1-u00981,task_first,hv1:main:50,referral,task_created,2026-08-11T15:31:23.679Z,,,n-hv1-u00981,t-hv1-u00981-1
hv1-e003008,hv1-u00815,task_first,hv1:main:50,organic_search,task_completed,2026-08-11T15:34:22.576Z,,,n-hv1-u00815,t-hv1-u00815-1
hv1-e003592,hv1-u00977,baseline,hv1:main:50,referral,revisited,2026-08-11T15:42:46.075Z,,,n-hv1-u00977,
hv1-e002630,hv1-u00709,task_first,hv1:main:50,organic_search,assigned,2026-08-11T16:05:44.913Z,,,,
hv1-e002631,hv1-u00709,task_first,hv1:main:50,organic_search,note_saved,2026-08-11T16:09:44.913Z,,,n-hv1-u00709,
hv1-e002632,hv1-u00709,task_first,hv1:main:50,organic_search,task_created,2026-08-11T16:11:44.913Z,,,n-hv1-u00709,t-hv1-u00709-1
hv1-e000836,hv1-u00219,baseline,hv1:main:50,referral,paid,2026-08-11T16:33:46.431Z,10.00,XTS,,
hv1-e003447,hv1-u00934,baseline,hv1:main:50,organic_search,assigned,2026-08-11T16:34:45.648Z,,,,
hv1-e003448,hv1-u00934,baseline,hv1:main:50,organic_search,note_saved,2026-08-11T16:38:45.648Z,,,n-hv1-u00934,
hv1-e001090,hv1-u00287,baseline,hv1:main:50,organic_search,assigned,2026-08-11T16:46:49.250Z,,,,
hv1-e001043,hv1-u00276,task_first,hv1:main:50,app_store,revisited,2026-08-11T16:50:42.108Z,,,n-hv1-u00276,
hv1-e001091,hv1-u00287,baseline,hv1:main:50,organic_search,note_saved,2026-08-11T16:50:49.250Z,,,n-hv1-u00287,
hv1-e001092,hv1-u00287,baseline,hv1:main:50,organic_search,task_created,2026-08-11T16:52:49.250Z,,,n-hv1-u00287,t-hv1-u00287-1
hv1-e001093,hv1-u00287,baseline,hv1:main:50,organic_search,task_created,2026-08-11T16:53:49.250Z,,,n-hv1-u00287,t-hv1-u00287-2
hv1-e001094,hv1-u00287,baseline,hv1:main:50,organic_search,task_created,2026-08-11T16:54:49.250Z,,,n-hv1-u00287,t-hv1-u00287-3
hv1-e001044,hv1-u00276,task_first,hv1:main:50,app_store,task_completed,2026-08-11T16:55:42.108Z,,,n-hv1-u00276,t-hv1-u00276-1
hv1-e000862,hv1-u00227,task_first,hv1:main:50,paid_social,revisited,2026-08-11T17:06:22.666Z,,,n-hv1-u00227,
hv1-e000863,hv1-u00227,task_first,hv1:main:50,paid_social,task_completed,2026-08-11T17:11:22.666Z,,,n-hv1-u00227,t-hv1-u00227-1
hv1-e000365,hv1-u00095,baseline,hv1:main:50,app_store,assigned,2026-08-11T18:53:56.929Z,,,,
hv1-e000366,hv1-u00095,baseline,hv1:main:50,app_store,note_saved,2026-08-11T18:57:56.929Z,,,n-hv1-u00095,
hv1-e001953,hv1-u00526,task_first,hv1:main:50,organic_search,assigned,2026-08-11T19:31:05.534Z,,,,
hv1-e001954,hv1-u00526,task_first,hv1:main:50,organic_search,note_saved,2026-08-11T19:35:05.534Z,,,n-hv1-u00526,
hv1-e001955,hv1-u00526,task_first,hv1:main:50,organic_search,task_created,2026-08-11T19:37:05.534Z,,,n-hv1-u00526,t-hv1-u00526-1
hv1-e001956,hv1-u00526,task_first,hv1:main:50,organic_search,task_created,2026-08-11T19:38:05.534Z,,,n-hv1-u00526,t-hv1-u00526-2
hv1-e002989,hv1-u00812,baseline,hv1:main:50,app_store,assigned,2026-08-11T19:54:36.496Z,,,,
hv1-e002990,hv1-u00812,baseline,hv1:main:50,app_store,note_saved,2026-08-11T19:58:36.496Z,,,n-hv1-u00812,
hv1-e002777,hv1-u00748,task_first,hv1:main:50,app_store,assigned,2026-08-11T20:33:37.959Z,,,,
hv1-e003259,hv1-u00883,task_first,hv1:main:50,paid_social,paid,2026-08-11T20:34:30.567Z,10.00,XTS,,
hv1-e002778,hv1-u00748,task_first,hv1:main:50,app_store,note_saved,2026-08-11T20:37:37.959Z,,,n-hv1-u00748,
hv1-e002779,hv1-u00748,task_first,hv1:main:50,app_store,task_created,2026-08-11T20:39:37.959Z,,,n-hv1-u00748,t-hv1-u00748-1
hv1-e002780,hv1-u00748,task_first,hv1:main:50,app_store,task_created,2026-08-11T20:40:37.959Z,,,n-hv1-u00748,t-hv1-u00748-2
hv1-e002781,hv1-u00748,task_first,hv1:main:50,app_store,task_created,2026-08-11T20:41:37.959Z,,,n-hv1-u00748,t-hv1-u00748-3
hv1-e000243,hv1-u00062,task_first,hv1:main:50,organic_search,paid,2026-08-11T20:43:18.333Z,10.00,XTS,,
hv1-e001788,hv1-u00485,task_first,hv1:main:50,app_store,assigned,2026-08-11T20:49:21.623Z,,,,
hv1-e001789,hv1-u00485,task_first,hv1:main:50,app_store,note_saved,2026-08-11T20:53:21.623Z,,,n-hv1-u00485,
hv1-e001790,hv1-u00485,task_first,hv1:main:50,app_store,task_created,2026-08-11T20:55:21.623Z,,,n-hv1-u00485,t-hv1-u00485-1
hv1-e001791,hv1-u00485,task_first,hv1:main:50,app_store,task_created,2026-08-11T20:56:21.623Z,,,n-hv1-u00485,t-hv1-u00485-2
hv1-e001792,hv1-u00485,task_first,hv1:main:50,app_store,task_created,2026-08-11T20:57:21.623Z,,,n-hv1-u00485,t-hv1-u00485-3
hv1-e001820,hv1-u00494,task_first,hv1:main:50,organic_search,revisited,2026-08-11T21:10:40.654Z,,,n-hv1-u00494,
hv1-e003081,hv1-u00834,baseline,hv1:main:50,referral,assigned,2026-08-11T21:30:47.263Z,,,,
hv1-e000707,hv1-u00191,baseline,hv1:main:50,organic_search,assigned,2026-08-11T21:33:38.809Z,,,,
hv1-e003082,hv1-u00834,baseline,hv1:main:50,referral,note_saved,2026-08-11T21:34:47.263Z,,,n-hv1-u00834,
hv1-e000708,hv1-u00191,baseline,hv1:main:50,organic_search,note_saved,2026-08-11T21:37:38.809Z,,,n-hv1-u00191,
hv1-e000709,hv1-u00191,baseline,hv1:main:50,organic_search,task_created,2026-08-11T21:39:38.809Z,,,n-hv1-u00191,t-hv1-u00191-1
hv1-e003485,hv1-u00949,baseline,hv1:main:50,organic_search,assigned,2026-08-11T21:58:35.424Z,,,,
hv1-e003486,hv1-u00949,baseline,hv1:main:50,organic_search,note_saved,2026-08-11T22:02:35.424Z,,,n-hv1-u00949,
hv1-e003487,hv1-u00949,baseline,hv1:main:50,organic_search,task_created,2026-08-11T22:04:35.424Z,,,n-hv1-u00949,t-hv1-u00949-1
hv1-e003488,hv1-u00949,baseline,hv1:main:50,organic_search,task_created,2026-08-11T22:05:35.424Z,,,n-hv1-u00949,t-hv1-u00949-2
hv1-e003489,hv1-u00949,baseline,hv1:main:50,organic_search,task_created,2026-08-11T22:06:35.424Z,,,n-hv1-u00949,t-hv1-u00949-3
hv1-e001821,hv1-u00494,task_first,hv1:main:50,organic_search,trial_started,2026-08-11T22:10:40.654Z,,,,
hv1-e003084,hv1-u00834,baseline,hv1:main:50,referral,trial_started,2026-08-11T22:30:47.263Z,,,,
hv1-e000711,hv1-u00191,baseline,hv1:main:50,organic_search,trial_started,2026-08-11T22:33:38.809Z,,,,
hv1-e002655,hv1-u00715,baseline,hv1:main:50,paid_social,assigned,2026-08-11T22:39:38.387Z,,,,
hv1-e002656,hv1-u00715,baseline,hv1:main:50,paid_social,note_saved,2026-08-11T22:43:38.387Z,,,n-hv1-u00715,
hv1-e001512,hv1-u00404,task_first,hv1:main:50,organic_search,revisited,2026-08-11T22:47:32.010Z,,,n-hv1-u00404,
hv1-e002387,hv1-u00642,baseline,hv1:main:50,paid_social,assigned,2026-08-11T22:48:36.215Z,,,,
hv1-e001513,hv1-u00404,task_first,hv1:main:50,organic_search,task_completed,2026-08-11T22:52:32.010Z,,,n-hv1-u00404,t-hv1-u00404-1
hv1-e002388,hv1-u00642,baseline,hv1:main:50,paid_social,note_saved,2026-08-11T22:52:36.215Z,,,n-hv1-u00642,
hv1-e001192,hv1-u00316,task_first,hv1:main:50,paid_social,revisited,2026-08-11T22:54:34.404Z,,,n-hv1-u00316,
hv1-e003355,hv1-u00910,baseline,hv1:main:50,organic_search,trial_started,2026-08-11T23:12:11.869Z,,,,
hv1-e003391,hv1-u00919,task_first,hv1:main:50,app_store,trial_started,2026-08-11T23:14:20.355Z,,,,
hv1-e003267,hv1-u00887,task_first,hv1:main:50,app_store,assigned,2026-08-11T23:37:16.069Z,,,,
hv1-e003268,hv1-u00887,task_first,hv1:main:50,app_store,note_saved,2026-08-11T23:41:16.069Z,,,n-hv1-u00887,
hv1-e002262,hv1-u00607,baseline,hv1:main:50,organic_search,assigned,2026-08-11T23:50:55.388Z,,,,
hv1-e002263,hv1-u00607,baseline,hv1:main:50,organic_search,note_saved,2026-08-11T23:54:55.388Z,,,n-hv1-u00607,
hv1-e002264,hv1-u00607,baseline,hv1:main:50,organic_search,task_created,2026-08-11T23:56:55.388Z,,,n-hv1-u00607,t-hv1-u00607-1
hv1-e002014,hv1-u00538,task_first,hv1:main:50,referral,trial_started,2026-08-12T00:21:37.829Z,,,,
hv1-e003094,hv1-u00838,task_first,hv1:main:50,referral,assigned,2026-08-12T00:56:47.197Z,,,,
hv1-e003095,hv1-u00838,task_first,hv1:main:50,referral,note_saved,2026-08-12T01:00:47.197Z,,,n-hv1-u00838,
hv1-e003096,hv1-u00838,task_first,hv1:main:50,referral,task_created,2026-08-12T01:02:47.197Z,,,n-hv1-u00838,t-hv1-u00838-1
hv1-e003097,hv1-u00838,task_first,hv1:main:50,referral,task_created,2026-08-12T01:03:47.197Z,,,n-hv1-u00838,t-hv1-u00838-2
hv1-e003100,hv1-u00838,task_first,hv1:main:50,referral,trial_started,2026-08-12T01:56:47.197Z,,,,
hv1-e003368,hv1-u00913,task_first,hv1:main:50,referral,trial_started,2026-08-12T02:01:39.984Z,,,,
hv1-e003557,hv1-u00968,task_first,hv1:main:50,organic_search,assigned,2026-08-12T03:04:53.304Z,,,,
hv1-e003558,hv1-u00968,task_first,hv1:main:50,organic_search,note_saved,2026-08-12T03:08:53.304Z,,,n-hv1-u00968,
hv1-e000083,hv1-u00023,task_first,hv1:main:50,organic_search,assigned,2026-08-12T03:17:46.967Z,,,,
hv1-e000084,hv1-u00023,task_first,hv1:main:50,organic_search,note_saved,2026-08-12T03:21:46.967Z,,,n-hv1-u00023,
hv1-e000085,hv1-u00023,task_first,hv1:main:50,organic_search,task_created,2026-08-12T03:23:46.967Z,,,n-hv1-u00023,t-hv1-u00023-1
hv1-e000086,hv1-u00023,task_first,hv1:main:50,organic_search,task_created,2026-08-12T03:24:46.967Z,,,n-hv1-u00023,t-hv1-u00023-2
hv1-e002410,hv1-u00646,baseline,hv1:main:50,organic_search,paid,2026-08-12T03:27:01.217Z,10.00,XTS,,
hv1-e000500,hv1-u00131,baseline,hv1:main:50,app_store,paid,2026-08-12T03:41:44.108Z,10.00,XTS,,
hv1-e001533,hv1-u00409,task_first,hv1:main:50,paid_social,revisited,2026-08-12T03:55:18.807Z,,,n-hv1-u00409,
hv1-e001534,hv1-u00409,task_first,hv1:main:50,paid_social,task_completed,2026-08-12T04:00:18.807Z,,,n-hv1-u00409,t-hv1-u00409-1
hv1-e003233,hv1-u00877,task_first,hv1:main:50,organic_search,assigned,2026-08-12T04:21:18.578Z,,,,
hv1-e003234,hv1-u00877,task_first,hv1:main:50,organic_search,note_saved,2026-08-12T04:25:18.578Z,,,n-hv1-u00877,
hv1-e001933,hv1-u00519,task_first,hv1:main:50,referral,revisited,2026-08-12T04:28:29.110Z,,,n-hv1-u00519,
hv1-e002541,hv1-u00681,baseline,hv1:main:50,paid_social,assigned,2026-08-12T04:29:00.500Z,,,,
hv1-e002542,hv1-u00681,baseline,hv1:main:50,paid_social,note_saved,2026-08-12T04:33:00.500Z,,,n-hv1-u00681,
hv1-e001934,hv1-u00519,task_first,hv1:main:50,referral,task_completed,2026-08-12T04:33:29.110Z,,,n-hv1-u00519,t-hv1-u00519-1
hv1-e000294,hv1-u00076,baseline,hv1:main:50,paid_social,trial_started,2026-08-12T04:51:54.949Z,,,,
hv1-e003569,hv1-u00972,task_first,hv1:main:50,referral,assigned,2026-08-12T05:00:26.645Z,,,,
hv1-e001947,hv1-u00524,task_first,hv1:main:50,app_store,assigned,2026-08-12T05:02:10.715Z,,,,
hv1-e003570,hv1-u00972,task_first,hv1:main:50,referral,note_saved,2026-08-12T05:04:26.645Z,,,n-hv1-u00972,
hv1-e003571,hv1-u00972,task_first,hv1:main:50,referral,task_created,2026-08-12T05:06:26.645Z,,,n-hv1-u00972,t-hv1-u00972-1
hv1-e003572,hv1-u00972,task_first,hv1:main:50,referral,task_created,2026-08-12T05:07:26.645Z,,,n-hv1-u00972,t-hv1-u00972-2
hv1-e003573,hv1-u00972,task_first,hv1:main:50,referral,task_created,2026-08-12T05:08:26.645Z,,,n-hv1-u00972,t-hv1-u00972-3
hv1-e003236,hv1-u00877,task_first,hv1:main:50,organic_search,trial_started,2026-08-12T05:21:18.578Z,,,,
hv1-e001233,hv1-u00329,baseline,hv1:main:50,referral,assigned,2026-08-12T05:31:30.153Z,,,,
hv1-e001234,hv1-u00329,baseline,hv1:main:50,referral,note_saved,2026-08-12T05:35:30.153Z,,,n-hv1-u00329,
hv1-e002967,hv1-u00805,task_first,hv1:main:50,paid_social,paid,2026-08-12T05:37:27.615Z,10.00,XTS,,
hv1-e001235,hv1-u00329,baseline,hv1:main:50,referral,task_created,2026-08-12T05:37:30.153Z,,,n-hv1-u00329,t-hv1-u00329-1
hv1-e001236,hv1-u00329,baseline,hv1:main:50,referral,task_created,2026-08-12T05:38:30.153Z,,,n-hv1-u00329,t-hv1-u00329-2
hv1-e002927,hv1-u00796,task_first,hv1:main:50,app_store,trial_started,2026-08-12T05:45:42.505Z,,,,
hv1-e002972,hv1-u00807,baseline,hv1:main:50,referral,revisited,2026-08-12T06:01:13.043Z,,,n-hv1-u00807,
hv1-e003011,hv1-u00817,baseline,hv1:main:50,organic_search,assigned,2026-08-12T06:06:17.877Z,,,,
hv1-e003012,hv1-u00817,baseline,hv1:main:50,organic_search,note_saved,2026-08-12T06:10:17.877Z,,,n-hv1-u00817,
hv1-e003013,hv1-u00817,baseline,hv1:main:50,organic_search,task_created,2026-08-12T06:12:17.877Z,,,n-hv1-u00817,t-hv1-u00817-1
hv1-e003014,hv1-u00817,baseline,hv1:main:50,organic_search,task_created,2026-08-12T06:13:17.877Z,,,n-hv1-u00817,t-hv1-u00817-2
hv1-e003015,hv1-u00817,baseline,hv1:main:50,organic_search,task_created,2026-08-12T06:14:17.877Z,,,n-hv1-u00817,t-hv1-u00817-3
hv1-e003393,hv1-u00920,task_first,hv1:main:50,organic_search,revisited,2026-08-12T06:32:48.738Z,,,n-hv1-u00920,
hv1-e002774,hv1-u00746,task_first,hv1:main:50,referral,paid,2026-08-12T06:46:55.668Z,10.00,XTS,,
hv1-e002048,hv1-u00548,baseline,hv1:main:50,paid_social,assigned,2026-08-12T07:41:07.496Z,,,,
hv1-e002165,hv1-u00578,baseline,hv1:main:50,organic_search,assigned,2026-08-12T07:54:20.430Z,,,,
hv1-e000852,hv1-u00225,baseline,hv1:main:50,referral,assigned,2026-08-12T08:16:41.347Z,,,,
hv1-e000853,hv1-u00225,baseline,hv1:main:50,referral,note_saved,2026-08-12T08:20:41.347Z,,,n-hv1-u00225,
hv1-e000029,hv1-u00009,baseline,hv1:main:50,referral,assigned,2026-08-12T08:48:29.753Z,,,,
hv1-e000030,hv1-u00009,baseline,hv1:main:50,referral,note_saved,2026-08-12T08:52:29.753Z,,,n-hv1-u00009,
hv1-e000031,hv1-u00009,baseline,hv1:main:50,referral,task_created,2026-08-12T08:54:29.753Z,,,n-hv1-u00009,t-hv1-u00009-1
hv1-e001633,hv1-u00440,task_first,hv1:main:50,app_store,assigned,2026-08-12T09:09:27.659Z,,,,
hv1-e001634,hv1-u00440,task_first,hv1:main:50,app_store,note_saved,2026-08-12T09:13:27.659Z,,,n-hv1-u00440,
hv1-e001635,hv1-u00440,task_first,hv1:main:50,app_store,task_created,2026-08-12T09:15:27.659Z,,,n-hv1-u00440,t-hv1-u00440-1
hv1-e001636,hv1-u00440,task_first,hv1:main:50,app_store,task_created,2026-08-12T09:16:27.659Z,,,n-hv1-u00440,t-hv1-u00440-2
hv1-e003535,hv1-u00962,task_first,hv1:main:50,app_store,paid,2026-08-12T09:42:14.700Z,10.00,XTS,,
hv1-e000459,hv1-u00120,task_first,hv1:main:50,app_store,revisited,2026-08-12T10:46:04.036Z,,,n-hv1-u00120,
hv1-e000460,hv1-u00120,task_first,hv1:main:50,app_store,task_completed,2026-08-12T10:51:04.036Z,,,n-hv1-u00120,t-hv1-u00120-1
hv1-e001147,hv1-u00302,task_first,hv1:main:50,organic_search,assigned,2026-08-12T11:01:54.473Z,,,,
hv1-e001148,hv1-u00302,task_first,hv1:main:50,organic_search,note_saved,2026-08-12T11:05:54.473Z,,,n-hv1-u00302,
hv1-e000372,hv1-u00096,baseline,hv1:main:50,organic_search,revisited,2026-08-12T11:08:00.664Z,,,n-hv1-u00096,
hv1-e000373,hv1-u00096,baseline,hv1:main:50,organic_search,task_completed,2026-08-12T11:13:00.664Z,,,n-hv1-u00096,t-hv1-u00096-1
hv1-e000540,hv1-u00143,baseline,hv1:main:50,paid_social,revisited,2026-08-12T11:29:03.056Z,,,n-hv1-u00143,
hv1-e000722,hv1-u00193,task_first,hv1:main:50,referral,paid,2026-08-12T11:34:00.166Z,10.00,XTS,,
hv1-e001751,hv1-u00473,task_first,hv1:main:50,paid_social,revisited,2026-08-12T11:34:38.939Z,,,n-hv1-u00473,
hv1-e000668,hv1-u00178,baseline,hv1:main:50,organic_search,assigned,2026-08-12T11:37:44.167Z,,,,
hv1-e001752,hv1-u00473,task_first,hv1:main:50,paid_social,task_completed,2026-08-12T11:39:38.939Z,,,n-hv1-u00473,t-hv1-u00473-1
hv1-e000669,hv1-u00178,baseline,hv1:main:50,organic_search,note_saved,2026-08-12T11:41:44.167Z,,,n-hv1-u00178,
hv1-e003463,hv1-u00940,baseline,hv1:main:50,paid_social,trial_started,2026-08-12T11:42:02.542Z,,,,
hv1-e002720,hv1-u00733,task_first,hv1:main:50,referral,revisited,2026-08-12T12:17:29.104Z,,,n-hv1-u00733,
hv1-e003021,hv1-u00819,task_first,hv1:main:50,organic_search,assigned,2026-08-12T12:20:43.058Z,,,,
hv1-e003022,hv1-u00819,task_first,hv1:main:50,organic_search,note_saved,2026-08-12T12:24:43.058Z,,,n-hv1-u00819,
hv1-e003655,hv1-u00992,baseline,hv1:main:50,referral,assigned,2026-08-12T12:26:34.579Z,,,,
hv1-e003656,hv1-u00992,baseline,hv1:main:50,referral,note_saved,2026-08-12T12:30:34.579Z,,,n-hv1-u00992,
hv1-e003657,hv1-u00992,baseline,hv1:main:50,referral,task_created,2026-08-12T12:32:34.579Z,,,n-hv1-u00992,t-hv1-u00992-1
hv1-e003498,hv1-u00952,baseline,hv1:main:50,paid_social,trial_started,2026-08-12T12:44:17.877Z,,,,
hv1-e002666,hv1-u00719,task_first,hv1:main:50,app_store,assigned,2026-08-12T12:54:00.616Z,,,,
hv1-e000227,hv1-u00058,baseline,hv1:main:50,organic_search,assigned,2026-08-12T12:57:47.003Z,,,,
hv1-e000228,hv1-u00058,baseline,hv1:main:50,organic_search,note_saved,2026-08-12T13:01:47.003Z,,,n-hv1-u00058,
hv1-e000878,hv1-u00230,baseline,hv1:main:50,organic_search,assigned,2026-08-12T13:05:57.361Z,,,,
hv1-e000879,hv1-u00230,baseline,hv1:main:50,organic_search,note_saved,2026-08-12T13:09:57.361Z,,,n-hv1-u00230,
hv1-e003673,hv1-u00997,baseline,hv1:main:50,organic_search,revisited,2026-08-12T13:15:53.682Z,,,n-hv1-u00997,
hv1-e003023,hv1-u00819,task_first,hv1:main:50,organic_search,trial_started,2026-08-12T13:20:43.058Z,,,,
hv1-e003674,hv1-u00997,baseline,hv1:main:50,organic_search,task_completed,2026-08-12T13:20:53.682Z,,,n-hv1-u00997,t-hv1-u00997-1
hv1-e000116,hv1-u00031,baseline,hv1:main:50,referral,revisited,2026-08-12T13:31:02.647Z,,,n-hv1-u00031,
hv1-e000117,hv1-u00031,baseline,hv1:main:50,referral,task_completed,2026-08-12T13:36:02.647Z,,,n-hv1-u00031,t-hv1-u00031-1
hv1-e000921,hv1-u00243,task_first,hv1:main:50,paid_social,revisited,2026-08-12T13:48:52.303Z,,,n-hv1-u00243,
hv1-e001939,hv1-u00521,task_first,hv1:main:50,referral,assigned,2026-08-12T13:48:56.774Z,,,,
hv1-e003294,hv1-u00895,baseline,hv1:main:50,organic_search,assigned,2026-08-12T13:50:16.374Z,,,,
hv1-e001940,hv1-u00521,task_first,hv1:main:50,referral,note_saved,2026-08-12T13:52:56.774Z,,,n-hv1-u00521,
hv1-e000922,hv1-u00243,task_first,hv1:main:50,paid_social,task_completed,2026-08-12T13:53:52.303Z,,,n-hv1-u00243,t-hv1-u00243-1
hv1-e003295,hv1-u00895,baseline,hv1:main:50,organic_search,note_saved,2026-08-12T13:54:16.374Z,,,n-hv1-u00895,
hv1-e001941,hv1-u00521,task_first,hv1:main:50,referral,task_created,2026-08-12T13:54:56.774Z,,,n-hv1-u00521,t-hv1-u00521-1
hv1-e001942,hv1-u00521,task_first,hv1:main:50,referral,task_created,2026-08-12T13:55:56.774Z,,,n-hv1-u00521,t-hv1-u00521-2
hv1-e001943,hv1-u00521,task_first,hv1:main:50,referral,task_created,2026-08-12T13:56:56.774Z,,,n-hv1-u00521,t-hv1-u00521-3
hv1-e002457,hv1-u00662,baseline,hv1:main:50,paid_social,assigned,2026-08-12T14:16:26.153Z,,,,
hv1-e002592,hv1-u00697,task_first,hv1:main:50,paid_social,assigned,2026-08-12T14:30:00.841Z,,,,
hv1-e002593,hv1-u00697,task_first,hv1:main:50,paid_social,note_saved,2026-08-12T14:34:00.841Z,,,n-hv1-u00697,
hv1-e002594,hv1-u00697,task_first,hv1:main:50,paid_social,task_created,2026-08-12T14:36:00.841Z,,,n-hv1-u00697,t-hv1-u00697-1
hv1-e002595,hv1-u00697,task_first,hv1:main:50,paid_social,task_created,2026-08-12T14:37:00.841Z,,,n-hv1-u00697,t-hv1-u00697-2
hv1-e003209,hv1-u00870,baseline,hv1:main:50,paid_social,assigned,2026-08-12T14:38:48.084Z,,,,
hv1-e003210,hv1-u00870,baseline,hv1:main:50,paid_social,note_saved,2026-08-12T14:42:48.084Z,,,n-hv1-u00870,
hv1-e001063,hv1-u00280,baseline,hv1:main:50,organic_search,paid,2026-08-12T14:45:07.445Z,10.00,XTS,,
hv1-e003600,hv1-u00979,task_first,hv1:main:50,organic_search,assigned,2026-08-12T14:54:56.203Z,,,,
hv1-e003601,hv1-u00979,task_first,hv1:main:50,organic_search,note_saved,2026-08-12T14:58:56.203Z,,,n-hv1-u00979,
hv1-e003602,hv1-u00979,task_first,hv1:main:50,organic_search,task_created,2026-08-12T15:00:56.203Z,,,n-hv1-u00979,t-hv1-u00979-1
hv1-e003603,hv1-u00979,task_first,hv1:main:50,organic_search,task_created,2026-08-12T15:01:56.203Z,,,n-hv1-u00979,t-hv1-u00979-2
hv1-e001442,hv1-u00382,baseline,hv1:main:50,organic_search,revisited,2026-08-12T15:02:27.213Z,,,n-hv1-u00382,
hv1-e000121,hv1-u00033,baseline,hv1:main:50,organic_search,assigned,2026-08-12T15:40:06.162Z,,,,
hv1-e003079,hv1-u00833,task_first,hv1:main:50,organic_search,revisited,2026-08-12T15:43:18.477Z,,,n-hv1-u00833,
hv1-e000122,hv1-u00033,baseline,hv1:main:50,organic_search,note_saved,2026-08-12T15:44:06.162Z,,,n-hv1-u00033,
hv1-e000123,hv1-u00033,baseline,hv1:main:50,organic_search,task_created,2026-08-12T15:46:06.162Z,,,n-hv1-u00033,t-hv1-u00033-1
hv1-e000124,hv1-u00033,baseline,hv1:main:50,organic_search,task_created,2026-08-12T15:47:06.162Z,,,n-hv1-u00033,t-hv1-u00033-2
hv1-e003080,hv1-u00833,task_first,hv1:main:50,organic_search,task_completed,2026-08-12T15:48:18.477Z,,,n-hv1-u00833,t-hv1-u00833-1
hv1-e003606,hv1-u00979,task_first,hv1:main:50,organic_search,trial_started,2026-08-12T15:54:56.203Z,,,,
hv1-e000438,hv1-u00113,baseline,hv1:main:50,referral,assigned,2026-08-12T16:18:31.347Z,,,,
hv1-e000149,hv1-u00040,task_first,hv1:main:50,referral,assigned,2026-08-12T16:35:22.978Z,,,,
hv1-e000150,hv1-u00040,task_first,hv1:main:50,referral,note_saved,2026-08-12T16:39:22.978Z,,,n-hv1-u00040,
hv1-e000151,hv1-u00040,task_first,hv1:main:50,referral,task_created,2026-08-12T16:41:22.978Z,,,n-hv1-u00040,t-hv1-u00040-1
hv1-e000152,hv1-u00040,task_first,hv1:main:50,referral,task_created,2026-08-12T16:42:22.978Z,,,n-hv1-u00040,t-hv1-u00040-2
hv1-e000153,hv1-u00040,task_first,hv1:main:50,referral,task_created,2026-08-12T16:43:22.978Z,,,n-hv1-u00040,t-hv1-u00040-3
hv1-e002424,hv1-u00651,baseline,hv1:main:50,referral,assigned,2026-08-12T17:13:31.595Z,,,,
hv1-e001845,hv1-u00499,baseline,hv1:main:50,organic_search,assigned,2026-08-12T17:16:08.188Z,,,,
hv1-e002425,hv1-u00651,baseline,hv1:main:50,referral,note_saved,2026-08-12T17:17:31.595Z,,,n-hv1-u00651,
hv1-e000440,hv1-u00113,baseline,hv1:main:50,referral,trial_started,2026-08-12T17:18:31.347Z,,,,
hv1-e002426,hv1-u00651,baseline,hv1:main:50,referral,task_created,2026-08-12T17:19:31.595Z,,,n-hv1-u00651,t-hv1-u00651-1
hv1-e001846,hv1-u00499,baseline,hv1:main:50,organic_search,note_saved,2026-08-12T17:20:08.188Z,,,n-hv1-u00499,
hv1-e001045,hv1-u00276,task_first,hv1:main:50,app_store,trial_started,2026-08-12T17:20:42.108Z,,,,
hv1-e001847,hv1-u00499,baseline,hv1:main:50,organic_search,task_created,2026-08-12T17:22:08.188Z,,,n-hv1-u00499,t-hv1-u00499-1
hv1-e000087,hv1-u00024,baseline,hv1:main:50,organic_search,assigned,2026-08-12T17:34:08.728Z,,,,
hv1-e000927,hv1-u00246,baseline,hv1:main:50,referral,assigned,2026-08-12T17:37:47.672Z,,,,
hv1-e000088,hv1-u00024,baseline,hv1:main:50,organic_search,note_saved,2026-08-12T17:38:08.728Z,,,n-hv1-u00024,
hv1-e000928,hv1-u00246,baseline,hv1:main:50,referral,note_saved,2026-08-12T17:41:47.672Z,,,n-hv1-u00246,
hv1-e001431,hv1-u00380,task_first,hv1:main:50,referral,assigned,2026-08-12T17:42:03.848Z,,,,
hv1-e000929,hv1-u00246,baseline,hv1:main:50,referral,task_created,2026-08-12T17:43:47.672Z,,,n-hv1-u00246,t-hv1-u00246-1
hv1-e000930,hv1-u00246,baseline,hv1:main:50,referral,task_created,2026-08-12T17:44:47.672Z,,,n-hv1-u00246,t-hv1-u00246-2
hv1-e003261,hv1-u00884,baseline,hv1:main:50,paid_social,revisited,2026-08-12T17:45:42.466Z,,,n-hv1-u00884,
hv1-e000931,hv1-u00246,baseline,hv1:main:50,referral,task_created,2026-08-12T17:45:47.672Z,,,n-hv1-u00246,t-hv1-u00246-3
hv1-e001432,hv1-u00380,task_first,hv1:main:50,referral,note_saved,2026-08-12T17:46:03.848Z,,,n-hv1-u00380,
hv1-e000223,hv1-u00056,baseline,hv1:main:50,paid_social,revisited,2026-08-12T17:54:20.513Z,,,n-hv1-u00056,
hv1-e000224,hv1-u00056,baseline,hv1:main:50,paid_social,task_completed,2026-08-12T17:59:20.513Z,,,n-hv1-u00056,t-hv1-u00056-1
hv1-e003220,hv1-u00873,task_first,hv1:main:50,paid_social,assigned,2026-08-12T18:02:26.721Z,,,,
hv1-e000623,hv1-u00168,baseline,hv1:main:50,app_store,revisited,2026-08-12T18:05:39.028Z,,,n-hv1-u00168,
hv1-e003221,hv1-u00873,task_first,hv1:main:50,paid_social,note_saved,2026-08-12T18:06:26.721Z,,,n-hv1-u00873,
hv1-e003262,hv1-u00885,task_first,hv1:main:50,paid_social,assigned,2026-08-12T18:37:22.765Z,,,,
hv1-e002389,hv1-u00643,baseline,hv1:main:50,referral,assigned,2026-08-12T18:56:39.190Z,,,,
hv1-e002849,hv1-u00774,task_first,hv1:main:50,paid_social,assigned,2026-08-12T18:56:53.672Z,,,,
hv1-e002390,hv1-u00643,baseline,hv1:main:50,referral,note_saved,2026-08-12T19:00:39.190Z,,,n-hv1-u00643,
hv1-e002850,hv1-u00774,task_first,hv1:main:50,paid_social,note_saved,2026-08-12T19:00:53.672Z,,,n-hv1-u00774,
hv1-e002851,hv1-u00774,task_first,hv1:main:50,paid_social,task_created,2026-08-12T19:02:53.672Z,,,n-hv1-u00774,t-hv1-u00774-1
hv1-e003509,hv1-u00956,task_first,hv1:main:50,organic_search,assigned,2026-08-12T19:11:29.005Z,,,,
hv1-e003510,hv1-u00956,task_first,hv1:main:50,organic_search,note_saved,2026-08-12T19:15:29.005Z,,,n-hv1-u00956,
hv1-e003511,hv1-u00956,task_first,hv1:main:50,organic_search,task_created,2026-08-12T19:17:29.005Z,,,n-hv1-u00956,t-hv1-u00956-1
hv1-e003512,hv1-u00956,task_first,hv1:main:50,organic_search,task_created,2026-08-12T19:18:29.005Z,,,n-hv1-u00956,t-hv1-u00956-2
hv1-e000983,hv1-u00260,baseline,hv1:main:50,organic_search,paid,2026-08-12T19:20:58.462Z,10.00,XTS,,
hv1-e000855,hv1-u00226,task_first,hv1:main:50,organic_search,assigned,2026-08-12T19:58:48.830Z,,,,
hv1-e001957,hv1-u00526,task_first,hv1:main:50,organic_search,revisited,2026-08-12T20:01:05.534Z,,,n-hv1-u00526,
hv1-e001958,hv1-u00526,task_first,hv1:main:50,organic_search,task_completed,2026-08-12T20:06:05.534Z,,,n-hv1-u00526,t-hv1-u00526-1
hv1-e001290,hv1-u00345,task_first,hv1:main:50,paid_social,assigned,2026-08-12T20:15:09.660Z,,,,
hv1-e001291,hv1-u00345,task_first,hv1:main:50,paid_social,note_saved,2026-08-12T20:19:09.660Z,,,n-hv1-u00345,
hv1-e001292,hv1-u00345,task_first,hv1:main:50,paid_social,task_created,2026-08-12T20:21:09.660Z,,,n-hv1-u00345,t-hv1-u00345-1
hv1-e001293,hv1-u00345,task_first,hv1:main:50,paid_social,task_created,2026-08-12T20:22:09.660Z,,,n-hv1-u00345,t-hv1-u00345-2
hv1-e001294,hv1-u00345,task_first,hv1:main:50,paid_social,task_created,2026-08-12T20:23:09.660Z,,,n-hv1-u00345,t-hv1-u00345-3
hv1-e003093,hv1-u00837,baseline,hv1:main:50,organic_search,assigned,2026-08-12T20:48:03.715Z,,,,
hv1-e002991,hv1-u00812,baseline,hv1:main:50,app_store,trial_started,2026-08-12T20:54:36.496Z,,,,
hv1-e003188,hv1-u00865,baseline,hv1:main:50,referral,assigned,2026-08-12T21:27:31.008Z,,,,
hv1-e000393,hv1-u00101,baseline,hv1:main:50,paid_social,assigned,2026-08-12T21:48:53.208Z,,,,
hv1-e000394,hv1-u00101,baseline,hv1:main:50,paid_social,note_saved,2026-08-12T21:52:53.208Z,,,n-hv1-u00101,
hv1-e000395,hv1-u00101,baseline,hv1:main:50,paid_social,task_created,2026-08-12T21:54:53.208Z,,,n-hv1-u00101,t-hv1-u00101-1
hv1-e002734,hv1-u00736,baseline,hv1:main:50,app_store,assigned,2026-08-12T23:15:16.303Z,,,,
hv1-e002735,hv1-u00736,baseline,hv1:main:50,app_store,note_saved,2026-08-12T23:19:16.303Z,,,n-hv1-u00736,
hv1-e002736,hv1-u00736,baseline,hv1:main:50,app_store,task_created,2026-08-12T23:21:16.303Z,,,n-hv1-u00736,t-hv1-u00736-1
hv1-e001680,hv1-u00456,task_first,hv1:main:50,app_store,assigned,2026-08-12T23:34:07.857Z,,,,
hv1-e001681,hv1-u00456,task_first,hv1:main:50,app_store,note_saved,2026-08-12T23:38:07.857Z,,,n-hv1-u00456,
hv1-e001682,hv1-u00456,task_first,hv1:main:50,app_store,task_created,2026-08-12T23:40:07.857Z,,,n-hv1-u00456,t-hv1-u00456-1
hv1-e001683,hv1-u00456,task_first,hv1:main:50,app_store,task_created,2026-08-12T23:41:07.857Z,,,n-hv1-u00456,t-hv1-u00456-2
hv1-e001684,hv1-u00456,task_first,hv1:main:50,app_store,task_created,2026-08-12T23:42:07.857Z,,,n-hv1-u00456,t-hv1-u00456-3
hv1-e001631,hv1-u00439,baseline,hv1:main:50,paid_social,assigned,2026-08-13T00:27:58.085Z,,,,
hv1-e001632,hv1-u00439,baseline,hv1:main:50,paid_social,note_saved,2026-08-13T00:31:58.085Z,,,n-hv1-u00439,
hv1-e001775,hv1-u00480,task_first,hv1:main:50,organic_search,trial_started,2026-08-13T00:38:47.854Z,,,,
hv1-e003098,hv1-u00838,task_first,hv1:main:50,referral,revisited,2026-08-13T01:26:47.197Z,,,n-hv1-u00838,
hv1-e003366,hv1-u00913,task_first,hv1:main:50,referral,revisited,2026-08-13T01:31:39.984Z,,,n-hv1-u00913,
hv1-e003099,hv1-u00838,task_first,hv1:main:50,referral,task_completed,2026-08-13T01:31:47.197Z,,,n-hv1-u00838,t-hv1-u00838-1
hv1-e003367,hv1-u00913,task_first,hv1:main:50,referral,task_completed,2026-08-13T01:36:39.984Z,,,n-hv1-u00913,t-hv1-u00913-1
hv1-e001607,hv1-u00433,baseline,hv1:main:50,organic_search,revisited,2026-08-13T02:06:08.268Z,,,n-hv1-u00433,
hv1-e002485,hv1-u00671,task_first,hv1:main:50,paid_social,assigned,2026-08-13T02:24:43.094Z,,,,
hv1-e002486,hv1-u00671,task_first,hv1:main:50,paid_social,note_saved,2026-08-13T02:28:43.094Z,,,n-hv1-u00671,
hv1-e002487,hv1-u00671,task_first,hv1:main:50,paid_social,task_created,2026-08-13T02:30:43.094Z,,,n-hv1-u00671,t-hv1-u00671-1
hv1-e002488,hv1-u00671,task_first,hv1:main:50,paid_social,task_created,2026-08-13T02:31:43.094Z,,,n-hv1-u00671,t-hv1-u00671-2
hv1-e002489,hv1-u00671,task_first,hv1:main:50,paid_social,task_created,2026-08-13T02:32:43.094Z,,,n-hv1-u00671,t-hv1-u00671-3
hv1-e000206,hv1-u00052,baseline,hv1:main:50,app_store,assigned,2026-08-13T02:39:21.658Z,,,,
hv1-e000207,hv1-u00052,baseline,hv1:main:50,app_store,note_saved,2026-08-13T02:43:21.658Z,,,n-hv1-u00052,
hv1-e000208,hv1-u00052,baseline,hv1:main:50,app_store,task_created,2026-08-13T02:45:21.658Z,,,n-hv1-u00052,t-hv1-u00052-1
hv1-e000209,hv1-u00052,baseline,hv1:main:50,app_store,task_created,2026-08-13T02:46:21.658Z,,,n-hv1-u00052,t-hv1-u00052-2
hv1-e000210,hv1-u00052,baseline,hv1:main:50,app_store,task_created,2026-08-13T02:47:21.658Z,,,n-hv1-u00052,t-hv1-u00052-3
hv1-e002707,hv1-u00730,task_first,hv1:main:50,organic_search,assigned,2026-08-13T02:59:10.651Z,,,,
hv1-e002708,hv1-u00730,task_first,hv1:main:50,organic_search,note_saved,2026-08-13T03:03:10.651Z,,,n-hv1-u00730,
hv1-e000737,hv1-u00195,baseline,hv1:main:50,app_store,paid,2026-08-13T03:32:24.900Z,10.00,XTS,,
hv1-e003411,hv1-u00925,baseline,hv1:main:50,referral,revisited,2026-08-13T03:50:55.198Z,,,n-hv1-u00925,
hv1-e002358,hv1-u00633,task_first,hv1:main:50,app_store,revisited,2026-08-13T03:54:33.414Z,,,n-hv1-u00633,
hv1-e003412,hv1-u00925,baseline,hv1:main:50,referral,task_completed,2026-08-13T03:55:55.198Z,,,n-hv1-u00925,t-hv1-u00925-1
hv1-e002359,hv1-u00633,task_first,hv1:main:50,app_store,task_completed,2026-08-13T03:59:33.414Z,,,n-hv1-u00633,t-hv1-u00633-1
hv1-e003264,hv1-u00886,task_first,hv1:main:50,app_store,assigned,2026-08-13T04:15:22.374Z,,,,
hv1-e003265,hv1-u00886,task_first,hv1:main:50,app_store,note_saved,2026-08-13T04:19:22.374Z,,,n-hv1-u00886,
hv1-e003266,hv1-u00886,task_first,hv1:main:50,app_store,task_created,2026-08-13T04:21:22.374Z,,,n-hv1-u00886,t-hv1-u00886-1
hv1-e001395,hv1-u00370,task_first,hv1:main:50,organic_search,revisited,2026-08-13T04:38:41.891Z,,,n-hv1-u00370,
hv1-e001396,hv1-u00370,task_first,hv1:main:50,organic_search,task_completed,2026-08-13T04:43:41.891Z,,,n-hv1-u00370,t-hv1-u00370-1
hv1-e000847,hv1-u00223,task_first,hv1:main:50,paid_social,assigned,2026-08-13T04:56:48.804Z,,,,
hv1-e000848,hv1-u00223,task_first,hv1:main:50,paid_social,note_saved,2026-08-13T05:00:48.804Z,,,n-hv1-u00223,
hv1-e003170,hv1-u00858,baseline,hv1:main:50,paid_social,assigned,2026-08-13T05:08:13.190Z,,,,
hv1-e003171,hv1-u00858,baseline,hv1:main:50,paid_social,note_saved,2026-08-13T05:12:13.190Z,,,n-hv1-u00858,
hv1-e001110,hv1-u00293,baseline,hv1:main:50,organic_search,assigned,2026-08-13T05:23:28.260Z,,,,
hv1-e001111,hv1-u00293,baseline,hv1:main:50,organic_search,note_saved,2026-08-13T05:27:28.260Z,,,n-hv1-u00293,
hv1-e003631,hv1-u00987,baseline,hv1:main:50,organic_search,trial_started,2026-08-13T05:33:20.314Z,,,,
hv1-e002027,hv1-u00542,task_first,hv1:main:50,app_store,assigned,2026-08-13T05:40:46.927Z,,,,
hv1-e000120,hv1-u00032,task_first,hv1:main:50,paid_social,revisited,2026-08-13T05:42:04.620Z,,,n-hv1-u00032,
hv1-e002028,hv1-u00542,task_first,hv1:main:50,app_store,note_saved,2026-08-13T05:44:46.927Z,,,n-hv1-u00542,
hv1-e002029,hv1-u00542,task_first,hv1:main:50,app_store,task_created,2026-08-13T05:46:46.927Z,,,n-hv1-u00542,t-hv1-u00542-1
hv1-e003016,hv1-u00817,baseline,hv1:main:50,organic_search,trial_started,2026-08-13T07:06:17.877Z,,,,
hv1-e000798,hv1-u00209,baseline,hv1:main:50,referral,trial_started,2026-08-13T07:10:43.663Z,,,,
hv1-e002806,hv1-u00758,baseline,hv1:main:50,app_store,assigned,2026-08-13T07:35:02.446Z,,,,
hv1-e000951,hv1-u00253,baseline,hv1:main:50,app_store,assigned,2026-08-13T07:42:41.405Z,,,,
hv1-e000952,hv1-u00253,baseline,hv1:main:50,app_store,note_saved,2026-08-13T07:46:41.405Z,,,n-hv1-u00253,
hv1-e000953,hv1-u00253,baseline,hv1:main:50,app_store,task_created,2026-08-13T07:48:41.405Z,,,n-hv1-u00253,t-hv1-u00253-1
hv1-e000954,hv1-u00253,baseline,hv1:main:50,app_store,task_created,2026-08-13T07:49:41.405Z,,,n-hv1-u00253,t-hv1-u00253-2
hv1-e003178,hv1-u00862,task_first,hv1:main:50,referral,assigned,2026-08-13T08:16:45.634Z,,,,
hv1-e003179,hv1-u00862,task_first,hv1:main:50,referral,note_saved,2026-08-13T08:20:45.634Z,,,n-hv1-u00862,
hv1-e003180,hv1-u00862,task_first,hv1:main:50,referral,task_created,2026-08-13T08:22:45.634Z,,,n-hv1-u00862,t-hv1-u00862-1
hv1-e003181,hv1-u00862,task_first,hv1:main:50,referral,task_created,2026-08-13T08:23:45.634Z,,,n-hv1-u00862,t-hv1-u00862-2
hv1-e003182,hv1-u00862,task_first,hv1:main:50,referral,task_created,2026-08-13T08:24:45.634Z,,,n-hv1-u00862,t-hv1-u00862-3
hv1-e003617,hv1-u00984,baseline,hv1:main:50,paid_social,assigned,2026-08-13T08:45:33.415Z,,,,
hv1-e003618,hv1-u00984,baseline,hv1:main:50,paid_social,note_saved,2026-08-13T08:49:33.415Z,,,n-hv1-u00984,
hv1-e002602,hv1-u00701,baseline,hv1:main:50,app_store,assigned,2026-08-13T08:50:33.723Z,,,,
hv1-e002603,hv1-u00701,baseline,hv1:main:50,app_store,note_saved,2026-08-13T08:54:33.723Z,,,n-hv1-u00701,
hv1-e002604,hv1-u00701,baseline,hv1:main:50,app_store,task_created,2026-08-13T08:56:33.723Z,,,n-hv1-u00701,t-hv1-u00701-1
hv1-e002605,hv1-u00701,baseline,hv1:main:50,app_store,task_created,2026-08-13T08:57:33.723Z,,,n-hv1-u00701,t-hv1-u00701-2
hv1-e002606,hv1-u00701,baseline,hv1:main:50,app_store,task_created,2026-08-13T08:58:33.723Z,,,n-hv1-u00701,t-hv1-u00701-3
hv1-e001619,hv1-u00437,task_first,hv1:main:50,paid_social,assigned,2026-08-13T09:07:57.567Z,,,,
hv1-e001620,hv1-u00437,task_first,hv1:main:50,paid_social,note_saved,2026-08-13T09:11:57.567Z,,,n-hv1-u00437,
hv1-e001621,hv1-u00437,task_first,hv1:main:50,paid_social,task_created,2026-08-13T09:13:57.567Z,,,n-hv1-u00437,t-hv1-u00437-1
hv1-e000854,hv1-u00225,baseline,hv1:main:50,referral,trial_started,2026-08-13T09:16:41.347Z,,,,
hv1-e002871,hv1-u00780,task_first,hv1:main:50,referral,assigned,2026-08-13T09:35:38.170Z,,,,
hv1-e002872,hv1-u00780,task_first,hv1:main:50,referral,note_saved,2026-08-13T09:39:38.170Z,,,n-hv1-u00780,
hv1-e002116,hv1-u00568,task_first,hv1:main:50,organic_search,assigned,2026-08-13T09:40:45.417Z,,,,
hv1-e002117,hv1-u00568,task_first,hv1:main:50,organic_search,note_saved,2026-08-13T09:44:45.417Z,,,n-hv1-u00568,
hv1-e002118,hv1-u00568,task_first,hv1:main:50,organic_search,task_created,2026-08-13T09:46:45.417Z,,,n-hv1-u00568,t-hv1-u00568-1
hv1-e003642,hv1-u00990,task_first,hv1:main:50,organic_search,assigned,2026-08-13T09:47:02.330Z,,,,
hv1-e002119,hv1-u00568,task_first,hv1:main:50,organic_search,task_created,2026-08-13T09:47:45.417Z,,,n-hv1-u00568,t-hv1-u00568-2
hv1-e003643,hv1-u00990,task_first,hv1:main:50,organic_search,note_saved,2026-08-13T09:51:02.330Z,,,n-hv1-u00990,
hv1-e003066,hv1-u00830,baseline,hv1:main:50,paid_social,revisited,2026-08-13T09:52:45.104Z,,,n-hv1-u00830,
hv1-e003644,hv1-u00990,task_first,hv1:main:50,organic_search,task_created,2026-08-13T09:53:02.330Z,,,n-hv1-u00990,t-hv1-u00990-1
hv1-e003645,hv1-u00990,task_first,hv1:main:50,organic_search,task_created,2026-08-13T09:54:02.330Z,,,n-hv1-u00990,t-hv1-u00990-2
hv1-e003646,hv1-u00990,task_first,hv1:main:50,organic_search,task_created,2026-08-13T09:55:02.330Z,,,n-hv1-u00990,t-hv1-u00990-3
hv1-e003067,hv1-u00830,baseline,hv1:main:50,paid_social,task_completed,2026-08-13T09:57:45.104Z,,,n-hv1-u00830,t-hv1-u00830-1
hv1-e001074,hv1-u00283,baseline,hv1:main:50,organic_search,assigned,2026-08-13T10:44:33.946Z,,,,
hv1-e001225,hv1-u00326,baseline,hv1:main:50,app_store,assigned,2026-08-13T10:45:37.555Z,,,,
hv1-e001075,hv1-u00283,baseline,hv1:main:50,organic_search,note_saved,2026-08-13T10:48:33.946Z,,,n-hv1-u00283,
hv1-e000007,hv1-u00002,task_first,hv1:main:50,paid_social,assigned,2026-08-13T10:56:29.057Z,,,,
hv1-e002049,hv1-u00549,task_first,hv1:main:50,referral,assigned,2026-08-13T11:11:21.185Z,,,,
hv1-e003413,hv1-u00926,baseline,hv1:main:50,referral,assigned,2026-08-13T11:12:17.381Z,,,,
hv1-e003414,hv1-u00926,baseline,hv1:main:50,referral,note_saved,2026-08-13T11:16:17.381Z,,,n-hv1-u00926,
hv1-e003224,hv1-u00875,baseline,hv1:main:50,paid_social,assigned,2026-08-13T11:26:58.002Z,,,,
hv1-e003225,hv1-u00875,baseline,hv1:main:50,paid_social,note_saved,2026-08-13T11:30:58.002Z,,,n-hv1-u00875,
hv1-e003226,hv1-u00875,baseline,hv1:main:50,paid_social,task_created,2026-08-13T11:32:58.002Z,,,n-hv1-u00875,t-hv1-u00875-1
hv1-e003227,hv1-u00875,baseline,hv1:main:50,paid_social,task_created,2026-08-13T11:33:58.002Z,,,n-hv1-u00875,t-hv1-u00875-2
hv1-e003228,hv1-u00875,baseline,hv1:main:50,paid_social,task_created,2026-08-13T11:34:58.002Z,,,n-hv1-u00875,t-hv1-u00875-3
hv1-e003497,hv1-u00952,baseline,hv1:main:50,paid_social,revisited,2026-08-13T11:44:17.877Z,,,n-hv1-u00952,
hv1-e002938,hv1-u00800,baseline,hv1:main:50,organic_search,assigned,2026-08-13T12:22:03.400Z,,,,
hv1-e000272,hv1-u00069,task_first,hv1:main:50,organic_search,paid,2026-08-13T12:24:39.187Z,10.00,XTS,,
hv1-e002939,hv1-u00800,baseline,hv1:main:50,organic_search,note_saved,2026-08-13T12:26:03.400Z,,,n-hv1-u00800,
hv1-e002940,hv1-u00800,baseline,hv1:main:50,organic_search,task_created,2026-08-13T12:28:03.400Z,,,n-hv1-u00800,t-hv1-u00800-1
hv1-e002557,hv1-u00688,task_first,hv1:main:50,organic_search,assigned,2026-08-13T13:13:43.610Z,,,,
hv1-e002558,hv1-u00688,task_first,hv1:main:50,organic_search,note_saved,2026-08-13T13:17:43.610Z,,,n-hv1-u00688,
hv1-e001385,hv1-u00369,task_first,hv1:main:50,organic_search,assigned,2026-08-13T13:19:33.409Z,,,,
hv1-e002559,hv1-u00688,task_first,hv1:main:50,organic_search,task_created,2026-08-13T13:19:43.610Z,,,n-hv1-u00688,t-hv1-u00688-1
hv1-e002560,hv1-u00688,task_first,hv1:main:50,organic_search,task_created,2026-08-13T13:20:43.610Z,,,n-hv1-u00688,t-hv1-u00688-2
hv1-e002882,hv1-u00784,baseline,hv1:main:50,organic_search,assigned,2026-08-13T13:21:29.605Z,,,,
hv1-e003154,hv1-u00852,baseline,hv1:main:50,referral,assigned,2026-08-13T13:21:37.015Z,,,,
hv1-e001386,hv1-u00369,task_first,hv1:main:50,organic_search,note_saved,2026-08-13T13:23:33.409Z,,,n-hv1-u00369,
hv1-e002883,hv1-u00784,baseline,hv1:main:50,organic_search,note_saved,2026-08-13T13:25:29.605Z,,,n-hv1-u00784,
hv1-e001387,hv1-u00369,task_first,hv1:main:50,organic_search,task_created,2026-08-13T13:25:33.409Z,,,n-hv1-u00369,t-hv1-u00369-1
hv1-e001388,hv1-u00369,task_first,hv1:main:50,organic_search,task_created,2026-08-13T13:26:33.409Z,,,n-hv1-u00369,t-hv1-u00369-2
hv1-e001389,hv1-u00369,task_first,hv1:main:50,organic_search,task_created,2026-08-13T13:27:33.409Z,,,n-hv1-u00369,t-hv1-u00369-3
hv1-e001232,hv1-u00328,baseline,hv1:main:50,organic_search,revisited,2026-08-13T13:42:10.145Z,,,n-hv1-u00328,
hv1-e002668,hv1-u00719,task_first,hv1:main:50,app_store,trial_started,2026-08-13T13:54:00.616Z,,,,
hv1-e003269,hv1-u00888,task_first,hv1:main:50,app_store,assigned,2026-08-13T14:06:32.015Z,,,,
hv1-e003270,hv1-u00888,task_first,hv1:main:50,app_store,note_saved,2026-08-13T14:10:32.015Z,,,n-hv1-u00888,
hv1-e000020,hv1-u00005,task_first,hv1:main:50,organic_search,paid,2026-08-13T14:20:30.129Z,10.00,XTS,,
hv1-e000521,hv1-u00137,baseline,hv1:main:50,paid_social,assigned,2026-08-13T14:34:41.254Z,,,,
hv1-e000522,hv1-u00137,baseline,hv1:main:50,paid_social,note_saved,2026-08-13T14:38:41.254Z,,,n-hv1-u00137,
hv1-e000183,hv1-u00046,task_first,hv1:main:50,referral,revisited,2026-08-13T14:43:57.906Z,,,n-hv1-u00046,
hv1-e000184,hv1-u00046,task_first,hv1:main:50,referral,task_completed,2026-08-13T14:48:57.906Z,,,n-hv1-u00046,t-hv1-u00046-1
hv1-e002458,hv1-u00662,baseline,hv1:main:50,paid_social,trial_started,2026-08-13T15:16:26.153Z,,,,
hv1-e003604,hv1-u00979,task_first,hv1:main:50,organic_search,revisited,2026-08-13T15:24:56.203Z,,,n-hv1-u00979,
hv1-e002791,hv1-u00752,baseline,hv1:main:50,organic_search,assigned,2026-08-13T15:26:32.046Z,,,,
hv1-e003605,hv1-u00979,task_first,hv1:main:50,organic_search,task_completed,2026-08-13T15:29:56.203Z,,,n-hv1-u00979,t-hv1-u00979-1
hv1-e002338,hv1-u00628,baseline,hv1:main:50,app_store,assigned,2026-08-13T16:47:37.360Z,,,,
hv1-e002179,hv1-u00582,baseline,hv1:main:50,organic_search,assigned,2026-08-13T16:49:39.881Z,,,,
hv1-e002339,hv1-u00628,baseline,hv1:main:50,app_store,note_saved,2026-08-13T16:51:37.360Z,,,n-hv1-u00628,
hv1-e002340,hv1-u00628,baseline,hv1:main:50,app_store,task_created,2026-08-13T16:53:37.360Z,,,n-hv1-u00628,t-hv1-u00628-1
hv1-e002341,hv1-u00628,baseline,hv1:main:50,app_store,task_created,2026-08-13T16:54:37.360Z,,,n-hv1-u00628,t-hv1-u00628-2
hv1-e002342,hv1-u00628,baseline,hv1:main:50,app_store,task_created,2026-08-13T16:55:37.360Z,,,n-hv1-u00628,t-hv1-u00628-3
hv1-e002788,hv1-u00751,baseline,hv1:main:50,paid_social,assigned,2026-08-13T17:01:40.616Z,,,,
hv1-e000529,hv1-u00140,baseline,hv1:main:50,organic_search,assigned,2026-08-13T17:05:33.887Z,,,,
hv1-e002789,hv1-u00751,baseline,hv1:main:50,paid_social,note_saved,2026-08-13T17:05:40.616Z,,,n-hv1-u00751,
hv1-e000530,hv1-u00140,baseline,hv1:main:50,organic_search,note_saved,2026-08-13T17:09:33.887Z,,,n-hv1-u00140,
hv1-e000155,hv1-u00040,task_first,hv1:main:50,referral,trial_started,2026-08-13T17:35:22.978Z,,,,
hv1-e000578,hv1-u00156,task_first,hv1:main:50,paid_social,assigned,2026-08-13T17:41:53.230Z,,,,
hv1-e002613,hv1-u00703,task_first,hv1:main:50,paid_social,assigned,2026-08-13T17:44:09.475Z,,,,
hv1-e000579,hv1-u00156,task_first,hv1:main:50,paid_social,note_saved,2026-08-13T17:45:53.230Z,,,n-hv1-u00156,
hv1-e002614,hv1-u00703,task_first,hv1:main:50,paid_social,note_saved,2026-08-13T17:48:09.475Z,,,n-hv1-u00703,
hv1-e001143,hv1-u00300,baseline,hv1:main:50,referral,assigned,2026-08-13T18:00:58.528Z,,,,
hv1-e001144,hv1-u00300,baseline,hv1:main:50,referral,note_saved,2026-08-13T18:04:58.528Z,,,n-hv1-u00300,
hv1-e002935,hv1-u00799,baseline,hv1:main:50,organic_search,assigned,2026-08-13T18:17:54.302Z,,,,
hv1-e002936,hv1-u00799,baseline,hv1:main:50,organic_search,note_saved,2026-08-13T18:21:54.302Z,,,n-hv1-u00799,
hv1-e000580,hv1-u00156,task_first,hv1:main:50,paid_social,trial_started,2026-08-13T18:41:53.230Z,,,,
hv1-e001433,hv1-u00380,task_first,hv1:main:50,referral,trial_started,2026-08-13T18:42:03.848Z,,,,
hv1-e003563,hv1-u00970,baseline,hv1:main:50,organic_search,assigned,2026-08-13T18:42:56.763Z,,,,
hv1-e003564,hv1-u00970,baseline,hv1:main:50,organic_search,note_saved,2026-08-13T18:46:56.763Z,,,n-hv1-u00970,
hv1-e000070,hv1-u00020,task_first,hv1:main:50,organic_search,assigned,2026-08-13T19:00:54.296Z,,,,
hv1-e000071,hv1-u00020,task_first,hv1:main:50,organic_search,note_saved,2026-08-13T19:04:54.296Z,,,n-hv1-u00020,
hv1-e000072,hv1-u00020,task_first,hv1:main:50,organic_search,task_created,2026-08-13T19:06:54.296Z,,,n-hv1-u00020,t-hv1-u00020-1
hv1-e000073,hv1-u00020,task_first,hv1:main:50,organic_search,task_created,2026-08-13T19:07:54.296Z,,,n-hv1-u00020,t-hv1-u00020-2
hv1-e000074,hv1-u00020,task_first,hv1:main:50,organic_search,task_created,2026-08-13T19:08:54.296Z,,,n-hv1-u00020,t-hv1-u00020-3
hv1-e002391,hv1-u00643,baseline,hv1:main:50,referral,trial_started,2026-08-13T19:56:39.190Z,,,,
hv1-e002645,hv1-u00713,task_first,hv1:main:50,organic_search,assigned,2026-08-13T20:18:50.975Z,,,,
hv1-e002646,hv1-u00713,task_first,hv1:main:50,organic_search,note_saved,2026-08-13T20:22:50.975Z,,,n-hv1-u00713,
hv1-e001478,hv1-u00394,task_first,hv1:main:50,referral,revisited,2026-08-13T20:42:54.130Z,,,n-hv1-u00394,
hv1-e000253,hv1-u00064,baseline,hv1:main:50,app_store,paid,2026-08-13T20:43:01.399Z,10.00,XTS,,
hv1-e000857,hv1-u00226,task_first,hv1:main:50,organic_search,trial_started,2026-08-13T20:58:48.830Z,,,,
hv1-e000686,hv1-u00183,baseline,hv1:main:50,organic_search,revisited,2026-08-13T21:28:12.835Z,,,n-hv1-u00183,
hv1-e002591,hv1-u00696,task_first,hv1:main:50,referral,paid,2026-08-13T21:29:52.910Z,10.00,XTS,,
hv1-e000687,hv1-u00183,baseline,hv1:main:50,organic_search,task_completed,2026-08-13T21:33:12.835Z,,,n-hv1-u00183,t-hv1-u00183-1
hv1-e002841,hv1-u00771,task_first,hv1:main:50,referral,assigned,2026-08-13T21:35:44.116Z,,,,
hv1-e002842,hv1-u00771,task_first,hv1:main:50,referral,note_saved,2026-08-13T21:39:44.116Z,,,n-hv1-u00771,
hv1-e002843,hv1-u00771,task_first,hv1:main:50,referral,task_created,2026-08-13T21:41:44.116Z,,,n-hv1-u00771,t-hv1-u00771-1
hv1-e002844,hv1-u00771,task_first,hv1:main:50,referral,task_created,2026-08-13T21:42:44.116Z,,,n-hv1-u00771,t-hv1-u00771-2
hv1-e000023,hv1-u00008,task_first,hv1:main:50,organic_search,assigned,2026-08-13T22:00:44.280Z,,,,
hv1-e000024,hv1-u00008,task_first,hv1:main:50,organic_search,note_saved,2026-08-13T22:04:44.280Z,,,n-hv1-u00008,
hv1-e000025,hv1-u00008,task_first,hv1:main:50,organic_search,task_created,2026-08-13T22:06:44.280Z,,,n-hv1-u00008,t-hv1-u00008-1
hv1-e000026,hv1-u00008,task_first,hv1:main:50,organic_search,task_created,2026-08-13T22:07:44.280Z,,,n-hv1-u00008,t-hv1-u00008-2
hv1-e003189,hv1-u00865,baseline,hv1:main:50,referral,trial_started,2026-08-13T22:27:31.008Z,,,,
hv1-e003353,hv1-u00910,baseline,hv1:main:50,organic_search,revisited,2026-08-13T22:42:11.869Z,,,n-hv1-u00910,
hv1-e003354,hv1-u00910,baseline,hv1:main:50,organic_search,task_completed,2026-08-13T22:47:11.869Z,,,n-hv1-u00910,t-hv1-u00910-1
hv1-e001416,hv1-u00374,task_first,hv1:main:50,referral,paid,2026-08-13T22:49:40.172Z,10.00,XTS,,
hv1-e002737,hv1-u00736,baseline,hv1:main:50,app_store,revisited,2026-08-13T23:45:16.303Z,,,n-hv1-u00736,
hv1-e002738,hv1-u00736,baseline,hv1:main:50,app_store,task_completed,2026-08-13T23:50:16.303Z,,,n-hv1-u00736,t-hv1-u00736-1
hv1-e003238,hv1-u00878,task_first,hv1:main:50,organic_search,assigned,2026-08-14T00:06:08.294Z,,,,
hv1-e003239,hv1-u00878,task_first,hv1:main:50,organic_search,note_saved,2026-08-14T00:10:08.294Z,,,n-hv1-u00878,
hv1-e002265,hv1-u00607,baseline,hv1:main:50,organic_search,revisited,2026-08-14T00:20:55.388Z,,,n-hv1-u00607,
hv1-e002266,hv1-u00607,baseline,hv1:main:50,organic_search,task_completed,2026-08-14T00:25:55.388Z,,,n-hv1-u00607,t-hv1-u00607-1
hv1-e001762,hv1-u00476,task_first,hv1:main:50,referral,trial_started,2026-08-14T00:30:16.169Z,,,,
hv1-e001687,hv1-u00456,task_first,hv1:main:50,app_store,trial_started,2026-08-14T00:34:07.857Z,,,,
hv1-e002776,hv1-u00747,task_first,hv1:main:50,organic_search,assigned,2026-08-14T00:55:15.800Z,,,,
hv1-e002794,hv1-u00753,baseline,hv1:main:50,app_store,paid,2026-08-14T01:17:58.484Z,10.00,XTS,,
hv1-e001753,hv1-u00474,baseline,hv1:main:50,referral,assigned,2026-08-14T01:20:55.878Z,,,,
hv1-e003542,hv1-u00964,task_first,hv1:main:50,organic_search,revisited,2026-08-14T01:24:33.573Z,,,n-hv1-u00964,
hv1-e003543,hv1-u00964,task_first,hv1:main:50,organic_search,task_completed,2026-08-14T01:29:33.573Z,,,n-hv1-u00964,t-hv1-u00964-1
hv1-e002985,hv1-u00810,task_first,hv1:main:50,paid_social,paid,2026-08-14T02:04:33.582Z,10.00,XTS,,
hv1-e002544,hv1-u00682,task_first,hv1:main:50,referral,assigned,2026-08-14T02:10:43.905Z,,,,
hv1-e002545,hv1-u00682,task_first,hv1:main:50,referral,note_saved,2026-08-14T02:14:43.905Z,,,n-hv1-u00682,
hv1-e001754,hv1-u00474,baseline,hv1:main:50,referral,trial_started,2026-08-14T02:20:55.878Z,,,,
hv1-e001107,hv1-u00291,baseline,hv1:main:50,organic_search,assigned,2026-08-14T02:43:49.573Z,,,,
hv1-e001108,hv1-u00291,baseline,hv1:main:50,organic_search,note_saved,2026-08-14T02:47:49.573Z,,,n-hv1-u00291,
hv1-e001277,hv1-u00340,baseline,hv1:main:50,app_store,revisited,2026-08-14T02:51:43.677Z,,,n-hv1-u00340,
hv1-e002379,hv1-u00638,task_first,hv1:main:50,paid_social,paid,2026-08-14T02:59:36.689Z,10.00,XTS,,
hv1-e002351,hv1-u00631,baseline,hv1:main:50,referral,assigned,2026-08-14T03:01:57.909Z,,,,
hv1-e001677,hv1-u00455,baseline,hv1:main:50,organic_search,assigned,2026-08-14T03:02:09.130Z,,,,
hv1-e001678,hv1-u00455,baseline,hv1:main:50,organic_search,note_saved,2026-08-14T03:06:09.130Z,,,n-hv1-u00455,
hv1-e001679,hv1-u00455,baseline,hv1:main:50,organic_search,task_created,2026-08-14T03:08:09.130Z,,,n-hv1-u00455,t-hv1-u00455-1
hv1-e003517,hv1-u00958,baseline,hv1:main:50,organic_search,assigned,2026-08-14T03:19:06.637Z,,,,
hv1-e003518,hv1-u00958,baseline,hv1:main:50,organic_search,note_saved,2026-08-14T03:23:06.637Z,,,n-hv1-u00958,
hv1-e002490,hv1-u00671,task_first,hv1:main:50,paid_social,trial_started,2026-08-14T03:24:43.094Z,,,,
hv1-e002764,hv1-u00745,baseline,hv1:main:50,organic_search,assigned,2026-08-14T03:30:43.854Z,,,,
hv1-e002765,hv1-u00745,baseline,hv1:main:50,organic_search,note_saved,2026-08-14T03:34:43.854Z,,,n-hv1-u00745,
hv1-e001460,hv1-u00388,baseline,hv1:main:50,organic_search,assigned,2026-08-14T03:35:19.425Z,,,,
hv1-e002766,hv1-u00745,baseline,hv1:main:50,organic_search,task_created,2026-08-14T03:36:43.854Z,,,n-hv1-u00745,t-hv1-u00745-1
hv1-e002767,hv1-u00745,baseline,hv1:main:50,organic_search,task_created,2026-08-14T03:37:43.854Z,,,n-hv1-u00745,t-hv1-u00745-2
hv1-e002768,hv1-u00745,baseline,hv1:main:50,organic_search,task_created,2026-08-14T03:38:43.854Z,,,n-hv1-u00745,t-hv1-u00745-3
hv1-e000191,hv1-u00048,baseline,hv1:main:50,organic_search,paid,2026-08-14T03:54:21.119Z,10.00,XTS,,
hv1-e002709,hv1-u00730,task_first,hv1:main:50,organic_search,trial_started,2026-08-14T03:59:10.651Z,,,,
hv1-e003383,hv1-u00917,task_first,hv1:main:50,organic_search,revisited,2026-08-14T04:12:06.962Z,,,n-hv1-u00917,
hv1-e003120,hv1-u00844,task_first,hv1:main:50,organic_search,revisited,2026-08-14T04:37:06.078Z,,,n-hv1-u00844,
hv1-e001471,hv1-u00392,baseline,hv1:main:50,organic_search,revisited,2026-08-14T04:48:54.214Z,,,n-hv1-u00392,
hv1-e001472,hv1-u00392,baseline,hv1:main:50,organic_search,task_completed,2026-08-14T04:53:54.214Z,,,n-hv1-u00392,t-hv1-u00392-1
hv1-e003121,hv1-u00845,task_first,hv1:main:50,paid_social,assigned,2026-08-14T05:23:03.444Z,,,,
hv1-e003122,hv1-u00845,task_first,hv1:main:50,paid_social,note_saved,2026-08-14T05:27:03.444Z,,,n-hv1-u00845,
hv1-e003123,hv1-u00845,task_first,hv1:main:50,paid_social,task_created,2026-08-14T05:29:03.444Z,,,n-hv1-u00845,t-hv1-u00845-1
hv1-e003124,hv1-u00845,task_first,hv1:main:50,paid_social,task_created,2026-08-14T05:30:03.444Z,,,n-hv1-u00845,t-hv1-u00845-2
hv1-e003125,hv1-u00845,task_first,hv1:main:50,paid_social,task_created,2026-08-14T05:31:03.444Z,,,n-hv1-u00845,t-hv1-u00845-3
hv1-e002217,hv1-u00592,baseline,hv1:main:50,referral,assigned,2026-08-14T05:38:57.767Z,,,,
hv1-e000109,hv1-u00029,task_first,hv1:main:50,referral,assigned,2026-08-14T06:57:49.684Z,,,,
hv1-e001913,hv1-u00515,task_first,hv1:main:50,app_store,assigned,2026-08-14T07:01:32.057Z,,,,
hv1-e001914,hv1-u00515,task_first,hv1:main:50,app_store,note_saved,2026-08-14T07:05:32.057Z,,,n-hv1-u00515,
hv1-e001915,hv1-u00515,task_first,hv1:main:50,app_store,task_created,2026-08-14T07:07:32.057Z,,,n-hv1-u00515,t-hv1-u00515-1
hv1-e001916,hv1-u00515,task_first,hv1:main:50,app_store,task_created,2026-08-14T07:08:32.057Z,,,n-hv1-u00515,t-hv1-u00515-2
hv1-e002741,hv1-u00738,baseline,hv1:main:50,organic_search,assigned,2026-08-14T08:46:55.452Z,,,,
hv1-e002742,hv1-u00738,baseline,hv1:main:50,organic_search,note_saved,2026-08-14T08:50:55.452Z,,,n-hv1-u00738,
hv1-e002743,hv1-u00738,baseline,hv1:main:50,organic_search,task_created,2026-08-14T08:52:55.452Z,,,n-hv1-u00738,t-hv1-u00738-1
hv1-e002744,hv1-u00738,baseline,hv1:main:50,organic_search,task_created,2026-08-14T08:53:55.452Z,,,n-hv1-u00738,t-hv1-u00738-2
hv1-e002745,hv1-u00738,baseline,hv1:main:50,organic_search,task_created,2026-08-14T08:54:55.452Z,,,n-hv1-u00738,t-hv1-u00738-3
hv1-e001637,hv1-u00440,task_first,hv1:main:50,app_store,revisited,2026-08-14T09:39:27.659Z,,,n-hv1-u00440,
hv1-e001638,hv1-u00440,task_first,hv1:main:50,app_store,task_completed,2026-08-14T09:44:27.659Z,,,n-hv1-u00440,t-hv1-u00440-1
hv1-e000491,hv1-u00129,baseline,hv1:main:50,paid_social,revisited,2026-08-14T10:03:47.338Z,,,n-hv1-u00129,
hv1-e000771,hv1-u00202,baseline,hv1:main:50,app_store,assigned,2026-08-14T10:08:36.498Z,,,,
hv1-e002120,hv1-u00568,task_first,hv1:main:50,organic_search,revisited,2026-08-14T10:10:45.417Z,,,n-hv1-u00568,
hv1-e000772,hv1-u00202,baseline,hv1:main:50,app_store,note_saved,2026-08-14T10:12:36.498Z,,,n-hv1-u00202,
hv1-e002121,hv1-u00568,task_first,hv1:main:50,organic_search,task_completed,2026-08-14T10:15:45.417Z,,,n-hv1-u00568,t-hv1-u00568-1
hv1-e001874,hv1-u00506,baseline,hv1:main:50,paid_social,assigned,2026-08-14T10:27:20.691Z,,,,
hv1-e001875,hv1-u00506,baseline,hv1:main:50,paid_social,note_saved,2026-08-14T10:31:20.691Z,,,n-hv1-u00506,
hv1-e001876,hv1-u00506,baseline,hv1:main:50,paid_social,task_created,2026-08-14T10:33:20.691Z,,,n-hv1-u00506,t-hv1-u00506-1
hv1-e001601,hv1-u00432,task_first,hv1:main:50,app_store,revisited,2026-08-14T10:56:05.580Z,,,n-hv1-u00432,
hv1-e001602,hv1-u00432,task_first,hv1:main:50,app_store,task_completed,2026-08-14T11:01:05.580Z,,,n-hv1-u00432,t-hv1-u00432-1
hv1-e000170,hv1-u00044,task_first,hv1:main:50,app_store,assigned,2026-08-14T11:23:45.237Z,,,,
hv1-e000563,hv1-u00149,baseline,hv1:main:50,referral,trial_started,2026-08-14T11:26:33.635Z,,,,
hv1-e000171,hv1-u00044,task_first,hv1:main:50,app_store,note_saved,2026-08-14T11:27:45.237Z,,,n-hv1-u00044,
hv1-e003567,hv1-u00971,baseline,hv1:main:50,organic_search,assigned,2026-08-14T11:40:52.476Z,,,,
hv1-e002366,hv1-u00635,task_first,hv1:main:50,paid_social,assigned,2026-08-14T11:41:44.384Z,,,,
hv1-e003108,hv1-u00841,task_first,hv1:main:50,organic_search,assigned,2026-08-14T11:43:31.790Z,,,,
hv1-e001076,hv1-u00283,baseline,hv1:main:50,organic_search,trial_started,2026-08-14T11:44:33.946Z,,,,
hv1-e003568,hv1-u00971,baseline,hv1:main:50,organic_search,note_saved,2026-08-14T11:44:52.476Z,,,n-hv1-u00971,
hv1-e003109,hv1-u00841,task_first,hv1:main:50,organic_search,note_saved,2026-08-14T11:47:31.790Z,,,n-hv1-u00841,
hv1-e001429,hv1-u00379,task_first,hv1:main:50,organic_search,assigned,2026-08-14T11:49:15.429Z,,,,
hv1-e001430,hv1-u00379,task_first,hv1:main:50,organic_search,note_saved,2026-08-14T11:53:15.429Z,,,n-hv1-u00379,
hv1-e003483,hv1-u00948,task_first,hv1:main:50,organic_search,assigned,2026-08-14T11:56:26.901Z,,,,
hv1-e003484,hv1-u00948,task_first,hv1:main:50,organic_search,note_saved,2026-08-14T12:00:26.901Z,,,n-hv1-u00948,
hv1-e000001,hv1-u00001,task_first,hv1:main:50,paid_social,assigned,2026-08-14T12:05:34.763Z,,,,
hv1-e001027,hv1-u00273,task_first,hv1:main:50,referral,assigned,2026-08-14T12:08:18.326Z,,,,
hv1-e000002,hv1-u00001,task_first,hv1:main:50,paid_social,note_saved,2026-08-14T12:09:34.763Z,,,n-hv1-u00001,
hv1-e000003,hv1-u00001,task_first,hv1:main:50,paid_social,task_created,2026-08-14T12:11:34.763Z,,,n-hv1-u00001,t-hv1-u00001-1
hv1-e001028,hv1-u00273,task_first,hv1:main:50,referral,note_saved,2026-08-14T12:12:18.326Z,,,n-hv1-u00273,
hv1-e000004,hv1-u00001,task_first,hv1:main:50,paid_social,task_created,2026-08-14T12:12:34.763Z,,,n-hv1-u00001,t-hv1-u00001-2
hv1-e000005,hv1-u00001,task_first,hv1:main:50,paid_social,task_created,2026-08-14T12:13:34.763Z,,,n-hv1-u00001,t-hv1-u00001-3
hv1-e002624,hv1-u00706,task_first,hv1:main:50,organic_search,paid,2026-08-14T12:18:26.562Z,10.00,XTS,,
hv1-e003519,hv1-u00959,baseline,hv1:main:50,organic_search,assigned,2026-08-14T12:27:01.282Z,,,,
hv1-e003520,hv1-u00959,baseline,hv1:main:50,organic_search,note_saved,2026-08-14T12:31:01.282Z,,,n-hv1-u00959,
hv1-e000849,hv1-u00224,baseline,hv1:main:50,organic_search,assigned,2026-08-14T12:46:09.460Z,,,,
hv1-e003320,hv1-u00904,task_first,hv1:main:50,app_store,assigned,2026-08-14T12:49:06.995Z,,,,
hv1-e000850,hv1-u00224,baseline,hv1:main:50,organic_search,note_saved,2026-08-14T12:50:09.460Z,,,n-hv1-u00224,
hv1-e002941,hv1-u00800,baseline,hv1:main:50,organic_search,revisited,2026-08-14T12:52:03.400Z,,,n-hv1-u00800,
hv1-e003321,hv1-u00904,task_first,hv1:main:50,app_store,note_saved,2026-08-14T12:53:06.995Z,,,n-hv1-u00904,
hv1-e003322,hv1-u00904,task_first,hv1:main:50,app_store,task_created,2026-08-14T12:55:06.995Z,,,n-hv1-u00904,t-hv1-u00904-1
hv1-e003323,hv1-u00904,task_first,hv1:main:50,app_store,task_created,2026-08-14T12:56:06.995Z,,,n-hv1-u00904,t-hv1-u00904-2
hv1-e002942,hv1-u00800,baseline,hv1:main:50,organic_search,task_completed,2026-08-14T12:57:03.400Z,,,n-hv1-u00800,t-hv1-u00800-1
hv1-e003324,hv1-u00904,task_first,hv1:main:50,app_store,task_created,2026-08-14T12:57:06.995Z,,,n-hv1-u00904,t-hv1-u00904-3
hv1-e002462,hv1-u00664,baseline,hv1:main:50,organic_search,assigned,2026-08-14T13:05:16.064Z,,,,
hv1-e002463,hv1-u00664,baseline,hv1:main:50,organic_search,note_saved,2026-08-14T13:09:16.064Z,,,n-hv1-u00664,
hv1-e002464,hv1-u00664,baseline,hv1:main:50,organic_search,task_created,2026-08-14T13:11:16.064Z,,,n-hv1-u00664,t-hv1-u00664-1
hv1-e001654,hv1-u00447,task_first,hv1:main:50,referral,assigned,2026-08-14T13:38:19.346Z,,,,
hv1-e001655,hv1-u00447,task_first,hv1:main:50,referral,note_saved,2026-08-14T13:42:19.346Z,,,n-hv1-u00447,
hv1-e000229,hv1-u00058,baseline,hv1:main:50,organic_search,trial_started,2026-08-14T13:57:47.003Z,,,,
hv1-e000118,hv1-u00031,baseline,hv1:main:50,referral,trial_started,2026-08-14T14:01:02.647Z,,,,
hv1-e002836,hv1-u00770,baseline,hv1:main:50,paid_social,assigned,2026-08-14T14:20:01.166Z,,,,
hv1-e001907,hv1-u00514,baseline,hv1:main:50,app_store,assigned,2026-08-14T14:20:47.177Z,,,,
hv1-e002884,hv1-u00784,baseline,hv1:main:50,organic_search,trial_started,2026-08-14T14:21:29.605Z,,,,
hv1-e002837,hv1-u00770,baseline,hv1:main:50,paid_social,note_saved,2026-08-14T14:24:01.166Z,,,n-hv1-u00770,
hv1-e001908,hv1-u00514,baseline,hv1:main:50,app_store,note_saved,2026-08-14T14:24:47.177Z,,,n-hv1-u00514,
hv1-e002838,hv1-u00770,baseline,hv1:main:50,paid_social,task_created,2026-08-14T14:26:01.166Z,,,n-hv1-u00770,t-hv1-u00770-1
hv1-e001909,hv1-u00514,baseline,hv1:main:50,app_store,task_created,2026-08-14T14:26:47.177Z,,,n-hv1-u00514,t-hv1-u00514-1
hv1-e001910,hv1-u00514,baseline,hv1:main:50,app_store,task_created,2026-08-14T14:27:47.177Z,,,n-hv1-u00514,t-hv1-u00514-2
hv1-e001911,hv1-u00514,baseline,hv1:main:50,app_store,task_created,2026-08-14T14:28:47.177Z,,,n-hv1-u00514,t-hv1-u00514-3
hv1-e002893,hv1-u00787,task_first,hv1:main:50,organic_search,assigned,2026-08-14T14:51:56.230Z,,,,
hv1-e001171,hv1-u00308,task_first,hv1:main:50,paid_social,revisited,2026-08-14T15:08:04.622Z,,,n-hv1-u00308,
hv1-e001172,hv1-u00308,task_first,hv1:main:50,paid_social,task_completed,2026-08-14T15:13:04.622Z,,,n-hv1-u00308,t-hv1-u00308-1
hv1-e002839,hv1-u00770,baseline,hv1:main:50,paid_social,trial_started,2026-08-14T15:20:01.166Z,,,,
hv1-e003203,hv1-u00868,task_first,hv1:main:50,app_store,paid,2026-08-14T15:21:46.651Z,10.00,XTS,,
hv1-e002552,hv1-u00685,baseline,hv1:main:50,organic_search,assigned,2026-08-14T15:34:49.787Z,,,,
hv1-e002553,hv1-u00685,baseline,hv1:main:50,organic_search,note_saved,2026-08-14T15:38:49.787Z,,,n-hv1-u00685,
hv1-e002916,hv1-u00793,baseline,hv1:main:50,referral,revisited,2026-08-14T15:49:39.367Z,,,n-hv1-u00793,
hv1-e002917,hv1-u00793,baseline,hv1:main:50,referral,task_completed,2026-08-14T15:54:39.367Z,,,n-hv1-u00793,t-hv1-u00793-1
hv1-e003613,hv1-u00981,task_first,hv1:main:50,referral,revisited,2026-08-14T15:55:23.679Z,,,n-hv1-u00981,
hv1-e003614,hv1-u00981,task_first,hv1:main:50,referral,task_completed,2026-08-14T16:00:23.679Z,,,n-hv1-u00981,t-hv1-u00981-1
hv1-e001722,hv1-u00468,baseline,hv1:main:50,paid_social,assigned,2026-08-14T16:01:08.418Z,,,,
hv1-e001723,hv1-u00468,baseline,hv1:main:50,paid_social,note_saved,2026-08-14T16:05:08.418Z,,,n-hv1-u00468,
hv1-e002633,hv1-u00709,task_first,hv1:main:50,organic_search,revisited,2026-08-14T16:05:44.913Z,,,n-hv1-u00709,
hv1-e001724,hv1-u00468,baseline,hv1:main:50,paid_social,task_created,2026-08-14T16:07:08.418Z,,,n-hv1-u00468,t-hv1-u00468-1
hv1-e001725,hv1-u00468,baseline,hv1:main:50,paid_social,task_created,2026-08-14T16:08:08.418Z,,,n-hv1-u00468,t-hv1-u00468-2
hv1-e001726,hv1-u00468,baseline,hv1:main:50,paid_social,task_created,2026-08-14T16:09:08.418Z,,,n-hv1-u00468,t-hv1-u00468-3
hv1-e003056,hv1-u00829,task_first,hv1:main:50,organic_search,assigned,2026-08-14T16:29:20.530Z,,,,
hv1-e001608,hv1-u00434,baseline,hv1:main:50,referral,assigned,2026-08-14T16:32:53.145Z,,,,
hv1-e003057,hv1-u00829,task_first,hv1:main:50,organic_search,note_saved,2026-08-14T16:33:20.530Z,,,n-hv1-u00829,
hv1-e003058,hv1-u00829,task_first,hv1:main:50,organic_search,task_created,2026-08-14T16:35:20.530Z,,,n-hv1-u00829,t-hv1-u00829-1
hv1-e003059,hv1-u00829,task_first,hv1:main:50,organic_search,task_created,2026-08-14T16:36:20.530Z,,,n-hv1-u00829,t-hv1-u00829-2
hv1-e001609,hv1-u00434,baseline,hv1:main:50,referral,note_saved,2026-08-14T16:36:53.145Z,,,n-hv1-u00434,
hv1-e003060,hv1-u00829,task_first,hv1:main:50,organic_search,task_created,2026-08-14T16:37:20.530Z,,,n-hv1-u00829,t-hv1-u00829-3
hv1-e001541,hv1-u00412,task_first,hv1:main:50,referral,assigned,2026-08-14T17:01:10.596Z,,,,
hv1-e001542,hv1-u00412,task_first,hv1:main:50,referral,note_saved,2026-08-14T17:05:10.596Z,,,n-hv1-u00412,
hv1-e001543,hv1-u00412,task_first,hv1:main:50,referral,task_created,2026-08-14T17:07:10.596Z,,,n-hv1-u00412,t-hv1-u00412-1
hv1-e000200,hv1-u00050,task_first,hv1:main:50,organic_search,revisited,2026-08-14T17:22:45.451Z,,,n-hv1-u00050,
hv1-e000201,hv1-u00050,task_first,hv1:main:50,organic_search,task_completed,2026-08-14T17:27:45.451Z,,,n-hv1-u00050,t-hv1-u00050-1
hv1-e000553,hv1-u00148,task_first,hv1:main:50,paid_social,assigned,2026-08-14T17:51:23.137Z,,,,
hv1-e000554,hv1-u00148,task_first,hv1:main:50,paid_social,note_saved,2026-08-14T17:55:23.137Z,,,n-hv1-u00148,
hv1-e002751,hv1-u00739,baseline,hv1:main:50,organic_search,paid,2026-08-14T17:57:20.820Z,10.00,XTS,,
hv1-e000555,hv1-u00148,task_first,hv1:main:50,paid_social,task_created,2026-08-14T17:57:23.137Z,,,n-hv1-u00148,t-hv1-u00148-1
hv1-e000556,hv1-u00148,task_first,hv1:main:50,paid_social,task_created,2026-08-14T17:58:23.137Z,,,n-hv1-u00148,t-hv1-u00148-2
hv1-e000557,hv1-u00148,task_first,hv1:main:50,paid_social,task_created,2026-08-14T17:59:23.137Z,,,n-hv1-u00148,t-hv1-u00148-3
hv1-e001902,hv1-u00512,task_first,hv1:main:50,referral,revisited,2026-08-14T17:59:56.828Z,,,n-hv1-u00512,
hv1-e001903,hv1-u00512,task_first,hv1:main:50,referral,task_completed,2026-08-14T18:04:56.828Z,,,n-hv1-u00512,t-hv1-u00512-1
hv1-e001327,hv1-u00354,baseline,hv1:main:50,referral,assigned,2026-08-14T18:30:39.435Z,,,,
hv1-e001328,hv1-u00354,baseline,hv1:main:50,referral,note_saved,2026-08-14T18:34:39.435Z,,,n-hv1-u00354,
hv1-e001329,hv1-u00354,baseline,hv1:main:50,referral,task_created,2026-08-14T18:36:39.435Z,,,n-hv1-u00354,t-hv1-u00354-1
hv1-e001330,hv1-u00354,baseline,hv1:main:50,referral,task_created,2026-08-14T18:37:39.435Z,,,n-hv1-u00354,t-hv1-u00354-2
hv1-e001331,hv1-u00354,baseline,hv1:main:50,referral,task_created,2026-08-14T18:38:39.435Z,,,n-hv1-u00354,t-hv1-u00354-3
hv1-e001272,hv1-u00339,task_first,hv1:main:50,referral,assigned,2026-08-14T19:25:43.711Z,,,,
hv1-e000075,hv1-u00020,task_first,hv1:main:50,organic_search,revisited,2026-08-14T19:30:54.296Z,,,n-hv1-u00020,
hv1-e000076,hv1-u00020,task_first,hv1:main:50,organic_search,task_completed,2026-08-14T19:35:54.296Z,,,n-hv1-u00020,t-hv1-u00020-1
hv1-e003286,hv1-u00893,task_first,hv1:main:50,organic_search,assigned,2026-08-14T20:20:29.792Z,,,,
hv1-e003287,hv1-u00893,task_first,hv1:main:50,organic_search,note_saved,2026-08-14T20:24:29.792Z,,,n-hv1-u00893,
hv1-e003427,hv1-u00930,task_first,hv1:main:50,paid_social,assigned,2026-08-14T20:25:32.219Z,,,,
hv1-e003288,hv1-u00893,task_first,hv1:main:50,organic_search,task_created,2026-08-14T20:26:29.792Z,,,n-hv1-u00893,t-hv1-u00893-1
hv1-e003289,hv1-u00893,task_first,hv1:main:50,organic_search,task_created,2026-08-14T20:27:29.792Z,,,n-hv1-u00893,t-hv1-u00893-2
hv1-e000244,hv1-u00062,task_first,hv1:main:50,organic_search,cancelled,2026-08-14T20:43:18.333Z,,,,
hv1-e002864,hv1-u00777,task_first,hv1:main:50,organic_search,paid,2026-08-14T21:23:02.728Z,10.00,XTS,,
hv1-e002319,hv1-u00623,task_first,hv1:main:50,organic_search,revisited,2026-08-14T21:24:39.530Z,,,n-hv1-u00623,
hv1-e000328,hv1-u00086,baseline,hv1:main:50,organic_search,assigned,2026-08-14T22:41:59.179Z,,,,
hv1-e000329,hv1-u00086,baseline,hv1:main:50,organic_search,note_saved,2026-08-14T22:45:59.179Z,,,n-hv1-u00086,
hv1-e001009,hv1-u00267,task_first,hv1:main:50,paid_social,assigned,2026-08-15T00:26:34.165Z,,,,
hv1-e001010,hv1-u00267,task_first,hv1:main:50,paid_social,note_saved,2026-08-15T00:30:34.165Z,,,n-hv1-u00267,
hv1-e001011,hv1-u00267,task_first,hv1:main:50,paid_social,task_created,2026-08-15T00:32:34.165Z,,,n-hv1-u00267,t-hv1-u00267-1
hv1-e001012,hv1-u00267,task_first,hv1:main:50,paid_social,task_created,2026-08-15T00:33:34.165Z,,,n-hv1-u00267,t-hv1-u00267-2
hv1-e001013,hv1-u00267,task_first,hv1:main:50,paid_social,task_created,2026-08-15T00:34:34.165Z,,,n-hv1-u00267,t-hv1-u00267-3
hv1-e000032,hv1-u00010,baseline,hv1:main:50,organic_search,assigned,2026-08-15T00:37:02.201Z,,,,
hv1-e000033,hv1-u00010,baseline,hv1:main:50,organic_search,note_saved,2026-08-15T00:41:02.201Z,,,n-hv1-u00010,
hv1-e001832,hv1-u00497,baseline,hv1:main:50,organic_search,assigned,2026-08-15T00:45:45.265Z,,,,
hv1-e001833,hv1-u00497,baseline,hv1:main:50,organic_search,note_saved,2026-08-15T00:49:45.265Z,,,n-hv1-u00497,
hv1-e001834,hv1-u00497,baseline,hv1:main:50,organic_search,task_created,2026-08-15T00:51:45.265Z,,,n-hv1-u00497,t-hv1-u00497-1
hv1-e001835,hv1-u00497,baseline,hv1:main:50,organic_search,task_created,2026-08-15T00:52:45.265Z,,,n-hv1-u00497,t-hv1-u00497-2
hv1-e003476,hv1-u00945,task_first,hv1:main:50,paid_social,assigned,2026-08-15T00:53:23.859Z,,,,
hv1-e001836,hv1-u00497,baseline,hv1:main:50,organic_search,task_created,2026-08-15T00:53:45.265Z,,,n-hv1-u00497,t-hv1-u00497-3
hv1-e001659,hv1-u00449,baseline,hv1:main:50,organic_search,assigned,2026-08-15T00:54:33.136Z,,,,
hv1-e002826,hv1-u00767,task_first,hv1:main:50,paid_social,assigned,2026-08-15T00:54:33.832Z,,,,
hv1-e003477,hv1-u00945,task_first,hv1:main:50,paid_social,note_saved,2026-08-15T00:57:23.859Z,,,n-hv1-u00945,
hv1-e001660,hv1-u00449,baseline,hv1:main:50,organic_search,note_saved,2026-08-15T00:58:33.136Z,,,n-hv1-u00449,
hv1-e002827,hv1-u00767,task_first,hv1:main:50,paid_social,note_saved,2026-08-15T00:58:33.832Z,,,n-hv1-u00767,
hv1-e002828,hv1-u00767,task_first,hv1:main:50,paid_social,task_created,2026-08-15T01:00:33.832Z,,,n-hv1-u00767,t-hv1-u00767-1
hv1-e001109,hv1-u00292,task_first,hv1:main:50,organic_search,assigned,2026-08-15T01:22:37.921Z,,,,
hv1-e000048,hv1-u00014,task_first,hv1:main:50,organic_search,assigned,2026-08-15T03:04:42.544Z,,,,
hv1-e000049,hv1-u00014,task_first,hv1:main:50,organic_search,note_saved,2026-08-15T03:08:42.544Z,,,n-hv1-u00014,
hv1-e003360,hv1-u00912,task_first,hv1:main:50,organic_search,assigned,2026-08-15T03:11:47.706Z,,,,
hv1-e003361,hv1-u00912,task_first,hv1:main:50,organic_search,note_saved,2026-08-15T03:15:47.706Z,,,n-hv1-u00912,
hv1-e000738,hv1-u00195,baseline,hv1:main:50,app_store,refunded,2026-08-15T03:32:24.900Z,10.00,XTS,,
hv1-e000213,hv1-u00052,baseline,hv1:main:50,app_store,trial_started,2026-08-15T03:39:21.658Z,,,,
hv1-e001282,hv1-u00343,task_first,hv1:main:50,organic_search,assigned,2026-08-15T03:43:58.381Z,,,,
hv1-e001283,hv1-u00343,task_first,hv1:main:50,organic_search,note_saved,2026-08-15T03:47:58.381Z,,,n-hv1-u00343,
hv1-e001284,hv1-u00343,task_first,hv1:main:50,organic_search,task_created,2026-08-15T03:49:58.381Z,,,n-hv1-u00343,t-hv1-u00343-1
hv1-e001285,hv1-u00343,task_first,hv1:main:50,organic_search,task_created,2026-08-15T03:50:58.381Z,,,n-hv1-u00343,t-hv1-u00343-2
hv1-e003232,hv1-u00876,baseline,hv1:main:50,paid_social,paid,2026-08-15T04:01:02.856Z,10.00,XTS,,
hv1-e002283,hv1-u00612,baseline,hv1:main:50,referral,assigned,2026-08-15T04:01:07.754Z,,,,
hv1-e003559,hv1-u00968,task_first,hv1:main:50,organic_search,trial_started,2026-08-15T04:04:53.304Z,,,,
hv1-e002543,hv1-u00681,baseline,hv1:main:50,paid_social,revisited,2026-08-15T04:29:00.500Z,,,n-hv1-u00681,
hv1-e001785,hv1-u00484,task_first,hv1:main:50,app_store,assigned,2026-08-15T04:32:26.628Z,,,,
hv1-e001461,hv1-u00388,baseline,hv1:main:50,organic_search,trial_started,2026-08-15T04:35:19.425Z,,,,
hv1-e001786,hv1-u00484,task_first,hv1:main:50,app_store,note_saved,2026-08-15T04:36:26.628Z,,,n-hv1-u00484,
hv1-e001787,hv1-u00484,task_first,hv1:main:50,app_store,task_created,2026-08-15T04:38:26.628Z,,,n-hv1-u00484,t-hv1-u00484-1
hv1-e002411,hv1-u00647,task_first,hv1:main:50,app_store,assigned,2026-08-15T04:48:49.912Z,,,,
hv1-e002412,hv1-u00647,task_first,hv1:main:50,app_store,note_saved,2026-08-15T04:52:49.912Z,,,n-hv1-u00647,
hv1-e001586,hv1-u00429,baseline,hv1:main:50,app_store,assigned,2026-08-15T05:04:30.007Z,,,,
hv1-e001587,hv1-u00429,baseline,hv1:main:50,app_store,note_saved,2026-08-15T05:08:30.007Z,,,n-hv1-u00429,
hv1-e001112,hv1-u00293,baseline,hv1:main:50,organic_search,revisited,2026-08-15T05:23:28.260Z,,,n-hv1-u00293,
hv1-e002830,hv1-u00768,baseline,hv1:main:50,organic_search,assigned,2026-08-15T05:45:10.203Z,,,,
hv1-e002831,hv1-u00768,baseline,hv1:main:50,organic_search,note_saved,2026-08-15T05:49:10.203Z,,,n-hv1-u00768,
hv1-e002832,hv1-u00768,baseline,hv1:main:50,organic_search,task_created,2026-08-15T05:51:10.203Z,,,n-hv1-u00768,t-hv1-u00768-1
hv1-e002833,hv1-u00768,baseline,hv1:main:50,organic_search,task_created,2026-08-15T05:52:10.203Z,,,n-hv1-u00768,t-hv1-u00768-2
hv1-e001872,hv1-u00505,task_first,hv1:main:50,paid_social,assigned,2026-08-15T05:52:49.281Z,,,,
hv1-e001873,hv1-u00505,task_first,hv1:main:50,paid_social,note_saved,2026-08-15T05:56:49.281Z,,,n-hv1-u00505,
hv1-e001361,hv1-u00362,task_first,hv1:main:50,referral,paid,2026-08-15T06:22:54.201Z,10.00,XTS,,
hv1-e002775,hv1-u00746,task_first,hv1:main:50,referral,cancelled,2026-08-15T06:46:55.668Z,,,,
hv1-e001249,hv1-u00334,baseline,hv1:main:50,organic_search,assigned,2026-08-15T08:00:34.706Z,,,,
hv1-e001250,hv1-u00334,baseline,hv1:main:50,organic_search,note_saved,2026-08-15T08:04:34.706Z,,,n-hv1-u00334,
hv1-e001251,hv1-u00334,baseline,hv1:main:50,organic_search,task_created,2026-08-15T08:06:34.706Z,,,n-hv1-u00334,t-hv1-u00334-1
hv1-e001252,hv1-u00334,baseline,hv1:main:50,organic_search,task_created,2026-08-15T08:07:34.706Z,,,n-hv1-u00334,t-hv1-u00334-2
hv1-e003415,hv1-u00927,task_first,hv1:main:50,paid_social,assigned,2026-08-15T08:27:42.698Z,,,,
hv1-e003416,hv1-u00927,task_first,hv1:main:50,paid_social,note_saved,2026-08-15T08:31:42.698Z,,,n-hv1-u00927,
hv1-e003417,hv1-u00927,task_first,hv1:main:50,paid_social,task_created,2026-08-15T08:33:42.698Z,,,n-hv1-u00927,t-hv1-u00927-1
hv1-e003418,hv1-u00927,task_first,hv1:main:50,paid_social,task_created,2026-08-15T08:34:42.698Z,,,n-hv1-u00927,t-hv1-u00927-2
hv1-e001959,hv1-u00527,baseline,hv1:main:50,paid_social,assigned,2026-08-15T09:07:11.419Z,,,,
hv1-e001960,hv1-u00527,baseline,hv1:main:50,paid_social,note_saved,2026-08-15T09:11:11.419Z,,,n-hv1-u00527,
hv1-e001961,hv1-u00527,baseline,hv1:main:50,paid_social,task_created,2026-08-15T09:13:11.419Z,,,n-hv1-u00527,t-hv1-u00527-1
hv1-e001962,hv1-u00527,baseline,hv1:main:50,paid_social,task_created,2026-08-15T09:14:11.419Z,,,n-hv1-u00527,t-hv1-u00527-2
hv1-e003505,hv1-u00954,baseline,hv1:main:50,paid_social,assigned,2026-08-15T09:16:16.126Z,,,,
hv1-e003506,hv1-u00954,baseline,hv1:main:50,paid_social,note_saved,2026-08-15T09:20:16.126Z,,,n-hv1-u00954,
hv1-e002969,hv1-u00806,baseline,hv1:main:50,referral,revisited,2026-08-15T09:30:41.445Z,,,n-hv1-u00806,
hv1-e002648,hv1-u00714,baseline,hv1:main:50,app_store,assigned,2026-08-15T09:50:11.010Z,,,,
hv1-e000050,hv1-u00015,task_first,hv1:main:50,paid_social,assigned,2026-08-15T09:53:10.676Z,,,,
hv1-e002649,hv1-u00714,baseline,hv1:main:50,app_store,note_saved,2026-08-15T09:54:11.010Z,,,n-hv1-u00714,
hv1-e000309,hv1-u00080,task_first,hv1:main:50,app_store,revisited,2026-08-15T09:54:51.616Z,,,n-hv1-u00080,
hv1-e002650,hv1-u00714,baseline,hv1:main:50,app_store,task_created,2026-08-15T09:56:11.010Z,,,n-hv1-u00714,t-hv1-u00714-1
hv1-e000051,hv1-u00015,task_first,hv1:main:50,paid_social,note_saved,2026-08-15T09:57:10.676Z,,,n-hv1-u00015,
hv1-e002651,hv1-u00714,baseline,hv1:main:50,app_store,task_created,2026-08-15T09:57:11.010Z,,,n-hv1-u00714,t-hv1-u00714-2
hv1-e002652,hv1-u00714,baseline,hv1:main:50,app_store,task_created,2026-08-15T09:58:11.010Z,,,n-hv1-u00714,t-hv1-u00714-3
hv1-e000052,hv1-u00015,task_first,hv1:main:50,paid_social,task_created,2026-08-15T09:59:10.676Z,,,n-hv1-u00015,t-hv1-u00015-1
hv1-e000053,hv1-u00015,task_first,hv1:main:50,paid_social,task_created,2026-08-15T10:00:10.676Z,,,n-hv1-u00015,t-hv1-u00015-2
hv1-e000773,hv1-u00202,baseline,hv1:main:50,app_store,revisited,2026-08-15T10:08:36.498Z,,,n-hv1-u00202,
hv1-e000762,hv1-u00200,baseline,hv1:main:50,organic_search,assigned,2026-08-15T10:12:10.943Z,,,,
hv1-e003272,hv1-u00889,task_first,hv1:main:50,paid_social,assigned,2026-08-15T10:14:11.965Z,,,,
hv1-e003101,hv1-u00839,task_first,hv1:main:50,organic_search,assigned,2026-08-15T10:14:56.056Z,,,,
hv1-e000763,hv1-u00200,baseline,hv1:main:50,organic_search,note_saved,2026-08-15T10:16:10.943Z,,,n-hv1-u00200,
hv1-e003273,hv1-u00889,task_first,hv1:main:50,paid_social,note_saved,2026-08-15T10:18:11.965Z,,,n-hv1-u00889,
hv1-e003102,hv1-u00839,task_first,hv1:main:50,organic_search,note_saved,2026-08-15T10:18:56.056Z,,,n-hv1-u00839,
hv1-e003274,hv1-u00889,task_first,hv1:main:50,paid_social,task_created,2026-08-15T10:20:11.965Z,,,n-hv1-u00889,t-hv1-u00889-1
hv1-e003103,hv1-u00839,task_first,hv1:main:50,organic_search,task_created,2026-08-15T10:20:56.056Z,,,n-hv1-u00839,t-hv1-u00839-1
hv1-e003104,hv1-u00839,task_first,hv1:main:50,organic_search,task_created,2026-08-15T10:21:56.056Z,,,n-hv1-u00839,t-hv1-u00839-2
hv1-e003462,hv1-u00940,baseline,hv1:main:50,paid_social,revisited,2026-08-15T10:42:02.542Z,,,n-hv1-u00940,
hv1-e000604,hv1-u00163,baseline,hv1:main:50,organic_search,assigned,2026-08-15T10:57:28.711Z,,,,
hv1-e000778,hv1-u00204,task_first,hv1:main:50,referral,assigned,2026-08-15T10:57:30.805Z,,,,
hv1-e000605,hv1-u00163,baseline,hv1:main:50,organic_search,note_saved,2026-08-15T11:01:28.711Z,,,n-hv1-u00163,
hv1-e000779,hv1-u00204,task_first,hv1:main:50,referral,note_saved,2026-08-15T11:01:30.805Z,,,n-hv1-u00204,
hv1-e002239,hv1-u00600,task_first,hv1:main:50,paid_social,assigned,2026-08-15T11:05:57.942Z,,,,
hv1-e002240,hv1-u00600,task_first,hv1:main:50,paid_social,note_saved,2026-08-15T11:09:57.942Z,,,n-hv1-u00600,
hv1-e002726,hv1-u00734,task_first,hv1:main:50,paid_social,paid,2026-08-15T11:21:50.804Z,10.00,XTS,,
hv1-e002122,hv1-u00569,baseline,hv1:main:50,organic_search,assigned,2026-08-15T12:15:45.129Z,,,,
hv1-e002123,hv1-u00569,baseline,hv1:main:50,organic_search,note_saved,2026-08-15T12:19:45.129Z,,,n-hv1-u00569,
hv1-e000273,hv1-u00069,task_first,hv1:main:50,organic_search,refunded,2026-08-15T12:24:39.187Z,10.00,XTS,,
hv1-e002710,hv1-u00731,task_first,hv1:main:50,paid_social,assigned,2026-08-15T12:37:45.151Z,,,,
hv1-e002711,hv1-u00731,task_first,hv1:main:50,paid_social,note_saved,2026-08-15T12:41:45.151Z,,,n-hv1-u00731,
hv1-e002712,hv1-u00731,task_first,hv1:main:50,paid_social,task_created,2026-08-15T12:43:45.151Z,,,n-hv1-u00731,t-hv1-u00731-1
hv1-e002599,hv1-u00699,baseline,hv1:main:50,organic_search,assigned,2026-08-15T13:22:34.001Z,,,,
hv1-e001022,hv1-u00270,baseline,hv1:main:50,app_store,assigned,2026-08-15T13:41:06.710Z,,,,
hv1-e000310,hv1-u00081,task_first,hv1:main:50,paid_social,assigned,2026-08-15T14:08:28.431Z,,,,
hv1-e002727,hv1-u00735,task_first,hv1:main:50,referral,assigned,2026-08-15T14:10:32.558Z,,,,
hv1-e002392,hv1-u00644,task_first,hv1:main:50,referral,assigned,2026-08-15T14:10:37.531Z,,,,
hv1-e000311,hv1-u00081,task_first,hv1:main:50,paid_social,note_saved,2026-08-15T14:12:28.431Z,,,n-hv1-u00081,
hv1-e000312,hv1-u00081,task_first,hv1:main:50,paid_social,task_created,2026-08-15T14:14:28.431Z,,,n-hv1-u00081,t-hv1-u00081-1
hv1-e002728,hv1-u00735,task_first,hv1:main:50,referral,note_saved,2026-08-15T14:14:32.558Z,,,n-hv1-u00735,
hv1-e002393,hv1-u00644,task_first,hv1:main:50,referral,note_saved,2026-08-15T14:14:37.531Z,,,n-hv1-u00644,
hv1-e000313,hv1-u00081,task_first,hv1:main:50,paid_social,task_created,2026-08-15T14:15:28.431Z,,,n-hv1-u00081,t-hv1-u00081-2
hv1-e002729,hv1-u00735,task_first,hv1:main:50,referral,task_created,2026-08-15T14:16:32.558Z,,,n-hv1-u00735,t-hv1-u00735-1
hv1-e002394,hv1-u00644,task_first,hv1:main:50,referral,task_created,2026-08-15T14:16:37.531Z,,,n-hv1-u00644,t-hv1-u00644-1
hv1-e002730,hv1-u00735,task_first,hv1:main:50,referral,task_created,2026-08-15T14:17:32.558Z,,,n-hv1-u00735,t-hv1-u00735-2
hv1-e002395,hv1-u00644,task_first,hv1:main:50,referral,task_created,2026-08-15T14:17:37.531Z,,,n-hv1-u00644,t-hv1-u00644-2
hv1-e002731,hv1-u00735,task_first,hv1:main:50,referral,task_created,2026-08-15T14:18:32.558Z,,,n-hv1-u00735,t-hv1-u00735-3
hv1-e000906,hv1-u00239,baseline,hv1:main:50,referral,assigned,2026-08-15T14:20:05.872Z,,,,
hv1-e001701,hv1-u00463,baseline,hv1:main:50,app_store,assigned,2026-08-15T14:28:27.368Z,,,,
hv1-e003271,hv1-u00888,task_first,hv1:main:50,app_store,trial_started,2026-08-15T15:06:32.015Z,,,,
hv1-e002596,hv1-u00697,task_first,hv1:main:50,paid_social,trial_started,2026-08-15T15:30:00.841Z,,,,
hv1-e000666,hv1-u00177,baseline,hv1:main:50,referral,revisited,2026-08-15T15:46:27.901Z,,,n-hv1-u00177,
hv1-e000667,hv1-u00177,baseline,hv1:main:50,referral,task_completed,2026-08-15T15:51:27.901Z,,,n-hv1-u00177,t-hv1-u00177-1
hv1-e001325,hv1-u00353,task_first,hv1:main:50,organic_search,revisited,2026-08-15T16:32:14.934Z,,,n-hv1-u00353,
hv1-e001610,hv1-u00434,baseline,hv1:main:50,referral,revisited,2026-08-15T16:32:53.145Z,,,n-hv1-u00434,
hv1-e001326,hv1-u00353,task_first,hv1:main:50,organic_search,task_completed,2026-08-15T16:37:14.934Z,,,n-hv1-u00353,t-hv1-u00353-1
hv1-e000040,hv1-u00012,baseline,hv1:main:50,referral,assigned,2026-08-15T16:55:39.247Z,,,,
hv1-e000041,hv1-u00012,baseline,hv1:main:50,referral,note_saved,2026-08-15T16:59:39.247Z,,,n-hv1-u00012,
hv1-e000042,hv1-u00012,baseline,hv1:main:50,referral,task_created,2026-08-15T17:01:39.247Z,,,n-hv1-u00012,t-hv1-u00012-1
hv1-e000043,hv1-u00012,baseline,hv1:main:50,referral,task_created,2026-08-15T17:02:39.247Z,,,n-hv1-u00012,t-hv1-u00012-2
hv1-e002790,hv1-u00751,baseline,hv1:main:50,paid_social,trial_started,2026-08-15T18:01:40.616Z,,,,
hv1-e000431,hv1-u00111,task_first,hv1:main:50,app_store,assigned,2026-08-15T18:05:05.015Z,,,,
hv1-e000432,hv1-u00111,task_first,hv1:main:50,app_store,note_saved,2026-08-15T18:09:05.015Z,,,n-hv1-u00111,
hv1-e003155,hv1-u00853,baseline,hv1:main:50,organic_search,assigned,2026-08-15T18:10:30.830Z,,,,
hv1-e003156,hv1-u00853,baseline,hv1:main:50,organic_search,note_saved,2026-08-15T18:14:30.830Z,,,n-hv1-u00853,
hv1-e000461,hv1-u00121,task_first,hv1:main:50,app_store,assigned,2026-08-15T18:17:54.506Z,,,,
hv1-e000462,hv1-u00121,task_first,hv1:main:50,app_store,note_saved,2026-08-15T18:21:54.506Z,,,n-hv1-u00121,
hv1-e000463,hv1-u00121,task_first,hv1:main:50,app_store,task_created,2026-08-15T18:23:54.506Z,,,n-hv1-u00121,t-hv1-u00121-1
hv1-e003263,hv1-u00885,task_first,hv1:main:50,paid_social,revisited,2026-08-15T18:37:22.765Z,,,n-hv1-u00885,
hv1-e003456,hv1-u00939,baseline,hv1:main:50,organic_search,assigned,2026-08-15T19:16:37.205Z,,,,
hv1-e003457,hv1-u00939,baseline,hv1:main:50,organic_search,note_saved,2026-08-15T19:20:37.205Z,,,n-hv1-u00939,
hv1-e000984,hv1-u00260,baseline,hv1:main:50,organic_search,cancelled,2026-08-15T19:20:58.462Z,,,,
hv1-e002252,hv1-u00604,task_first,hv1:main:50,paid_social,assigned,2026-08-15T19:36:22.300Z,,,,
hv1-e002253,hv1-u00604,task_first,hv1:main:50,paid_social,note_saved,2026-08-15T19:40:22.300Z,,,n-hv1-u00604,
hv1-e002254,hv1-u00604,task_first,hv1:main:50,paid_social,task_created,2026-08-15T19:42:22.300Z,,,n-hv1-u00604,t-hv1-u00604-1
hv1-e003565,hv1-u00970,baseline,hv1:main:50,organic_search,trial_started,2026-08-15T19:42:56.763Z,,,,
hv1-e003161,hv1-u00855,baseline,hv1:main:50,organic_search,assigned,2026-08-15T19:46:26.817Z,,,,
hv1-e003315,hv1-u00903,task_first,hv1:main:50,paid_social,assigned,2026-08-15T20:06:52.309Z,,,,
hv1-e003316,hv1-u00903,task_first,hv1:main:50,paid_social,note_saved,2026-08-15T20:10:52.309Z,,,n-hv1-u00903,
hv1-e001479,hv1-u00395,baseline,hv1:main:50,paid_social,assigned,2026-08-15T20:12:21.176Z,,,,
hv1-e003317,hv1-u00903,task_first,hv1:main:50,paid_social,task_created,2026-08-15T20:12:52.309Z,,,n-hv1-u00903,t-hv1-u00903-1
hv1-e003318,hv1-u00903,task_first,hv1:main:50,paid_social,task_created,2026-08-15T20:13:52.309Z,,,n-hv1-u00903,t-hv1-u00903-2
hv1-e003319,hv1-u00903,task_first,hv1:main:50,paid_social,task_created,2026-08-15T20:14:52.309Z,,,n-hv1-u00903,t-hv1-u00903-3
hv1-e001480,hv1-u00395,baseline,hv1:main:50,paid_social,note_saved,2026-08-15T20:16:21.176Z,,,n-hv1-u00395,
hv1-e001481,hv1-u00395,baseline,hv1:main:50,paid_social,task_created,2026-08-15T20:18:21.176Z,,,n-hv1-u00395,t-hv1-u00395-1
hv1-e000582,hv1-u00157,baseline,hv1:main:50,app_store,assigned,2026-08-15T20:33:07.653Z,,,,
hv1-e000583,hv1-u00157,baseline,hv1:main:50,app_store,note_saved,2026-08-15T20:37:07.653Z,,,n-hv1-u00157,
hv1-e000584,hv1-u00157,baseline,hv1:main:50,app_store,task_created,2026-08-15T20:39:07.653Z,,,n-hv1-u00157,t-hv1-u00157-1
hv1-e000585,hv1-u00157,baseline,hv1:main:50,app_store,task_created,2026-08-15T20:40:07.653Z,,,n-hv1-u00157,t-hv1-u00157-2
hv1-e002802,hv1-u00756,task_first,hv1:main:50,paid_social,assigned,2026-08-15T22:44:50.129Z,,,,
hv1-e002803,hv1-u00756,task_first,hv1:main:50,paid_social,note_saved,2026-08-15T22:48:50.129Z,,,n-hv1-u00756,
hv1-e002804,hv1-u00756,task_first,hv1:main:50,paid_social,task_created,2026-08-15T22:50:50.129Z,,,n-hv1-u00756,t-hv1-u00756-1
hv1-e000275,hv1-u00071,task_first,hv1:main:50,paid_social,assigned,2026-08-15T23:24:35.452Z,,,,
hv1-e001986,hv1-u00532,task_first,hv1:main:50,paid_social,revisited,2026-08-15T23:26:03.481Z,,,n-hv1-u00532,
hv1-e000276,hv1-u00071,task_first,hv1:main:50,paid_social,note_saved,2026-08-15T23:28:35.452Z,,,n-hv1-u00071,
hv1-e001761,hv1-u00476,task_first,hv1:main:50,referral,revisited,2026-08-15T23:30:16.169Z,,,n-hv1-u00476,
hv1-e000277,hv1-u00071,task_first,hv1:main:50,paid_social,task_created,2026-08-15T23:30:35.452Z,,,n-hv1-u00071,t-hv1-u00071-1
hv1-e001421,hv1-u00375,task_first,hv1:main:50,paid_social,revisited,2026-08-15T23:36:52.160Z,,,n-hv1-u00375,
hv1-e001466,hv1-u00391,task_first,hv1:main:50,paid_social,assigned,2026-08-16T00:07:30.455Z,,,,
hv1-e001467,hv1-u00391,task_first,hv1:main:50,paid_social,note_saved,2026-08-16T00:11:30.455Z,,,n-hv1-u00391,
hv1-e000034,hv1-u00010,baseline,hv1:main:50,organic_search,revisited,2026-08-16T00:37:02.201Z,,,n-hv1-u00010,
hv1-e001827,hv1-u00496,baseline,hv1:main:50,paid_social,assigned,2026-08-16T01:30:15.688Z,,,,
hv1-e001828,hv1-u00496,baseline,hv1:main:50,paid_social,note_saved,2026-08-16T01:34:15.688Z,,,n-hv1-u00496,
hv1-e001829,hv1-u00496,baseline,hv1:main:50,paid_social,task_created,2026-08-16T01:36:15.688Z,,,n-hv1-u00496,t-hv1-u00496-1
hv1-e001830,hv1-u00496,baseline,hv1:main:50,paid_social,task_created,2026-08-16T01:37:15.688Z,,,n-hv1-u00496,t-hv1-u00496-2
hv1-e001831,hv1-u00496,baseline,hv1:main:50,paid_social,task_created,2026-08-16T01:38:15.688Z,,,n-hv1-u00496,t-hv1-u00496-3
hv1-e002398,hv1-u00645,task_first,hv1:main:50,organic_search,assigned,2026-08-16T01:43:49.230Z,,,,
hv1-e002399,hv1-u00645,task_first,hv1:main:50,organic_search,note_saved,2026-08-16T01:47:49.230Z,,,n-hv1-u00645,
hv1-e002400,hv1-u00645,task_first,hv1:main:50,organic_search,task_created,2026-08-16T01:49:49.230Z,,,n-hv1-u00645,t-hv1-u00645-1
hv1-e002401,hv1-u00645,task_first,hv1:main:50,organic_search,task_created,2026-08-16T01:50:49.230Z,,,n-hv1-u00645,t-hv1-u00645-2
hv1-e002579,hv1-u00693,baseline,hv1:main:50,referral,assigned,2026-08-16T02:28:16.454Z,,,,
hv1-e002580,hv1-u00693,baseline,hv1:main:50,referral,note_saved,2026-08-16T02:32:16.454Z,,,n-hv1-u00693,
hv1-e001550,hv1-u00413,task_first,hv1:main:50,organic_search,paid,2026-08-16T02:43:27.578Z,10.00,XTS,,
hv1-e003312,hv1-u00902,task_first,hv1:main:50,app_store,assigned,2026-08-16T04:10:49.730Z,,,,
hv1-e003313,hv1-u00902,task_first,hv1:main:50,app_store,note_saved,2026-08-16T04:14:49.730Z,,,n-hv1-u00902,
hv1-e003235,hv1-u00877,task_first,hv1:main:50,organic_search,revisited,2026-08-16T04:21:18.578Z,,,n-hv1-u00877,
hv1-e002769,hv1-u00745,baseline,hv1:main:50,organic_search,trial_started,2026-08-16T04:30:43.854Z,,,,
hv1-e001663,hv1-u00451,task_first,hv1:main:50,organic_search,assigned,2026-08-16T04:38:35.443Z,,,,
hv1-e003334,hv1-u00906,baseline,hv1:main:50,organic_search,assigned,2026-08-16T04:42:07.851Z,,,,
hv1-e001664,hv1-u00451,task_first,hv1:main:50,organic_search,note_saved,2026-08-16T04:42:35.443Z,,,n-hv1-u00451,
hv1-e001665,hv1-u00451,task_first,hv1:main:50,organic_search,task_created,2026-08-16T04:44:35.443Z,,,n-hv1-u00451,t-hv1-u00451-1
hv1-e003335,hv1-u00906,baseline,hv1:main:50,organic_search,note_saved,2026-08-16T04:46:07.851Z,,,n-hv1-u00906,
hv1-e002478,hv1-u00669,task_first,hv1:main:50,paid_social,assigned,2026-08-16T05:03:20.502Z,,,,
hv1-e002825,hv1-u00766,task_first,hv1:main:50,referral,assigned,2026-08-16T05:04:39.824Z,,,,
hv1-e002479,hv1-u00669,task_first,hv1:main:50,paid_social,note_saved,2026-08-16T05:07:20.502Z,,,n-hv1-u00669,
hv1-e001311,hv1-u00350,baseline,hv1:main:50,referral,paid,2026-08-16T05:37:16.771Z,10.00,XTS,,
hv1-e001501,hv1-u00403,task_first,hv1:main:50,organic_search,assigned,2026-08-16T05:51:51Z,,,,
hv1-e003126,hv1-u00845,task_first,hv1:main:50,paid_social,revisited,2026-08-16T05:53:03.444Z,,,n-hv1-u00845,
hv1-e001502,hv1-u00403,task_first,hv1:main:50,organic_search,note_saved,2026-08-16T05:55:51Z,,,n-hv1-u00403,
hv1-e001503,hv1-u00403,task_first,hv1:main:50,organic_search,task_created,2026-08-16T05:57:51Z,,,n-hv1-u00403,t-hv1-u00403-1
hv1-e003127,hv1-u00845,task_first,hv1:main:50,paid_social,task_completed,2026-08-16T05:58:03.444Z,,,n-hv1-u00845,t-hv1-u00845-1
hv1-e001504,hv1-u00403,task_first,hv1:main:50,organic_search,task_created,2026-08-16T05:58:51Z,,,n-hv1-u00403,t-hv1-u00403-2
hv1-e001237,hv1-u00329,baseline,hv1:main:50,referral,revisited,2026-08-16T06:01:30.153Z,,,n-hv1-u00329,
hv1-e001238,hv1-u00329,baseline,hv1:main:50,referral,task_completed,2026-08-16T06:06:30.153Z,,,n-hv1-u00329,t-hv1-u00329-1
hv1-e001371,hv1-u00367,task_first,hv1:main:50,organic_search,assigned,2026-08-16T06:25:19.133Z,,,,
hv1-e002201,hv1-u00589,baseline,hv1:main:50,paid_social,assigned,2026-08-16T06:27:28.627Z,,,,
hv1-e001372,hv1-u00367,task_first,hv1:main:50,organic_search,note_saved,2026-08-16T06:29:19.133Z,,,n-hv1-u00367,
hv1-e001373,hv1-u00367,task_first,hv1:main:50,organic_search,task_created,2026-08-16T06:31:19.133Z,,,n-hv1-u00367,t-hv1-u00367-1
hv1-e002202,hv1-u00589,baseline,hv1:main:50,paid_social,note_saved,2026-08-16T06:31:28.627Z,,,n-hv1-u00589,
hv1-e001374,hv1-u00367,task_first,hv1:main:50,organic_search,task_created,2026-08-16T06:32:19.133Z,,,n-hv1-u00367,t-hv1-u00367-2
hv1-e001375,hv1-u00367,task_first,hv1:main:50,organic_search,task_created,2026-08-16T06:33:19.133Z,,,n-hv1-u00367,t-hv1-u00367-3
hv1-e002218,hv1-u00592,baseline,hv1:main:50,referral,trial_started,2026-08-16T06:38:57.767Z,,,,
hv1-e002522,hv1-u00677,task_first,hv1:main:50,paid_social,assigned,2026-08-16T06:55:15.730Z,,,,
hv1-e002523,hv1-u00677,task_first,hv1:main:50,paid_social,note_saved,2026-08-16T06:59:15.730Z,,,n-hv1-u00677,
hv1-e002524,hv1-u00677,task_first,hv1:main:50,paid_social,task_created,2026-08-16T07:01:15.730Z,,,n-hv1-u00677,t-hv1-u00677-1
hv1-e002525,hv1-u00677,task_first,hv1:main:50,paid_social,task_created,2026-08-16T07:02:15.730Z,,,n-hv1-u00677,t-hv1-u00677-2
hv1-e001755,hv1-u00475,baseline,hv1:main:50,paid_social,assigned,2026-08-16T07:02:32.815Z,,,,
hv1-e002526,hv1-u00677,task_first,hv1:main:50,paid_social,task_created,2026-08-16T07:03:15.730Z,,,n-hv1-u00677,t-hv1-u00677-3
hv1-e001756,hv1-u00475,baseline,hv1:main:50,paid_social,note_saved,2026-08-16T07:06:32.815Z,,,n-hv1-u00475,
hv1-e001796,hv1-u00487,baseline,hv1:main:50,paid_social,assigned,2026-08-16T07:10:34.902Z,,,,
hv1-e001797,hv1-u00487,baseline,hv1:main:50,paid_social,note_saved,2026-08-16T07:14:34.902Z,,,n-hv1-u00487,
hv1-e000691,hv1-u00186,task_first,hv1:main:50,organic_search,assigned,2026-08-16T07:35:39.033Z,,,,
hv1-e000955,hv1-u00253,baseline,hv1:main:50,app_store,revisited,2026-08-16T07:42:41.405Z,,,n-hv1-u00253,
hv1-e001757,hv1-u00475,baseline,hv1:main:50,paid_social,trial_started,2026-08-16T08:02:32.815Z,,,,
hv1-e003419,hv1-u00927,task_first,hv1:main:50,paid_social,revisited,2026-08-16T08:27:42.698Z,,,n-hv1-u00927,
hv1-e002348,hv1-u00630,baseline,hv1:main:50,app_store,assigned,2026-08-16T08:30:15.658Z,,,,
hv1-e002349,hv1-u00630,baseline,hv1:main:50,app_store,note_saved,2026-08-16T08:34:15.658Z,,,n-hv1-u00630,
hv1-e002350,hv1-u00630,baseline,hv1:main:50,app_store,task_created,2026-08-16T08:36:15.658Z,,,n-hv1-u00630,t-hv1-u00630-1
hv1-e001977,hv1-u00530,baseline,hv1:main:50,app_store,assigned,2026-08-16T08:40:20.218Z,,,,
hv1-e001514,hv1-u00405,baseline,hv1:main:50,organic_search,assigned,2026-08-16T08:41:57.310Z,,,,
hv1-e001978,hv1-u00530,baseline,hv1:main:50,app_store,note_saved,2026-08-16T08:44:20.218Z,,,n-hv1-u00530,
hv1-e001515,hv1-u00405,baseline,hv1:main:50,organic_search,note_saved,2026-08-16T08:45:57.310Z,,,n-hv1-u00405,
hv1-e001516,hv1-u00405,baseline,hv1:main:50,organic_search,task_created,2026-08-16T08:47:57.310Z,,,n-hv1-u00405,t-hv1-u00405-1
hv1-e001517,hv1-u00405,baseline,hv1:main:50,organic_search,task_created,2026-08-16T08:48:57.310Z,,,n-hv1-u00405,t-hv1-u00405-2
hv1-e003187,hv1-u00864,baseline,hv1:main:50,organic_search,assigned,2026-08-16T08:51:51.763Z,,,,
hv1-e002746,hv1-u00738,baseline,hv1:main:50,organic_search,revisited,2026-08-16T09:16:55.452Z,,,n-hv1-u00738,
hv1-e002747,hv1-u00738,baseline,hv1:main:50,organic_search,task_completed,2026-08-16T09:21:55.452Z,,,n-hv1-u00738,t-hv1-u00738-1
hv1-e000895,hv1-u00236,task_first,hv1:main:50,organic_search,assigned,2026-08-16T09:25:05.009Z,,,,
hv1-e000896,hv1-u00236,task_first,hv1:main:50,organic_search,note_saved,2026-08-16T09:29:05.009Z,,,n-hv1-u00236,
hv1-e000897,hv1-u00236,task_first,hv1:main:50,organic_search,task_created,2026-08-16T09:31:05.009Z,,,n-hv1-u00236,t-hv1-u00236-1
hv1-e000898,hv1-u00236,task_first,hv1:main:50,organic_search,task_created,2026-08-16T09:32:05.009Z,,,n-hv1-u00236,t-hv1-u00236-2
hv1-e000764,hv1-u00200,baseline,hv1:main:50,organic_search,revisited,2026-08-16T10:12:10.943Z,,,n-hv1-u00200,
hv1-e002653,hv1-u00714,baseline,hv1:main:50,app_store,revisited,2026-08-16T10:20:11.010Z,,,n-hv1-u00714,
hv1-e002654,hv1-u00714,baseline,hv1:main:50,app_store,task_completed,2026-08-16T10:25:11.010Z,,,n-hv1-u00714,t-hv1-u00714-1
hv1-e001212,hv1-u00322,baseline,hv1:main:50,paid_social,assigned,2026-08-16T10:46:07.837Z,,,,
hv1-e003649,hv1-u00990,task_first,hv1:main:50,organic_search,trial_started,2026-08-16T10:47:02.330Z,,,,
hv1-e001213,hv1-u00322,baseline,hv1:main:50,paid_social,note_saved,2026-08-16T10:50:07.837Z,,,n-hv1-u00322,
hv1-e001214,hv1-u00322,baseline,hv1:main:50,paid_social,task_created,2026-08-16T10:52:07.837Z,,,n-hv1-u00322,t-hv1-u00322-1
hv1-e001215,hv1-u00322,baseline,hv1:main:50,paid_social,task_created,2026-08-16T10:53:07.837Z,,,n-hv1-u00322,t-hv1-u00322-2
hv1-e001149,hv1-u00302,task_first,hv1:main:50,organic_search,revisited,2026-08-16T11:01:54.473Z,,,n-hv1-u00302,
hv1-e000774,hv1-u00202,baseline,hv1:main:50,app_store,trial_started,2026-08-16T11:08:36.498Z,,,,
hv1-e002784,hv1-u00750,task_first,hv1:main:50,organic_search,assigned,2026-08-16T11:40:26.910Z,,,,
hv1-e003110,hv1-u00841,task_first,hv1:main:50,organic_search,revisited,2026-08-16T11:43:31.790Z,,,n-hv1-u00841,
hv1-e002785,hv1-u00750,task_first,hv1:main:50,organic_search,note_saved,2026-08-16T11:44:26.910Z,,,n-hv1-u00750,
hv1-e002786,hv1-u00750,task_first,hv1:main:50,organic_search,task_created,2026-08-16T11:46:26.910Z,,,n-hv1-u00750,t-hv1-u00750-1
hv1-e002241,hv1-u00600,task_first,hv1:main:50,paid_social,trial_started,2026-08-16T12:05:57.942Z,,,,
hv1-e002787,hv1-u00750,task_first,hv1:main:50,organic_search,trial_started,2026-08-16T12:40:26.910Z,,,,
hv1-e002667,hv1-u00719,task_first,hv1:main:50,app_store,revisited,2026-08-16T12:54:00.616Z,,,n-hv1-u00719,
hv1-e000185,hv1-u00047,baseline,hv1:main:50,app_store,assigned,2026-08-16T13:02:34.556Z,,,,
hv1-e001852,hv1-u00501,baseline,hv1:main:50,paid_social,assigned,2026-08-16T13:04:30.684Z,,,,
hv1-e001029,hv1-u00273,task_first,hv1:main:50,referral,trial_started,2026-08-16T13:08:18.326Z,,,,
hv1-e001853,hv1-u00501,baseline,hv1:main:50,paid_social,note_saved,2026-08-16T13:08:30.684Z,,,n-hv1-u00501,
hv1-e001854,hv1-u00501,baseline,hv1:main:50,paid_social,task_created,2026-08-16T13:10:30.684Z,,,n-hv1-u00501,t-hv1-u00501-1
hv1-e001855,hv1-u00501,baseline,hv1:main:50,paid_social,task_created,2026-08-16T13:11:30.684Z,,,n-hv1-u00501,t-hv1-u00501-2
hv1-e001856,hv1-u00501,baseline,hv1:main:50,paid_social,task_created,2026-08-16T13:12:30.684Z,,,n-hv1-u00501,t-hv1-u00501-3
hv1-e000936,hv1-u00249,task_first,hv1:main:50,app_store,assigned,2026-08-16T13:33:49.355Z,,,,
hv1-e000937,hv1-u00249,task_first,hv1:main:50,app_store,note_saved,2026-08-16T13:37:49.355Z,,,n-hv1-u00249,
hv1-e000938,hv1-u00249,task_first,hv1:main:50,app_store,task_created,2026-08-16T13:39:49.355Z,,,n-hv1-u00249,t-hv1-u00249-1
hv1-e000939,hv1-u00249,task_first,hv1:main:50,app_store,task_created,2026-08-16T13:40:49.355Z,,,n-hv1-u00249,t-hv1-u00249-2
hv1-e000751,hv1-u00198,task_first,hv1:main:50,app_store,assigned,2026-08-16T13:49:40.715Z,,,,
hv1-e000752,hv1-u00198,task_first,hv1:main:50,app_store,note_saved,2026-08-16T13:53:40.715Z,,,n-hv1-u00198,
hv1-e000753,hv1-u00198,task_first,hv1:main:50,app_store,task_created,2026-08-16T13:55:40.715Z,,,n-hv1-u00198,t-hv1-u00198-1
hv1-e000754,hv1-u00198,task_first,hv1:main:50,app_store,task_created,2026-08-16T13:56:40.715Z,,,n-hv1-u00198,t-hv1-u00198-2
hv1-e001296,hv1-u00346,task_first,hv1:main:50,referral,assigned,2026-08-16T13:57:52.731Z,,,,
hv1-e001297,hv1-u00346,task_first,hv1:main:50,referral,note_saved,2026-08-16T14:01:52.731Z,,,n-hv1-u00346,
hv1-e000186,hv1-u00047,baseline,hv1:main:50,app_store,trial_started,2026-08-16T14:02:34.556Z,,,,
hv1-e001298,hv1-u00346,task_first,hv1:main:50,referral,task_created,2026-08-16T14:03:52.731Z,,,n-hv1-u00346,t-hv1-u00346-1
hv1-e001624,hv1-u00438,task_first,hv1:main:50,paid_social,assigned,2026-08-16T14:15:07.071Z,,,,
hv1-e001625,hv1-u00438,task_first,hv1:main:50,paid_social,note_saved,2026-08-16T14:19:07.071Z,,,n-hv1-u00438,
hv1-e001912,hv1-u00514,baseline,hv1:main:50,app_store,revisited,2026-08-16T14:20:47.177Z,,,n-hv1-u00514,
hv1-e001626,hv1-u00438,task_first,hv1:main:50,paid_social,task_created,2026-08-16T14:21:07.071Z,,,n-hv1-u00438,t-hv1-u00438-1
hv1-e001627,hv1-u00438,task_first,hv1:main:50,paid_social,task_created,2026-08-16T14:22:07.071Z,,,n-hv1-u00438,t-hv1-u00438-2
hv1-e001628,hv1-u00438,task_first,hv1:main:50,paid_social,task_created,2026-08-16T14:23:07.071Z,,,n-hv1-u00438,t-hv1-u00438-3
hv1-e001783,hv1-u00483,baseline,hv1:main:50,referral,assigned,2026-08-16T15:30:34.527Z,,,,
hv1-e001784,hv1-u00483,baseline,hv1:main:50,referral,note_saved,2026-08-16T15:34:34.527Z,,,n-hv1-u00483,
hv1-e001036,hv1-u00275,task_first,hv1:main:50,paid_social,assigned,2026-08-16T15:54:56.496Z,,,,
hv1-e001037,hv1-u00275,task_first,hv1:main:50,paid_social,note_saved,2026-08-16T15:58:56.496Z,,,n-hv1-u00275,
hv1-e001038,hv1-u00275,task_first,hv1:main:50,paid_social,task_created,2026-08-16T16:00:56.496Z,,,n-hv1-u00275,t-hv1-u00275-1
hv1-e001039,hv1-u00275,task_first,hv1:main:50,paid_social,task_created,2026-08-16T16:01:56.496Z,,,n-hv1-u00275,t-hv1-u00275-2
hv1-e001031,hv1-u00274,baseline,hv1:main:50,paid_social,assigned,2026-08-16T16:19:13.579Z,,,,
hv1-e001032,hv1-u00274,baseline,hv1:main:50,paid_social,note_saved,2026-08-16T16:23:13.579Z,,,n-hv1-u00274,
hv1-e001033,hv1-u00274,baseline,hv1:main:50,paid_social,task_created,2026-08-16T16:25:13.579Z,,,n-hv1-u00274,t-hv1-u00274-1
hv1-e000154,hv1-u00040,task_first,hv1:main:50,referral,revisited,2026-08-16T16:35:22.978Z,,,n-hv1-u00040,
hv1-e000625,hv1-u00169,task_first,hv1:main:50,paid_social,assigned,2026-08-16T16:39:49.812Z,,,,
hv1-e000626,hv1-u00169,task_first,hv1:main:50,paid_social,note_saved,2026-08-16T16:43:49.812Z,,,n-hv1-u00169,
hv1-e000627,hv1-u00169,task_first,hv1:main:50,paid_social,task_created,2026-08-16T16:45:49.812Z,,,n-hv1-u00169,t-hv1-u00169-1
hv1-e000628,hv1-u00169,task_first,hv1:main:50,paid_social,task_created,2026-08-16T16:46:49.812Z,,,n-hv1-u00169,t-hv1-u00169-2
hv1-e002680,hv1-u00722,baseline,hv1:main:50,organic_search,assigned,2026-08-16T16:47:57.419Z,,,,
hv1-e002681,hv1-u00722,baseline,hv1:main:50,organic_search,note_saved,2026-08-16T16:51:57.419Z,,,n-hv1-u00722,
hv1-e002687,hv1-u00724,baseline,hv1:main:50,organic_search,assigned,2026-08-16T16:55:52.385Z,,,,
hv1-e001095,hv1-u00287,baseline,hv1:main:50,organic_search,revisited,2026-08-16T17:16:49.250Z,,,n-hv1-u00287,
hv1-e002480,hv1-u00670,task_first,hv1:main:50,organic_search,assigned,2026-08-16T17:17:35.345Z,,,,
hv1-e002343,hv1-u00628,baseline,hv1:main:50,app_store,revisited,2026-08-16T17:17:37.360Z,,,n-hv1-u00628,
hv1-e002481,hv1-u00670,task_first,hv1:main:50,organic_search,note_saved,2026-08-16T17:21:35.345Z,,,n-hv1-u00670,
hv1-e001096,hv1-u00287,baseline,hv1:main:50,organic_search,task_completed,2026-08-16T17:21:49.250Z,,,n-hv1-u00287,t-hv1-u00287-1
hv1-e002344,hv1-u00628,baseline,hv1:main:50,app_store,task_completed,2026-08-16T17:22:37.360Z,,,n-hv1-u00628,t-hv1-u00628-1
hv1-e002482,hv1-u00670,task_first,hv1:main:50,organic_search,task_created,2026-08-16T17:23:35.345Z,,,n-hv1-u00670,t-hv1-u00670-1
hv1-e002483,hv1-u00670,task_first,hv1:main:50,organic_search,task_created,2026-08-16T17:24:35.345Z,,,n-hv1-u00670,t-hv1-u00670-2
hv1-e002484,hv1-u00670,task_first,hv1:main:50,organic_search,task_created,2026-08-16T17:25:35.345Z,,,n-hv1-u00670,t-hv1-u00670-3
hv1-e001611,hv1-u00434,baseline,hv1:main:50,referral,trial_started,2026-08-16T17:32:53.145Z,,,,
hv1-e000932,hv1-u00247,baseline,hv1:main:50,paid_social,assigned,2026-08-16T17:39:23.341Z,,,,
hv1-e000933,hv1-u00247,baseline,hv1:main:50,paid_social,note_saved,2026-08-16T17:43:23.341Z,,,n-hv1-u00247,
hv1-e000445,hv1-u00117,task_first,hv1:main:50,organic_search,assigned,2026-08-16T17:44:32.975Z,,,,
hv1-e001848,hv1-u00499,baseline,hv1:main:50,organic_search,revisited,2026-08-16T17:46:08.188Z,,,n-hv1-u00499,
hv1-e000446,hv1-u00117,task_first,hv1:main:50,organic_search,note_saved,2026-08-16T17:48:32.975Z,,,n-hv1-u00117,
hv1-e001849,hv1-u00499,baseline,hv1:main:50,organic_search,task_completed,2026-08-16T17:51:08.188Z,,,n-hv1-u00499,t-hv1-u00499-1
hv1-e003302,hv1-u00899,task_first,hv1:main:50,app_store,assigned,2026-08-16T18:09:20.041Z,,,,
hv1-e003303,hv1-u00899,task_first,hv1:main:50,app_store,note_saved,2026-08-16T18:13:20.041Z,,,n-hv1-u00899,
hv1-e001867,hv1-u00504,task_first,hv1:main:50,organic_search,assigned,2026-08-16T18:14:55.170Z,,,,
hv1-e003304,hv1-u00899,task_first,hv1:main:50,app_store,task_created,2026-08-16T18:15:20.041Z,,,n-hv1-u00899,t-hv1-u00899-1
hv1-e001868,hv1-u00504,task_first,hv1:main:50,organic_search,note_saved,2026-08-16T18:18:55.170Z,,,n-hv1-u00504,
hv1-e000448,hv1-u00117,task_first,hv1:main:50,organic_search,trial_started,2026-08-16T18:44:32.975Z,,,,
hv1-e002852,hv1-u00774,task_first,hv1:main:50,paid_social,revisited,2026-08-16T19:26:53.672Z,,,n-hv1-u00774,
hv1-e002853,hv1-u00774,task_first,hv1:main:50,paid_social,task_completed,2026-08-16T19:31:53.672Z,,,n-hv1-u00774,t-hv1-u00774-1
hv1-e000856,hv1-u00226,task_first,hv1:main:50,organic_search,revisited,2026-08-16T19:58:48.830Z,,,n-hv1-u00226,
hv1-e002752,hv1-u00740,task_first,hv1:main:50,app_store,assigned,2026-08-16T20:33:09.864Z,,,,
hv1-e002753,hv1-u00740,task_first,hv1:main:50,app_store,note_saved,2026-08-16T20:37:09.864Z,,,n-hv1-u00740,
hv1-e002754,hv1-u00740,task_first,hv1:main:50,app_store,task_created,2026-08-16T20:39:09.864Z,,,n-hv1-u00740,t-hv1-u00740-1
hv1-e003290,hv1-u00893,task_first,hv1:main:50,organic_search,revisited,2026-08-16T20:50:29.792Z,,,n-hv1-u00893,
hv1-e001206,hv1-u00320,task_first,hv1:main:50,paid_social,assigned,2026-08-16T20:51:33.072Z,,,,
hv1-e001838,hv1-u00498,baseline,hv1:main:50,paid_social,assigned,2026-08-16T20:52:01.659Z,,,,
hv1-e003291,hv1-u00893,task_first,hv1:main:50,organic_search,task_completed,2026-08-16T20:55:29.792Z,,,n-hv1-u00893,t-hv1-u00893-1
hv1-e001207,hv1-u00320,task_first,hv1:main:50,paid_social,note_saved,2026-08-16T20:55:33.072Z,,,n-hv1-u00320,
hv1-e001839,hv1-u00498,baseline,hv1:main:50,paid_social,note_saved,2026-08-16T20:56:01.659Z,,,n-hv1-u00498,
hv1-e001840,hv1-u00498,baseline,hv1:main:50,paid_social,task_created,2026-08-16T20:58:01.659Z,,,n-hv1-u00498,t-hv1-u00498-1
hv1-e001841,hv1-u00498,baseline,hv1:main:50,paid_social,task_created,2026-08-16T20:59:01.659Z,,,n-hv1-u00498,t-hv1-u00498-2
hv1-e001842,hv1-u00498,baseline,hv1:main:50,paid_social,task_created,2026-08-16T21:00:01.659Z,,,n-hv1-u00498,t-hv1-u00498-3
hv1-e000966,hv1-u00256,task_first,hv1:main:50,paid_social,assigned,2026-08-16T21:17:43.255Z,,,,
hv1-e000967,hv1-u00256,task_first,hv1:main:50,paid_social,note_saved,2026-08-16T21:21:43.255Z,,,n-hv1-u00256,
hv1-e000968,hv1-u00256,task_first,hv1:main:50,paid_social,task_created,2026-08-16T21:23:43.255Z,,,n-hv1-u00256,t-hv1-u00256-1
hv1-e000969,hv1-u00256,task_first,hv1:main:50,paid_social,task_created,2026-08-16T21:24:43.255Z,,,n-hv1-u00256,t-hv1-u00256-2
hv1-e000970,hv1-u00256,task_first,hv1:main:50,paid_social,task_created,2026-08-16T21:25:43.255Z,,,n-hv1-u00256,t-hv1-u00256-3
hv1-e003083,hv1-u00834,baseline,hv1:main:50,referral,revisited,2026-08-16T21:30:47.263Z,,,n-hv1-u00834,
hv1-e000710,hv1-u00191,baseline,hv1:main:50,organic_search,revisited,2026-08-16T21:33:38.809Z,,,n-hv1-u00191,
hv1-e000396,hv1-u00101,baseline,hv1:main:50,paid_social,revisited,2026-08-16T22:18:53.208Z,,,n-hv1-u00101,
hv1-e000397,hv1-u00101,baseline,hv1:main:50,paid_social,task_completed,2026-08-16T22:23:53.208Z,,,n-hv1-u00101,t-hv1-u00101-1
hv1-e000027,hv1-u00008,task_first,hv1:main:50,organic_search,revisited,2026-08-16T22:30:44.280Z,,,n-hv1-u00008,
hv1-e000028,hv1-u00008,task_first,hv1:main:50,organic_search,task_completed,2026-08-16T22:35:44.280Z,,,n-hv1-u00008,t-hv1-u00008-1
hv1-e001552,hv1-u00414,task_first,hv1:main:50,paid_social,assigned,2026-08-16T22:51:55.216Z,,,,
hv1-e001553,hv1-u00414,task_first,hv1:main:50,paid_social,note_saved,2026-08-16T22:55:55.216Z,,,n-hv1-u00414,
hv1-e001566,hv1-u00419,task_first,hv1:main:50,paid_social,assigned,2026-08-16T23:44:34.683Z,,,,
hv1-e001554,hv1-u00414,task_first,hv1:main:50,paid_social,trial_started,2026-08-16T23:51:55.216Z,,,,
hv1-e001685,hv1-u00456,task_first,hv1:main:50,app_store,revisited,2026-08-17T00:04:07.857Z,,,n-hv1-u00456,
hv1-e001686,hv1-u00456,task_first,hv1:main:50,app_store,task_completed,2026-08-17T00:09:07.857Z,,,n-hv1-u00456,t-hv1-u00456-1
hv1-e000595,hv1-u00159,task_first,hv1:main:50,paid_social,assigned,2026-08-17T00:16:07.848Z,,,,
hv1-e002873,hv1-u00781,baseline,hv1:main:50,paid_social,assigned,2026-08-17T00:21:59.512Z,,,,
hv1-e001097,hv1-u00288,task_first,hv1:main:50,paid_social,assigned,2026-08-17T00:24:46.976Z,,,,
hv1-e002874,hv1-u00781,baseline,hv1:main:50,paid_social,note_saved,2026-08-17T00:25:59.512Z,,,n-hv1-u00781,
hv1-e001098,hv1-u00288,task_first,hv1:main:50,paid_social,note_saved,2026-08-17T00:28:46.976Z,,,n-hv1-u00288,
hv1-e001099,hv1-u00288,task_first,hv1:main:50,paid_social,task_created,2026-08-17T00:30:46.976Z,,,n-hv1-u00288,t-hv1-u00288-1
hv1-e000161,hv1-u00042,baseline,hv1:main:50,organic_search,assigned,2026-08-17T00:38:42.209Z,,,,
hv1-e000162,hv1-u00042,baseline,hv1:main:50,organic_search,note_saved,2026-08-17T00:42:42.209Z,,,n-hv1-u00042,
hv1-e000163,hv1-u00042,baseline,hv1:main:50,organic_search,task_created,2026-08-17T00:44:42.209Z,,,n-hv1-u00042,t-hv1-u00042-1
hv1-e000164,hv1-u00042,baseline,hv1:main:50,organic_search,task_created,2026-08-17T00:45:42.209Z,,,n-hv1-u00042,t-hv1-u00042-2
hv1-e000165,hv1-u00042,baseline,hv1:main:50,organic_search,task_created,2026-08-17T00:46:42.209Z,,,n-hv1-u00042,t-hv1-u00042-3
hv1-e000324,hv1-u00085,baseline,hv1:main:50,organic_search,assigned,2026-08-17T00:51:17.355Z,,,,
hv1-e000325,hv1-u00085,baseline,hv1:main:50,organic_search,note_saved,2026-08-17T00:55:17.355Z,,,n-hv1-u00085,
hv1-e002030,hv1-u00543,task_first,hv1:main:50,organic_search,assigned,2026-08-17T01:09:33.160Z,,,,
hv1-e002031,hv1-u00543,task_first,hv1:main:50,organic_search,note_saved,2026-08-17T01:13:33.160Z,,,n-hv1-u00543,
hv1-e002032,hv1-u00543,task_first,hv1:main:50,organic_search,task_created,2026-08-17T01:15:33.160Z,,,n-hv1-u00543,t-hv1-u00543-1
hv1-e002033,hv1-u00543,task_first,hv1:main:50,organic_search,task_created,2026-08-17T01:16:33.160Z,,,n-hv1-u00543,t-hv1-u00543-2
hv1-e002220,hv1-u00593,baseline,hv1:main:50,organic_search,assigned,2026-08-17T01:19:26.078Z,,,,
hv1-e001345,hv1-u00359,baseline,hv1:main:50,app_store,assigned,2026-08-17T01:20:02.857Z,,,,
hv1-e001815,hv1-u00492,task_first,hv1:main:50,organic_search,assigned,2026-08-17T01:21:45.341Z,,,,
hv1-e002875,hv1-u00781,baseline,hv1:main:50,paid_social,trial_started,2026-08-17T01:21:59.512Z,,,,
hv1-e002221,hv1-u00593,baseline,hv1:main:50,organic_search,note_saved,2026-08-17T01:23:26.078Z,,,n-hv1-u00593,
hv1-e001346,hv1-u00359,baseline,hv1:main:50,app_store,note_saved,2026-08-17T01:24:02.857Z,,,n-hv1-u00359,
hv1-e001347,hv1-u00359,baseline,hv1:main:50,app_store,task_created,2026-08-17T01:26:02.857Z,,,n-hv1-u00359,t-hv1-u00359-1
hv1-e000688,hv1-u00184,baseline,hv1:main:50,organic_search,assigned,2026-08-17T01:43:16.152Z,,,,
hv1-e000689,hv1-u00184,baseline,hv1:main:50,organic_search,note_saved,2026-08-17T01:47:16.152Z,,,n-hv1-u00184,
hv1-e002546,hv1-u00682,task_first,hv1:main:50,referral,revisited,2026-08-17T02:10:43.905Z,,,n-hv1-u00682,
hv1-e002380,hv1-u00638,task_first,hv1:main:50,paid_social,cancelled,2026-08-17T02:59:36.689Z,,,,
hv1-e000211,hv1-u00052,baseline,hv1:main:50,app_store,revisited,2026-08-17T03:09:21.658Z,,,n-hv1-u00052,
hv1-e000212,hv1-u00052,baseline,hv1:main:50,app_store,task_completed,2026-08-17T03:14:21.658Z,,,n-hv1-u00052,t-hv1-u00052-1
hv1-e003384,hv1-u00918,task_first,hv1:main:50,organic_search,assigned,2026-08-17T03:17:49.699Z,,,,
hv1-e001064,hv1-u00281,baseline,hv1:main:50,referral,assigned,2026-08-17T03:20:20.190Z,,,,
hv1-e003385,hv1-u00918,task_first,hv1:main:50,organic_search,note_saved,2026-08-17T03:21:49.699Z,,,n-hv1-u00918,
hv1-e001065,hv1-u00281,baseline,hv1:main:50,referral,note_saved,2026-08-17T03:24:20.190Z,,,n-hv1-u00281,
hv1-e001066,hv1-u00281,baseline,hv1:main:50,referral,task_created,2026-08-17T03:26:20.190Z,,,n-hv1-u00281,t-hv1-u00281-1
hv1-e001067,hv1-u00281,baseline,hv1:main:50,referral,task_created,2026-08-17T03:27:20.190Z,,,n-hv1-u00281,t-hv1-u00281-2
hv1-e001286,hv1-u00343,task_first,hv1:main:50,organic_search,revisited,2026-08-17T03:43:58.381Z,,,n-hv1-u00343,
hv1-e000690,hv1-u00185,baseline,hv1:main:50,paid_social,assigned,2026-08-17T03:57:03.414Z,,,,
hv1-e002573,hv1-u00691,task_first,hv1:main:50,organic_search,assigned,2026-08-17T04:38:23.722Z,,,,
hv1-e002574,hv1-u00691,task_first,hv1:main:50,organic_search,note_saved,2026-08-17T04:42:23.722Z,,,n-hv1-u00691,
hv1-e002575,hv1-u00691,task_first,hv1:main:50,organic_search,task_created,2026-08-17T04:44:23.722Z,,,n-hv1-u00691,t-hv1-u00691-1
hv1-e002413,hv1-u00647,task_first,hv1:main:50,app_store,revisited,2026-08-17T04:48:49.912Z,,,n-hv1-u00647,
hv1-e003620,hv1-u00985,task_first,hv1:main:50,app_store,assigned,2026-08-17T05:09:01.540Z,,,,
hv1-e003314,hv1-u00902,task_first,hv1:main:50,app_store,trial_started,2026-08-17T05:10:49.730Z,,,,
hv1-e003621,hv1-u00985,task_first,hv1:main:50,app_store,note_saved,2026-08-17T05:13:01.540Z,,,n-hv1-u00985,
hv1-e003622,hv1-u00985,task_first,hv1:main:50,app_store,task_created,2026-08-17T05:15:01.540Z,,,n-hv1-u00985,t-hv1-u00985-1
hv1-e003623,hv1-u00985,task_first,hv1:main:50,app_store,task_created,2026-08-17T05:16:01.540Z,,,n-hv1-u00985,t-hv1-u00985-2
hv1-e003624,hv1-u00985,task_first,hv1:main:50,app_store,task_created,2026-08-17T05:17:01.540Z,,,n-hv1-u00985,t-hv1-u00985-3
hv1-e002097,hv1-u00563,baseline,hv1:main:50,organic_search,assigned,2026-08-17T05:24:43.845Z,,,,
hv1-e003582,hv1-u00975,task_first,hv1:main:50,app_store,assigned,2026-08-17T05:25:22.406Z,,,,
hv1-e003583,hv1-u00975,task_first,hv1:main:50,app_store,note_saved,2026-08-17T05:29:22.406Z,,,n-hv1-u00975,
hv1-e003574,hv1-u00972,task_first,hv1:main:50,referral,revisited,2026-08-17T05:30:26.645Z,,,n-hv1-u00972,
hv1-e003575,hv1-u00972,task_first,hv1:main:50,referral,task_completed,2026-08-17T05:35:26.645Z,,,n-hv1-u00972,t-hv1-u00972-1
hv1-e000110,hv1-u00029,task_first,hv1:main:50,referral,revisited,2026-08-17T06:57:49.684Z,,,n-hv1-u00029,
hv1-e003454,hv1-u00938,baseline,hv1:main:50,paid_social,assigned,2026-08-17T08:08:11.292Z,,,,
hv1-e003455,hv1-u00938,baseline,hv1:main:50,paid_social,note_saved,2026-08-17T08:12:11.292Z,,,n-hv1-u00938,
hv1-e003619,hv1-u00984,baseline,hv1:main:50,paid_social,revisited,2026-08-17T08:45:33.415Z,,,n-hv1-u00984,
hv1-e002759,hv1-u00742,task_first,hv1:main:50,paid_social,assigned,2026-08-17T08:49:05.865Z,,,,
hv1-e001622,hv1-u00437,task_first,hv1:main:50,paid_social,revisited,2026-08-17T09:37:57.567Z,,,n-hv1-u00437,
hv1-e001623,hv1-u00437,task_first,hv1:main:50,paid_social,task_completed,2026-08-17T09:42:57.567Z,,,n-hv1-u00437,t-hv1-u00437-1
hv1-e001301,hv1-u00347,task_first,hv1:main:50,app_store,paid,2026-08-17T10:06:50.790Z,10.00,XTS,,
hv1-e002141,hv1-u00572,baseline,hv1:main:50,paid_social,assigned,2026-08-17T10:11:35.996Z,,,,
hv1-e002142,hv1-u00572,baseline,hv1:main:50,paid_social,note_saved,2026-08-17T10:15:35.996Z,,,n-hv1-u00572,
hv1-e003647,hv1-u00990,task_first,hv1:main:50,organic_search,revisited,2026-08-17T10:17:02.330Z,,,n-hv1-u00990,
hv1-e003648,hv1-u00990,task_first,hv1:main:50,organic_search,task_completed,2026-08-17T10:22:02.330Z,,,n-hv1-u00990,t-hv1-u00990-1
hv1-e003275,hv1-u00889,task_first,hv1:main:50,paid_social,revisited,2026-08-17T10:44:11.965Z,,,n-hv1-u00889,
hv1-e003276,hv1-u00889,task_first,hv1:main:50,paid_social,task_completed,2026-08-17T10:49:11.965Z,,,n-hv1-u00889,t-hv1-u00889-1
hv1-e000765,hv1-u00200,baseline,hv1:main:50,organic_search,trial_started,2026-08-17T11:12:10.943Z,,,,
hv1-e002762,hv1-u00744,baseline,hv1:main:50,paid_social,assigned,2026-08-17T11:32:33.922Z,,,,
hv1-e002763,hv1-u00744,baseline,hv1:main:50,paid_social,note_saved,2026-08-17T11:36:33.922Z,,,n-hv1-u00744,
hv1-e003546,hv1-u00966,baseline,hv1:main:50,organic_search,assigned,2026-08-17T11:43:22.412Z,,,,
hv1-e003547,hv1-u00966,baseline,hv1:main:50,organic_search,note_saved,2026-08-17T11:47:22.412Z,,,n-hv1-u00966,
hv1-e003548,hv1-u00966,baseline,hv1:main:50,organic_search,task_created,2026-08-17T11:49:22.412Z,,,n-hv1-u00966,t-hv1-u00966-1
hv1-e000781,hv1-u00204,task_first,hv1:main:50,referral,trial_started,2026-08-17T11:57:30.805Z,,,,
hv1-e000006,hv1-u00001,task_first,hv1:main:50,paid_social,revisited,2026-08-17T12:05:34.763Z,,,n-hv1-u00001,
hv1-e003658,hv1-u00992,baseline,hv1:main:50,referral,revisited,2026-08-17T12:26:34.579Z,,,n-hv1-u00992,
hv1-e002078,hv1-u00557,baseline,hv1:main:50,app_store,assigned,2026-08-17T12:55:04.704Z,,,,
hv1-e002079,hv1-u00557,baseline,hv1:main:50,app_store,note_saved,2026-08-17T12:59:04.704Z,,,n-hv1-u00557,
hv1-e002713,hv1-u00731,task_first,hv1:main:50,paid_social,revisited,2026-08-17T13:07:45.151Z,,,n-hv1-u00731,
hv1-e002714,hv1-u00731,task_first,hv1:main:50,paid_social,task_completed,2026-08-17T13:12:45.151Z,,,n-hv1-u00731,t-hv1-u00731-1
hv1-e002722,hv1-u00733,task_first,hv1:main:50,referral,paid,2026-08-17T13:17:29.104Z,10.00,XTS,,
hv1-e000423,hv1-u00109,task_first,hv1:main:50,paid_social,assigned,2026-08-17T13:21:41.471Z,,,,
hv1-e000138,hv1-u00037,baseline,hv1:main:50,paid_social,assigned,2026-08-17T13:25:09.313Z,,,,
hv1-e000424,hv1-u00109,task_first,hv1:main:50,paid_social,note_saved,2026-08-17T13:25:41.471Z,,,n-hv1-u00109,
hv1-e003521,hv1-u00959,baseline,hv1:main:50,organic_search,trial_started,2026-08-17T13:27:01.282Z,,,,
hv1-e000425,hv1-u00109,task_first,hv1:main:50,paid_social,task_created,2026-08-17T13:27:41.471Z,,,n-hv1-u00109,t-hv1-u00109-1
hv1-e000426,hv1-u00109,task_first,hv1:main:50,paid_social,task_created,2026-08-17T13:28:41.471Z,,,n-hv1-u00109,t-hv1-u00109-2
hv1-e000139,hv1-u00037,baseline,hv1:main:50,paid_social,note_saved,2026-08-17T13:29:09.313Z,,,n-hv1-u00037,
hv1-e000427,hv1-u00109,task_first,hv1:main:50,paid_social,task_created,2026-08-17T13:29:41.471Z,,,n-hv1-u00109,t-hv1-u00109-3
hv1-e003681,hv1-u00999,baseline,hv1:main:50,organic_search,assigned,2026-08-17T13:35:39.117Z,,,,
hv1-e003682,hv1-u00999,baseline,hv1:main:50,organic_search,note_saved,2026-08-17T13:39:39.117Z,,,n-hv1-u00999,
hv1-e002561,hv1-u00688,task_first,hv1:main:50,organic_search,revisited,2026-08-17T13:43:43.610Z,,,n-hv1-u00688,
hv1-e002562,hv1-u00688,task_first,hv1:main:50,organic_search,task_completed,2026-08-17T13:48:43.610Z,,,n-hv1-u00688,t-hv1-u00688-1
hv1-e000912,hv1-u00241,baseline,hv1:main:50,organic_search,assigned,2026-08-17T14:28:43.614Z,,,,
hv1-e000913,hv1-u00241,baseline,hv1:main:50,organic_search,note_saved,2026-08-17T14:32:43.614Z,,,n-hv1-u00241,
hv1-e000523,hv1-u00137,baseline,hv1:main:50,paid_social,revisited,2026-08-17T14:34:41.254Z,,,n-hv1-u00137,
hv1-e001668,hv1-u00452,task_first,hv1:main:50,paid_social,assigned,2026-08-17T15:29:33.687Z,,,,
hv1-e001669,hv1-u00452,task_first,hv1:main:50,paid_social,note_saved,2026-08-17T15:33:33.687Z,,,n-hv1-u00452,
hv1-e001736,hv1-u00471,task_first,hv1:main:50,organic_search,assigned,2026-08-17T15:35:15.019Z,,,,
hv1-e001737,hv1-u00471,task_first,hv1:main:50,organic_search,note_saved,2026-08-17T15:39:15.019Z,,,n-hv1-u00471,
hv1-e003530,hv1-u00961,baseline,hv1:main:50,organic_search,assigned,2026-08-17T16:02:43.602Z,,,,
hv1-e003531,hv1-u00961,baseline,hv1:main:50,organic_search,note_saved,2026-08-17T16:06:43.602Z,,,n-hv1-u00961,
hv1-e000125,hv1-u00033,baseline,hv1:main:50,organic_search,revisited,2026-08-17T16:10:06.162Z,,,n-hv1-u00033,
hv1-e000126,hv1-u00033,baseline,hv1:main:50,organic_search,task_completed,2026-08-17T16:15:06.162Z,,,n-hv1-u00033,t-hv1-u00033-1
hv1-e000439,hv1-u00113,baseline,hv1:main:50,referral,revisited,2026-08-17T16:18:31.347Z,,,n-hv1-u00113,
hv1-e001223,hv1-u00325,baseline,hv1:main:50,organic_search,assigned,2026-08-17T16:34:29.922Z,,,,
hv1-e003061,hv1-u00829,task_first,hv1:main:50,organic_search,revisited,2026-08-17T16:59:20.530Z,,,n-hv1-u00829,
hv1-e003062,hv1-u00829,task_first,hv1:main:50,organic_search,task_completed,2026-08-17T17:04:20.530Z,,,n-hv1-u00829,t-hv1-u00829-1
hv1-e003544,hv1-u00965,baseline,hv1:main:50,referral,assigned,2026-08-17T17:23:42.628Z,,,,
hv1-e003545,hv1-u00965,baseline,hv1:main:50,referral,note_saved,2026-08-17T17:27:42.628Z,,,n-hv1-u00965,
hv1-e002298,hv1-u00618,baseline,hv1:main:50,organic_search,assigned,2026-08-17T17:30:10.739Z,,,,
hv1-e002299,hv1-u00618,baseline,hv1:main:50,organic_search,note_saved,2026-08-17T17:34:10.739Z,,,n-hv1-u00618,
hv1-e002300,hv1-u00618,baseline,hv1:main:50,organic_search,task_created,2026-08-17T17:36:10.739Z,,,n-hv1-u00618,t-hv1-u00618-1
hv1-e002301,hv1-u00618,baseline,hv1:main:50,organic_search,task_created,2026-08-17T17:37:10.739Z,,,n-hv1-u00618,t-hv1-u00618-2
hv1-e002302,hv1-u00618,baseline,hv1:main:50,organic_search,task_created,2026-08-17T17:38:10.739Z,,,n-hv1-u00618,t-hv1-u00618-3
hv1-e001369,hv1-u00366,task_first,hv1:main:50,paid_social,assigned,2026-08-17T17:45:27.416Z,,,,
hv1-e001370,hv1-u00366,task_first,hv1:main:50,paid_social,note_saved,2026-08-17T17:49:27.416Z,,,n-hv1-u00366,
hv1-e003157,hv1-u00853,baseline,hv1:main:50,organic_search,revisited,2026-08-17T18:10:30.830Z,,,n-hv1-u00853,
hv1-e002937,hv1-u00799,baseline,hv1:main:50,organic_search,revisited,2026-08-17T18:17:54.302Z,,,n-hv1-u00799,
hv1-e000464,hv1-u00121,task_first,hv1:main:50,app_store,revisited,2026-08-17T18:17:54.506Z,,,n-hv1-u00121,
hv1-e001264,hv1-u00337,task_first,hv1:main:50,organic_search,assigned,2026-08-17T18:57:48.385Z,,,,
hv1-e001113,hv1-u00294,baseline,hv1:main:50,app_store,assigned,2026-08-17T19:00:42.926Z,,,,
hv1-e001265,hv1-u00337,task_first,hv1:main:50,organic_search,note_saved,2026-08-17T19:01:48.385Z,,,n-hv1-u00337,
hv1-e001266,hv1-u00337,task_first,hv1:main:50,organic_search,task_created,2026-08-17T19:03:48.385Z,,,n-hv1-u00337,t-hv1-u00337-1
hv1-e001114,hv1-u00294,baseline,hv1:main:50,app_store,note_saved,2026-08-17T19:04:42.926Z,,,n-hv1-u00294,
hv1-e001115,hv1-u00294,baseline,hv1:main:50,app_store,task_created,2026-08-17T19:06:42.926Z,,,n-hv1-u00294,t-hv1-u00294-1
hv1-e003128,hv1-u00846,task_first,hv1:main:50,paid_social,assigned,2026-08-17T19:15:29.662Z,,,,
hv1-e003129,hv1-u00846,task_first,hv1:main:50,paid_social,note_saved,2026-08-17T19:19:29.662Z,,,n-hv1-u00846,
hv1-e003130,hv1-u00846,task_first,hv1:main:50,paid_social,task_created,2026-08-17T19:21:29.662Z,,,n-hv1-u00846,t-hv1-u00846-1
hv1-e003131,hv1-u00846,task_first,hv1:main:50,paid_social,task_created,2026-08-17T19:22:29.662Z,,,n-hv1-u00846,t-hv1-u00846-2
hv1-e003132,hv1-u00846,task_first,hv1:main:50,paid_social,task_created,2026-08-17T19:23:29.662Z,,,n-hv1-u00846,t-hv1-u00846-3
hv1-e001273,hv1-u00339,task_first,hv1:main:50,referral,revisited,2026-08-17T19:25:43.711Z,,,n-hv1-u00339,
hv1-e000339,hv1-u00089,baseline,hv1:main:50,paid_social,assigned,2026-08-17T19:26:24.833Z,,,,
hv1-e000340,hv1-u00089,baseline,hv1:main:50,paid_social,note_saved,2026-08-17T19:30:24.833Z,,,n-hv1-u00089,
hv1-e000341,hv1-u00089,baseline,hv1:main:50,paid_social,task_created,2026-08-17T19:32:24.833Z,,,n-hv1-u00089,t-hv1-u00089-1
hv1-e000342,hv1-u00089,baseline,hv1:main:50,paid_social,task_created,2026-08-17T19:33:24.833Z,,,n-hv1-u00089,t-hv1-u00089-2
hv1-e000343,hv1-u00089,baseline,hv1:main:50,paid_social,task_created,2026-08-17T19:34:24.833Z,,,n-hv1-u00089,t-hv1-u00089-3
hv1-e000573,hv1-u00153,task_first,hv1:main:50,paid_social,assigned,2026-08-17T20:00:42.746Z,,,,
hv1-e001295,hv1-u00345,task_first,hv1:main:50,paid_social,revisited,2026-08-17T20:15:09.660Z,,,n-hv1-u00345,
hv1-e003458,hv1-u00939,baseline,hv1:main:50,organic_search,trial_started,2026-08-17T20:16:37.205Z,,,,
hv1-e002647,hv1-u00713,task_first,hv1:main:50,organic_search,revisited,2026-08-17T20:18:50.975Z,,,n-hv1-u00713,
hv1-e001482,hv1-u00395,baseline,hv1:main:50,paid_social,revisited,2026-08-17T20:42:21.176Z,,,n-hv1-u00395,
hv1-e001483,hv1-u00395,baseline,hv1:main:50,paid_social,task_completed,2026-08-17T20:47:21.176Z,,,n-hv1-u00395,t-hv1-u00395-1
hv1-e002222,hv1-u00594,task_first,hv1:main:50,app_store,assigned,2026-08-17T20:54:31.562Z,,,,
hv1-e002223,hv1-u00594,task_first,hv1:main:50,app_store,note_saved,2026-08-17T20:58:31.562Z,,,n-hv1-u00594,
hv1-e002224,hv1-u00594,task_first,hv1:main:50,app_store,task_created,2026-08-17T21:00:31.562Z,,,n-hv1-u00594,t-hv1-u00594-1
hv1-e002225,hv1-u00594,task_first,hv1:main:50,app_store,task_created,2026-08-17T21:01:31.562Z,,,n-hv1-u00594,t-hv1-u00594-2
hv1-e000813,hv1-u00214,task_first,hv1:main:50,referral,assigned,2026-08-17T21:05:33.710Z,,,,
hv1-e000814,hv1-u00214,task_first,hv1:main:50,referral,note_saved,2026-08-17T21:09:33.710Z,,,n-hv1-u00214,
hv1-e000815,hv1-u00214,task_first,hv1:main:50,referral,task_created,2026-08-17T21:11:33.710Z,,,n-hv1-u00214,t-hv1-u00214-1
hv1-e000816,hv1-u00214,task_first,hv1:main:50,referral,task_created,2026-08-17T21:12:33.710Z,,,n-hv1-u00214,t-hv1-u00214-2
hv1-e000704,hv1-u00189,task_first,hv1:main:50,referral,assigned,2026-08-17T21:25:19.582Z,,,,
hv1-e003579,hv1-u00974,baseline,hv1:main:50,organic_search,assigned,2026-08-17T21:27:56.198Z,,,,
hv1-e003580,hv1-u00974,baseline,hv1:main:50,organic_search,note_saved,2026-08-17T21:31:56.198Z,,,n-hv1-u00974,
hv1-e001014,hv1-u00268,task_first,hv1:main:50,organic_search,assigned,2026-08-17T21:47:34.592Z,,,,
hv1-e001015,hv1-u00268,task_first,hv1:main:50,organic_search,note_saved,2026-08-17T21:51:34.592Z,,,n-hv1-u00268,
hv1-e002476,hv1-u00668,baseline,hv1:main:50,paid_social,assigned,2026-08-17T22:09:54.883Z,,,,
hv1-e003167,hv1-u00857,baseline,hv1:main:50,referral,assigned,2026-08-17T22:19:40.955Z,,,,
hv1-e001865,hv1-u00503,baseline,hv1:main:50,app_store,assigned,2026-08-17T22:20:17.957Z,,,,
hv1-e003168,hv1-u00857,baseline,hv1:main:50,referral,note_saved,2026-08-17T22:23:40.955Z,,,n-hv1-u00857,
hv1-e001866,hv1-u00503,baseline,hv1:main:50,app_store,note_saved,2026-08-17T22:24:17.957Z,,,n-hv1-u00503,
hv1-e002104,hv1-u00565,task_first,hv1:main:50,app_store,assigned,2026-08-17T22:26:26.764Z,,,,
hv1-e002105,hv1-u00565,task_first,hv1:main:50,app_store,note_saved,2026-08-17T22:30:26.764Z,,,n-hv1-u00565,
hv1-e000330,hv1-u00086,baseline,hv1:main:50,organic_search,revisited,2026-08-17T22:41:59.179Z,,,n-hv1-u00086,
hv1-e000278,hv1-u00071,task_first,hv1:main:50,paid_social,revisited,2026-08-17T23:24:35.452Z,,,n-hv1-u00071,
hv1-e001705,hv1-u00465,baseline,hv1:main:50,app_store,assigned,2026-08-17T23:34:03.037Z,,,,
hv1-e001706,hv1-u00465,baseline,hv1:main:50,app_store,note_saved,2026-08-17T23:38:03.037Z,,,n-hv1-u00465,
hv1-e001707,hv1-u00465,baseline,hv1:main:50,app_store,task_created,2026-08-17T23:40:03.037Z,,,n-hv1-u00465,t-hv1-u00465-1
hv1-e001708,hv1-u00465,baseline,hv1:main:50,app_store,task_created,2026-08-17T23:41:03.037Z,,,n-hv1-u00465,t-hv1-u00465-2
hv1-e001709,hv1-u00465,baseline,hv1:main:50,app_store,task_created,2026-08-17T23:42:03.037Z,,,n-hv1-u00465,t-hv1-u00465-3
hv1-e003428,hv1-u00931,task_first,hv1:main:50,paid_social,assigned,2026-08-17T23:48:38.473Z,,,,
hv1-e003429,hv1-u00931,task_first,hv1:main:50,paid_social,note_saved,2026-08-17T23:52:38.473Z,,,n-hv1-u00931,
hv1-e002307,hv1-u00621,baseline,hv1:main:50,organic_search,assigned,2026-08-17T23:53:58.658Z,,,,
hv1-e003430,hv1-u00931,task_first,hv1:main:50,paid_social,task_created,2026-08-17T23:54:38.473Z,,,n-hv1-u00931,t-hv1-u00931-1
hv1-e003431,hv1-u00931,task_first,hv1:main:50,paid_social,task_created,2026-08-17T23:55:38.473Z,,,n-hv1-u00931,t-hv1-u00931-2
hv1-e002308,hv1-u00621,baseline,hv1:main:50,organic_search,note_saved,2026-08-17T23:57:58.658Z,,,n-hv1-u00621,
hv1-e002309,hv1-u00621,baseline,hv1:main:50,organic_search,task_created,2026-08-17T23:59:58.658Z,,,n-hv1-u00621,t-hv1-u00621-1
hv1-e002310,hv1-u00621,baseline,hv1:main:50,organic_search,task_created,2026-08-18T00:00:58.658Z,,,n-hv1-u00621,t-hv1-u00621-2
hv1-e002555,hv1-u00687,task_first,hv1:main:50,organic_search,assigned,2026-08-18T00:01:16.519Z,,,,
hv1-e002311,hv1-u00621,baseline,hv1:main:50,organic_search,task_created,2026-08-18T00:01:58.658Z,,,n-hv1-u00621,t-hv1-u00621-3
hv1-e003478,hv1-u00946,baseline,hv1:main:50,organic_search,assigned,2026-08-18T00:34:19.209Z,,,,
hv1-e003479,hv1-u00946,baseline,hv1:main:50,organic_search,note_saved,2026-08-18T00:38:19.209Z,,,n-hv1-u00946,
hv1-e000786,hv1-u00205,task_first,hv1:main:50,paid_social,paid,2026-08-18T00:46:22.108Z,10.00,XTS,,
hv1-e002550,hv1-u00684,task_first,hv1:main:50,app_store,assigned,2026-08-18T00:58:25.217Z,,,,
hv1-e002943,hv1-u00801,task_first,hv1:main:50,organic_search,assigned,2026-08-18T01:01:46.473Z,,,,
hv1-e001403,hv1-u00372,baseline,hv1:main:50,app_store,assigned,2026-08-18T01:22:29.575Z,,,,
hv1-e001404,hv1-u00372,baseline,hv1:main:50,app_store,note_saved,2026-08-18T01:26:29.575Z,,,n-hv1-u00372,
hv1-e001405,hv1-u00372,baseline,hv1:main:50,app_store,task_created,2026-08-18T01:28:29.575Z,,,n-hv1-u00372,t-hv1-u00372-1
hv1-e002034,hv1-u00543,task_first,hv1:main:50,organic_search,revisited,2026-08-18T01:39:33.160Z,,,n-hv1-u00543,
hv1-e002035,hv1-u00543,task_first,hv1:main:50,organic_search,task_completed,2026-08-18T01:44:33.160Z,,,n-hv1-u00543,t-hv1-u00543-1
hv1-e001837,hv1-u00497,baseline,hv1:main:50,organic_search,trial_started,2026-08-18T01:45:45.265Z,,,,
hv1-e002829,hv1-u00767,task_first,hv1:main:50,paid_social,trial_started,2026-08-18T01:54:33.832Z,,,,
hv1-e000903,hv1-u00238,task_first,hv1:main:50,app_store,assigned,2026-08-18T02:19:48.317Z,,,,
hv1-e000914,hv1-u00242,task_first,hv1:main:50,paid_social,assigned,2026-08-18T02:21:55.374Z,,,,
hv1-e000915,hv1-u00242,task_first,hv1:main:50,paid_social,note_saved,2026-08-18T02:25:55.374Z,,,n-hv1-u00242,
hv1-e000916,hv1-u00242,task_first,hv1:main:50,paid_social,task_created,2026-08-18T02:27:55.374Z,,,n-hv1-u00242,t-hv1-u00242-1
hv1-e002231,hv1-u00597,task_first,hv1:main:50,organic_search,assigned,2026-08-18T02:56:55.004Z,,,,
hv1-e001556,hv1-u00416,task_first,hv1:main:50,organic_search,assigned,2026-08-18T03:09:52.924Z,,,,
hv1-e001557,hv1-u00416,task_first,hv1:main:50,organic_search,note_saved,2026-08-18T03:13:52.924Z,,,n-hv1-u00416,
hv1-e001558,hv1-u00416,task_first,hv1:main:50,organic_search,task_created,2026-08-18T03:15:52.924Z,,,n-hv1-u00416,t-hv1-u00416-1
hv1-e000077,hv1-u00021,baseline,hv1:main:50,paid_social,assigned,2026-08-18T03:47:04.358Z,,,,
hv1-e001397,hv1-u00371,baseline,hv1:main:50,paid_social,assigned,2026-08-18T03:58:40.762Z,,,,
hv1-e001398,hv1-u00371,baseline,hv1:main:50,paid_social,note_saved,2026-08-18T04:02:40.762Z,,,n-hv1-u00371,
hv1-e002607,hv1-u00702,baseline,hv1:main:50,app_store,assigned,2026-08-18T04:40:28.431Z,,,,
hv1-e002608,hv1-u00702,baseline,hv1:main:50,app_store,note_saved,2026-08-18T04:44:28.431Z,,,n-hv1-u00702,
hv1-e000245,hv1-u00063,baseline,hv1:main:50,app_store,assigned,2026-08-18T04:44:50.402Z,,,,
hv1-e002609,hv1-u00702,baseline,hv1:main:50,app_store,task_created,2026-08-18T04:46:28.431Z,,,n-hv1-u00702,t-hv1-u00702-1
hv1-e002610,hv1-u00702,baseline,hv1:main:50,app_store,task_created,2026-08-18T04:47:28.431Z,,,n-hv1-u00702,t-hv1-u00702-2
hv1-e002611,hv1-u00702,baseline,hv1:main:50,app_store,task_created,2026-08-18T04:48:28.431Z,,,n-hv1-u00702,t-hv1-u00702-3
hv1-e000246,hv1-u00063,baseline,hv1:main:50,app_store,note_saved,2026-08-18T04:48:50.402Z,,,n-hv1-u00063,
hv1-e000104,hv1-u00028,baseline,hv1:main:50,app_store,assigned,2026-08-18T05:09:31.853Z,,,,
hv1-e001136,hv1-u00298,task_first,hv1:main:50,paid_social,assigned,2026-08-18T05:12:15.279Z,,,,
hv1-e000105,hv1-u00028,baseline,hv1:main:50,app_store,note_saved,2026-08-18T05:13:31.853Z,,,n-hv1-u00028,
hv1-e001137,hv1-u00298,task_first,hv1:main:50,paid_social,note_saved,2026-08-18T05:16:15.279Z,,,n-hv1-u00298,
hv1-e000451,hv1-u00119,baseline,hv1:main:50,referral,assigned,2026-08-18T05:17:17.649Z,,,,
hv1-e000452,hv1-u00119,baseline,hv1:main:50,referral,note_saved,2026-08-18T05:21:17.649Z,,,n-hv1-u00119,
hv1-e000453,hv1-u00119,baseline,hv1:main:50,referral,task_created,2026-08-18T05:23:17.649Z,,,n-hv1-u00119,t-hv1-u00119-1
hv1-e000454,hv1-u00119,baseline,hv1:main:50,referral,task_created,2026-08-18T05:24:17.649Z,,,n-hv1-u00119,t-hv1-u00119-2
hv1-e000654,hv1-u00174,task_first,hv1:main:50,referral,paid,2026-08-18T06:11:11.647Z,10.00,XTS,,
hv1-e000886,hv1-u00232,task_first,hv1:main:50,referral,paid,2026-08-18T06:16:05.498Z,10.00,XTS,,
hv1-e000444,hv1-u00116,task_first,hv1:main:50,app_store,assigned,2026-08-18T06:23:17.863Z,,,,
hv1-e000723,hv1-u00194,task_first,hv1:main:50,app_store,assigned,2026-08-18T06:51:56.514Z,,,,
hv1-e001376,hv1-u00367,task_first,hv1:main:50,organic_search,revisited,2026-08-18T06:55:19.133Z,,,n-hv1-u00367,
hv1-e000724,hv1-u00194,task_first,hv1:main:50,app_store,note_saved,2026-08-18T06:55:56.514Z,,,n-hv1-u00194,
hv1-e000725,hv1-u00194,task_first,hv1:main:50,app_store,task_created,2026-08-18T06:57:56.514Z,,,n-hv1-u00194,t-hv1-u00194-1
hv1-e000726,hv1-u00194,task_first,hv1:main:50,app_store,task_created,2026-08-18T06:58:56.514Z,,,n-hv1-u00194,t-hv1-u00194-2
hv1-e000727,hv1-u00194,task_first,hv1:main:50,app_store,task_created,2026-08-18T06:59:56.514Z,,,n-hv1-u00194,t-hv1-u00194-3
hv1-e001377,hv1-u00367,task_first,hv1:main:50,organic_search,task_completed,2026-08-18T07:00:19.133Z,,,n-hv1-u00367,t-hv1-u00367-1
hv1-e001917,hv1-u00515,task_first,hv1:main:50,app_store,revisited,2026-08-18T07:01:32.057Z,,,n-hv1-u00515,
hv1-e001378,hv1-u00367,task_first,hv1:main:50,organic_search,trial_started,2026-08-18T07:25:19.133Z,,,,
hv1-e000410,hv1-u00106,baseline,hv1:main:50,organic_search,assigned,2026-08-18T08:05:23.100Z,,,,
hv1-e000411,hv1-u00106,baseline,hv1:main:50,organic_search,note_saved,2026-08-18T08:09:23.100Z,,,n-hv1-u00106,
hv1-e000412,hv1-u00106,baseline,hv1:main:50,organic_search,task_created,2026-08-18T08:11:23.100Z,,,n-hv1-u00106,t-hv1-u00106-1
hv1-e000287,hv1-u00074,task_first,hv1:main:50,app_store,paid,2026-08-18T08:11:39.786Z,10.00,XTS,,
hv1-e001253,hv1-u00334,baseline,hv1:main:50,organic_search,revisited,2026-08-18T08:30:34.706Z,,,n-hv1-u00334,
hv1-e001254,hv1-u00334,baseline,hv1:main:50,organic_search,task_completed,2026-08-18T08:35:34.706Z,,,n-hv1-u00334,t-hv1-u00334-1
hv1-e000693,hv1-u00186,task_first,hv1:main:50,organic_search,trial_started,2026-08-18T08:35:39.033Z,,,,
hv1-e000962,hv1-u00254,baseline,hv1:main:50,organic_search,paid,2026-08-18T08:37:32.387Z,10.00,XTS,,
hv1-e003633,hv1-u00988,baseline,hv1:main:50,app_store,assigned,2026-08-18T08:38:15.738Z,,,,
hv1-e003634,hv1-u00988,baseline,hv1:main:50,app_store,note_saved,2026-08-18T08:42:15.738Z,,,n-hv1-u00988,
hv1-e003635,hv1-u00988,baseline,hv1:main:50,app_store,task_created,2026-08-18T08:44:15.738Z,,,n-hv1-u00988,t-hv1-u00988-1
hv1-e003636,hv1-u00988,baseline,hv1:main:50,app_store,task_created,2026-08-18T08:45:15.738Z,,,n-hv1-u00988,t-hv1-u00988-2
hv1-e003637,hv1-u00988,baseline,hv1:main:50,app_store,task_created,2026-08-18T08:46:15.738Z,,,n-hv1-u00988,t-hv1-u00988-3
hv1-e002474,hv1-u00667,task_first,hv1:main:50,app_store,assigned,2026-08-18T08:56:44.254Z,,,,
hv1-e001944,hv1-u00522,baseline,hv1:main:50,paid_social,assigned,2026-08-18T08:57:08.537Z,,,,
hv1-e001945,hv1-u00522,baseline,hv1:main:50,paid_social,note_saved,2026-08-18T09:01:08.537Z,,,n-hv1-u00522,
hv1-e000899,hv1-u00236,task_first,hv1:main:50,organic_search,revisited,2026-08-18T09:55:05.009Z,,,n-hv1-u00236,
hv1-e002475,hv1-u00667,task_first,hv1:main:50,app_store,trial_started,2026-08-18T09:56:44.254Z,,,,
hv1-e000900,hv1-u00236,task_first,hv1:main:50,organic_search,task_completed,2026-08-18T10:00:05.009Z,,,n-hv1-u00236,t-hv1-u00236-1
hv1-e002472,hv1-u00666,task_first,hv1:main:50,organic_search,assigned,2026-08-18T10:29:58.540Z,,,,
hv1-e002473,hv1-u00666,task_first,hv1:main:50,organic_search,note_saved,2026-08-18T10:33:58.540Z,,,n-hv1-u00666,
hv1-e001216,hv1-u00322,baseline,hv1:main:50,paid_social,revisited,2026-08-18T10:46:07.837Z,,,n-hv1-u00322,
hv1-e001651,hv1-u00446,baseline,hv1:main:50,organic_search,assigned,2026-08-18T10:55:02.057Z,,,,
hv1-e000059,hv1-u00018,task_first,hv1:main:50,organic_search,assigned,2026-08-18T10:55:44.294Z,,,,
hv1-e000780,hv1-u00204,task_first,hv1:main:50,referral,revisited,2026-08-18T10:57:30.805Z,,,n-hv1-u00204,
hv1-e001652,hv1-u00446,baseline,hv1:main:50,organic_search,note_saved,2026-08-18T10:59:02.057Z,,,n-hv1-u00446,
hv1-e000060,hv1-u00018,task_first,hv1:main:50,organic_search,note_saved,2026-08-18T10:59:44.294Z,,,n-hv1-u00018,
hv1-e000061,hv1-u00018,task_first,hv1:main:50,organic_search,task_created,2026-08-18T11:01:44.294Z,,,n-hv1-u00018,t-hv1-u00018-1
hv1-e000062,hv1-u00018,task_first,hv1:main:50,organic_search,task_created,2026-08-18T11:02:44.294Z,,,n-hv1-u00018,t-hv1-u00018-2
hv1-e002367,hv1-u00635,task_first,hv1:main:50,paid_social,revisited,2026-08-18T11:41:44.384Z,,,n-hv1-u00635,
hv1-e001155,hv1-u00306,task_first,hv1:main:50,referral,assigned,2026-08-18T12:09:39.679Z,,,,
hv1-e001156,hv1-u00306,task_first,hv1:main:50,referral,note_saved,2026-08-18T12:13:39.679Z,,,n-hv1-u00306,
hv1-e001157,hv1-u00306,task_first,hv1:main:50,referral,task_created,2026-08-18T12:15:39.679Z,,,n-hv1-u00306,t-hv1-u00306-1
hv1-e001158,hv1-u00306,task_first,hv1:main:50,referral,task_created,2026-08-18T12:16:39.679Z,,,n-hv1-u00306,t-hv1-u00306-2
hv1-e001362,hv1-u00363,baseline,hv1:main:50,organic_search,assigned,2026-08-18T12:17:18.659Z,,,,
hv1-e001363,hv1-u00363,baseline,hv1:main:50,organic_search,note_saved,2026-08-18T12:21:18.659Z,,,n-hv1-u00363,
hv1-e002598,hv1-u00698,task_first,hv1:main:50,organic_search,assigned,2026-08-18T12:30:48.671Z,,,,
hv1-e000262,hv1-u00067,task_first,hv1:main:50,organic_search,paid,2026-08-18T13:06:17.006Z,10.00,XTS,,
hv1-e002124,hv1-u00569,baseline,hv1:main:50,organic_search,trial_started,2026-08-18T13:15:45.129Z,,,,
hv1-e001364,hv1-u00363,baseline,hv1:main:50,organic_search,trial_started,2026-08-18T13:17:18.659Z,,,,
hv1-e003325,hv1-u00904,task_first,hv1:main:50,app_store,revisited,2026-08-18T13:19:06.995Z,,,n-hv1-u00904,
hv1-e003326,hv1-u00904,task_first,hv1:main:50,app_store,task_completed,2026-08-18T13:24:06.995Z,,,n-hv1-u00904,t-hv1-u00904-1
hv1-e002330,hv1-u00626,baseline,hv1:main:50,paid_social,assigned,2026-08-18T13:33:35.473Z,,,,
hv1-e002331,hv1-u00626,baseline,hv1:main:50,paid_social,note_saved,2026-08-18T13:37:35.473Z,,,n-hv1-u00626,
hv1-e002332,hv1-u00626,baseline,hv1:main:50,paid_social,task_created,2026-08-18T13:39:35.473Z,,,n-hv1-u00626,t-hv1-u00626-1
hv1-e002333,hv1-u00626,baseline,hv1:main:50,paid_social,task_created,2026-08-18T13:40:35.473Z,,,n-hv1-u00626,t-hv1-u00626-2
hv1-e000745,hv1-u00197,task_first,hv1:main:50,referral,assigned,2026-08-18T13:58:41.435Z,,,,
hv1-e000746,hv1-u00197,task_first,hv1:main:50,referral,note_saved,2026-08-18T14:02:41.435Z,,,n-hv1-u00197,
hv1-e000747,hv1-u00197,task_first,hv1:main:50,referral,task_created,2026-08-18T14:04:41.435Z,,,n-hv1-u00197,t-hv1-u00197-1
hv1-e001287,hv1-u00344,baseline,hv1:main:50,paid_social,assigned,2026-08-18T14:05:17.667Z,,,,
hv1-e000748,hv1-u00197,task_first,hv1:main:50,referral,task_created,2026-08-18T14:05:41.435Z,,,n-hv1-u00197,t-hv1-u00197-2
hv1-e001288,hv1-u00344,baseline,hv1:main:50,paid_social,note_saved,2026-08-18T14:09:17.667Z,,,n-hv1-u00344,
hv1-e000880,hv1-u00231,task_first,hv1:main:50,organic_search,assigned,2026-08-18T14:26:28.044Z,,,,
hv1-e000881,hv1-u00231,task_first,hv1:main:50,organic_search,note_saved,2026-08-18T14:30:28.044Z,,,n-hv1-u00231,
hv1-e000882,hv1-u00231,task_first,hv1:main:50,organic_search,task_created,2026-08-18T14:32:28.044Z,,,n-hv1-u00231,t-hv1-u00231-1
hv1-e000883,hv1-u00231,task_first,hv1:main:50,organic_search,task_created,2026-08-18T14:33:28.044Z,,,n-hv1-u00231,t-hv1-u00231-2
hv1-e000314,hv1-u00081,task_first,hv1:main:50,paid_social,revisited,2026-08-18T14:38:28.431Z,,,n-hv1-u00081,
hv1-e000315,hv1-u00081,task_first,hv1:main:50,paid_social,task_completed,2026-08-18T14:43:28.431Z,,,n-hv1-u00081,t-hv1-u00081-1
hv1-e001629,hv1-u00438,task_first,hv1:main:50,paid_social,revisited,2026-08-18T14:45:07.071Z,,,n-hv1-u00438,
hv1-e001630,hv1-u00438,task_first,hv1:main:50,paid_social,task_completed,2026-08-18T14:50:07.071Z,,,n-hv1-u00438,t-hv1-u00438-1
hv1-e001152,hv1-u00304,baseline,hv1:main:50,paid_social,assigned,2026-08-18T15:07:13.656Z,,,,
hv1-e001153,hv1-u00304,baseline,hv1:main:50,paid_social,note_saved,2026-08-18T15:11:13.656Z,,,n-hv1-u00304,
hv1-e002857,hv1-u00775,task_first,hv1:main:50,app_store,paid,2026-08-18T15:25:56.681Z,10.00,XTS,,
hv1-e001904,hv1-u00513,task_first,hv1:main:50,organic_search,assigned,2026-08-18T16:21:43.812Z,,,,
hv1-e001905,hv1-u00513,task_first,hv1:main:50,organic_search,note_saved,2026-08-18T16:25:43.812Z,,,n-hv1-u00513,
hv1-e001224,hv1-u00325,baseline,hv1:main:50,organic_search,revisited,2026-08-18T16:34:29.922Z,,,n-hv1-u00325,
hv1-e000215,hv1-u00053,baseline,hv1:main:50,app_store,assigned,2026-08-18T16:40:54.783Z,,,,
hv1-e000633,hv1-u00172,task_first,hv1:main:50,organic_search,assigned,2026-08-18T16:41:31.040Z,,,,
hv1-e000216,hv1-u00053,baseline,hv1:main:50,app_store,note_saved,2026-08-18T16:44:54.783Z,,,n-hv1-u00053,
hv1-e000634,hv1-u00172,task_first,hv1:main:50,organic_search,note_saved,2026-08-18T16:45:31.040Z,,,n-hv1-u00172,
hv1-e000635,hv1-u00172,task_first,hv1:main:50,organic_search,task_created,2026-08-18T16:47:31.040Z,,,n-hv1-u00172,t-hv1-u00172-1
hv1-e000636,hv1-u00172,task_first,hv1:main:50,organic_search,task_created,2026-08-18T16:48:31.040Z,,,n-hv1-u00172,t-hv1-u00172-2
hv1-e001034,hv1-u00274,baseline,hv1:main:50,paid_social,revisited,2026-08-18T16:49:13.579Z,,,n-hv1-u00274,
hv1-e000637,hv1-u00172,task_first,hv1:main:50,organic_search,task_created,2026-08-18T16:49:31.040Z,,,n-hv1-u00172,t-hv1-u00172-3
hv1-e002090,hv1-u00560,baseline,hv1:main:50,paid_social,assigned,2026-08-18T16:49:33.515Z,,,,
hv1-e001035,hv1-u00274,baseline,hv1:main:50,paid_social,task_completed,2026-08-18T16:54:13.579Z,,,n-hv1-u00274,t-hv1-u00274-1
hv1-e000864,hv1-u00228,task_first,hv1:main:50,organic_search,assigned,2026-08-18T17:33:53.407Z,,,,
hv1-e001692,hv1-u00459,baseline,hv1:main:50,app_store,assigned,2026-08-18T17:37:16.185Z,,,,
hv1-e000865,hv1-u00228,task_first,hv1:main:50,organic_search,note_saved,2026-08-18T17:37:53.407Z,,,n-hv1-u00228,
hv1-e000866,hv1-u00228,task_first,hv1:main:50,organic_search,task_created,2026-08-18T17:39:53.407Z,,,n-hv1-u00228,t-hv1-u00228-1
hv1-e003105,hv1-u00840,task_first,hv1:main:50,referral,assigned,2026-08-18T17:40:22.198Z,,,,
hv1-e000867,hv1-u00228,task_first,hv1:main:50,organic_search,task_created,2026-08-18T17:40:53.407Z,,,n-hv1-u00228,t-hv1-u00228-2
hv1-e001693,hv1-u00459,baseline,hv1:main:50,app_store,note_saved,2026-08-18T17:41:16.185Z,,,n-hv1-u00459,
hv1-e000868,hv1-u00228,task_first,hv1:main:50,organic_search,task_created,2026-08-18T17:41:53.407Z,,,n-hv1-u00228,t-hv1-u00228-3
hv1-e001694,hv1-u00459,baseline,hv1:main:50,app_store,task_created,2026-08-18T17:43:16.185Z,,,n-hv1-u00459,t-hv1-u00459-1
hv1-e003106,hv1-u00840,task_first,hv1:main:50,referral,note_saved,2026-08-18T17:44:22.198Z,,,n-hv1-u00840,
hv1-e000565,hv1-u00150,baseline,hv1:main:50,referral,assigned,2026-08-18T17:48:36.323Z,,,,
hv1-e000566,hv1-u00150,baseline,hv1:main:50,referral,note_saved,2026-08-18T17:52:36.323Z,,,n-hv1-u00150,
hv1-e000567,hv1-u00150,baseline,hv1:main:50,referral,task_created,2026-08-18T17:54:36.323Z,,,n-hv1-u00150,t-hv1-u00150-1
hv1-e000787,hv1-u00206,baseline,hv1:main:50,paid_social,assigned,2026-08-18T17:55:46.245Z,,,,
hv1-e002919,hv1-u00794,baseline,hv1:main:50,organic_search,assigned,2026-08-18T17:59:18.199Z,,,,
hv1-e000788,hv1-u00206,baseline,hv1:main:50,paid_social,note_saved,2026-08-18T17:59:46.245Z,,,n-hv1-u00206,
hv1-e000789,hv1-u00206,baseline,hv1:main:50,paid_social,task_created,2026-08-18T18:01:46.245Z,,,n-hv1-u00206,t-hv1-u00206-1
hv1-e000790,hv1-u00206,baseline,hv1:main:50,paid_social,task_created,2026-08-18T18:02:46.245Z,,,n-hv1-u00206,t-hv1-u00206-2
hv1-e002920,hv1-u00794,baseline,hv1:main:50,organic_search,note_saved,2026-08-18T18:03:18.199Z,,,n-hv1-u00794,
hv1-e002510,hv1-u00675,baseline,hv1:main:50,paid_social,assigned,2026-08-18T18:13:43.440Z,,,,
hv1-e002511,hv1-u00675,baseline,hv1:main:50,paid_social,note_saved,2026-08-18T18:17:43.440Z,,,n-hv1-u00675,
hv1-e002512,hv1-u00675,baseline,hv1:main:50,paid_social,task_created,2026-08-18T18:19:43.440Z,,,n-hv1-u00675,t-hv1-u00675-1
hv1-e002513,hv1-u00675,baseline,hv1:main:50,paid_social,task_created,2026-08-18T18:20:43.440Z,,,n-hv1-u00675,t-hv1-u00675-2
hv1-e002514,hv1-u00675,baseline,hv1:main:50,paid_social,task_created,2026-08-18T18:21:43.440Z,,,n-hv1-u00675,t-hv1-u00675-3
hv1-e002909,hv1-u00792,task_first,hv1:main:50,paid_social,assigned,2026-08-18T18:43:22.255Z,,,,
hv1-e002615,hv1-u00704,baseline,hv1:main:50,organic_search,assigned,2026-08-18T18:44:16.920Z,,,,
hv1-e002910,hv1-u00792,task_first,hv1:main:50,paid_social,note_saved,2026-08-18T18:47:22.255Z,,,n-hv1-u00792,
hv1-e002616,hv1-u00704,baseline,hv1:main:50,organic_search,note_saved,2026-08-18T18:48:16.920Z,,,n-hv1-u00704,
hv1-e000838,hv1-u00221,baseline,hv1:main:50,paid_social,assigned,2026-08-18T18:49:19.870Z,,,,
hv1-e000839,hv1-u00221,baseline,hv1:main:50,paid_social,note_saved,2026-08-18T18:53:19.870Z,,,n-hv1-u00221,
hv1-e000840,hv1-u00221,baseline,hv1:main:50,paid_social,task_created,2026-08-18T18:55:19.870Z,,,n-hv1-u00221,t-hv1-u00221-1
hv1-e000841,hv1-u00221,baseline,hv1:main:50,paid_social,task_created,2026-08-18T18:56:19.870Z,,,n-hv1-u00221,t-hv1-u00221-2
hv1-e000842,hv1-u00221,baseline,hv1:main:50,paid_social,task_created,2026-08-18T18:57:19.870Z,,,n-hv1-u00221,t-hv1-u00221-3
hv1-e001332,hv1-u00354,baseline,hv1:main:50,referral,revisited,2026-08-18T19:00:39.435Z,,,n-hv1-u00354,
hv1-e001333,hv1-u00354,baseline,hv1:main:50,referral,task_completed,2026-08-18T19:05:39.435Z,,,n-hv1-u00354,t-hv1-u00354-1
hv1-e001688,hv1-u00457,task_first,hv1:main:50,organic_search,assigned,2026-08-18T19:07:55.053Z,,,,
hv1-e003306,hv1-u00899,task_first,hv1:main:50,app_store,trial_started,2026-08-18T19:09:20.041Z,,,,
hv1-e001689,hv1-u00457,task_first,hv1:main:50,organic_search,note_saved,2026-08-18T19:11:55.053Z,,,n-hv1-u00457,
hv1-e001870,hv1-u00504,task_first,hv1:main:50,organic_search,trial_started,2026-08-18T19:14:55.170Z,,,,
hv1-e002255,hv1-u00604,task_first,hv1:main:50,paid_social,revisited,2026-08-18T19:36:22.300Z,,,n-hv1-u00604,
hv1-e001116,hv1-u00294,baseline,hv1:main:50,app_store,trial_started,2026-08-18T20:00:42.926Z,,,,
hv1-e002383,hv1-u00640,baseline,hv1:main:50,organic_search,assigned,2026-08-18T20:03:34.671Z,,,,
hv1-e001451,hv1-u00385,task_first,hv1:main:50,organic_search,assigned,2026-08-18T20:21:09.095Z,,,,
hv1-e001452,hv1-u00385,task_first,hv1:main:50,organic_search,note_saved,2026-08-18T20:25:09.095Z,,,n-hv1-u00385,
hv1-e002133,hv1-u00571,task_first,hv1:main:50,referral,assigned,2026-08-18T20:35:33.911Z,,,,
hv1-e002134,hv1-u00571,task_first,hv1:main:50,referral,note_saved,2026-08-18T20:39:33.911Z,,,n-hv1-u00571,
hv1-e002135,hv1-u00571,task_first,hv1:main:50,referral,task_created,2026-08-18T20:41:33.911Z,,,n-hv1-u00571,t-hv1-u00571-1
hv1-e002136,hv1-u00571,task_first,hv1:main:50,referral,task_created,2026-08-18T20:42:33.911Z,,,n-hv1-u00571,t-hv1-u00571-2
hv1-e002977,hv1-u00809,baseline,hv1:main:50,app_store,assigned,2026-08-18T20:57:10.489Z,,,,
hv1-e002978,hv1-u00809,baseline,hv1:main:50,app_store,note_saved,2026-08-18T21:01:10.489Z,,,n-hv1-u00809,
hv1-e002755,hv1-u00740,task_first,hv1:main:50,app_store,revisited,2026-08-18T21:03:09.864Z,,,n-hv1-u00740,
hv1-e002756,hv1-u00740,task_first,hv1:main:50,app_store,task_completed,2026-08-18T21:08:09.864Z,,,n-hv1-u00740,t-hv1-u00740-1
hv1-e002055,hv1-u00551,task_first,hv1:main:50,app_store,assigned,2026-08-18T21:16:28.016Z,,,,
hv1-e002056,hv1-u00551,task_first,hv1:main:50,app_store,note_saved,2026-08-18T21:20:28.016Z,,,n-hv1-u00551,
hv1-e002057,hv1-u00551,task_first,hv1:main:50,app_store,task_created,2026-08-18T21:22:28.016Z,,,n-hv1-u00551,t-hv1-u00551-1
hv1-e002058,hv1-u00551,task_first,hv1:main:50,app_store,task_created,2026-08-18T21:23:28.016Z,,,n-hv1-u00551,t-hv1-u00551-2
hv1-e003581,hv1-u00974,baseline,hv1:main:50,organic_search,revisited,2026-08-18T21:27:56.198Z,,,n-hv1-u00974,
hv1-e002757,hv1-u00740,task_first,hv1:main:50,app_store,trial_started,2026-08-18T21:33:09.864Z,,,,
hv1-e003277,hv1-u00890,baseline,hv1:main:50,organic_search,assigned,2026-08-18T21:36:51.043Z,,,,
hv1-e003278,hv1-u00890,baseline,hv1:main:50,organic_search,note_saved,2026-08-18T21:40:51.043Z,,,n-hv1-u00890,
hv1-e001670,hv1-u00453,baseline,hv1:main:50,organic_search,assigned,2026-08-18T21:56:37.324Z,,,,
hv1-e001671,hv1-u00453,baseline,hv1:main:50,organic_search,note_saved,2026-08-18T22:00:37.324Z,,,n-hv1-u00453,
hv1-e001495,hv1-u00400,baseline,hv1:main:50,organic_search,assigned,2026-08-18T22:03:25.425Z,,,,
hv1-e001496,hv1-u00400,baseline,hv1:main:50,organic_search,note_saved,2026-08-18T22:07:25.425Z,,,n-hv1-u00400,
hv1-e000827,hv1-u00217,task_first,hv1:main:50,app_store,assigned,2026-08-18T22:07:40.957Z,,,,
hv1-e001822,hv1-u00494,task_first,hv1:main:50,organic_search,paid,2026-08-18T22:10:40.654Z,10.00,XTS,,
hv1-e000828,hv1-u00217,task_first,hv1:main:50,app_store,note_saved,2026-08-18T22:11:40.957Z,,,n-hv1-u00217,
hv1-e000971,hv1-u00256,task_first,hv1:main:50,paid_social,trial_started,2026-08-18T22:17:43.255Z,,,,
hv1-e001575,hv1-u00423,baseline,hv1:main:50,paid_social,assigned,2026-08-18T22:28:08.802Z,,,,
hv1-e003085,hv1-u00834,baseline,hv1:main:50,referral,paid,2026-08-18T22:30:47.263Z,10.00,XTS,,
hv1-e001576,hv1-u00423,baseline,hv1:main:50,paid_social,note_saved,2026-08-18T22:32:08.802Z,,,n-hv1-u00423,
hv1-e001710,hv1-u00466,task_first,hv1:main:50,app_store,assigned,2026-08-18T22:49:01.750Z,,,,
hv1-e001711,hv1-u00466,task_first,hv1:main:50,app_store,note_saved,2026-08-18T22:53:01.750Z,,,n-hv1-u00466,
hv1-e003356,hv1-u00910,baseline,hv1:main:50,organic_search,paid,2026-08-18T23:12:11.869Z,10.00,XTS,,
hv1-e003394,hv1-u00921,task_first,hv1:main:50,paid_social,assigned,2026-08-18T23:28:33.943Z,,,,
hv1-e003395,hv1-u00921,task_first,hv1:main:50,paid_social,note_saved,2026-08-18T23:32:33.943Z,,,n-hv1-u00921,
hv1-e003396,hv1-u00921,task_first,hv1:main:50,paid_social,task_created,2026-08-18T23:34:33.943Z,,,n-hv1-u00921,t-hv1-u00921-1
hv1-e003397,hv1-u00921,task_first,hv1:main:50,paid_social,task_created,2026-08-18T23:35:33.943Z,,,n-hv1-u00921,t-hv1-u00921-2
hv1-e002276,hv1-u00611,task_first,hv1:main:50,paid_social,assigned,2026-08-18T23:41:25.930Z,,,,
hv1-e002277,hv1-u00611,task_first,hv1:main:50,paid_social,note_saved,2026-08-18T23:45:25.930Z,,,n-hv1-u00611,
hv1-e002278,hv1-u00611,task_first,hv1:main:50,paid_social,task_created,2026-08-18T23:47:25.930Z,,,n-hv1-u00611,t-hv1-u00611-1
hv1-e002279,hv1-u00611,task_first,hv1:main:50,paid_social,task_created,2026-08-18T23:48:25.930Z,,,n-hv1-u00611,t-hv1-u00611-2
hv1-e001712,hv1-u00466,task_first,hv1:main:50,app_store,trial_started,2026-08-18T23:49:01.750Z,,,,
hv1-e002280,hv1-u00611,task_first,hv1:main:50,paid_social,task_created,2026-08-18T23:49:25.930Z,,,n-hv1-u00611,t-hv1-u00611-3
hv1-e002556,hv1-u00687,task_first,hv1:main:50,organic_search,revisited,2026-08-19T00:01:16.519Z,,,n-hv1-u00687,
hv1-e001145,hv1-u00301,task_first,hv1:main:50,organic_search,assigned,2026-08-19T00:16:51.537Z,,,,
hv1-e003073,hv1-u00832,task_first,hv1:main:50,organic_search,assigned,2026-08-19T00:18:18.973Z,,,,
hv1-e001146,hv1-u00301,task_first,hv1:main:50,organic_search,note_saved,2026-08-19T00:20:51.537Z,,,n-hv1-u00301,
hv1-e003074,hv1-u00832,task_first,hv1:main:50,organic_search,note_saved,2026-08-19T00:22:18.973Z,,,n-hv1-u00832,
hv1-e001850,hv1-u00500,baseline,hv1:main:50,paid_social,assigned,2026-08-19T00:31:10.981Z,,,,
hv1-e001851,hv1-u00500,baseline,hv1:main:50,paid_social,note_saved,2026-08-19T00:35:10.981Z,,,n-hv1-u00500,
hv1-e001173,hv1-u00309,baseline,hv1:main:50,organic_search,assigned,2026-08-19T00:43:47.768Z,,,,
hv1-e000675,hv1-u00181,task_first,hv1:main:50,app_store,assigned,2026-08-19T00:45:03.504Z,,,,
hv1-e001174,hv1-u00309,baseline,hv1:main:50,organic_search,note_saved,2026-08-19T00:47:47.768Z,,,n-hv1-u00309,
hv1-e000676,hv1-u00181,task_first,hv1:main:50,app_store,note_saved,2026-08-19T00:49:03.504Z,,,n-hv1-u00181,
hv1-e000302,hv1-u00079,baseline,hv1:main:50,paid_social,assigned,2026-08-19T00:54:31.357Z,,,,
hv1-e000303,hv1-u00079,baseline,hv1:main:50,paid_social,note_saved,2026-08-19T00:58:31.357Z,,,n-hv1-u00079,
hv1-e001877,hv1-u00507,baseline,hv1:main:50,paid_social,assigned,2026-08-19T01:41:51.987Z,,,,
hv1-e001878,hv1-u00507,baseline,hv1:main:50,paid_social,note_saved,2026-08-19T01:45:51.987Z,,,n-hv1-u00507,
hv1-e001879,hv1-u00507,baseline,hv1:main:50,paid_social,task_created,2026-08-19T01:47:51.987Z,,,n-hv1-u00507,t-hv1-u00507-1
hv1-e001880,hv1-u00507,baseline,hv1:main:50,paid_social,task_created,2026-08-19T01:48:51.987Z,,,n-hv1-u00507,t-hv1-u00507-2
hv1-e002515,hv1-u00676,task_first,hv1:main:50,paid_social,assigned,2026-08-19T01:58:04.091Z,,,,
hv1-e002516,hv1-u00676,task_first,hv1:main:50,paid_social,note_saved,2026-08-19T02:02:04.091Z,,,n-hv1-u00676,
hv1-e002517,hv1-u00676,task_first,hv1:main:50,paid_social,task_created,2026-08-19T02:04:04.091Z,,,n-hv1-u00676,t-hv1-u00676-1
hv1-e002518,hv1-u00676,task_first,hv1:main:50,paid_social,task_created,2026-08-19T02:05:04.091Z,,,n-hv1-u00676,t-hv1-u00676-2
hv1-e002519,hv1-u00676,task_first,hv1:main:50,paid_social,task_created,2026-08-19T02:06:04.091Z,,,n-hv1-u00676,t-hv1-u00676-3
hv1-e002402,hv1-u00645,task_first,hv1:main:50,organic_search,revisited,2026-08-19T02:13:49.230Z,,,n-hv1-u00645,
hv1-e002403,hv1-u00645,task_first,hv1:main:50,organic_search,task_completed,2026-08-19T02:18:49.230Z,,,n-hv1-u00645,t-hv1-u00645-1
hv1-e001551,hv1-u00413,task_first,hv1:main:50,organic_search,cancelled,2026-08-19T02:43:27.578Z,,,,
hv1-e003362,hv1-u00912,task_first,hv1:main:50,organic_search,revisited,2026-08-19T03:11:47.706Z,,,n-hv1-u00912,
hv1-e000065,hv1-u00019,task_first,hv1:main:50,referral,assigned,2026-08-19T03:18:18.980Z,,,,
hv1-e000066,hv1-u00019,task_first,hv1:main:50,referral,note_saved,2026-08-19T03:22:18.980Z,,,n-hv1-u00019,
hv1-e000067,hv1-u00019,task_first,hv1:main:50,referral,task_created,2026-08-19T03:24:18.980Z,,,n-hv1-u00019,t-hv1-u00019-1
hv1-e000068,hv1-u00019,task_first,hv1:main:50,referral,task_created,2026-08-19T03:25:18.980Z,,,n-hv1-u00019,t-hv1-u00019-2
hv1-e000069,hv1-u00019,task_first,hv1:main:50,referral,task_created,2026-08-19T03:26:18.980Z,,,n-hv1-u00019,t-hv1-u00019-3
hv1-e002168,hv1-u00580,task_first,hv1:main:50,paid_social,assigned,2026-08-19T03:58:20.027Z,,,,
hv1-e002169,hv1-u00580,task_first,hv1:main:50,paid_social,note_saved,2026-08-19T04:02:20.027Z,,,n-hv1-u00580,
hv1-e003666,hv1-u00995,task_first,hv1:main:50,app_store,assigned,2026-08-19T04:11:57.265Z,,,,
hv1-e002676,hv1-u00721,task_first,hv1:main:50,organic_search,assigned,2026-08-19T04:14:26.909Z,,,,
hv1-e002677,hv1-u00721,task_first,hv1:main:50,organic_search,note_saved,2026-08-19T04:18:26.909Z,,,n-hv1-u00721,
hv1-e001068,hv1-u00281,baseline,hv1:main:50,referral,trial_started,2026-08-19T04:20:20.190Z,,,,
hv1-e003464,hv1-u00941,task_first,hv1:main:50,organic_search,assigned,2026-08-19T04:38:15.053Z,,,,
hv1-e000295,hv1-u00076,baseline,hv1:main:50,paid_social,paid,2026-08-19T04:51:54.949Z,10.00,XTS,,
hv1-e002170,hv1-u00580,task_first,hv1:main:50,paid_social,trial_started,2026-08-19T04:58:20.027Z,,,,
hv1-e001400,hv1-u00371,baseline,hv1:main:50,paid_social,trial_started,2026-08-19T04:58:40.762Z,,,,
hv1-e001666,hv1-u00451,task_first,hv1:main:50,organic_search,revisited,2026-08-19T05:08:35.443Z,,,n-hv1-u00451,
hv1-e001667,hv1-u00451,task_first,hv1:main:50,organic_search,task_completed,2026-08-19T05:13:35.443Z,,,n-hv1-u00451,t-hv1-u00451-1
hv1-e002678,hv1-u00721,task_first,hv1:main:50,organic_search,trial_started,2026-08-19T05:14:26.909Z,,,,
hv1-e003237,hv1-u00877,task_first,hv1:main:50,organic_search,paid,2026-08-19T05:21:18.578Z,10.00,XTS,,
hv1-e002928,hv1-u00796,task_first,hv1:main:50,app_store,paid,2026-08-19T05:45:42.505Z,10.00,XTS,,
hv1-e003281,hv1-u00892,task_first,hv1:main:50,referral,assigned,2026-08-19T06:08:31.364Z,,,,
hv1-e003282,hv1-u00892,task_first,hv1:main:50,referral,note_saved,2026-08-19T06:12:31.364Z,,,n-hv1-u00892,
hv1-e003283,hv1-u00892,task_first,hv1:main:50,referral,task_created,2026-08-19T06:14:31.364Z,,,n-hv1-u00892,t-hv1-u00892-1
hv1-e003284,hv1-u00892,task_first,hv1:main:50,referral,task_created,2026-08-19T06:15:31.364Z,,,n-hv1-u00892,t-hv1-u00892-2
hv1-e003285,hv1-u00892,task_first,hv1:main:50,referral,task_created,2026-08-19T06:16:31.364Z,,,n-hv1-u00892,t-hv1-u00892-3
hv1-e002098,hv1-u00563,baseline,hv1:main:50,organic_search,trial_started,2026-08-19T06:24:43.845Z,,,,
hv1-e001506,hv1-u00403,task_first,hv1:main:50,organic_search,trial_started,2026-08-19T06:51:51Z,,,,
hv1-e000407,hv1-u00105,task_first,hv1:main:50,app_store,assigned,2026-08-19T06:54:23.318Z,,,,
hv1-e002619,hv1-u00705,task_first,hv1:main:50,organic_search,assigned,2026-08-19T07:23:15.636Z,,,,
hv1-e000730,hv1-u00194,task_first,hv1:main:50,app_store,trial_started,2026-08-19T07:51:56.514Z,,,,
hv1-e000056,hv1-u00017,baseline,hv1:main:50,paid_social,assigned,2026-08-19T08:23:09.433Z,,,,
hv1-e003158,hv1-u00854,task_first,hv1:main:50,referral,assigned,2026-08-19T08:26:40.645Z,,,,
hv1-e000057,hv1-u00017,baseline,hv1:main:50,paid_social,note_saved,2026-08-19T08:27:09.433Z,,,n-hv1-u00017,
hv1-e000058,hv1-u00017,baseline,hv1:main:50,paid_social,task_created,2026-08-19T08:29:09.433Z,,,n-hv1-u00017,t-hv1-u00017-1
hv1-e003159,hv1-u00854,task_first,hv1:main:50,referral,note_saved,2026-08-19T08:30:40.645Z,,,n-hv1-u00854,
hv1-e003659,hv1-u00993,task_first,hv1:main:50,referral,assigned,2026-08-19T09:27:38.852Z,,,,
hv1-e001998,hv1-u00535,task_first,hv1:main:50,paid_social,assigned,2026-08-19T09:47:58.599Z,,,,
hv1-e001999,hv1-u00535,task_first,hv1:main:50,paid_social,note_saved,2026-08-19T09:51:58.599Z,,,n-hv1-u00535,
hv1-e002000,hv1-u00535,task_first,hv1:main:50,paid_social,task_created,2026-08-19T09:53:58.599Z,,,n-hv1-u00535,t-hv1-u00535-1
hv1-e002001,hv1-u00535,task_first,hv1:main:50,paid_social,task_created,2026-08-19T09:54:58.599Z,,,n-hv1-u00535,t-hv1-u00535-2
hv1-e001656,hv1-u00448,baseline,hv1:main:50,referral,assigned,2026-08-19T10:33:44.119Z,,,,
hv1-e001657,hv1-u00448,baseline,hv1:main:50,referral,note_saved,2026-08-19T10:37:44.119Z,,,n-hv1-u00448,
hv1-e001588,hv1-u00430,baseline,hv1:main:50,organic_search,assigned,2026-08-19T11:14:50.720Z,,,,
hv1-e001589,hv1-u00430,baseline,hv1:main:50,organic_search,note_saved,2026-08-19T11:18:50.720Z,,,n-hv1-u00430,
hv1-e000063,hv1-u00018,task_first,hv1:main:50,organic_search,revisited,2026-08-19T11:25:44.294Z,,,n-hv1-u00018,
hv1-e000064,hv1-u00018,task_first,hv1:main:50,organic_search,task_completed,2026-08-19T11:30:44.294Z,,,n-hv1-u00018,t-hv1-u00018-1
hv1-e001217,hv1-u00322,baseline,hv1:main:50,paid_social,trial_started,2026-08-19T11:46:07.837Z,,,,
hv1-e002385,hv1-u00641,task_first,hv1:main:50,paid_social,assigned,2026-08-19T12:28:38.676Z,,,,
hv1-e002386,hv1-u00641,task_first,hv1:main:50,paid_social,note_saved,2026-08-19T12:32:38.676Z,,,n-hv1-u00641,
hv1-e002845,hv1-u00772,baseline,hv1:main:50,organic_search,assigned,2026-08-19T12:32:56.835Z,,,,
hv1-e000851,hv1-u00224,baseline,hv1:main:50,organic_search,revisited,2026-08-19T12:46:09.460Z,,,n-hv1-u00224,
hv1-e003675,hv1-u00998,baseline,hv1:main:50,organic_search,assigned,2026-08-19T13:00:08.383Z,,,,
hv1-e003676,hv1-u00998,baseline,hv1:main:50,organic_search,note_saved,2026-08-19T13:04:08.383Z,,,n-hv1-u00998,
hv1-e001857,hv1-u00501,baseline,hv1:main:50,paid_social,revisited,2026-08-19T13:04:30.684Z,,,n-hv1-u00501,
hv1-e002465,hv1-u00664,baseline,hv1:main:50,organic_search,revisited,2026-08-19T13:05:16.064Z,,,n-hv1-u00664,
hv1-e003677,hv1-u00998,baseline,hv1:main:50,organic_search,task_created,2026-08-19T13:06:08.383Z,,,n-hv1-u00998,t-hv1-u00998-1
hv1-e003678,hv1-u00998,baseline,hv1:main:50,organic_search,task_created,2026-08-19T13:07:08.383Z,,,n-hv1-u00998,t-hv1-u00998-2
hv1-e003679,hv1-u00998,baseline,hv1:main:50,organic_search,task_created,2026-08-19T13:08:08.383Z,,,n-hv1-u00998,t-hv1-u00998-3
hv1-e002739,hv1-u00737,baseline,hv1:main:50,paid_social,assigned,2026-08-19T13:18:27.053Z,,,,
hv1-e003024,hv1-u00819,task_first,hv1:main:50,organic_search,paid,2026-08-19T13:20:43.058Z,10.00,XTS,,
hv1-e002740,hv1-u00737,baseline,hv1:main:50,paid_social,note_saved,2026-08-19T13:22:27.053Z,,,n-hv1-u00737,
hv1-e003549,hv1-u00967,task_first,hv1:main:50,organic_search,assigned,2026-08-19T13:28:01.656Z,,,,
hv1-e003550,hv1-u00967,task_first,hv1:main:50,organic_search,note_saved,2026-08-19T13:32:01.656Z,,,n-hv1-u00967,
hv1-e003551,hv1-u00967,task_first,hv1:main:50,organic_search,task_created,2026-08-19T13:34:01.656Z,,,n-hv1-u00967,t-hv1-u00967-1
hv1-e003069,hv1-u00831,baseline,hv1:main:50,paid_social,assigned,2026-08-19T14:06:50.502Z,,,,
hv1-e003070,hv1-u00831,baseline,hv1:main:50,paid_social,note_saved,2026-08-19T14:10:50.502Z,,,n-hv1-u00831,
hv1-e003071,hv1-u00831,baseline,hv1:main:50,paid_social,task_created,2026-08-19T14:12:50.502Z,,,n-hv1-u00831,t-hv1-u00831-1
hv1-e003072,hv1-u00831,baseline,hv1:main:50,paid_social,task_created,2026-08-19T14:13:50.502Z,,,n-hv1-u00831,t-hv1-u00831-2
hv1-e001289,hv1-u00344,baseline,hv1:main:50,paid_social,trial_started,2026-08-19T15:05:17.667Z,,,,
hv1-e002313,hv1-u00622,baseline,hv1:main:50,referral,assigned,2026-08-19T15:08:26.624Z,,,,
hv1-e000596,hv1-u00160,task_first,hv1:main:50,organic_search,assigned,2026-08-19T15:20:38.004Z,,,,
hv1-e000597,hv1-u00160,task_first,hv1:main:50,organic_search,note_saved,2026-08-19T15:24:38.004Z,,,n-hv1-u00160,
hv1-e001738,hv1-u00471,task_first,hv1:main:50,organic_search,revisited,2026-08-19T15:35:15.019Z,,,n-hv1-u00471,
hv1-e003607,hv1-u00979,task_first,hv1:main:50,organic_search,paid,2026-08-19T15:54:56.203Z,10.00,XTS,,
hv1-e001906,hv1-u00513,task_first,hv1:main:50,organic_search,revisited,2026-08-19T16:21:43.812Z,,,n-hv1-u00513,
hv1-e001918,hv1-u00516,task_first,hv1:main:50,paid_social,assigned,2026-08-19T17:26:37.033Z,,,,
hv1-e001919,hv1-u00516,task_first,hv1:main:50,paid_social,note_saved,2026-08-19T17:30:37.033Z,,,n-hv1-u00516,
hv1-e001544,hv1-u00412,task_first,hv1:main:50,referral,revisited,2026-08-19T17:31:10.596Z,,,n-hv1-u00412,
hv1-e001545,hv1-u00412,task_first,hv1:main:50,referral,task_completed,2026-08-19T17:36:10.596Z,,,n-hv1-u00412,t-hv1-u00412-1
hv1-e003107,hv1-u00840,task_first,hv1:main:50,referral,revisited,2026-08-19T17:40:22.198Z,,,n-hv1-u00840,
hv1-e000639,hv1-u00172,task_first,hv1:main:50,organic_search,trial_started,2026-08-19T17:41:31.040Z,,,,
hv1-e000558,hv1-u00148,task_first,hv1:main:50,paid_social,revisited,2026-08-19T17:51:23.137Z,,,n-hv1-u00148,
hv1-e002811,hv1-u00761,task_first,hv1:main:50,organic_search,assigned,2026-08-19T17:56:13.529Z,,,,
hv1-e002921,hv1-u00794,baseline,hv1:main:50,organic_search,revisited,2026-08-19T17:59:18.199Z,,,n-hv1-u00794,
hv1-e002812,hv1-u00761,task_first,hv1:main:50,organic_search,note_saved,2026-08-19T18:00:13.529Z,,,n-hv1-u00761,
hv1-e000869,hv1-u00228,task_first,hv1:main:50,organic_search,revisited,2026-08-19T18:03:53.407Z,,,n-hv1-u00228,
hv1-e002625,hv1-u00707,task_first,hv1:main:50,referral,assigned,2026-08-19T18:05:29.106Z,,,,
hv1-e000870,hv1-u00228,task_first,hv1:main:50,organic_search,task_completed,2026-08-19T18:08:53.407Z,,,n-hv1-u00228,t-hv1-u00228-1
hv1-e000568,hv1-u00150,baseline,hv1:main:50,referral,revisited,2026-08-19T18:18:36.323Z,,,n-hv1-u00150,
hv1-e000569,hv1-u00150,baseline,hv1:main:50,referral,task_completed,2026-08-19T18:23:36.323Z,,,n-hv1-u00150,t-hv1-u00150-1
hv1-e003213,hv1-u00872,task_first,hv1:main:50,paid_social,assigned,2026-08-19T18:40:34.946Z,,,,
hv1-e003214,hv1-u00872,task_first,hv1:main:50,paid_social,note_saved,2026-08-19T18:44:34.946Z,,,n-hv1-u00872,
hv1-e003215,hv1-u00872,task_first,hv1:main:50,paid_social,task_created,2026-08-19T18:46:34.946Z,,,n-hv1-u00872,t-hv1-u00872-1
hv1-e003216,hv1-u00872,task_first,hv1:main:50,paid_social,task_created,2026-08-19T18:47:34.946Z,,,n-hv1-u00872,t-hv1-u00872-2
hv1-e003217,hv1-u00872,task_first,hv1:main:50,paid_social,task_created,2026-08-19T18:48:34.946Z,,,n-hv1-u00872,t-hv1-u00872-3
hv1-e001642,hv1-u00443,baseline,hv1:main:50,app_store,assigned,2026-08-19T19:35:53.370Z,,,,
hv1-e001643,hv1-u00443,baseline,hv1:main:50,app_store,note_saved,2026-08-19T19:39:53.370Z,,,n-hv1-u00443,
hv1-e001644,hv1-u00443,baseline,hv1:main:50,app_store,task_created,2026-08-19T19:41:53.370Z,,,n-hv1-u00443,t-hv1-u00443-1
hv1-e001645,hv1-u00443,baseline,hv1:main:50,app_store,task_created,2026-08-19T19:42:53.370Z,,,n-hv1-u00443,t-hv1-u00443-2
hv1-e001646,hv1-u00443,baseline,hv1:main:50,app_store,task_created,2026-08-19T19:43:53.370Z,,,n-hv1-u00443,t-hv1-u00443-3
hv1-e002618,hv1-u00704,baseline,hv1:main:50,organic_search,trial_started,2026-08-19T19:44:16.920Z,,,,
hv1-e000844,hv1-u00221,baseline,hv1:main:50,paid_social,trial_started,2026-08-19T19:49:19.870Z,,,,
hv1-e001379,hv1-u00368,task_first,hv1:main:50,organic_search,assigned,2026-08-19T19:50:55.941Z,,,,
hv1-e001380,hv1-u00368,task_first,hv1:main:50,organic_search,note_saved,2026-08-19T19:54:55.941Z,,,n-hv1-u00368,
hv1-e001381,hv1-u00368,task_first,hv1:main:50,organic_search,task_created,2026-08-19T19:56:55.941Z,,,n-hv1-u00368,t-hv1-u00368-1
hv1-e001382,hv1-u00368,task_first,hv1:main:50,organic_search,task_created,2026-08-19T19:57:55.941Z,,,n-hv1-u00368,t-hv1-u00368-2
hv1-e002891,hv1-u00786,baseline,hv1:main:50,paid_social,assigned,2026-08-19T20:29:40.371Z,,,,
hv1-e002892,hv1-u00786,baseline,hv1:main:50,paid_social,note_saved,2026-08-19T20:33:40.371Z,,,n-hv1-u00786,
hv1-e002992,hv1-u00812,baseline,hv1:main:50,app_store,paid,2026-08-19T20:54:36.496Z,10.00,XTS,,
hv1-e001454,hv1-u00385,task_first,hv1:main:50,organic_search,trial_started,2026-08-19T21:21:09.095Z,,,,
hv1-e001843,hv1-u00498,baseline,hv1:main:50,paid_social,revisited,2026-08-19T21:22:01.659Z,,,n-hv1-u00498,
hv1-e001844,hv1-u00498,baseline,hv1:main:50,paid_social,task_completed,2026-08-19T21:27:01.659Z,,,n-hv1-u00498,t-hv1-u00498-1
hv1-e002106,hv1-u00565,task_first,hv1:main:50,app_store,revisited,2026-08-19T22:26:26.764Z,,,n-hv1-u00565,
hv1-e002636,hv1-u00711,baseline,hv1:main:50,paid_social,assigned,2026-08-19T22:27:45.075Z,,,,
hv1-e002637,hv1-u00711,baseline,hv1:main:50,paid_social,note_saved,2026-08-19T22:31:45.075Z,,,n-hv1-u00711,
hv1-e002638,hv1-u00711,baseline,hv1:main:50,paid_social,task_created,2026-08-19T22:33:45.075Z,,,n-hv1-u00711,t-hv1-u00711-1
hv1-e002639,hv1-u00711,baseline,hv1:main:50,paid_social,task_created,2026-08-19T22:34:45.075Z,,,n-hv1-u00711,t-hv1-u00711-2
hv1-e001187,hv1-u00315,baseline,hv1:main:50,organic_search,assigned,2026-08-19T22:35:12.091Z,,,,
hv1-e002427,hv1-u00652,task_first,hv1:main:50,organic_search,assigned,2026-08-19T22:51:30.611Z,,,,
hv1-e002428,hv1-u00652,task_first,hv1:main:50,organic_search,note_saved,2026-08-19T22:55:30.611Z,,,n-hv1-u00652,
hv1-e002429,hv1-u00652,task_first,hv1:main:50,organic_search,task_created,2026-08-19T22:57:30.611Z,,,n-hv1-u00652,t-hv1-u00652-1
hv1-e002430,hv1-u00652,task_first,hv1:main:50,organic_search,task_created,2026-08-19T22:58:30.611Z,,,n-hv1-u00652,t-hv1-u00652-2
hv1-e002431,hv1-u00652,task_first,hv1:main:50,organic_search,task_created,2026-08-19T22:59:30.611Z,,,n-hv1-u00652,t-hv1-u00652-3
hv1-e002492,hv1-u00672,task_first,hv1:main:50,paid_social,assigned,2026-08-19T23:00:24.753Z,,,,
hv1-e000536,hv1-u00142,baseline,hv1:main:50,organic_search,assigned,2026-08-19T23:01:13.444Z,,,,
hv1-e002493,hv1-u00672,task_first,hv1:main:50,paid_social,note_saved,2026-08-19T23:04:24.753Z,,,n-hv1-u00672,
hv1-e000537,hv1-u00142,baseline,hv1:main:50,organic_search,note_saved,2026-08-19T23:05:13.444Z,,,n-hv1-u00142,
hv1-e002494,hv1-u00672,task_first,hv1:main:50,paid_social,task_created,2026-08-19T23:06:24.753Z,,,n-hv1-u00672,t-hv1-u00672-1
hv1-e002495,hv1-u00672,task_first,hv1:main:50,paid_social,task_created,2026-08-19T23:07:24.753Z,,,n-hv1-u00672,t-hv1-u00672-2
hv1-e002190,hv1-u00587,task_first,hv1:main:50,referral,assigned,2026-08-19T23:20:30.438Z,,,,
hv1-e002191,hv1-u00587,task_first,hv1:main:50,referral,note_saved,2026-08-19T23:24:30.438Z,,,n-hv1-u00587,
hv1-e002192,hv1-u00587,task_first,hv1:main:50,referral,task_created,2026-08-19T23:26:30.438Z,,,n-hv1-u00587,t-hv1-u00587-1
hv1-e002193,hv1-u00587,task_first,hv1:main:50,referral,task_created,2026-08-19T23:27:30.438Z,,,n-hv1-u00587,t-hv1-u00587-2
hv1-e002194,hv1-u00587,task_first,hv1:main:50,referral,task_created,2026-08-19T23:28:30.438Z,,,n-hv1-u00587,t-hv1-u00587-3
hv1-e000526,hv1-u00139,task_first,hv1:main:50,organic_search,assigned,2026-08-19T23:40:51.741Z,,,,
hv1-e000527,hv1-u00139,task_first,hv1:main:50,organic_search,note_saved,2026-08-19T23:44:51.741Z,,,n-hv1-u00139,
hv1-e002496,hv1-u00672,task_first,hv1:main:50,paid_social,trial_started,2026-08-20T00:00:24.753Z,,,,
hv1-e002805,hv1-u00757,task_first,hv1:main:50,organic_search,assigned,2026-08-20T00:07:18.851Z,,,,
hv1-e003135,hv1-u00847,baseline,hv1:main:50,organic_search,assigned,2026-08-20T00:15:12.972Z,,,,
hv1-e003136,hv1-u00847,baseline,hv1:main:50,organic_search,note_saved,2026-08-20T00:19:12.972Z,,,n-hv1-u00847,
hv1-e003399,hv1-u00921,task_first,hv1:main:50,paid_social,trial_started,2026-08-20T00:28:33.943Z,,,,
hv1-e001776,hv1-u00480,task_first,hv1:main:50,organic_search,paid,2026-08-20T00:38:47.854Z,10.00,XTS,,
hv1-e002551,hv1-u00684,task_first,hv1:main:50,app_store,revisited,2026-08-20T00:58:25.217Z,,,n-hv1-u00684,
hv1-e003425,hv1-u00929,baseline,hv1:main:50,paid_social,assigned,2026-08-20T01:08:19.512Z,,,,
hv1-e003426,hv1-u00929,baseline,hv1:main:50,paid_social,note_saved,2026-08-20T01:12:19.512Z,,,n-hv1-u00929,
hv1-e002304,hv1-u00620,task_first,hv1:main:50,referral,assigned,2026-08-20T01:44:38.904Z,,,,
hv1-e002305,hv1-u00620,task_first,hv1:main:50,referral,note_saved,2026-08-20T01:48:38.904Z,,,n-hv1-u00620,
hv1-e002306,hv1-u00620,task_first,hv1:main:50,referral,task_created,2026-08-20T01:50:38.904Z,,,n-hv1-u00620,t-hv1-u00620-1
hv1-e000326,hv1-u00085,baseline,hv1:main:50,organic_search,trial_started,2026-08-20T01:51:17.355Z,,,,
hv1-e003336,hv1-u00907,task_first,hv1:main:50,organic_search,assigned,2026-08-20T02:05:54.903Z,,,,
hv1-e003337,hv1-u00907,task_first,hv1:main:50,organic_search,note_saved,2026-08-20T02:09:54.903Z,,,n-hv1-u00907,
hv1-e002530,hv1-u00679,baseline,hv1:main:50,organic_search,assigned,2026-08-20T02:21:09.298Z,,,,
hv1-e002531,hv1-u00679,baseline,hv1:main:50,organic_search,note_saved,2026-08-20T02:25:09.298Z,,,n-hv1-u00679,
hv1-e002532,hv1-u00679,baseline,hv1:main:50,organic_search,task_created,2026-08-20T02:27:09.298Z,,,n-hv1-u00679,t-hv1-u00679-1
hv1-e002533,hv1-u00679,baseline,hv1:main:50,organic_search,task_created,2026-08-20T02:28:09.298Z,,,n-hv1-u00679,t-hv1-u00679-2
hv1-e002534,hv1-u00679,baseline,hv1:main:50,organic_search,task_created,2026-08-20T02:29:09.298Z,,,n-hv1-u00679,t-hv1-u00679-3
hv1-e001714,hv1-u00467,task_first,hv1:main:50,organic_search,assigned,2026-08-20T02:58:31.716Z,,,,
hv1-e001715,hv1-u00467,task_first,hv1:main:50,organic_search,note_saved,2026-08-20T03:02:31.716Z,,,n-hv1-u00467,
hv1-e001716,hv1-u00467,task_first,hv1:main:50,organic_search,task_created,2026-08-20T03:04:31.716Z,,,n-hv1-u00467,t-hv1-u00467-1
hv1-e001717,hv1-u00467,task_first,hv1:main:50,organic_search,task_created,2026-08-20T03:05:31.716Z,,,n-hv1-u00467,t-hv1-u00467-2
hv1-e002095,hv1-u00562,task_first,hv1:main:50,paid_social,assigned,2026-08-20T03:09:30.678Z,,,,
hv1-e002096,hv1-u00562,task_first,hv1:main:50,paid_social,note_saved,2026-08-20T03:13:30.678Z,,,n-hv1-u00562,
hv1-e001312,hv1-u00351,baseline,hv1:main:50,organic_search,assigned,2026-08-20T04:36:25.182Z,,,,
hv1-e001313,hv1-u00351,baseline,hv1:main:50,organic_search,note_saved,2026-08-20T04:40:25.182Z,,,n-hv1-u00351,
hv1-e002184,hv1-u00585,baseline,hv1:main:50,paid_social,assigned,2026-08-20T04:45:53.058Z,,,,
hv1-e002185,hv1-u00585,baseline,hv1:main:50,paid_social,note_saved,2026-08-20T04:49:53.058Z,,,n-hv1-u00585,
hv1-e002186,hv1-u00585,baseline,hv1:main:50,paid_social,task_created,2026-08-20T04:51:53.058Z,,,n-hv1-u00585,t-hv1-u00585-1
hv1-e002187,hv1-u00585,baseline,hv1:main:50,paid_social,task_created,2026-08-20T04:52:53.058Z,,,n-hv1-u00585,t-hv1-u00585-2
hv1-e000106,hv1-u00028,baseline,hv1:main:50,app_store,revisited,2026-08-20T05:09:31.853Z,,,n-hv1-u00028,
hv1-e001208,hv1-u00321,task_first,hv1:main:50,app_store,assigned,2026-08-20T05:10:15.707Z,,,,
hv1-e001209,hv1-u00321,task_first,hv1:main:50,app_store,note_saved,2026-08-20T05:14:15.707Z,,,n-hv1-u00321,
hv1-e002226,hv1-u00595,task_first,hv1:main:50,paid_social,assigned,2026-08-20T05:14:27.125Z,,,,
hv1-e001210,hv1-u00321,task_first,hv1:main:50,app_store,task_created,2026-08-20T05:16:15.707Z,,,n-hv1-u00321,t-hv1-u00321-1
hv1-e002227,hv1-u00595,task_first,hv1:main:50,paid_social,note_saved,2026-08-20T05:18:27.125Z,,,n-hv1-u00595,
hv1-e003632,hv1-u00987,baseline,hv1:main:50,organic_search,paid,2026-08-20T05:33:20.314Z,10.00,XTS,,
hv1-e002612,hv1-u00702,baseline,hv1:main:50,app_store,trial_started,2026-08-20T05:40:28.431Z,,,,
hv1-e000107,hv1-u00028,baseline,hv1:main:50,app_store,trial_started,2026-08-20T06:09:31.853Z,,,,
hv1-e003017,hv1-u00817,baseline,hv1:main:50,organic_search,paid,2026-08-20T07:06:17.877Z,10.00,XTS,,
hv1-e000450,hv1-u00118,task_first,hv1:main:50,app_store,assigned,2026-08-20T07:23:10.841Z,,,,
hv1-e000692,hv1-u00186,task_first,hv1:main:50,organic_search,revisited,2026-08-20T07:35:39.033Z,,,n-hv1-u00186,
hv1-e002445,hv1-u00658,baseline,hv1:main:50,organic_search,assigned,2026-08-20T07:53:18.379Z,,,,
hv1-e000408,hv1-u00105,task_first,hv1:main:50,app_store,trial_started,2026-08-20T07:54:23.318Z,,,,
hv1-e002446,hv1-u00658,baseline,hv1:main:50,organic_search,note_saved,2026-08-20T07:57:18.379Z,,,n-hv1-u00658,
hv1-e003369,hv1-u00914,task_first,hv1:main:50,referral,assigned,2026-08-20T08:11:30.727Z,,,,
hv1-e002865,hv1-u00778,task_first,hv1:main:50,paid_social,assigned,2026-08-20T08:14:26.408Z,,,,
hv1-e003370,hv1-u00914,task_first,hv1:main:50,referral,note_saved,2026-08-20T08:15:30.727Z,,,n-hv1-u00914,
hv1-e000166,hv1-u00043,baseline,hv1:main:50,paid_social,assigned,2026-08-20T08:16:20.745Z,,,,
hv1-e003371,hv1-u00914,task_first,hv1:main:50,referral,task_created,2026-08-20T08:17:30.727Z,,,n-hv1-u00914,t-hv1-u00914-1
hv1-e003372,hv1-u00914,task_first,hv1:main:50,referral,task_created,2026-08-20T08:18:30.727Z,,,n-hv1-u00914,t-hv1-u00914-2
hv1-e003373,hv1-u00914,task_first,hv1:main:50,referral,task_created,2026-08-20T08:19:30.727Z,,,n-hv1-u00914,t-hv1-u00914-3
hv1-e000167,hv1-u00043,baseline,hv1:main:50,paid_social,note_saved,2026-08-20T08:20:20.745Z,,,n-hv1-u00043,
hv1-e000168,hv1-u00043,baseline,hv1:main:50,paid_social,task_created,2026-08-20T08:22:20.745Z,,,n-hv1-u00043,t-hv1-u00043-1
hv1-e003160,hv1-u00854,task_first,hv1:main:50,referral,revisited,2026-08-20T08:26:40.645Z,,,n-hv1-u00854,
hv1-e002447,hv1-u00658,baseline,hv1:main:50,organic_search,trial_started,2026-08-20T08:53:18.379Z,,,,
hv1-e002166,hv1-u00579,baseline,hv1:main:50,paid_social,assigned,2026-08-20T08:59:48.573Z,,,,
hv1-e002167,hv1-u00579,baseline,hv1:main:50,paid_social,note_saved,2026-08-20T09:03:48.573Z,,,n-hv1-u00579,
hv1-e001963,hv1-u00527,baseline,hv1:main:50,paid_social,revisited,2026-08-20T09:07:11.419Z,,,n-hv1-u00527,
hv1-e003638,hv1-u00988,baseline,hv1:main:50,app_store,revisited,2026-08-20T09:08:15.738Z,,,n-hv1-u00988,
hv1-e003375,hv1-u00914,task_first,hv1:main:50,referral,trial_started,2026-08-20T09:11:30.727Z,,,,
hv1-e003639,hv1-u00988,baseline,hv1:main:50,app_store,task_completed,2026-08-20T09:13:15.738Z,,,n-hv1-u00988,t-hv1-u00988-1
hv1-e001617,hv1-u00436,task_first,hv1:main:50,organic_search,assigned,2026-08-20T09:30:07.718Z,,,,
hv1-e002002,hv1-u00535,task_first,hv1:main:50,paid_social,revisited,2026-08-20T09:47:58.599Z,,,n-hv1-u00535,
hv1-e002288,hv1-u00614,baseline,hv1:main:50,referral,assigned,2026-08-20T10:29:30.735Z,,,,
hv1-e002289,hv1-u00614,baseline,hv1:main:50,referral,note_saved,2026-08-20T10:33:30.735Z,,,n-hv1-u00614,
hv1-e001658,hv1-u00448,baseline,hv1:main:50,referral,revisited,2026-08-20T10:33:44.119Z,,,n-hv1-u00448,
hv1-e002003,hv1-u00535,task_first,hv1:main:50,paid_social,trial_started,2026-08-20T10:47:58.599Z,,,,
hv1-e001653,hv1-u00446,baseline,hv1:main:50,organic_search,revisited,2026-08-20T10:55:02.057Z,,,n-hv1-u00446,
hv1-e002290,hv1-u00614,baseline,hv1:main:50,referral,trial_started,2026-08-20T11:29:30.735Z,,,,
hv1-e003561,hv1-u00969,task_first,hv1:main:50,app_store,assigned,2026-08-20T11:44:10.237Z,,,,
hv1-e001243,hv1-u00333,task_first,hv1:main:50,paid_social,assigned,2026-08-20T11:44:48.911Z,,,,
hv1-e001244,hv1-u00333,task_first,hv1:main:50,paid_social,note_saved,2026-08-20T11:48:48.911Z,,,n-hv1-u00333,
hv1-e001245,hv1-u00333,task_first,hv1:main:50,paid_social,task_created,2026-08-20T11:50:48.911Z,,,n-hv1-u00333,t-hv1-u00333-1
hv1-e001246,hv1-u00333,task_first,hv1:main:50,paid_social,task_created,2026-08-20T11:51:48.911Z,,,n-hv1-u00333,t-hv1-u00333-2
hv1-e001247,hv1-u00333,task_first,hv1:main:50,paid_social,task_created,2026-08-20T11:52:48.911Z,,,n-hv1-u00333,t-hv1-u00333-3
hv1-e001591,hv1-u00430,baseline,hv1:main:50,organic_search,trial_started,2026-08-20T12:14:50.720Z,,,,
hv1-e001159,hv1-u00306,task_first,hv1:main:50,referral,revisited,2026-08-20T12:39:39.679Z,,,n-hv1-u00306,
hv1-e002024,hv1-u00541,baseline,hv1:main:50,organic_search,assigned,2026-08-20T12:40:22.895Z,,,,
hv1-e002025,hv1-u00541,baseline,hv1:main:50,organic_search,note_saved,2026-08-20T12:44:22.895Z,,,n-hv1-u00541,
hv1-e001160,hv1-u00306,task_first,hv1:main:50,referral,task_completed,2026-08-20T12:44:39.679Z,,,n-hv1-u00306,t-hv1-u00306-1
hv1-e001924,hv1-u00518,task_first,hv1:main:50,referral,assigned,2026-08-20T12:57:44.552Z,,,,
hv1-e001925,hv1-u00518,task_first,hv1:main:50,referral,note_saved,2026-08-20T13:01:44.552Z,,,n-hv1-u00518,
hv1-e001926,hv1-u00518,task_first,hv1:main:50,referral,task_created,2026-08-20T13:03:44.552Z,,,n-hv1-u00518,t-hv1-u00518-1
hv1-e001161,hv1-u00306,task_first,hv1:main:50,referral,trial_started,2026-08-20T13:09:39.679Z,,,,
hv1-e001150,hv1-u00303,task_first,hv1:main:50,referral,assigned,2026-08-20T13:52:28.768Z,,,,
hv1-e001927,hv1-u00518,task_first,hv1:main:50,referral,trial_started,2026-08-20T13:57:44.552Z,,,,
hv1-e002906,hv1-u00791,task_first,hv1:main:50,app_store,assigned,2026-08-20T14:08:27.832Z,,,,
hv1-e002907,hv1-u00791,task_first,hv1:main:50,app_store,note_saved,2026-08-20T14:12:27.832Z,,,n-hv1-u00791,
hv1-e001570,hv1-u00421,task_first,hv1:main:50,app_store,assigned,2026-08-20T14:22:52.449Z,,,,
hv1-e001571,hv1-u00421,task_first,hv1:main:50,app_store,note_saved,2026-08-20T14:26:52.449Z,,,n-hv1-u00421,
hv1-e002732,hv1-u00735,task_first,hv1:main:50,referral,revisited,2026-08-20T14:40:32.558Z,,,n-hv1-u00735,
hv1-e002396,hv1-u00644,task_first,hv1:main:50,referral,revisited,2026-08-20T14:40:37.531Z,,,n-hv1-u00644,
hv1-e002733,hv1-u00735,task_first,hv1:main:50,referral,task_completed,2026-08-20T14:45:32.558Z,,,n-hv1-u00735,t-hv1-u00735-1
hv1-e002397,hv1-u00644,task_first,hv1:main:50,referral,task_completed,2026-08-20T14:45:37.531Z,,,n-hv1-u00644,t-hv1-u00644-1
hv1-e001987,hv1-u00533,task_first,hv1:main:50,organic_search,assigned,2026-08-20T14:54:17.512Z,,,,
hv1-e001988,hv1-u00533,task_first,hv1:main:50,organic_search,note_saved,2026-08-20T14:58:17.512Z,,,n-hv1-u00533,
hv1-e001989,hv1-u00533,task_first,hv1:main:50,organic_search,task_created,2026-08-20T15:00:17.512Z,,,n-hv1-u00533,t-hv1-u00533-1
hv1-e001990,hv1-u00533,task_first,hv1:main:50,organic_search,task_created,2026-08-20T15:01:17.512Z,,,n-hv1-u00533,t-hv1-u00533-2
hv1-e001278,hv1-u00341,baseline,hv1:main:50,paid_social,assigned,2026-08-20T16:10:22.638Z,,,,
hv1-e001279,hv1-u00341,baseline,hv1:main:50,paid_social,note_saved,2026-08-20T16:14:22.638Z,,,n-hv1-u00341,
hv1-e002657,hv1-u00716,baseline,hv1:main:50,organic_search,assigned,2026-08-20T16:35:11.170Z,,,,
hv1-e001739,hv1-u00471,task_first,hv1:main:50,organic_search,trial_started,2026-08-20T16:35:15.019Z,,,,
hv1-e000638,hv1-u00172,task_first,hv1:main:50,organic_search,revisited,2026-08-20T16:41:31.040Z,,,n-hv1-u00172,
hv1-e002682,hv1-u00722,baseline,hv1:main:50,organic_search,revisited,2026-08-20T16:47:57.419Z,,,n-hv1-u00722,
hv1-e002814,hv1-u00763,baseline,hv1:main:50,organic_search,assigned,2026-08-20T17:05:13.061Z,,,,
hv1-e000096,hv1-u00026,task_first,hv1:main:50,paid_social,assigned,2026-08-20T17:05:42.668Z,,,,
hv1-e002815,hv1-u00763,baseline,hv1:main:50,organic_search,note_saved,2026-08-20T17:09:13.061Z,,,n-hv1-u00763,
hv1-e000097,hv1-u00026,task_first,hv1:main:50,paid_social,note_saved,2026-08-20T17:09:42.668Z,,,n-hv1-u00026,
hv1-e000044,hv1-u00012,baseline,hv1:main:50,referral,revisited,2026-08-20T17:25:39.247Z,,,n-hv1-u00012,
hv1-e002816,hv1-u00764,task_first,hv1:main:50,referral,assigned,2026-08-20T17:26:28.927Z,,,,
hv1-e002817,hv1-u00764,task_first,hv1:main:50,referral,note_saved,2026-08-20T17:30:28.927Z,,,n-hv1-u00764,
hv1-e000045,hv1-u00012,baseline,hv1:main:50,referral,task_completed,2026-08-20T17:30:39.247Z,,,n-hv1-u00012,t-hv1-u00012-1
hv1-e001005,hv1-u00266,baseline,hv1:main:50,referral,assigned,2026-08-20T17:47:05.906Z,,,,
hv1-e002091,hv1-u00560,baseline,hv1:main:50,paid_social,trial_started,2026-08-20T17:49:33.515Z,,,,
hv1-e001006,hv1-u00266,baseline,hv1:main:50,referral,note_saved,2026-08-20T17:51:05.906Z,,,n-hv1-u00266,
hv1-e001007,hv1-u00266,baseline,hv1:main:50,referral,task_created,2026-08-20T17:53:05.906Z,,,n-hv1-u00266,t-hv1-u00266-1
hv1-e001008,hv1-u00266,baseline,hv1:main:50,referral,task_created,2026-08-20T17:54:05.906Z,,,n-hv1-u00266,t-hv1-u00266-2
hv1-e002600,hv1-u00700,baseline,hv1:main:50,organic_search,assigned,2026-08-20T18:01:35.182Z,,,,
hv1-e002601,hv1-u00700,baseline,hv1:main:50,organic_search,note_saved,2026-08-20T18:05:35.182Z,,,n-hv1-u00700,
hv1-e003305,hv1-u00899,task_first,hv1:main:50,app_store,revisited,2026-08-20T18:09:20.041Z,,,n-hv1-u00899,
hv1-e001869,hv1-u00504,task_first,hv1:main:50,organic_search,revisited,2026-08-20T18:14:55.170Z,,,n-hv1-u00504,
hv1-e000581,hv1-u00156,task_first,hv1:main:50,paid_social,paid,2026-08-20T18:41:53.230Z,10.00,XTS,,
hv1-e001434,hv1-u00380,task_first,hv1:main:50,referral,paid,2026-08-20T18:42:03.848Z,10.00,XTS,,
hv1-e002617,hv1-u00704,baseline,hv1:main:50,organic_search,revisited,2026-08-20T18:44:16.920Z,,,n-hv1-u00704,
hv1-e002414,hv1-u00648,task_first,hv1:main:50,app_store,assigned,2026-08-20T19:04:51.103Z,,,,
hv1-e001267,hv1-u00337,task_first,hv1:main:50,organic_search,revisited,2026-08-20T19:27:48.385Z,,,n-hv1-u00337,
hv1-e001268,hv1-u00337,task_first,hv1:main:50,organic_search,task_completed,2026-08-20T19:32:48.385Z,,,n-hv1-u00337,t-hv1-u00337-1
hv1-e002197,hv1-u00588,baseline,hv1:main:50,paid_social,assigned,2026-08-20T19:42:31.204Z,,,,
hv1-e003133,hv1-u00846,task_first,hv1:main:50,paid_social,revisited,2026-08-20T19:45:29.662Z,,,n-hv1-u00846,
hv1-e002198,hv1-u00588,baseline,hv1:main:50,paid_social,note_saved,2026-08-20T19:46:31.204Z,,,n-hv1-u00588,
hv1-e003134,hv1-u00846,task_first,hv1:main:50,paid_social,task_completed,2026-08-20T19:50:29.662Z,,,n-hv1-u00846,t-hv1-u00846-1
hv1-e000887,hv1-u00233,task_first,hv1:main:50,app_store,assigned,2026-08-20T19:51:20.096Z,,,,
hv1-e000888,hv1-u00233,task_first,hv1:main:50,app_store,note_saved,2026-08-20T19:55:20.096Z,,,n-hv1-u00233,
hv1-e000344,hv1-u00089,baseline,hv1:main:50,paid_social,revisited,2026-08-20T19:56:24.833Z,,,n-hv1-u00089,
hv1-e000345,hv1-u00089,baseline,hv1:main:50,paid_social,task_completed,2026-08-20T20:01:24.833Z,,,n-hv1-u00089,t-hv1-u00089-1
hv1-e001979,hv1-u00531,baseline,hv1:main:50,paid_social,assigned,2026-08-20T20:23:31.509Z,,,,
hv1-e001980,hv1-u00531,baseline,hv1:main:50,paid_social,note_saved,2026-08-20T20:27:31.509Z,,,n-hv1-u00531,
hv1-e001981,hv1-u00531,baseline,hv1:main:50,paid_social,task_created,2026-08-20T20:29:31.509Z,,,n-hv1-u00531,t-hv1-u00531-1
hv1-e001982,hv1-u00531,baseline,hv1:main:50,paid_social,task_created,2026-08-20T20:30:31.509Z,,,n-hv1-u00531,t-hv1-u00531-2
hv1-e002199,hv1-u00588,baseline,hv1:main:50,paid_social,trial_started,2026-08-20T20:42:31.204Z,,,,
hv1-e000858,hv1-u00226,task_first,hv1:main:50,organic_search,paid,2026-08-20T20:58:48.830Z,10.00,XTS,,
hv1-e002138,hv1-u00571,task_first,hv1:main:50,referral,trial_started,2026-08-20T21:35:33.911Z,,,,
hv1-e002477,hv1-u00668,baseline,hv1:main:50,paid_social,revisited,2026-08-20T22:09:54.883Z,,,n-hv1-u00668,
hv1-e003490,hv1-u00950,task_first,hv1:main:50,paid_social,assigned,2026-08-20T22:12:49.689Z,,,,
hv1-e003491,hv1-u00950,task_first,hv1:main:50,paid_social,note_saved,2026-08-20T22:16:49.689Z,,,n-hv1-u00950,
hv1-e003492,hv1-u00950,task_first,hv1:main:50,paid_social,task_created,2026-08-20T22:18:49.689Z,,,n-hv1-u00950,t-hv1-u00950-1
hv1-e003169,hv1-u00857,baseline,hv1:main:50,referral,revisited,2026-08-20T22:19:40.955Z,,,n-hv1-u00857,
hv1-e003499,hv1-u00953,task_first,hv1:main:50,organic_search,assigned,2026-08-20T22:19:57.507Z,,,,
hv1-e003500,hv1-u00953,task_first,hv1:main:50,organic_search,note_saved,2026-08-20T22:23:57.507Z,,,n-hv1-u00953,
hv1-e003501,hv1-u00953,task_first,hv1:main:50,organic_search,task_created,2026-08-20T22:25:57.507Z,,,n-hv1-u00953,t-hv1-u00953-1
hv1-e003502,hv1-u00953,task_first,hv1:main:50,organic_search,task_created,2026-08-20T22:26:57.507Z,,,n-hv1-u00953,t-hv1-u00953-2
hv1-e003190,hv1-u00865,baseline,hv1:main:50,referral,paid,2026-08-20T22:27:31.008Z,10.00,XTS,,
hv1-e003503,hv1-u00953,task_first,hv1:main:50,organic_search,task_created,2026-08-20T22:27:57.507Z,,,n-hv1-u00953,t-hv1-u00953-3
hv1-e001017,hv1-u00268,task_first,hv1:main:50,organic_search,trial_started,2026-08-20T22:47:34.592Z,,,,
hv1-e001348,hv1-u00360,baseline,hv1:main:50,organic_search,assigned,2026-08-20T23:37:32.711Z,,,,
hv1-e001349,hv1-u00360,baseline,hv1:main:50,organic_search,note_saved,2026-08-20T23:41:32.711Z,,,n-hv1-u00360,
hv1-e002312,hv1-u00621,baseline,hv1:main:50,organic_search,revisited,2026-08-20T23:53:58.658Z,,,n-hv1-u00621,
hv1-e003075,hv1-u00832,task_first,hv1:main:50,organic_search,revisited,2026-08-21T00:18:18.973Z,,,n-hv1-u00832,
hv1-e003432,hv1-u00931,task_first,hv1:main:50,paid_social,trial_started,2026-08-21T00:48:38.473Z,,,,
hv1-e000304,hv1-u00079,baseline,hv1:main:50,paid_social,revisited,2026-08-21T00:54:31.357Z,,,n-hv1-u00079,
hv1-e001100,hv1-u00288,task_first,hv1:main:50,paid_social,revisited,2026-08-21T00:54:46.976Z,,,n-hv1-u00288,
hv1-e001101,hv1-u00288,task_first,hv1:main:50,paid_social,task_completed,2026-08-21T00:59:46.976Z,,,n-hv1-u00288,t-hv1-u00288-1
hv1-e002886,hv1-u00785,baseline,hv1:main:50,organic_search,assigned,2026-08-21T01:46:59.993Z,,,,
hv1-e002887,hv1-u00785,baseline,hv1:main:50,organic_search,note_saved,2026-08-21T01:50:59.993Z,,,n-hv1-u00785,
hv1-e002888,hv1-u00785,baseline,hv1:main:50,organic_search,task_created,2026-08-21T01:52:59.993Z,,,n-hv1-u00785,t-hv1-u00785-1
hv1-e002889,hv1-u00785,baseline,hv1:main:50,organic_search,task_created,2026-08-21T01:53:59.993Z,,,n-hv1-u00785,t-hv1-u00785-2
hv1-e002890,hv1-u00785,baseline,hv1:main:50,organic_search,task_created,2026-08-21T01:54:59.993Z,,,n-hv1-u00785,t-hv1-u00785-3
hv1-e003338,hv1-u00907,task_first,hv1:main:50,organic_search,revisited,2026-08-21T02:05:54.903Z,,,n-hv1-u00907,
hv1-e002948,hv1-u00803,baseline,hv1:main:50,app_store,assigned,2026-08-21T02:06:47.230Z,,,,
hv1-e002949,hv1-u00803,baseline,hv1:main:50,app_store,note_saved,2026-08-21T02:10:47.230Z,,,n-hv1-u00803,
hv1-e000973,hv1-u00257,baseline,hv1:main:50,organic_search,assigned,2026-08-21T02:11:08.273Z,,,,
hv1-e001195,hv1-u00318,baseline,hv1:main:50,app_store,assigned,2026-08-21T02:11:25.883Z,,,,
hv1-e002950,hv1-u00803,baseline,hv1:main:50,app_store,task_created,2026-08-21T02:12:47.230Z,,,n-hv1-u00803,t-hv1-u00803-1
hv1-e002951,hv1-u00803,baseline,hv1:main:50,app_store,task_created,2026-08-21T02:13:47.230Z,,,n-hv1-u00803,t-hv1-u00803-2
hv1-e002952,hv1-u00803,baseline,hv1:main:50,app_store,task_created,2026-08-21T02:14:47.230Z,,,n-hv1-u00803,t-hv1-u00803-3
hv1-e000974,hv1-u00257,baseline,hv1:main:50,organic_search,note_saved,2026-08-21T02:15:08.273Z,,,n-hv1-u00257,
hv1-e001196,hv1-u00318,baseline,hv1:main:50,app_store,note_saved,2026-08-21T02:15:25.883Z,,,n-hv1-u00318,
hv1-e000975,hv1-u00257,baseline,hv1:main:50,organic_search,task_created,2026-08-21T02:17:08.273Z,,,n-hv1-u00257,t-hv1-u00257-1
hv1-e003292,hv1-u00894,baseline,hv1:main:50,organic_search,assigned,2026-08-21T02:25:21.749Z,,,,
hv1-e002520,hv1-u00676,task_first,hv1:main:50,paid_social,revisited,2026-08-21T02:28:04.091Z,,,n-hv1-u00676,
hv1-e002898,hv1-u00789,task_first,hv1:main:50,organic_search,assigned,2026-08-21T02:29:14.257Z,,,,
hv1-e003293,hv1-u00894,baseline,hv1:main:50,organic_search,note_saved,2026-08-21T02:29:21.749Z,,,n-hv1-u00894,
hv1-e002067,hv1-u00554,baseline,hv1:main:50,paid_social,assigned,2026-08-21T02:29:47.300Z,,,,
hv1-e000015,hv1-u00004,task_first,hv1:main:50,paid_social,assigned,2026-08-21T02:30:07.875Z,,,,
hv1-e002521,hv1-u00676,task_first,hv1:main:50,paid_social,task_completed,2026-08-21T02:33:04.091Z,,,n-hv1-u00676,t-hv1-u00676-1
hv1-e002899,hv1-u00789,task_first,hv1:main:50,organic_search,note_saved,2026-08-21T02:33:14.257Z,,,n-hv1-u00789,
hv1-e002068,hv1-u00554,baseline,hv1:main:50,paid_social,note_saved,2026-08-21T02:33:47.300Z,,,n-hv1-u00554,
hv1-e000016,hv1-u00004,task_first,hv1:main:50,paid_social,note_saved,2026-08-21T02:34:07.875Z,,,n-hv1-u00004,
hv1-e002069,hv1-u00554,baseline,hv1:main:50,paid_social,task_created,2026-08-21T02:35:47.300Z,,,n-hv1-u00554,t-hv1-u00554-1
hv1-e002070,hv1-u00554,baseline,hv1:main:50,paid_social,task_created,2026-08-21T02:36:47.300Z,,,n-hv1-u00554,t-hv1-u00554-2
hv1-e000904,hv1-u00238,task_first,hv1:main:50,app_store,trial_started,2026-08-21T03:19:48.317Z,,,,
hv1-e002535,hv1-u00679,baseline,hv1:main:50,organic_search,trial_started,2026-08-21T03:21:09.298Z,,,,
hv1-e002491,hv1-u00671,task_first,hv1:main:50,paid_social,paid,2026-08-21T03:24:43.094Z,10.00,XTS,,
hv1-e000655,hv1-u00175,task_first,hv1:main:50,referral,assigned,2026-08-21T03:33:41.396Z,,,,
hv1-e000656,hv1-u00175,task_first,hv1:main:50,referral,note_saved,2026-08-21T03:37:41.396Z,,,n-hv1-u00175,
hv1-e000657,hv1-u00175,task_first,hv1:main:50,referral,task_created,2026-08-21T03:39:41.396Z,,,n-hv1-u00175,t-hv1-u00175-1
hv1-e000658,hv1-u00175,task_first,hv1:main:50,referral,task_created,2026-08-21T03:40:41.396Z,,,n-hv1-u00175,t-hv1-u00175-2
hv1-e003480,hv1-u00947,baseline,hv1:main:50,paid_social,assigned,2026-08-21T04:29:07.176Z,,,,
hv1-e003481,hv1-u00947,baseline,hv1:main:50,paid_social,note_saved,2026-08-21T04:33:07.176Z,,,n-hv1-u00947,
hv1-e003482,hv1-u00947,baseline,hv1:main:50,paid_social,task_created,2026-08-21T04:35:07.176Z,,,n-hv1-u00947,t-hv1-u00947-1
hv1-e000830,hv1-u00218,baseline,hv1:main:50,app_store,assigned,2026-08-21T05:01:04.771Z,,,,
hv1-e000831,hv1-u00218,baseline,hv1:main:50,app_store,note_saved,2026-08-21T05:05:04.771Z,,,n-hv1-u00218,
hv1-e001882,hv1-u00508,task_first,hv1:main:50,paid_social,assigned,2026-08-21T05:22:14.989Z,,,,
hv1-e001883,hv1-u00508,task_first,hv1:main:50,paid_social,note_saved,2026-08-21T05:26:14.989Z,,,n-hv1-u00508,
hv1-e001505,hv1-u00403,task_first,hv1:main:50,organic_search,revisited,2026-08-21T05:51:51Z,,,n-hv1-u00403,
hv1-e003296,hv1-u00896,baseline,hv1:main:50,organic_search,assigned,2026-08-21T06:10:40.496Z,,,,
hv1-e003297,hv1-u00896,baseline,hv1:main:50,organic_search,note_saved,2026-08-21T06:14:40.496Z,,,n-hv1-u00896,
hv1-e003513,hv1-u00957,task_first,hv1:main:50,organic_search,assigned,2026-08-21T06:50:15.226Z,,,,
hv1-e003514,hv1-u00957,task_first,hv1:main:50,organic_search,note_saved,2026-08-21T06:54:15.226Z,,,n-hv1-u00957,
hv1-e002295,hv1-u00617,baseline,hv1:main:50,paid_social,assigned,2026-08-21T07:00:06.990Z,,,,
hv1-e002296,hv1-u00617,baseline,hv1:main:50,paid_social,note_saved,2026-08-21T07:04:06.990Z,,,n-hv1-u00617,
hv1-e000442,hv1-u00115,baseline,hv1:main:50,app_store,assigned,2026-08-21T07:21:49.797Z,,,,
hv1-e002620,hv1-u00705,task_first,hv1:main:50,organic_search,revisited,2026-08-21T07:23:15.636Z,,,n-hv1-u00705,
hv1-e000443,hv1-u00115,baseline,hv1:main:50,app_store,note_saved,2026-08-21T07:25:49.797Z,,,n-hv1-u00115,
hv1-e003515,hv1-u00957,task_first,hv1:main:50,organic_search,trial_started,2026-08-21T07:50:15.226Z,,,,
hv1-e002145,hv1-u00574,baseline,hv1:main:50,referral,assigned,2026-08-21T08:37:27.044Z,,,,
hv1-e002146,hv1-u00574,baseline,hv1:main:50,referral,note_saved,2026-08-21T08:41:27.044Z,,,n-hv1-u00574,
hv1-e002147,hv1-u00574,baseline,hv1:main:50,referral,task_created,2026-08-21T08:43:27.044Z,,,n-hv1-u00574,t-hv1-u00574-1
hv1-e001455,hv1-u00386,task_first,hv1:main:50,paid_social,assigned,2026-08-21T08:53:59.715Z,,,,
hv1-e001456,hv1-u00386,task_first,hv1:main:50,paid_social,note_saved,2026-08-21T08:57:59.715Z,,,n-hv1-u00386,
hv1-e000413,hv1-u00106,baseline,hv1:main:50,organic_search,trial_started,2026-08-21T09:05:23.100Z,,,,
hv1-e002867,hv1-u00778,task_first,hv1:main:50,paid_social,trial_started,2026-08-21T09:14:26.408Z,,,,
hv1-e000202,hv1-u00051,task_first,hv1:main:50,paid_social,assigned,2026-08-21T09:16:23.364Z,,,,
hv1-e000203,hv1-u00051,task_first,hv1:main:50,paid_social,note_saved,2026-08-21T09:20:23.364Z,,,n-hv1-u00051,
hv1-e000204,hv1-u00051,task_first,hv1:main:50,paid_social,task_created,2026-08-21T09:22:23.364Z,,,n-hv1-u00051,t-hv1-u00051-1
hv1-e000205,hv1-u00051,task_first,hv1:main:50,paid_social,task_created,2026-08-21T09:23:23.364Z,,,n-hv1-u00051,t-hv1-u00051-2
hv1-e002554,hv1-u00686,baseline,hv1:main:50,organic_search,assigned,2026-08-21T10:02:59.170Z,,,,
hv1-e002293,hv1-u00616,baseline,hv1:main:50,referral,assigned,2026-08-21T10:08:42.124Z,,,,
hv1-e002294,hv1-u00616,baseline,hv1:main:50,referral,note_saved,2026-08-21T10:12:42.124Z,,,n-hv1-u00616,
hv1-e000629,hv1-u00170,task_first,hv1:main:50,organic_search,assigned,2026-08-21T10:27:01.624Z,,,,
hv1-e003660,hv1-u00993,task_first,hv1:main:50,referral,trial_started,2026-08-21T10:27:38.852Z,,,,
hv1-e000630,hv1-u00170,task_first,hv1:main:50,organic_search,note_saved,2026-08-21T10:31:01.624Z,,,n-hv1-u00170,
hv1-e001337,hv1-u00356,baseline,hv1:main:50,paid_social,assigned,2026-08-21T10:44:14.621Z,,,,
hv1-e000712,hv1-u00192,task_first,hv1:main:50,app_store,assigned,2026-08-21T10:46:51.506Z,,,,
hv1-e001338,hv1-u00356,baseline,hv1:main:50,paid_social,note_saved,2026-08-21T10:48:14.621Z,,,n-hv1-u00356,
hv1-e001339,hv1-u00356,baseline,hv1:main:50,paid_social,task_created,2026-08-21T10:50:14.621Z,,,n-hv1-u00356,t-hv1-u00356-1
hv1-e000713,hv1-u00192,task_first,hv1:main:50,app_store,note_saved,2026-08-21T10:50:51.506Z,,,n-hv1-u00192,
hv1-e001340,hv1-u00356,baseline,hv1:main:50,paid_social,task_created,2026-08-21T10:51:14.621Z,,,n-hv1-u00356,t-hv1-u00356-2
hv1-e003469,hv1-u00943,baseline,hv1:main:50,referral,assigned,2026-08-21T11:14:26.173Z,,,,
hv1-e003470,hv1-u00943,baseline,hv1:main:50,referral,note_saved,2026-08-21T11:18:26.173Z,,,n-hv1-u00943,
hv1-e000564,hv1-u00149,baseline,hv1:main:50,referral,paid,2026-08-21T11:26:33.635Z,10.00,XTS,,
hv1-e001077,hv1-u00283,baseline,hv1:main:50,organic_search,paid,2026-08-21T11:44:33.946Z,10.00,XTS,,
hv1-e003174,hv1-u00860,baseline,hv1:main:50,referral,assigned,2026-08-21T11:45:47.453Z,,,,
hv1-e000963,hv1-u00255,baseline,hv1:main:50,organic_search,assigned,2026-08-21T12:14:49.018Z,,,,
hv1-e001559,hv1-u00417,baseline,hv1:main:50,paid_social,assigned,2026-08-21T12:16:35.098Z,,,,
hv1-e000964,hv1-u00255,baseline,hv1:main:50,organic_search,note_saved,2026-08-21T12:18:49.018Z,,,n-hv1-u00255,
hv1-e001560,hv1-u00417,baseline,hv1:main:50,paid_social,note_saved,2026-08-21T12:20:35.098Z,,,n-hv1-u00417,
hv1-e002248,hv1-u00603,task_first,hv1:main:50,paid_social,assigned,2026-08-21T12:41:18.645Z,,,,
hv1-e003562,hv1-u00969,task_first,hv1:main:50,app_store,trial_started,2026-08-21T12:44:10.237Z,,,,
hv1-e002249,hv1-u00603,task_first,hv1:main:50,paid_social,note_saved,2026-08-21T12:45:18.645Z,,,n-hv1-u00603,
hv1-e002250,hv1-u00603,task_first,hv1:main:50,paid_social,task_created,2026-08-21T12:47:18.645Z,,,n-hv1-u00603,t-hv1-u00603-1
hv1-e002251,hv1-u00603,task_first,hv1:main:50,paid_social,task_created,2026-08-21T12:48:18.645Z,,,n-hv1-u00603,t-hv1-u00603-2
hv1-e001315,hv1-u00352,task_first,hv1:main:50,organic_search,assigned,2026-08-21T13:11:38.067Z,,,,
hv1-e001316,hv1-u00352,task_first,hv1:main:50,organic_search,note_saved,2026-08-21T13:15:38.067Z,,,n-hv1-u00352,
hv1-e001317,hv1-u00352,task_first,hv1:main:50,organic_search,task_created,2026-08-21T13:17:38.067Z,,,n-hv1-u00352,t-hv1-u00352-1
hv1-e003240,hv1-u00879,task_first,hv1:main:50,organic_search,assigned,2026-08-21T13:45:25.478Z,,,,
hv1-e000230,hv1-u00058,baseline,hv1:main:50,organic_search,paid,2026-08-21T13:57:47.003Z,10.00,XTS,,
hv1-e000465,hv1-u00122,task_first,hv1:main:50,paid_social,assigned,2026-08-21T14:15:29.372Z,,,,
hv1-e002050,hv1-u00550,task_first,hv1:main:50,paid_social,assigned,2026-08-21T14:15:36.320Z,,,,
hv1-e000466,hv1-u00122,task_first,hv1:main:50,paid_social,note_saved,2026-08-21T14:19:29.372Z,,,n-hv1-u00122,
hv1-e002051,hv1-u00550,task_first,hv1:main:50,paid_social,note_saved,2026-08-21T14:19:36.320Z,,,n-hv1-u00550,
hv1-e000467,hv1-u00122,task_first,hv1:main:50,paid_social,task_created,2026-08-21T14:21:29.372Z,,,n-hv1-u00122,t-hv1-u00122-1
hv1-e002885,hv1-u00784,baseline,hv1:main:50,organic_search,paid,2026-08-21T14:21:29.605Z,10.00,XTS,,
hv1-e002052,hv1-u00550,task_first,hv1:main:50,paid_social,task_created,2026-08-21T14:21:36.320Z,,,n-hv1-u00550,t-hv1-u00550-1
hv1-e000468,hv1-u00122,task_first,hv1:main:50,paid_social,task_created,2026-08-21T14:22:29.372Z,,,n-hv1-u00122,t-hv1-u00122-2
hv1-e001572,hv1-u00421,task_first,hv1:main:50,app_store,revisited,2026-08-21T14:22:52.449Z,,,n-hv1-u00421,
hv1-e000469,hv1-u00122,task_first,hv1:main:50,paid_social,task_created,2026-08-21T14:23:29.372Z,,,n-hv1-u00122,t-hv1-u00122-3
hv1-e002334,hv1-u00626,baseline,hv1:main:50,paid_social,trial_started,2026-08-21T14:33:35.473Z,,,,
hv1-e001138,hv1-u00299,task_first,hv1:main:50,app_store,assigned,2026-08-21T14:40:52.763Z,,,,
hv1-e001139,hv1-u00299,task_first,hv1:main:50,app_store,note_saved,2026-08-21T14:44:52.763Z,,,n-hv1-u00299,
hv1-e001140,hv1-u00299,task_first,hv1:main:50,app_store,task_created,2026-08-21T14:46:52.763Z,,,n-hv1-u00299,t-hv1-u00299-1
hv1-e002908,hv1-u00791,task_first,hv1:main:50,app_store,trial_started,2026-08-21T15:08:27.832Z,,,,
hv1-e002840,hv1-u00770,baseline,hv1:main:50,paid_social,paid,2026-08-21T15:20:01.166Z,10.00,XTS,,
hv1-e001493,hv1-u00399,baseline,hv1:main:50,organic_search,assigned,2026-08-21T15:52:45.759Z,,,,
hv1-e001494,hv1-u00399,baseline,hv1:main:50,organic_search,note_saved,2026-08-21T15:56:45.759Z,,,n-hv1-u00399,
hv1-e000098,hv1-u00026,task_first,hv1:main:50,paid_social,revisited,2026-08-21T17:05:42.668Z,,,n-hv1-u00026,
hv1-e002360,hv1-u00634,baseline,hv1:main:50,paid_social,assigned,2026-08-21T17:16:14.674Z,,,,
hv1-e002361,hv1-u00634,baseline,hv1:main:50,paid_social,note_saved,2026-08-21T17:20:14.674Z,,,n-hv1-u00634,
hv1-e002362,hv1-u00634,baseline,hv1:main:50,paid_social,task_created,2026-08-21T17:22:14.674Z,,,n-hv1-u00634,t-hv1-u00634-1
hv1-e002363,hv1-u00634,baseline,hv1:main:50,paid_social,task_created,2026-08-21T17:23:14.674Z,,,n-hv1-u00634,t-hv1-u00634-2
hv1-e003049,hv1-u00827,task_first,hv1:main:50,paid_social,assigned,2026-08-21T17:23:53.797Z,,,,
hv1-e002364,hv1-u00634,baseline,hv1:main:50,paid_social,task_created,2026-08-21T17:24:14.674Z,,,n-hv1-u00634,t-hv1-u00634-3
hv1-e003050,hv1-u00827,task_first,hv1:main:50,paid_social,note_saved,2026-08-21T17:27:53.797Z,,,n-hv1-u00827,
hv1-e000447,hv1-u00117,task_first,hv1:main:50,organic_search,revisited,2026-08-21T17:44:32.975Z,,,n-hv1-u00117,
hv1-e003111,hv1-u00842,baseline,hv1:main:50,organic_search,assigned,2026-08-21T17:51:08.529Z,,,,
hv1-e003112,hv1-u00842,baseline,hv1:main:50,organic_search,note_saved,2026-08-21T17:55:08.529Z,,,n-hv1-u00842,
hv1-e003113,hv1-u00842,baseline,hv1:main:50,organic_search,task_created,2026-08-21T17:57:08.529Z,,,n-hv1-u00842,t-hv1-u00842-1
hv1-e000843,hv1-u00221,baseline,hv1:main:50,paid_social,revisited,2026-08-21T18:49:19.870Z,,,n-hv1-u00221,
hv1-e001343,hv1-u00358,task_first,hv1:main:50,paid_social,assigned,2026-08-21T19:05:31.495Z,,,,
hv1-e001058,hv1-u00279,task_first,hv1:main:50,organic_search,assigned,2026-08-21T19:05:55.654Z,,,,
hv1-e001059,hv1-u00279,task_first,hv1:main:50,organic_search,note_saved,2026-08-21T19:09:55.654Z,,,n-hv1-u00279,
hv1-e001060,hv1-u00279,task_first,hv1:main:50,organic_search,task_created,2026-08-21T19:11:55.654Z,,,n-hv1-u00279,t-hv1-u00279-1
hv1-e002415,hv1-u00648,task_first,hv1:main:50,app_store,trial_started,2026-08-21T20:04:51.103Z,,,,
hv1-e001983,hv1-u00531,baseline,hv1:main:50,paid_social,revisited,2026-08-21T20:23:31.509Z,,,n-hv1-u00531,
hv1-e003300,hv1-u00898,task_first,hv1:main:50,organic_search,assigned,2026-08-21T20:28:26.161Z,,,,
hv1-e002137,hv1-u00571,task_first,hv1:main:50,referral,revisited,2026-08-21T20:35:33.911Z,,,n-hv1-u00571,
hv1-e002993,hv1-u00812,baseline,hv1:main:50,app_store,refunded,2026-08-21T20:54:36.496Z,10.00,XTS,,
hv1-e001154,hv1-u00305,baseline,hv1:main:50,referral,assigned,2026-08-21T21:57:18.586Z,,,,
hv1-e001823,hv1-u00495,task_first,hv1:main:50,organic_search,assigned,2026-08-21T22:02:01.332Z,,,,
hv1-e001824,hv1-u00495,task_first,hv1:main:50,organic_search,note_saved,2026-08-21T22:06:01.332Z,,,n-hv1-u00495,
hv1-e001825,hv1-u00495,task_first,hv1:main:50,organic_search,task_created,2026-08-21T22:08:01.332Z,,,n-hv1-u00495,t-hv1-u00495-1
hv1-e000531,hv1-u00141,task_first,hv1:main:50,organic_search,assigned,2026-08-21T22:08:59.596Z,,,,
hv1-e001826,hv1-u00495,task_first,hv1:main:50,organic_search,task_created,2026-08-21T22:09:01.332Z,,,n-hv1-u00495,t-hv1-u00495-2
hv1-e000532,hv1-u00141,task_first,hv1:main:50,organic_search,note_saved,2026-08-21T22:12:59.596Z,,,n-hv1-u00141,
hv1-e000533,hv1-u00141,task_first,hv1:main:50,organic_search,task_created,2026-08-21T22:14:59.596Z,,,n-hv1-u00141,t-hv1-u00141-1
hv1-e000534,hv1-u00141,task_first,hv1:main:50,organic_search,task_created,2026-08-21T22:15:59.596Z,,,n-hv1-u00141,t-hv1-u00141-2
hv1-e000387,hv1-u00100,baseline,hv1:main:50,paid_social,assigned,2026-08-21T22:26:18.287Z,,,,
hv1-e000388,hv1-u00100,baseline,hv1:main:50,paid_social,note_saved,2026-08-21T22:30:18.287Z,,,n-hv1-u00100,
hv1-e000389,hv1-u00100,baseline,hv1:main:50,paid_social,task_created,2026-08-21T22:32:18.287Z,,,n-hv1-u00100,t-hv1-u00100-1
hv1-e000390,hv1-u00100,baseline,hv1:main:50,paid_social,task_created,2026-08-21T22:33:18.287Z,,,n-hv1-u00100,t-hv1-u00100-2
hv1-e000506,hv1-u00134,task_first,hv1:main:50,referral,assigned,2026-08-21T23:11:49.991Z,,,,
hv1-e000507,hv1-u00134,task_first,hv1:main:50,referral,note_saved,2026-08-21T23:15:49.991Z,,,n-hv1-u00134,
hv1-e000508,hv1-u00134,task_first,hv1:main:50,referral,task_created,2026-08-21T23:17:49.991Z,,,n-hv1-u00134,t-hv1-u00134-1
hv1-e001025,hv1-u00272,baseline,hv1:main:50,paid_social,assigned,2026-08-21T23:18:00.456Z,,,,
hv1-e000509,hv1-u00134,task_first,hv1:main:50,referral,task_created,2026-08-21T23:18:49.991Z,,,n-hv1-u00134,t-hv1-u00134-2
hv1-e000510,hv1-u00134,task_first,hv1:main:50,referral,task_created,2026-08-21T23:19:49.991Z,,,n-hv1-u00134,t-hv1-u00134-3
hv1-e001026,hv1-u00272,baseline,hv1:main:50,paid_social,note_saved,2026-08-21T23:22:00.456Z,,,n-hv1-u00272,
hv1-e003398,hv1-u00921,task_first,hv1:main:50,paid_social,revisited,2026-08-21T23:28:33.943Z,,,n-hv1-u00921,
hv1-e000172,hv1-u00045,task_first,hv1:main:50,organic_search,assigned,2026-08-21T23:59:32.251Z,,,,
hv1-e000173,hv1-u00045,task_first,hv1:main:50,organic_search,note_saved,2026-08-22T00:03:32.251Z,,,n-hv1-u00045,
hv1-e000174,hv1-u00045,task_first,hv1:main:50,organic_search,task_created,2026-08-22T00:05:32.251Z,,,n-hv1-u00045,t-hv1-u00045-1
hv1-e000175,hv1-u00045,task_first,hv1:main:50,organic_search,task_created,2026-08-22T00:06:32.251Z,,,n-hv1-u00045,t-hv1-u00045-2
hv1-e002281,hv1-u00611,task_first,hv1:main:50,paid_social,revisited,2026-08-22T00:11:25.930Z,,,n-hv1-u00611,
hv1-e002282,hv1-u00611,task_first,hv1:main:50,paid_social,task_completed,2026-08-22T00:16:25.930Z,,,n-hv1-u00611,t-hv1-u00611-1
hv1-e001078,hv1-u00284,baseline,hv1:main:50,organic_search,assigned,2026-08-22T00:47:36.904Z,,,,
hv1-e001079,hv1-u00284,baseline,hv1:main:50,organic_search,note_saved,2026-08-22T00:51:36.904Z,,,n-hv1-u00284,
hv1-e001080,hv1-u00284,baseline,hv1:main:50,organic_search,task_created,2026-08-22T00:53:36.904Z,,,n-hv1-u00284,t-hv1-u00284-1
hv1-e001081,hv1-u00284,baseline,hv1:main:50,organic_search,task_created,2026-08-22T00:54:36.904Z,,,n-hv1-u00284,t-hv1-u00284-2
hv1-e001082,hv1-u00284,baseline,hv1:main:50,organic_search,task_created,2026-08-22T00:55:36.904Z,,,n-hv1-u00284,t-hv1-u00284-3
hv1-e000178,hv1-u00045,task_first,hv1:main:50,organic_search,trial_started,2026-08-22T00:59:32.251Z,,,,
hv1-e003310,hv1-u00901,baseline,hv1:main:50,organic_search,assigned,2026-08-22T01:28:25.332Z,,,,
hv1-e003311,hv1-u00901,baseline,hv1:main:50,organic_search,note_saved,2026-08-22T01:32:25.332Z,,,n-hv1-u00901,
hv1-e001881,hv1-u00507,baseline,hv1:main:50,paid_social,revisited,2026-08-22T01:41:51.987Z,,,n-hv1-u00507,
hv1-e002634,hv1-u00710,baseline,hv1:main:50,referral,assigned,2026-08-22T01:44:01.246Z,,,,
hv1-e002635,hv1-u00710,baseline,hv1:main:50,referral,note_saved,2026-08-22T01:48:01.246Z,,,n-hv1-u00710,
hv1-e001994,hv1-u00534,task_first,hv1:main:50,organic_search,assigned,2026-08-22T01:53:56.785Z,,,,
hv1-e001995,hv1-u00534,task_first,hv1:main:50,organic_search,note_saved,2026-08-22T01:57:56.785Z,,,n-hv1-u00534,
hv1-e001793,hv1-u00486,baseline,hv1:main:50,paid_social,assigned,2026-08-22T02:14:46.449Z,,,,
hv1-e001794,hv1-u00486,baseline,hv1:main:50,paid_social,note_saved,2026-08-22T02:18:46.449Z,,,n-hv1-u00486,
hv1-e001795,hv1-u00486,baseline,hv1:main:50,paid_social,task_created,2026-08-22T02:20:46.449Z,,,n-hv1-u00486,t-hv1-u00486-1
hv1-e003593,hv1-u00978,task_first,hv1:main:50,referral,assigned,2026-08-22T02:43:30.031Z,,,,
hv1-e003594,hv1-u00978,task_first,hv1:main:50,referral,note_saved,2026-08-22T02:47:30.031Z,,,n-hv1-u00978,
hv1-e003595,hv1-u00978,task_first,hv1:main:50,referral,task_created,2026-08-22T02:49:30.031Z,,,n-hv1-u00978,t-hv1-u00978-1
hv1-e001996,hv1-u00534,task_first,hv1:main:50,organic_search,trial_started,2026-08-22T02:53:56.785Z,,,,
hv1-e000238,hv1-u00061,baseline,hv1:main:50,paid_social,assigned,2026-08-22T02:56:58.162Z,,,,
hv1-e000239,hv1-u00061,baseline,hv1:main:50,paid_social,note_saved,2026-08-22T03:00:58.162Z,,,n-hv1-u00061,
hv1-e001197,hv1-u00318,baseline,hv1:main:50,app_store,trial_started,2026-08-22T03:11:25.883Z,,,,
hv1-e002272,hv1-u00610,task_first,hv1:main:50,paid_social,assigned,2026-08-22T03:23:54.269Z,,,,
hv1-e002273,hv1-u00610,task_first,hv1:main:50,paid_social,note_saved,2026-08-22T03:27:54.269Z,,,n-hv1-u00610,
hv1-e002274,hv1-u00610,task_first,hv1:main:50,paid_social,task_created,2026-08-22T03:29:54.269Z,,,n-hv1-u00610,t-hv1-u00610-1
hv1-e002275,hv1-u00610,task_first,hv1:main:50,paid_social,task_created,2026-08-22T03:30:54.269Z,,,n-hv1-u00610,t-hv1-u00610-2
hv1-e001490,hv1-u00397,baseline,hv1:main:50,referral,assigned,2026-08-22T03:33:03.161Z,,,,
hv1-e001491,hv1-u00397,baseline,hv1:main:50,referral,note_saved,2026-08-22T03:37:03.161Z,,,n-hv1-u00397,
hv1-e000214,hv1-u00052,baseline,hv1:main:50,app_store,paid,2026-08-22T03:39:21.658Z,10.00,XTS,,
hv1-e003598,hv1-u00978,task_first,hv1:main:50,referral,trial_started,2026-08-22T03:43:30.031Z,,,,
hv1-e003560,hv1-u00968,task_first,hv1:main:50,organic_search,paid,2026-08-22T04:04:53.304Z,10.00,XTS,,
hv1-e001582,hv1-u00427,baseline,hv1:main:50,paid_social,assigned,2026-08-22T04:21:09.159Z,,,,
hv1-e002700,hv1-u00728,baseline,hv1:main:50,app_store,assigned,2026-08-22T04:23:16.402Z,,,,
hv1-e001583,hv1-u00427,baseline,hv1:main:50,paid_social,note_saved,2026-08-22T04:25:09.159Z,,,n-hv1-u00427,
hv1-e002701,hv1-u00728,baseline,hv1:main:50,app_store,note_saved,2026-08-22T04:27:16.402Z,,,n-hv1-u00728,
hv1-e001561,hv1-u00418,task_first,hv1:main:50,paid_social,assigned,2026-08-22T04:39:44.837Z,,,,
hv1-e001562,hv1-u00418,task_first,hv1:main:50,paid_social,note_saved,2026-08-22T04:43:44.837Z,,,n-hv1-u00418,
hv1-e001563,hv1-u00418,task_first,hv1:main:50,paid_social,task_created,2026-08-22T04:45:44.837Z,,,n-hv1-u00418,t-hv1-u00418-1
hv1-e001564,hv1-u00418,task_first,hv1:main:50,paid_social,task_created,2026-08-22T04:46:44.837Z,,,n-hv1-u00418,t-hv1-u00418-2
hv1-e000147,hv1-u00039,task_first,hv1:main:50,organic_search,assigned,2026-08-22T05:04:59.135Z,,,,
hv1-e000148,hv1-u00039,task_first,hv1:main:50,organic_search,note_saved,2026-08-22T05:08:59.135Z,,,n-hv1-u00039,
hv1-e002228,hv1-u00595,task_first,hv1:main:50,paid_social,revisited,2026-08-22T05:14:27.125Z,,,n-hv1-u00595,
hv1-e001258,hv1-u00336,task_first,hv1:main:50,referral,assigned,2026-08-22T06:50:43.866Z,,,,
hv1-e001259,hv1-u00336,task_first,hv1:main:50,referral,note_saved,2026-08-22T06:54:43.866Z,,,n-hv1-u00336,
hv1-e001260,hv1-u00336,task_first,hv1:main:50,referral,task_created,2026-08-22T06:56:43.866Z,,,n-hv1-u00336,t-hv1-u00336-1
hv1-e001261,hv1-u00336,task_first,hv1:main:50,referral,task_created,2026-08-22T06:57:43.866Z,,,n-hv1-u00336,t-hv1-u00336-2
hv1-e001262,hv1-u00336,task_first,hv1:main:50,referral,task_created,2026-08-22T06:58:43.866Z,,,n-hv1-u00336,t-hv1-u00336-3
hv1-e003018,hv1-u00817,baseline,hv1:main:50,organic_search,refunded,2026-08-22T07:06:17.877Z,10.00,XTS,,
hv1-e000728,hv1-u00194,task_first,hv1:main:50,app_store,revisited,2026-08-22T07:21:56.514Z,,,n-hv1-u00194,
hv1-e000729,hv1-u00194,task_first,hv1:main:50,app_store,task_completed,2026-08-22T07:26:56.514Z,,,n-hv1-u00194,t-hv1-u00194-1
hv1-e000739,hv1-u00196,baseline,hv1:main:50,organic_search,assigned,2026-08-22T07:31:06.105Z,,,,
hv1-e000740,hv1-u00196,baseline,hv1:main:50,organic_search,note_saved,2026-08-22T07:35:06.105Z,,,n-hv1-u00196,
hv1-e000741,hv1-u00196,baseline,hv1:main:50,organic_search,task_created,2026-08-22T07:37:06.105Z,,,n-hv1-u00196,t-hv1-u00196-1
hv1-e000742,hv1-u00196,baseline,hv1:main:50,organic_search,task_created,2026-08-22T07:38:06.105Z,,,n-hv1-u00196,t-hv1-u00196-2
hv1-e000586,hv1-u00158,task_first,hv1:main:50,organic_search,assigned,2026-08-22T07:41:36.245Z,,,,
hv1-e000587,hv1-u00158,task_first,hv1:main:50,organic_search,note_saved,2026-08-22T07:45:36.245Z,,,n-hv1-u00158,
hv1-e001672,hv1-u00454,baseline,hv1:main:50,paid_social,assigned,2026-08-22T07:46:01.850Z,,,,
hv1-e000588,hv1-u00158,task_first,hv1:main:50,organic_search,task_created,2026-08-22T07:47:36.245Z,,,n-hv1-u00158,t-hv1-u00158-1
hv1-e000589,hv1-u00158,task_first,hv1:main:50,organic_search,task_created,2026-08-22T07:48:36.245Z,,,n-hv1-u00158,t-hv1-u00158-2
hv1-e000590,hv1-u00158,task_first,hv1:main:50,organic_search,task_created,2026-08-22T07:49:36.245Z,,,n-hv1-u00158,t-hv1-u00158-3
hv1-e001673,hv1-u00454,baseline,hv1:main:50,paid_social,note_saved,2026-08-22T07:50:01.850Z,,,n-hv1-u00454,
hv1-e001674,hv1-u00454,baseline,hv1:main:50,paid_social,task_created,2026-08-22T07:52:01.850Z,,,n-hv1-u00454,t-hv1-u00454-1
hv1-e001675,hv1-u00454,baseline,hv1:main:50,paid_social,task_created,2026-08-22T07:53:01.850Z,,,n-hv1-u00454,t-hv1-u00454-2
hv1-e001676,hv1-u00454,baseline,hv1:main:50,paid_social,task_created,2026-08-22T07:54:01.850Z,,,n-hv1-u00454,t-hv1-u00454-3
hv1-e002297,hv1-u00617,baseline,hv1:main:50,paid_social,trial_started,2026-08-22T08:00:06.990Z,,,,
hv1-e003374,hv1-u00914,task_first,hv1:main:50,referral,revisited,2026-08-22T08:11:30.727Z,,,n-hv1-u00914,
hv1-e002866,hv1-u00778,task_first,hv1:main:50,paid_social,revisited,2026-08-22T08:14:26.408Z,,,n-hv1-u00778,
hv1-e000608,hv1-u00165,task_first,hv1:main:50,organic_search,assigned,2026-08-22T08:28:02.397Z,,,,
hv1-e000609,hv1-u00165,task_first,hv1:main:50,organic_search,note_saved,2026-08-22T08:32:02.397Z,,,n-hv1-u00165,
hv1-e000610,hv1-u00165,task_first,hv1:main:50,organic_search,task_created,2026-08-22T08:34:02.397Z,,,n-hv1-u00165,t-hv1-u00165-1
hv1-e000611,hv1-u00165,task_first,hv1:main:50,organic_search,task_created,2026-08-22T08:35:02.397Z,,,n-hv1-u00165,t-hv1-u00165-2
hv1-e000593,hv1-u00158,task_first,hv1:main:50,organic_search,trial_started,2026-08-22T08:41:36.245Z,,,,
hv1-e000612,hv1-u00165,task_first,hv1:main:50,organic_search,trial_started,2026-08-22T09:28:02.397Z,,,,
hv1-e000792,hv1-u00207,task_first,hv1:main:50,referral,assigned,2026-08-22T09:48:11.513Z,,,,
hv1-e000793,hv1-u00207,task_first,hv1:main:50,referral,note_saved,2026-08-22T09:52:11.513Z,,,n-hv1-u00207,
hv1-e002567,hv1-u00690,baseline,hv1:main:50,app_store,assigned,2026-08-22T10:11:16.645Z,,,,
hv1-e002568,hv1-u00690,baseline,hv1:main:50,app_store,note_saved,2026-08-22T10:15:16.645Z,,,n-hv1-u00690,
hv1-e002569,hv1-u00690,baseline,hv1:main:50,app_store,task_created,2026-08-22T10:17:16.645Z,,,n-hv1-u00690,t-hv1-u00690-1
hv1-e002570,hv1-u00690,baseline,hv1:main:50,app_store,task_created,2026-08-22T10:18:16.645Z,,,n-hv1-u00690,t-hv1-u00690-2
hv1-e002246,hv1-u00602,baseline,hv1:main:50,organic_search,assigned,2026-08-22T10:28:26.776Z,,,,
hv1-e001618,hv1-u00436,task_first,hv1:main:50,organic_search,trial_started,2026-08-22T10:30:07.718Z,,,,
hv1-e002466,hv1-u00665,baseline,hv1:main:50,paid_social,assigned,2026-08-22T10:52:21.007Z,,,,
hv1-e002467,hv1-u00665,baseline,hv1:main:50,paid_social,note_saved,2026-08-22T10:56:21.007Z,,,n-hv1-u00665,
hv1-e001132,hv1-u00297,baseline,hv1:main:50,paid_social,assigned,2026-08-22T10:57:17.954Z,,,,
hv1-e002468,hv1-u00665,baseline,hv1:main:50,paid_social,task_created,2026-08-22T10:58:21.007Z,,,n-hv1-u00665,t-hv1-u00665-1
hv1-e002469,hv1-u00665,baseline,hv1:main:50,paid_social,task_created,2026-08-22T10:59:21.007Z,,,n-hv1-u00665,t-hv1-u00665-2
hv1-e002470,hv1-u00665,baseline,hv1:main:50,paid_social,task_created,2026-08-22T11:00:21.007Z,,,n-hv1-u00665,t-hv1-u00665-3
hv1-e001133,hv1-u00297,baseline,hv1:main:50,paid_social,note_saved,2026-08-22T11:01:17.954Z,,,n-hv1-u00297,
hv1-e001134,hv1-u00297,baseline,hv1:main:50,paid_social,task_created,2026-08-22T11:03:17.954Z,,,n-hv1-u00297,t-hv1-u00297-1
hv1-e002571,hv1-u00690,baseline,hv1:main:50,app_store,trial_started,2026-08-22T11:11:16.645Z,,,,
hv1-e001527,hv1-u00408,task_first,hv1:main:50,paid_social,assigned,2026-08-22T12:16:16.141Z,,,,
hv1-e001528,hv1-u00408,task_first,hv1:main:50,paid_social,note_saved,2026-08-22T12:20:16.141Z,,,n-hv1-u00408,
hv1-e001538,hv1-u00411,baseline,hv1:main:50,organic_search,assigned,2026-08-22T12:42:42.841Z,,,,
hv1-e002303,hv1-u00619,baseline,hv1:main:50,organic_search,assigned,2026-08-22T12:44:37.506Z,,,,
hv1-e001539,hv1-u00411,baseline,hv1:main:50,organic_search,note_saved,2026-08-22T12:46:42.841Z,,,n-hv1-u00411,
hv1-e003472,hv1-u00944,task_first,hv1:main:50,organic_search,assigned,2026-08-22T12:56:20.914Z,,,,
hv1-e003473,hv1-u00944,task_first,hv1:main:50,organic_search,note_saved,2026-08-22T13:00:20.914Z,,,n-hv1-u00944,
hv1-e003474,hv1-u00944,task_first,hv1:main:50,organic_search,task_created,2026-08-22T13:02:20.914Z,,,n-hv1-u00944,t-hv1-u00944-1
hv1-e003475,hv1-u00944,task_first,hv1:main:50,organic_search,task_created,2026-08-22T13:03:20.914Z,,,n-hv1-u00944,t-hv1-u00944-2
hv1-e003086,hv1-u00835,task_first,hv1:main:50,app_store,assigned,2026-08-22T13:04:54.867Z,,,,
hv1-e003087,hv1-u00835,task_first,hv1:main:50,app_store,note_saved,2026-08-22T13:08:54.867Z,,,n-hv1-u00835,
hv1-e003088,hv1-u00835,task_first,hv1:main:50,app_store,task_created,2026-08-22T13:10:54.867Z,,,n-hv1-u00835,t-hv1-u00835-1
hv1-e003089,hv1-u00835,task_first,hv1:main:50,app_store,task_created,2026-08-22T13:11:54.867Z,,,n-hv1-u00835,t-hv1-u00835-2
hv1-e003090,hv1-u00835,task_first,hv1:main:50,app_store,task_created,2026-08-22T13:12:54.867Z,,,n-hv1-u00835,t-hv1-u00835-3
hv1-e002453,hv1-u00661,baseline,hv1:main:50,app_store,assigned,2026-08-22T13:23:54.495Z,,,,
hv1-e002454,hv1-u00661,baseline,hv1:main:50,app_store,note_saved,2026-08-22T13:27:54.495Z,,,n-hv1-u00661,
hv1-e001001,hv1-u00265,baseline,hv1:main:50,paid_social,assigned,2026-08-22T13:35:01.947Z,,,,
hv1-e001002,hv1-u00265,baseline,hv1:main:50,paid_social,note_saved,2026-08-22T13:39:01.947Z,,,n-hv1-u00265,
hv1-e002026,hv1-u00541,baseline,hv1:main:50,organic_search,trial_started,2026-08-22T13:40:22.895Z,,,,
hv1-e003680,hv1-u00998,baseline,hv1:main:50,organic_search,trial_started,2026-08-22T14:00:08.383Z,,,,
hv1-e001320,hv1-u00352,task_first,hv1:main:50,organic_search,trial_started,2026-08-22T14:11:38.067Z,,,,
hv1-e003554,hv1-u00967,task_first,hv1:main:50,organic_search,trial_started,2026-08-22T14:28:01.656Z,,,,
hv1-e000749,hv1-u00197,task_first,hv1:main:50,referral,revisited,2026-08-22T14:28:41.435Z,,,n-hv1-u00197,
hv1-e000750,hv1-u00197,task_first,hv1:main:50,referral,task_completed,2026-08-22T14:33:41.435Z,,,n-hv1-u00197,t-hv1-u00197-1
hv1-e001151,hv1-u00303,task_first,hv1:main:50,referral,trial_started,2026-08-22T14:52:28.768Z,,,,
hv1-e001991,hv1-u00533,task_first,hv1:main:50,organic_search,revisited,2026-08-22T14:54:17.512Z,,,n-hv1-u00533,
hv1-e001768,hv1-u00478,baseline,hv1:main:50,paid_social,assigned,2026-08-22T14:57:58.454Z,,,,
hv1-e001769,hv1-u00478,baseline,hv1:main:50,paid_social,note_saved,2026-08-22T15:01:58.454Z,,,n-hv1-u00478,
hv1-e003507,hv1-u00955,baseline,hv1:main:50,paid_social,assigned,2026-08-22T15:12:07.178Z,,,,
hv1-e003308,hv1-u00900,task_first,hv1:main:50,organic_search,assigned,2026-08-22T15:14:57.377Z,,,,
hv1-e003508,hv1-u00955,baseline,hv1:main:50,paid_social,note_saved,2026-08-22T15:16:07.178Z,,,n-hv1-u00955,
hv1-e003309,hv1-u00900,task_first,hv1:main:50,organic_search,note_saved,2026-08-22T15:18:57.377Z,,,n-hv1-u00900,
hv1-e002597,hv1-u00697,task_first,hv1:main:50,paid_social,paid,2026-08-22T15:30:00.841Z,10.00,XTS,,
hv1-e001578,hv1-u00425,task_first,hv1:main:50,paid_social,assigned,2026-08-22T15:44:29.597Z,,,,
hv1-e001992,hv1-u00533,task_first,hv1:main:50,organic_search,trial_started,2026-08-22T15:54:17.512Z,,,,
hv1-e003009,hv1-u00816,baseline,hv1:main:50,app_store,assigned,2026-08-22T16:05:26.517Z,,,,
hv1-e001280,hv1-u00341,baseline,hv1:main:50,paid_social,revisited,2026-08-22T16:10:22.638Z,,,n-hv1-u00341,
hv1-e001218,hv1-u00323,baseline,hv1:main:50,paid_social,assigned,2026-08-22T16:23:12.775Z,,,,
hv1-e001219,hv1-u00323,baseline,hv1:main:50,paid_social,note_saved,2026-08-22T16:27:12.775Z,,,n-hv1-u00323,
hv1-e002658,hv1-u00716,baseline,hv1:main:50,organic_search,revisited,2026-08-22T16:35:11.170Z,,,n-hv1-u00716,
hv1-e000416,hv1-u00107,task_first,hv1:main:50,organic_search,assigned,2026-08-22T16:44:15.727Z,,,,
hv1-e000417,hv1-u00107,task_first,hv1:main:50,organic_search,note_saved,2026-08-22T16:48:15.727Z,,,n-hv1-u00107,
hv1-e000418,hv1-u00107,task_first,hv1:main:50,organic_search,task_created,2026-08-22T16:50:15.727Z,,,n-hv1-u00107,t-hv1-u00107-1
hv1-e000419,hv1-u00107,task_first,hv1:main:50,organic_search,task_created,2026-08-22T16:51:15.727Z,,,n-hv1-u00107,t-hv1-u00107-2
hv1-e000694,hv1-u00187,task_first,hv1:main:50,paid_social,assigned,2026-08-22T17:02:29.994Z,,,,
hv1-e000695,hv1-u00187,task_first,hv1:main:50,paid_social,note_saved,2026-08-22T17:06:29.994Z,,,n-hv1-u00187,
hv1-e000696,hv1-u00187,task_first,hv1:main:50,paid_social,task_created,2026-08-22T17:08:29.994Z,,,n-hv1-u00187,t-hv1-u00187-1
hv1-e003027,hv1-u00821,baseline,hv1:main:50,organic_search,assigned,2026-08-22T17:26:09.306Z,,,,
hv1-e003625,hv1-u00986,baseline,hv1:main:50,app_store,assigned,2026-08-22T17:27:37.478Z,,,,
hv1-e003028,hv1-u00821,baseline,hv1:main:50,organic_search,note_saved,2026-08-22T17:30:09.306Z,,,n-hv1-u00821,
hv1-e003626,hv1-u00986,baseline,hv1:main:50,app_store,note_saved,2026-08-22T17:31:37.478Z,,,n-hv1-u00986,
hv1-e000640,hv1-u00173,baseline,hv1:main:50,app_store,assigned,2026-08-22T18:12:24.312Z,,,,
hv1-e001181,hv1-u00312,baseline,hv1:main:50,paid_social,assigned,2026-08-22T18:14:55.654Z,,,,
hv1-e000641,hv1-u00173,baseline,hv1:main:50,app_store,note_saved,2026-08-22T18:16:24.312Z,,,n-hv1-u00173,
hv1-e000642,hv1-u00173,baseline,hv1:main:50,app_store,task_created,2026-08-22T18:18:24.312Z,,,n-hv1-u00173,t-hv1-u00173-1
hv1-e000643,hv1-u00173,baseline,hv1:main:50,app_store,task_created,2026-08-22T18:19:24.312Z,,,n-hv1-u00173,t-hv1-u00173-2
hv1-e000644,hv1-u00173,baseline,hv1:main:50,app_store,task_created,2026-08-22T18:20:24.312Z,,,n-hv1-u00173,t-hv1-u00173-3
hv1-e002232,hv1-u00598,baseline,hv1:main:50,paid_social,assigned,2026-08-22T18:27:02.356Z,,,,
hv1-e002233,hv1-u00598,baseline,hv1:main:50,paid_social,note_saved,2026-08-22T18:31:02.356Z,,,n-hv1-u00598,
hv1-e002234,hv1-u00598,baseline,hv1:main:50,paid_social,task_created,2026-08-22T18:33:02.356Z,,,n-hv1-u00598,t-hv1-u00598-1
hv1-e001695,hv1-u00460,task_first,hv1:main:50,paid_social,assigned,2026-08-22T18:38:39.855Z,,,,
hv1-e003218,hv1-u00872,task_first,hv1:main:50,paid_social,revisited,2026-08-22T19:10:34.946Z,,,n-hv1-u00872,
hv1-e003219,hv1-u00872,task_first,hv1:main:50,paid_social,task_completed,2026-08-22T19:15:34.946Z,,,n-hv1-u00872,t-hv1-u00872-1
hv1-e003566,hv1-u00970,baseline,hv1:main:50,organic_search,paid,2026-08-22T19:42:56.763Z,10.00,XTS,,
hv1-e001580,hv1-u00426,baseline,hv1:main:50,paid_social,assigned,2026-08-22T19:58:11.375Z,,,,
hv1-e001581,hv1-u00426,baseline,hv1:main:50,paid_social,note_saved,2026-08-22T20:02:11.375Z,,,n-hv1-u00426,
hv1-e002043,hv1-u00546,baseline,hv1:main:50,paid_social,assigned,2026-08-22T20:18:18.089Z,,,,
hv1-e001453,hv1-u00385,task_first,hv1:main:50,organic_search,revisited,2026-08-22T20:21:09.095Z,,,n-hv1-u00385,
hv1-e002044,hv1-u00546,baseline,hv1:main:50,paid_social,note_saved,2026-08-22T20:22:18.089Z,,,n-hv1-u00546,
hv1-e003301,hv1-u00898,task_first,hv1:main:50,organic_search,revisited,2026-08-22T20:28:26.161Z,,,n-hv1-u00898,
hv1-e001302,hv1-u00348,task_first,hv1:main:50,organic_search,assigned,2026-08-22T20:39:00.253Z,,,,
hv1-e002372,hv1-u00637,task_first,hv1:main:50,paid_social,assigned,2026-08-22T20:41:22.589Z,,,,
hv1-e002373,hv1-u00637,task_first,hv1:main:50,paid_social,note_saved,2026-08-22T20:45:22.589Z,,,n-hv1-u00637,
hv1-e002374,hv1-u00637,task_first,hv1:main:50,paid_social,task_created,2026-08-22T20:47:22.589Z,,,n-hv1-u00637,t-hv1-u00637-1
hv1-e002375,hv1-u00637,task_first,hv1:main:50,paid_social,task_created,2026-08-22T20:48:22.589Z,,,n-hv1-u00637,t-hv1-u00637-2
hv1-e000817,hv1-u00214,task_first,hv1:main:50,referral,revisited,2026-08-22T21:35:33.710Z,,,n-hv1-u00214,
hv1-e000818,hv1-u00214,task_first,hv1:main:50,referral,task_completed,2026-08-22T21:40:33.710Z,,,n-hv1-u00214,t-hv1-u00214-1
hv1-e000574,hv1-u00154,baseline,hv1:main:50,referral,assigned,2026-08-22T21:41:15.757Z,,,,
hv1-e001016,hv1-u00268,task_first,hv1:main:50,organic_search,revisited,2026-08-22T21:47:34.592Z,,,n-hv1-u00268,
hv1-e000535,hv1-u00141,task_first,hv1:main:50,organic_search,revisited,2026-08-22T22:08:59.596Z,,,n-hv1-u00141,
hv1-e002583,hv1-u00695,baseline,hv1:main:50,referral,assigned,2026-08-22T22:19:20.806Z,,,,
hv1-e002584,hv1-u00695,baseline,hv1:main:50,referral,note_saved,2026-08-22T22:23:20.806Z,,,n-hv1-u00695,
hv1-e002585,hv1-u00695,baseline,hv1:main:50,referral,task_created,2026-08-22T22:25:20.806Z,,,n-hv1-u00695,t-hv1-u00695-1
hv1-e002586,hv1-u00695,baseline,hv1:main:50,referral,task_created,2026-08-22T22:26:20.806Z,,,n-hv1-u00695,t-hv1-u00695-2
hv1-e000671,hv1-u00180,baseline,hv1:main:50,referral,assigned,2026-08-22T23:06:09.289Z,,,,
hv1-e000672,hv1-u00180,baseline,hv1:main:50,referral,note_saved,2026-08-22T23:10:09.289Z,,,n-hv1-u00180,
hv1-e000673,hv1-u00180,baseline,hv1:main:50,referral,task_created,2026-08-22T23:12:09.289Z,,,n-hv1-u00180,t-hv1-u00180-1
hv1-e002368,hv1-u00636,task_first,hv1:main:50,organic_search,assigned,2026-08-22T23:14:16.384Z,,,,
hv1-e002369,hv1-u00636,task_first,hv1:main:50,organic_search,note_saved,2026-08-22T23:18:16.384Z,,,n-hv1-u00636,
hv1-e002370,hv1-u00636,task_first,hv1:main:50,organic_search,task_created,2026-08-22T23:20:16.384Z,,,n-hv1-u00636,t-hv1-u00636-1
hv1-e000528,hv1-u00139,task_first,hv1:main:50,organic_search,revisited,2026-08-22T23:40:51.741Z,,,n-hv1-u00139,
hv1-e000511,hv1-u00134,task_first,hv1:main:50,referral,revisited,2026-08-22T23:41:49.991Z,,,n-hv1-u00134,
hv1-e000512,hv1-u00134,task_first,hv1:main:50,referral,task_completed,2026-08-22T23:46:49.991Z,,,n-hv1-u00134,t-hv1-u00134-1
hv1-e002195,hv1-u00587,task_first,hv1:main:50,referral,revisited,2026-08-22T23:50:30.438Z,,,n-hv1-u00587,
hv1-e002196,hv1-u00587,task_first,hv1:main:50,referral,task_completed,2026-08-22T23:55:30.438Z,,,n-hv1-u00587,t-hv1-u00587-1
hv1-e001809,hv1-u00490,task_first,hv1:main:50,organic_search,assigned,2026-08-23T00:01:17.443Z,,,,
hv1-e001810,hv1-u00490,task_first,hv1:main:50,organic_search,note_saved,2026-08-23T00:05:17.443Z,,,n-hv1-u00490,
hv1-e001811,hv1-u00490,task_first,hv1:main:50,organic_search,task_created,2026-08-23T00:07:17.443Z,,,n-hv1-u00490,t-hv1-u00490-1
hv1-e001812,hv1-u00490,task_first,hv1:main:50,organic_search,task_created,2026-08-23T00:08:17.443Z,,,n-hv1-u00490,t-hv1-u00490-2
hv1-e001070,hv1-u00282,task_first,hv1:main:50,referral,assigned,2026-08-23T00:32:19.263Z,,,,
hv1-e001071,hv1-u00282,task_first,hv1:main:50,referral,note_saved,2026-08-23T00:36:19.263Z,,,n-hv1-u00282,
hv1-e000998,hv1-u00264,baseline,hv1:main:50,app_store,assigned,2026-08-23T00:40:04.520Z,,,,
hv1-e000999,hv1-u00264,baseline,hv1:main:50,app_store,note_saved,2026-08-23T00:44:04.520Z,,,n-hv1-u00264,
hv1-e000940,hv1-u00250,task_first,hv1:main:50,paid_social,assigned,2026-08-23T00:54:42.787Z,,,,
hv1-e001445,hv1-u00384,task_first,hv1:main:50,organic_search,assigned,2026-08-23T00:58:10.811Z,,,,
hv1-e000941,hv1-u00250,task_first,hv1:main:50,paid_social,note_saved,2026-08-23T00:58:42.787Z,,,n-hv1-u00250,
hv1-e000942,hv1-u00250,task_first,hv1:main:50,paid_social,task_created,2026-08-23T01:00:42.787Z,,,n-hv1-u00250,t-hv1-u00250-1
hv1-e000943,hv1-u00250,task_first,hv1:main:50,paid_social,task_created,2026-08-23T01:01:42.787Z,,,n-hv1-u00250,t-hv1-u00250-2
hv1-e001446,hv1-u00384,task_first,hv1:main:50,organic_search,note_saved,2026-08-23T01:02:10.811Z,,,n-hv1-u00384,
hv1-e001447,hv1-u00384,task_first,hv1:main:50,organic_search,task_created,2026-08-23T01:04:10.811Z,,,n-hv1-u00384,t-hv1-u00384-1
hv1-e001448,hv1-u00384,task_first,hv1:main:50,organic_search,task_created,2026-08-23T01:05:10.811Z,,,n-hv1-u00384,t-hv1-u00384-2
hv1-e001730,hv1-u00470,task_first,hv1:main:50,organic_search,assigned,2026-08-23T01:12:12.993Z,,,,
hv1-e001731,hv1-u00470,task_first,hv1:main:50,organic_search,note_saved,2026-08-23T01:16:12.993Z,,,n-hv1-u00470,
hv1-e001732,hv1-u00470,task_first,hv1:main:50,organic_search,task_created,2026-08-23T01:18:12.993Z,,,n-hv1-u00470,t-hv1-u00470-1
hv1-e000837,hv1-u00220,baseline,hv1:main:50,organic_search,assigned,2026-08-23T01:25:36.287Z,,,,
hv1-e002782,hv1-u00749,baseline,hv1:main:50,paid_social,assigned,2026-08-23T01:26:17.519Z,,,,
hv1-e002783,hv1-u00749,baseline,hv1:main:50,paid_social,note_saved,2026-08-23T01:30:17.519Z,,,n-hv1-u00749,
hv1-e000944,hv1-u00250,task_first,hv1:main:50,paid_social,trial_started,2026-08-23T01:54:42.787Z,,,,
hv1-e001424,hv1-u00377,baseline,hv1:main:50,organic_search,assigned,2026-08-23T01:56:11.318Z,,,,
hv1-e001735,hv1-u00470,task_first,hv1:main:50,organic_search,trial_started,2026-08-23T02:12:12.993Z,,,,
hv1-e000486,hv1-u00128,baseline,hv1:main:50,app_store,assigned,2026-08-23T02:18:50.059Z,,,,
hv1-e000487,hv1-u00128,baseline,hv1:main:50,app_store,note_saved,2026-08-23T02:22:50.059Z,,,n-hv1-u00128,
hv1-e000488,hv1-u00128,baseline,hv1:main:50,app_store,task_created,2026-08-23T02:24:50.059Z,,,n-hv1-u00128,t-hv1-u00128-1
hv1-e002210,hv1-u00591,task_first,hv1:main:50,referral,assigned,2026-08-23T02:25:14.043Z,,,,
hv1-e002211,hv1-u00591,task_first,hv1:main:50,referral,note_saved,2026-08-23T02:29:14.043Z,,,n-hv1-u00591,
hv1-e002212,hv1-u00591,task_first,hv1:main:50,referral,task_created,2026-08-23T02:31:14.043Z,,,n-hv1-u00591,t-hv1-u00591-1
hv1-e002213,hv1-u00591,task_first,hv1:main:50,referral,task_created,2026-08-23T02:32:14.043Z,,,n-hv1-u00591,t-hv1-u00591-2
hv1-e000300,hv1-u00078,baseline,hv1:main:50,paid_social,assigned,2026-08-23T02:33:06.812Z,,,,
hv1-e002953,hv1-u00803,baseline,hv1:main:50,app_store,revisited,2026-08-23T02:36:47.230Z,,,n-hv1-u00803,
hv1-e000301,hv1-u00078,baseline,hv1:main:50,paid_social,note_saved,2026-08-23T02:37:06.812Z,,,n-hv1-u00078,
hv1-e002954,hv1-u00803,baseline,hv1:main:50,app_store,task_completed,2026-08-23T02:41:47.230Z,,,n-hv1-u00803,t-hv1-u00803-1
hv1-e000819,hv1-u00215,task_first,hv1:main:50,paid_social,assigned,2026-08-23T03:23:23.523Z,,,,
hv1-e001718,hv1-u00467,task_first,hv1:main:50,organic_search,revisited,2026-08-23T03:28:31.716Z,,,n-hv1-u00467,
hv1-e003452,hv1-u00937,task_first,hv1:main:50,app_store,assigned,2026-08-23T03:30:16.832Z,,,,
hv1-e001719,hv1-u00467,task_first,hv1:main:50,organic_search,task_completed,2026-08-23T03:33:31.716Z,,,n-hv1-u00467,t-hv1-u00467-1
hv1-e001720,hv1-u00467,task_first,hv1:main:50,organic_search,trial_started,2026-08-23T03:58:31.716Z,,,,
hv1-e001399,hv1-u00371,baseline,hv1:main:50,paid_social,revisited,2026-08-23T03:58:40.762Z,,,n-hv1-u00371,
hv1-e001462,hv1-u00389,baseline,hv1:main:50,referral,assigned,2026-08-23T04:01:06.962Z,,,,
hv1-e001463,hv1-u00389,baseline,hv1:main:50,referral,note_saved,2026-08-23T04:05:06.962Z,,,n-hv1-u00389,
hv1-e001518,hv1-u00406,baseline,hv1:main:50,app_store,assigned,2026-08-23T04:23:36.605Z,,,,
hv1-e001519,hv1-u00406,baseline,hv1:main:50,app_store,note_saved,2026-08-23T04:27:36.605Z,,,n-hv1-u00406,
hv1-e001520,hv1-u00406,baseline,hv1:main:50,app_store,task_created,2026-08-23T04:29:36.605Z,,,n-hv1-u00406,t-hv1-u00406-1
hv1-e002877,hv1-u00783,baseline,hv1:main:50,paid_social,assigned,2026-08-23T04:35:21.783Z,,,,
hv1-e002878,hv1-u00783,baseline,hv1:main:50,paid_social,note_saved,2026-08-23T04:39:21.783Z,,,n-hv1-u00783,
hv1-e002879,hv1-u00783,baseline,hv1:main:50,paid_social,task_created,2026-08-23T04:41:21.783Z,,,n-hv1-u00783,t-hv1-u00783-1
hv1-e002880,hv1-u00783,baseline,hv1:main:50,paid_social,task_created,2026-08-23T04:42:21.783Z,,,n-hv1-u00783,t-hv1-u00783-2
hv1-e002881,hv1-u00783,baseline,hv1:main:50,paid_social,task_created,2026-08-23T04:43:21.783Z,,,n-hv1-u00783,t-hv1-u00783-3
hv1-e000247,hv1-u00063,baseline,hv1:main:50,app_store,revisited,2026-08-23T04:44:50.402Z,,,n-hv1-u00063,
hv1-e000129,hv1-u00035,task_first,hv1:main:50,paid_social,assigned,2026-08-23T05:28:19.884Z,,,,
hv1-e000130,hv1-u00035,task_first,hv1:main:50,paid_social,note_saved,2026-08-23T05:32:19.884Z,,,n-hv1-u00035,
hv1-e000131,hv1-u00035,task_first,hv1:main:50,paid_social,task_created,2026-08-23T05:34:19.884Z,,,n-hv1-u00035,t-hv1-u00035-1
hv1-e000132,hv1-u00035,task_first,hv1:main:50,paid_social,task_created,2026-08-23T05:35:19.884Z,,,n-hv1-u00035,t-hv1-u00035-2
hv1-e003192,hv1-u00866,task_first,hv1:main:50,referral,assigned,2026-08-23T05:57:31.039Z,,,,
hv1-e002219,hv1-u00592,baseline,hv1:main:50,referral,paid,2026-08-23T06:38:57.767Z,10.00,XTS,,
hv1-e000156,hv1-u00041,task_first,hv1:main:50,paid_social,assigned,2026-08-23T07:22:23.169Z,,,,
hv1-e000157,hv1-u00041,task_first,hv1:main:50,paid_social,note_saved,2026-08-23T07:26:23.169Z,,,n-hv1-u00041,
hv1-e000158,hv1-u00041,task_first,hv1:main:50,paid_social,task_created,2026-08-23T07:28:23.169Z,,,n-hv1-u00041,t-hv1-u00041-1
hv1-e001697,hv1-u00461,task_first,hv1:main:50,paid_social,assigned,2026-08-23T07:28:32.298Z,,,,
hv1-e000256,hv1-u00066,task_first,hv1:main:50,paid_social,assigned,2026-08-23T07:49:49.915Z,,,,
hv1-e000257,hv1-u00066,task_first,hv1:main:50,paid_social,note_saved,2026-08-23T07:53:49.915Z,,,n-hv1-u00066,
hv1-e000258,hv1-u00066,task_first,hv1:main:50,paid_social,task_created,2026-08-23T07:55:49.915Z,,,n-hv1-u00066,t-hv1-u00066-1
hv1-e000259,hv1-u00066,task_first,hv1:main:50,paid_social,task_created,2026-08-23T07:56:49.915Z,,,n-hv1-u00066,t-hv1-u00066-2
hv1-e001758,hv1-u00475,baseline,hv1:main:50,paid_social,paid,2026-08-23T08:02:32.815Z,10.00,XTS,,
hv1-e000987,hv1-u00262,task_first,hv1:main:50,app_store,assigned,2026-08-23T08:02:56.160Z,,,,
hv1-e000988,hv1-u00262,task_first,hv1:main:50,app_store,note_saved,2026-08-23T08:06:56.160Z,,,n-hv1-u00262,
hv1-e000989,hv1-u00262,task_first,hv1:main:50,app_store,task_created,2026-08-23T08:08:56.160Z,,,n-hv1-u00262,t-hv1-u00262-1
hv1-e000169,hv1-u00043,baseline,hv1:main:50,paid_social,revisited,2026-08-23T08:16:20.745Z,,,n-hv1-u00043,
hv1-e000359,hv1-u00094,baseline,hv1:main:50,app_store,assigned,2026-08-23T08:19:54.327Z,,,,
hv1-e000360,hv1-u00094,baseline,hv1:main:50,app_store,note_saved,2026-08-23T08:23:54.327Z,,,n-hv1-u00094,
hv1-e000361,hv1-u00094,baseline,hv1:main:50,app_store,task_created,2026-08-23T08:25:54.327Z,,,n-hv1-u00094,t-hv1-u00094-1
hv1-e000743,hv1-u00196,baseline,hv1:main:50,organic_search,trial_started,2026-08-23T08:31:06.105Z,,,,
hv1-e002894,hv1-u00788,baseline,hv1:main:50,paid_social,assigned,2026-08-23T09:20:42.260Z,,,,
hv1-e002895,hv1-u00788,baseline,hv1:main:50,paid_social,note_saved,2026-08-23T09:24:42.260Z,,,n-hv1-u00788,
hv1-e002896,hv1-u00788,baseline,hv1:main:50,paid_social,task_created,2026-08-23T09:26:42.260Z,,,n-hv1-u00788,t-hv1-u00788-1
hv1-e002897,hv1-u00788,baseline,hv1:main:50,paid_social,task_created,2026-08-23T09:27:42.260Z,,,n-hv1-u00788,t-hv1-u00788-2
hv1-e001269,hv1-u00338,baseline,hv1:main:50,app_store,assigned,2026-08-23T10:31:17.867Z,,,,
hv1-e002503,hv1-u00674,baseline,hv1:main:50,paid_social,assigned,2026-08-23T10:32:30.316Z,,,,
hv1-e001270,hv1-u00338,baseline,hv1:main:50,app_store,note_saved,2026-08-23T10:35:17.867Z,,,n-hv1-u00338,
hv1-e002504,hv1-u00674,baseline,hv1:main:50,paid_social,note_saved,2026-08-23T10:36:30.316Z,,,n-hv1-u00674,
hv1-e002505,hv1-u00674,baseline,hv1:main:50,paid_social,task_created,2026-08-23T10:38:30.316Z,,,n-hv1-u00674,t-hv1-u00674-1
hv1-e002506,hv1-u00674,baseline,hv1:main:50,paid_social,task_created,2026-08-23T10:39:30.316Z,,,n-hv1-u00674,t-hv1-u00674-2
hv1-e002507,hv1-u00674,baseline,hv1:main:50,paid_social,task_created,2026-08-23T10:40:30.316Z,,,n-hv1-u00674,t-hv1-u00674-3
hv1-e003650,hv1-u00990,task_first,hv1:main:50,organic_search,paid,2026-08-23T10:47:02.330Z,10.00,XTS,,
hv1-e000331,hv1-u00087,task_first,hv1:main:50,paid_social,assigned,2026-08-23T10:53:23.272Z,,,,
hv1-e000332,hv1-u00087,task_first,hv1:main:50,paid_social,note_saved,2026-08-23T10:57:23.272Z,,,n-hv1-u00087,
hv1-e000775,hv1-u00202,baseline,hv1:main:50,app_store,paid,2026-08-23T11:08:36.498Z,10.00,XTS,,
hv1-e001590,hv1-u00430,baseline,hv1:main:50,organic_search,revisited,2026-08-23T11:14:50.720Z,,,n-hv1-u00430,
hv1-e001248,hv1-u00333,task_first,hv1:main:50,paid_social,revisited,2026-08-23T11:44:48.911Z,,,n-hv1-u00333,
hv1-e002242,hv1-u00600,task_first,hv1:main:50,paid_social,paid,2026-08-23T12:05:57.942Z,10.00,XTS,,
hv1-e003471,hv1-u00943,baseline,hv1:main:50,referral,trial_started,2026-08-23T12:14:26.173Z,,,,
hv1-e002846,hv1-u00772,baseline,hv1:main:50,organic_search,revisited,2026-08-23T12:32:56.835Z,,,n-hv1-u00772,
hv1-e001540,hv1-u00411,baseline,hv1:main:50,organic_search,revisited,2026-08-23T12:42:42.841Z,,,n-hv1-u00411,
hv1-e003000,hv1-u00814,task_first,hv1:main:50,app_store,assigned,2026-08-23T12:53:18.366Z,,,,
hv1-e003001,hv1-u00814,task_first,hv1:main:50,app_store,note_saved,2026-08-23T12:57:18.366Z,,,n-hv1-u00814,
hv1-e001030,hv1-u00273,task_first,hv1:main:50,referral,paid,2026-08-23T13:08:18.326Z,10.00,XTS,,
hv1-e001529,hv1-u00408,task_first,hv1:main:50,paid_social,trial_started,2026-08-23T13:16:16.141Z,,,,
hv1-e000601,hv1-u00162,baseline,hv1:main:50,referral,assigned,2026-08-23T13:21:39.347Z,,,,
hv1-e000602,hv1-u00162,baseline,hv1:main:50,referral,note_saved,2026-08-23T13:25:39.347Z,,,n-hv1-u00162,
hv1-e000603,hv1-u00162,baseline,hv1:main:50,referral,task_created,2026-08-23T13:27:39.347Z,,,n-hv1-u00162,t-hv1-u00162-1
hv1-e003327,hv1-u00905,task_first,hv1:main:50,organic_search,assigned,2026-08-23T13:44:03.352Z,,,,
hv1-e003328,hv1-u00905,task_first,hv1:main:50,organic_search,note_saved,2026-08-23T13:48:03.352Z,,,n-hv1-u00905,
hv1-e001763,hv1-u00477,task_first,hv1:main:50,app_store,assigned,2026-08-23T13:48:09.401Z,,,,
hv1-e003329,hv1-u00905,task_first,hv1:main:50,organic_search,task_created,2026-08-23T13:50:03.352Z,,,n-hv1-u00905,t-hv1-u00905-1
hv1-e003330,hv1-u00905,task_first,hv1:main:50,organic_search,task_created,2026-08-23T13:51:03.352Z,,,n-hv1-u00905,t-hv1-u00905-2
hv1-e001764,hv1-u00477,task_first,hv1:main:50,app_store,note_saved,2026-08-23T13:52:09.401Z,,,n-hv1-u00477,
hv1-e000187,hv1-u00047,baseline,hv1:main:50,app_store,paid,2026-08-23T14:02:34.556Z,10.00,XTS,,
hv1-e000776,hv1-u00203,baseline,hv1:main:50,organic_search,assigned,2026-08-23T14:42:42.480Z,,,,
hv1-e002053,hv1-u00550,task_first,hv1:main:50,paid_social,revisited,2026-08-23T14:45:36.320Z,,,n-hv1-u00550,
hv1-e000777,hv1-u00203,baseline,hv1:main:50,organic_search,note_saved,2026-08-23T14:46:42.480Z,,,n-hv1-u00203,
hv1-e002054,hv1-u00550,task_first,hv1:main:50,paid_social,task_completed,2026-08-23T14:50:36.320Z,,,n-hv1-u00550,t-hv1-u00550-1
hv1-e001639,hv1-u00441,baseline,hv1:main:50,referral,assigned,2026-08-23T15:00:13.155Z,,,,
hv1-e002423,hv1-u00650,baseline,hv1:main:50,organic_search,assigned,2026-08-23T15:09:52.753Z,,,,
hv1-e001179,hv1-u00311,baseline,hv1:main:50,organic_search,assigned,2026-08-23T15:27:13.173Z,,,,
hv1-e001180,hv1-u00311,baseline,hv1:main:50,organic_search,note_saved,2026-08-23T15:31:13.173Z,,,n-hv1-u00311,
hv1-e003162,hv1-u00856,baseline,hv1:main:50,organic_search,assigned,2026-08-23T15:38:16.580Z,,,,
hv1-e003163,hv1-u00856,baseline,hv1:main:50,organic_search,note_saved,2026-08-23T15:42:16.580Z,,,n-hv1-u00856,
hv1-e003164,hv1-u00856,baseline,hv1:main:50,organic_search,task_created,2026-08-23T15:44:16.580Z,,,n-hv1-u00856,t-hv1-u00856-1
hv1-e001579,hv1-u00425,task_first,hv1:main:50,paid_social,revisited,2026-08-23T15:44:29.597Z,,,n-hv1-u00425,
hv1-e002818,hv1-u00765,baseline,hv1:main:50,organic_search,assigned,2026-08-23T16:01:04.214Z,,,,
hv1-e002819,hv1-u00765,baseline,hv1:main:50,organic_search,note_saved,2026-08-23T16:05:04.214Z,,,n-hv1-u00765,
hv1-e003010,hv1-u00816,baseline,hv1:main:50,app_store,revisited,2026-08-23T16:05:26.517Z,,,n-hv1-u00816,
hv1-e002005,hv1-u00536,task_first,hv1:main:50,organic_search,assigned,2026-08-23T16:06:10.020Z,,,,
hv1-e002820,hv1-u00765,baseline,hv1:main:50,organic_search,task_created,2026-08-23T16:07:04.214Z,,,n-hv1-u00765,t-hv1-u00765-1
hv1-e002821,hv1-u00765,baseline,hv1:main:50,organic_search,task_created,2026-08-23T16:08:04.214Z,,,n-hv1-u00765,t-hv1-u00765-2
hv1-e002006,hv1-u00536,task_first,hv1:main:50,organic_search,note_saved,2026-08-23T16:10:10.020Z,,,n-hv1-u00536,
hv1-e002007,hv1-u00536,task_first,hv1:main:50,organic_search,task_created,2026-08-23T16:12:10.020Z,,,n-hv1-u00536,t-hv1-u00536-1
hv1-e002008,hv1-u00536,task_first,hv1:main:50,organic_search,task_created,2026-08-23T16:13:10.020Z,,,n-hv1-u00536,t-hv1-u00536-2
hv1-e002809,hv1-u00760,task_first,hv1:main:50,app_store,assigned,2026-08-23T16:29:27.498Z,,,,
hv1-e003435,hv1-u00932,baseline,hv1:main:50,organic_search,assigned,2026-08-23T16:31:25.478Z,,,,
hv1-e002810,hv1-u00760,task_first,hv1:main:50,app_store,note_saved,2026-08-23T16:33:27.498Z,,,n-hv1-u00760,
hv1-e003436,hv1-u00932,baseline,hv1:main:50,organic_search,note_saved,2026-08-23T16:35:25.478Z,,,n-hv1-u00932,
hv1-e003437,hv1-u00932,baseline,hv1:main:50,organic_search,task_created,2026-08-23T16:37:25.478Z,,,n-hv1-u00932,t-hv1-u00932-1
hv1-e003165,hv1-u00856,baseline,hv1:main:50,organic_search,trial_started,2026-08-23T16:38:16.580Z,,,,
hv1-e003438,hv1-u00932,baseline,hv1:main:50,organic_search,task_created,2026-08-23T16:38:25.478Z,,,n-hv1-u00932,t-hv1-u00932-2
hv1-e003439,hv1-u00932,baseline,hv1:main:50,organic_search,task_created,2026-08-23T16:39:25.478Z,,,n-hv1-u00932,t-hv1-u00932-3
hv1-e002823,hv1-u00765,baseline,hv1:main:50,organic_search,trial_started,2026-08-23T17:01:04.214Z,,,,
hv1-e000794,hv1-u00208,baseline,hv1:main:50,app_store,assigned,2026-08-23T17:02:47.907Z,,,,
hv1-e000795,hv1-u00208,baseline,hv1:main:50,app_store,note_saved,2026-08-23T17:06:47.907Z,,,n-hv1-u00208,
hv1-e000796,hv1-u00208,baseline,hv1:main:50,app_store,task_created,2026-08-23T17:08:47.907Z,,,n-hv1-u00208,t-hv1-u00208-1
hv1-e001117,hv1-u00295,task_first,hv1:main:50,referral,assigned,2026-08-23T17:29:11.754Z,,,,
hv1-e003442,hv1-u00932,baseline,hv1:main:50,organic_search,trial_started,2026-08-23T17:31:25.478Z,,,,
hv1-e001118,hv1-u00295,task_first,hv1:main:50,referral,note_saved,2026-08-23T17:33:11.754Z,,,n-hv1-u00295,
hv1-e001119,hv1-u00295,task_first,hv1:main:50,referral,task_created,2026-08-23T17:35:11.754Z,,,n-hv1-u00295,t-hv1-u00295-1
hv1-e001120,hv1-u00295,task_first,hv1:main:50,referral,task_created,2026-08-23T17:36:11.754Z,,,n-hv1-u00295,t-hv1-u00295-2
hv1-e001121,hv1-u00295,task_first,hv1:main:50,referral,task_created,2026-08-23T17:37:11.754Z,,,n-hv1-u00295,t-hv1-u00295-3
hv1-e000236,hv1-u00060,baseline,hv1:main:50,organic_search,assigned,2026-08-23T17:49:01.354Z,,,,
hv1-e000237,hv1-u00060,baseline,hv1:main:50,organic_search,note_saved,2026-08-23T17:53:01.354Z,,,n-hv1-u00060,
hv1-e000791,hv1-u00206,baseline,hv1:main:50,paid_social,revisited,2026-08-23T17:55:46.245Z,,,n-hv1-u00206,
hv1-e002688,hv1-u00725,task_first,hv1:main:50,organic_search,assigned,2026-08-23T18:11:25.220Z,,,,
hv1-e002689,hv1-u00725,task_first,hv1:main:50,organic_search,note_saved,2026-08-23T18:15:25.220Z,,,n-hv1-u00725,
hv1-e000926,hv1-u00245,task_first,hv1:main:50,paid_social,assigned,2026-08-23T18:17:24.300Z,,,,
hv1-e002690,hv1-u00725,task_first,hv1:main:50,organic_search,task_created,2026-08-23T18:17:25.220Z,,,n-hv1-u00725,t-hv1-u00725-1
hv1-e002691,hv1-u00725,task_first,hv1:main:50,organic_search,task_created,2026-08-23T18:18:25.220Z,,,n-hv1-u00725,t-hv1-u00725-2
hv1-e002692,hv1-u00725,task_first,hv1:main:50,organic_search,task_created,2026-08-23T18:19:25.220Z,,,n-hv1-u00725,t-hv1-u00725-3
hv1-e000645,hv1-u00173,baseline,hv1:main:50,app_store,revisited,2026-08-23T18:42:24.312Z,,,n-hv1-u00173,
hv1-e000449,hv1-u00117,task_first,hv1:main:50,organic_search,paid,2026-08-23T18:44:32.975Z,10.00,XTS,,
hv1-e000646,hv1-u00173,baseline,hv1:main:50,app_store,task_completed,2026-08-23T18:47:24.312Z,,,n-hv1-u00173,t-hv1-u00173-1
hv1-e000288,hv1-u00075,task_first,hv1:main:50,app_store,assigned,2026-08-23T18:47:52.443Z,,,,
hv1-e000289,hv1-u00075,task_first,hv1:main:50,app_store,note_saved,2026-08-23T18:51:52.443Z,,,n-hv1-u00075,
hv1-e000290,hv1-u00075,task_first,hv1:main:50,app_store,task_created,2026-08-23T18:53:52.443Z,,,n-hv1-u00075,t-hv1-u00075-1
hv1-e000755,hv1-u00199,task_first,hv1:main:50,paid_social,assigned,2026-08-23T18:54:05.134Z,,,,
hv1-e000756,hv1-u00199,task_first,hv1:main:50,paid_social,note_saved,2026-08-23T18:58:05.134Z,,,n-hv1-u00199,
hv1-e000757,hv1-u00199,task_first,hv1:main:50,paid_social,task_created,2026-08-23T19:00:05.134Z,,,n-hv1-u00199,t-hv1-u00199-1
hv1-e000758,hv1-u00199,task_first,hv1:main:50,paid_social,task_created,2026-08-23T19:01:05.134Z,,,n-hv1-u00199,t-hv1-u00199-2
hv1-e000759,hv1-u00199,task_first,hv1:main:50,paid_social,task_created,2026-08-23T19:02:05.134Z,,,n-hv1-u00199,t-hv1-u00199-3
hv1-e002760,hv1-u00743,baseline,hv1:main:50,paid_social,assigned,2026-08-23T19:41:14.634Z,,,,
hv1-e002352,hv1-u00632,baseline,hv1:main:50,app_store,assigned,2026-08-23T19:41:22.832Z,,,,
hv1-e002353,hv1-u00632,baseline,hv1:main:50,app_store,note_saved,2026-08-23T19:45:22.832Z,,,n-hv1-u00632,
hv1-e000291,hv1-u00075,task_first,hv1:main:50,app_store,trial_started,2026-08-23T19:47:52.443Z,,,,
hv1-e002384,hv1-u00640,baseline,hv1:main:50,organic_search,revisited,2026-08-23T20:03:34.671Z,,,n-hv1-u00640,
hv1-e002662,hv1-u00718,task_first,hv1:main:50,referral,assigned,2026-08-23T20:12:45.465Z,,,,
hv1-e002663,hv1-u00718,task_first,hv1:main:50,referral,note_saved,2026-08-23T20:16:45.465Z,,,n-hv1-u00718,
hv1-e002664,hv1-u00718,task_first,hv1:main:50,referral,task_created,2026-08-23T20:18:45.465Z,,,n-hv1-u00718,t-hv1-u00718-1
hv1-e002665,hv1-u00718,task_first,hv1:main:50,referral,task_created,2026-08-23T20:19:45.465Z,,,n-hv1-u00718,t-hv1-u00718-2
hv1-e001816,hv1-u00493,baseline,hv1:main:50,referral,assigned,2026-08-23T21:10:15.004Z,,,,
hv1-e000829,hv1-u00217,task_first,hv1:main:50,app_store,revisited,2026-08-23T22:07:40.957Z,,,n-hv1-u00217,
hv1-e000375,hv1-u00097,task_first,hv1:main:50,referral,assigned,2026-08-23T22:09:42.417Z,,,,
hv1-e000376,hv1-u00097,task_first,hv1:main:50,referral,note_saved,2026-08-23T22:13:42.417Z,,,n-hv1-u00097,
hv1-e003504,hv1-u00953,task_first,hv1:main:50,organic_search,revisited,2026-08-23T22:19:57.507Z,,,n-hv1-u00953,
hv1-e002229,hv1-u00596,baseline,hv1:main:50,referral,assigned,2026-08-23T22:23:21.442Z,,,,
hv1-e002230,hv1-u00596,baseline,hv1:main:50,referral,note_saved,2026-08-23T22:27:21.442Z,,,n-hv1-u00596,
hv1-e003191,hv1-u00865,baseline,hv1:main:50,referral,cancelled,2026-08-23T22:27:31.008Z,,,,
hv1-e000391,hv1-u00100,baseline,hv1:main:50,paid_social,revisited,2026-08-23T22:56:18.287Z,,,n-hv1-u00100,
hv1-e000392,hv1-u00100,baseline,hv1:main:50,paid_social,task_completed,2026-08-23T23:01:18.287Z,,,n-hv1-u00100,t-hv1-u00100-1
hv1-e001535,hv1-u00410,baseline,hv1:main:50,paid_social,assigned,2026-08-23T23:08:27.398Z,,,,
hv1-e001536,hv1-u00410,baseline,hv1:main:50,paid_social,note_saved,2026-08-23T23:12:27.398Z,,,n-hv1-u00410,
hv1-e002080,hv1-u00558,baseline,hv1:main:50,app_store,assigned,2026-08-23T23:16:41.475Z,,,,
hv1-e002626,hv1-u00708,task_first,hv1:main:50,app_store,assigned,2026-08-23T23:17:11.380Z,,,,
hv1-e002081,hv1-u00558,baseline,hv1:main:50,app_store,note_saved,2026-08-23T23:20:41.475Z,,,n-hv1-u00558,
hv1-e002627,hv1-u00708,task_first,hv1:main:50,app_store,note_saved,2026-08-23T23:21:11.380Z,,,n-hv1-u00708,
hv1-e002082,hv1-u00558,baseline,hv1:main:50,app_store,task_created,2026-08-23T23:22:41.475Z,,,n-hv1-u00558,t-hv1-u00558-1
hv1-e002628,hv1-u00708,task_first,hv1:main:50,app_store,task_created,2026-08-23T23:23:11.380Z,,,n-hv1-u00708,t-hv1-u00708-1
hv1-e002083,hv1-u00558,baseline,hv1:main:50,app_store,task_created,2026-08-23T23:23:41.475Z,,,n-hv1-u00558,t-hv1-u00558-2
hv1-e002629,hv1-u00708,task_first,hv1:main:50,app_store,task_created,2026-08-23T23:24:11.380Z,,,n-hv1-u00708,t-hv1-u00708-2
hv1-e002084,hv1-u00558,baseline,hv1:main:50,app_store,task_created,2026-08-23T23:24:41.475Z,,,n-hv1-u00558,t-hv1-u00558-3
hv1-e002371,hv1-u00636,task_first,hv1:main:50,organic_search,trial_started,2026-08-24T00:14:16.384Z,,,,
hv1-e000111,hv1-u00030,baseline,hv1:main:50,organic_search,assigned,2026-08-24T00:19:01.051Z,,,,
hv1-e000112,hv1-u00030,baseline,hv1:main:50,organic_search,note_saved,2026-08-24T00:23:01.051Z,,,n-hv1-u00030,
hv1-e000176,hv1-u00045,task_first,hv1:main:50,organic_search,revisited,2026-08-24T00:29:32.251Z,,,n-hv1-u00045,
hv1-e002320,hv1-u00624,task_first,hv1:main:50,organic_search,assigned,2026-08-24T00:29:49.363Z,,,,
hv1-e002011,hv1-u00537,baseline,hv1:main:50,paid_social,assigned,2026-08-24T00:30:33.207Z,,,,
hv1-e002321,hv1-u00624,task_first,hv1:main:50,organic_search,note_saved,2026-08-24T00:33:49.363Z,,,n-hv1-u00624,
hv1-e000177,hv1-u00045,task_first,hv1:main:50,organic_search,task_completed,2026-08-24T00:34:32.251Z,,,n-hv1-u00045,t-hv1-u00045-1
hv1-e002012,hv1-u00537,baseline,hv1:main:50,paid_social,note_saved,2026-08-24T00:34:33.207Z,,,n-hv1-u00537,
hv1-e000698,hv1-u00188,task_first,hv1:main:50,organic_search,assigned,2026-08-24T00:43:22.147Z,,,,
hv1-e000699,hv1-u00188,task_first,hv1:main:50,organic_search,note_saved,2026-08-24T00:47:22.147Z,,,n-hv1-u00188,
hv1-e000700,hv1-u00188,task_first,hv1:main:50,organic_search,task_created,2026-08-24T00:49:22.147Z,,,n-hv1-u00188,t-hv1-u00188-1
hv1-e000701,hv1-u00188,task_first,hv1:main:50,organic_search,task_created,2026-08-24T00:50:22.147Z,,,n-hv1-u00188,t-hv1-u00188-2
hv1-e001226,hv1-u00327,task_first,hv1:main:50,organic_search,assigned,2026-08-24T01:07:19.094Z,,,,
hv1-e001227,hv1-u00327,task_first,hv1:main:50,organic_search,note_saved,2026-08-24T01:11:19.094Z,,,n-hv1-u00327,
hv1-e001228,hv1-u00327,task_first,hv1:main:50,organic_search,task_created,2026-08-24T01:13:19.094Z,,,n-hv1-u00327,t-hv1-u00327-1
hv1-e001072,hv1-u00282,task_first,hv1:main:50,referral,trial_started,2026-08-24T01:32:19.263Z,,,,
hv1-e001083,hv1-u00284,baseline,hv1:main:50,organic_search,trial_started,2026-08-24T01:47:36.904Z,,,,
hv1-e000514,hv1-u00136,task_first,hv1:main:50,organic_search,assigned,2026-08-24T01:52:43.302Z,,,,
hv1-e000515,hv1-u00136,task_first,hv1:main:50,organic_search,note_saved,2026-08-24T01:56:43.302Z,,,n-hv1-u00136,
hv1-e000516,hv1-u00136,task_first,hv1:main:50,organic_search,task_created,2026-08-24T01:58:43.302Z,,,n-hv1-u00136,t-hv1-u00136-1
hv1-e000517,hv1-u00136,task_first,hv1:main:50,organic_search,task_created,2026-08-24T01:59:43.302Z,,,n-hv1-u00136,t-hv1-u00136-2
hv1-e000518,hv1-u00136,task_first,hv1:main:50,organic_search,task_created,2026-08-24T02:00:43.302Z,,,n-hv1-u00136,t-hv1-u00136-3
hv1-e003576,hv1-u00973,task_first,hv1:main:50,paid_social,assigned,2026-08-24T02:04:21.653Z,,,,
hv1-e003577,hv1-u00973,task_first,hv1:main:50,paid_social,note_saved,2026-08-24T02:08:21.653Z,,,n-hv1-u00973,
hv1-e003578,hv1-u00973,task_first,hv1:main:50,paid_social,task_created,2026-08-24T02:10:21.653Z,,,n-hv1-u00973,t-hv1-u00973-1
hv1-e002325,hv1-u00625,task_first,hv1:main:50,app_store,assigned,2026-08-24T02:33:24.497Z,,,,
hv1-e002326,hv1-u00625,task_first,hv1:main:50,app_store,note_saved,2026-08-24T02:37:24.497Z,,,n-hv1-u00625,
hv1-e002327,hv1-u00625,task_first,hv1:main:50,app_store,task_created,2026-08-24T02:39:24.497Z,,,n-hv1-u00625,t-hv1-u00625-1
hv1-e002214,hv1-u00591,task_first,hv1:main:50,referral,revisited,2026-08-24T02:55:14.043Z,,,n-hv1-u00591,
hv1-e000240,hv1-u00061,baseline,hv1:main:50,paid_social,revisited,2026-08-24T02:56:58.162Z,,,n-hv1-u00061,
hv1-e002215,hv1-u00591,task_first,hv1:main:50,referral,task_completed,2026-08-24T03:00:14.043Z,,,n-hv1-u00591,t-hv1-u00591-1
hv1-e002986,hv1-u00811,baseline,hv1:main:50,paid_social,assigned,2026-08-24T03:04:05.972Z,,,,
hv1-e000441,hv1-u00114,baseline,hv1:main:50,paid_social,assigned,2026-08-24T03:19:23.779Z,,,,
hv1-e000923,hv1-u00244,task_first,hv1:main:50,referral,assigned,2026-08-24T03:29:18.985Z,,,,
hv1-e000924,hv1-u00244,task_first,hv1:main:50,referral,note_saved,2026-08-24T03:33:18.985Z,,,n-hv1-u00244,
hv1-e003380,hv1-u00916,baseline,hv1:main:50,app_store,assigned,2026-08-24T03:34:42.908Z,,,,
hv1-e000925,hv1-u00244,task_first,hv1:main:50,referral,task_created,2026-08-24T03:35:18.985Z,,,n-hv1-u00244,t-hv1-u00244-1
hv1-e000551,hv1-u00147,baseline,hv1:main:50,organic_search,assigned,2026-08-24T03:46:31.177Z,,,,
hv1-e000552,hv1-u00147,baseline,hv1:main:50,organic_search,note_saved,2026-08-24T03:50:31.177Z,,,n-hv1-u00147,
hv1-e002702,hv1-u00728,baseline,hv1:main:50,app_store,revisited,2026-08-24T04:23:16.402Z,,,n-hv1-u00728,
hv1-e001314,hv1-u00351,baseline,hv1:main:50,organic_search,revisited,2026-08-24T04:36:25.182Z,,,n-hv1-u00351,
hv1-e001521,hv1-u00406,baseline,hv1:main:50,app_store,revisited,2026-08-24T04:53:36.605Z,,,n-hv1-u00406,
hv1-e001522,hv1-u00406,baseline,hv1:main:50,app_store,task_completed,2026-08-24T04:58:36.605Z,,,n-hv1-u00406,t-hv1-u00406-1
hv1-e001211,hv1-u00321,task_first,hv1:main:50,app_store,revisited,2026-08-24T05:10:15.707Z,,,n-hv1-u00321,
hv1-e000127,hv1-u00034,baseline,hv1:main:50,paid_social,assigned,2026-08-24T05:28:41.350Z,,,,
hv1-e000128,hv1-u00034,baseline,hv1:main:50,paid_social,note_saved,2026-08-24T05:32:41.350Z,,,n-hv1-u00034,
hv1-e003193,hv1-u00866,task_first,hv1:main:50,referral,revisited,2026-08-24T05:57:31.039Z,,,n-hv1-u00866,
hv1-e001884,hv1-u00508,task_first,hv1:main:50,paid_social,trial_started,2026-08-24T06:22:14.989Z,,,,
hv1-e001640,hv1-u00442,baseline,hv1:main:50,paid_social,assigned,2026-08-24T07:34:17.080Z,,,,
hv1-e001641,hv1-u00442,baseline,hv1:main:50,paid_social,note_saved,2026-08-24T07:38:17.080Z,,,n-hv1-u00442,
hv1-e000346,hv1-u00090,baseline,hv1:main:50,referral,assigned,2026-08-24T07:49:51.168Z,,,,
hv1-e000159,hv1-u00041,task_first,hv1:main:50,paid_social,revisited,2026-08-24T07:52:23.169Z,,,n-hv1-u00041,
hv1-e000347,hv1-u00090,baseline,hv1:main:50,referral,note_saved,2026-08-24T07:53:51.168Z,,,n-hv1-u00090,
hv1-e000348,hv1-u00090,baseline,hv1:main:50,referral,task_created,2026-08-24T07:55:51.168Z,,,n-hv1-u00090,t-hv1-u00090-1
hv1-e000349,hv1-u00090,baseline,hv1:main:50,referral,task_created,2026-08-24T07:56:51.168Z,,,n-hv1-u00090,t-hv1-u00090-2
hv1-e000160,hv1-u00041,task_first,hv1:main:50,paid_social,task_completed,2026-08-24T07:57:23.169Z,,,n-hv1-u00041,t-hv1-u00041-1
hv1-e000350,hv1-u00090,baseline,hv1:main:50,referral,task_created,2026-08-24T07:57:51.168Z,,,n-hv1-u00090,t-hv1-u00090-3
hv1-e000591,hv1-u00158,task_first,hv1:main:50,organic_search,revisited,2026-08-24T08:11:36.245Z,,,n-hv1-u00158,
hv1-e000592,hv1-u00158,task_first,hv1:main:50,organic_search,task_completed,2026-08-24T08:16:36.245Z,,,n-hv1-u00158,t-hv1-u00158-1
hv1-e002640,hv1-u00712,task_first,hv1:main:50,paid_social,assigned,2026-08-24T08:49:42.184Z,,,,
hv1-e002641,hv1-u00712,task_first,hv1:main:50,paid_social,note_saved,2026-08-24T08:53:42.184Z,,,n-hv1-u00712,
hv1-e001271,hv1-u00338,baseline,hv1:main:50,app_store,revisited,2026-08-24T10:31:17.867Z,,,n-hv1-u00338,
hv1-e002247,hv1-u00602,baseline,hv1:main:50,organic_search,trial_started,2026-08-24T11:28:26.776Z,,,,
hv1-e002471,hv1-u00665,baseline,hv1:main:50,paid_social,trial_started,2026-08-24T11:52:21.007Z,,,,
hv1-e003522,hv1-u00959,baseline,hv1:main:50,organic_search,paid,2026-08-24T13:27:01.282Z,10.00,XTS,,
hv1-e001318,hv1-u00352,task_first,hv1:main:50,organic_search,revisited,2026-08-24T13:41:38.067Z,,,n-hv1-u00352,
hv1-e001319,hv1-u00352,task_first,hv1:main:50,organic_search,task_completed,2026-08-24T13:46:38.067Z,,,n-hv1-u00352,t-hv1-u00352-1
hv1-e003552,hv1-u00967,task_first,hv1:main:50,organic_search,revisited,2026-08-24T13:58:01.656Z,,,n-hv1-u00967,
hv1-e003553,hv1-u00967,task_first,hv1:main:50,organic_search,task_completed,2026-08-24T14:03:01.656Z,,,n-hv1-u00967,t-hv1-u00967-1
hv1-e001004,hv1-u00265,baseline,hv1:main:50,paid_social,trial_started,2026-08-24T14:35:01.947Z,,,,
hv1-e001765,hv1-u00477,task_first,hv1:main:50,app_store,trial_started,2026-08-24T14:48:09.401Z,,,,
hv1-e000697,hv1-u00187,task_first,hv1:main:50,paid_social,revisited,2026-08-24T17:02:29.994Z,,,n-hv1-u00187,
hv1-e003051,hv1-u00827,task_first,hv1:main:50,paid_social,revisited,2026-08-24T17:23:53.797Z,,,n-hv1-u00827,
hv1-e001122,hv1-u00295,task_first,hv1:main:50,referral,revisited,2026-08-24T17:59:11.754Z,,,n-hv1-u00295,
hv1-e001123,hv1-u00295,task_first,hv1:main:50,referral,task_completed,2026-08-24T18:04:11.754Z,,,n-hv1-u00295,t-hv1-u00295-1
hv1-e001124,hv1-u00295,task_first,hv1:main:50,referral,trial_started,2026-08-24T18:29:11.754Z,,,,
hv1-e001696,hv1-u00460,task_first,hv1:main:50,paid_social,revisited,2026-08-24T18:38:39.855Z,,,n-hv1-u00460,
hv1-e000760,hv1-u00199,task_first,hv1:main:50,paid_social,revisited,2026-08-24T19:24:05.134Z,,,n-hv1-u00199,
hv1-e000761,hv1-u00199,task_first,hv1:main:50,paid_social,task_completed,2026-08-24T19:29:05.134Z,,,n-hv1-u00199,t-hv1-u00199-1
hv1-e002761,hv1-u00743,baseline,hv1:main:50,paid_social,revisited,2026-08-24T19:41:14.634Z,,,n-hv1-u00743,
hv1-e003459,hv1-u00939,baseline,hv1:main:50,organic_search,paid,2026-08-24T20:16:37.205Z,10.00,XTS,,
hv1-e002045,hv1-u00546,baseline,hv1:main:50,paid_social,revisited,2026-08-24T20:18:18.089Z,,,n-hv1-u00546,
hv1-e001383,hv1-u00368,task_first,hv1:main:50,organic_search,revisited,2026-08-24T20:20:55.941Z,,,n-hv1-u00368,
hv1-e001384,hv1-u00368,task_first,hv1:main:50,organic_search,task_completed,2026-08-24T20:25:55.941Z,,,n-hv1-u00368,t-hv1-u00368-1
hv1-e001817,hv1-u00493,baseline,hv1:main:50,referral,revisited,2026-08-24T21:10:15.004Z,,,n-hv1-u00493,
hv1-e000674,hv1-u00180,baseline,hv1:main:50,referral,revisited,2026-08-24T23:06:09.289Z,,,n-hv1-u00180,
hv1-e002323,hv1-u00624,task_first,hv1:main:50,organic_search,trial_started,2026-08-25T01:29:49.363Z,,,,
hv1-e001733,hv1-u00470,task_first,hv1:main:50,organic_search,revisited,2026-08-25T01:42:12.993Z,,,n-hv1-u00470,
hv1-e001734,hv1-u00470,task_first,hv1:main:50,organic_search,task_completed,2026-08-25T01:47:12.993Z,,,n-hv1-u00470,t-hv1-u00470-1
hv1-e001426,hv1-u00377,baseline,hv1:main:50,organic_search,trial_started,2026-08-25T02:56:11.318Z,,,,
hv1-e003453,hv1-u00937,task_first,hv1:main:50,app_store,revisited,2026-08-25T03:30:16.832Z,,,n-hv1-u00937,
hv1-e002987,hv1-u00811,baseline,hv1:main:50,paid_social,trial_started,2026-08-25T04:04:05.972Z,,,,
hv1-e001565,hv1-u00418,task_first,hv1:main:50,paid_social,revisited,2026-08-25T04:39:44.837Z,,,n-hv1-u00418,
hv1-e000133,hv1-u00035,task_first,hv1:main:50,paid_social,revisited,2026-08-25T05:58:19.884Z,,,n-hv1-u00035,
hv1-e000134,hv1-u00035,task_first,hv1:main:50,paid_social,task_completed,2026-08-25T06:03:19.884Z,,,n-hv1-u00035,t-hv1-u00035-1
hv1-e003194,hv1-u00866,task_first,hv1:main:50,referral,trial_started,2026-08-25T06:57:31.039Z,,,,
hv1-e000990,hv1-u00262,task_first,hv1:main:50,app_store,revisited,2026-08-25T08:32:56.160Z,,,n-hv1-u00262,
hv1-e000991,hv1-u00262,task_first,hv1:main:50,app_store,task_completed,2026-08-25T08:37:56.160Z,,,n-hv1-u00262,t-hv1-u00262-1
hv1-e000992,hv1-u00262,task_first,hv1:main:50,app_store,trial_started,2026-08-25T09:02:56.160Z,,,,
hv1-e003651,hv1-u00990,task_first,hv1:main:50,organic_search,refunded,2026-08-25T10:47:02.330Z,10.00,XTS,,
hv1-e000965,hv1-u00255,baseline,hv1:main:50,organic_search,revisited,2026-08-25T12:14:49.018Z,,,n-hv1-u00255,
hv1-e003002,hv1-u00814,task_first,hv1:main:50,app_store,revisited,2026-08-25T12:53:18.366Z,,,n-hv1-u00814,
hv1-e002125,hv1-u00569,baseline,hv1:main:50,organic_search,paid,2026-08-25T13:15:45.129Z,10.00,XTS,,
hv1-e001365,hv1-u00363,baseline,hv1:main:50,organic_search,paid,2026-08-25T13:17:18.659Z,10.00,XTS,,
hv1-e002455,hv1-u00661,baseline,hv1:main:50,app_store,trial_started,2026-08-25T14:23:54.495Z,,,,
hv1-e003333,hv1-u00905,task_first,hv1:main:50,organic_search,trial_started,2026-08-25T14:44:03.352Z,,,,
hv1-e001141,hv1-u00299,task_first,hv1:main:50,app_store,revisited,2026-08-25T15:10:52.763Z,,,n-hv1-u00299,
hv1-e001142,hv1-u00299,task_first,hv1:main:50,app_store,task_completed,2026-08-25T15:15:52.763Z,,,n-hv1-u00299,t-hv1-u00299-1
hv1-e000420,hv1-u00107,task_first,hv1:main:50,organic_search,trial_started,2026-08-25T17:44:15.727Z,,,,
hv1-e003114,hv1-u00842,baseline,hv1:main:50,organic_search,revisited,2026-08-25T18:21:08.529Z,,,n-hv1-u00842,
hv1-e003115,hv1-u00842,baseline,hv1:main:50,organic_search,task_completed,2026-08-25T18:26:08.529Z,,,n-hv1-u00842,t-hv1-u00842-1
hv1-e001344,hv1-u00358,task_first,hv1:main:50,paid_social,revisited,2026-08-25T19:05:31.495Z,,,n-hv1-u00358,
hv1-e003307,hv1-u00899,task_first,hv1:main:50,app_store,paid,2026-08-25T19:09:20.041Z,10.00,XTS,,
hv1-e002694,hv1-u00725,task_first,hv1:main:50,organic_search,trial_started,2026-08-25T19:11:25.220Z,,,,
hv1-e000647,hv1-u00173,baseline,hv1:main:50,app_store,trial_started,2026-08-25T19:12:24.312Z,,,,
hv1-e001871,hv1-u00504,task_first,hv1:main:50,organic_search,paid,2026-08-25T19:14:55.170Z,10.00,XTS,,
hv1-e000972,hv1-u00256,task_first,hv1:main:50,paid_social,paid,2026-08-25T22:17:43.255Z,10.00,XTS,,
hv1-e003493,hv1-u00950,task_first,hv1:main:50,paid_social,revisited,2026-08-25T22:42:49.689Z,,,n-hv1-u00950,
hv1-e003494,hv1-u00950,task_first,hv1:main:50,paid_social,task_completed,2026-08-25T22:47:49.689Z,,,n-hv1-u00950,t-hv1-u00950-1
hv1-e001713,hv1-u00466,task_first,hv1:main:50,app_store,paid,2026-08-25T23:49:01.750Z,10.00,XTS,,
hv1-e001425,hv1-u00377,baseline,hv1:main:50,organic_search,revisited,2026-08-26T01:56:11.318Z,,,n-hv1-u00377,
hv1-e003596,hv1-u00978,task_first,hv1:main:50,referral,revisited,2026-08-26T03:13:30.031Z,,,n-hv1-u00978,
hv1-e003597,hv1-u00978,task_first,hv1:main:50,referral,task_completed,2026-08-26T03:18:30.031Z,,,n-hv1-u00978,t-hv1-u00978-1
hv1-e002216,hv1-u00591,task_first,hv1:main:50,referral,trial_started,2026-08-26T03:25:14.043Z,,,,
hv1-e001069,hv1-u00281,baseline,hv1:main:50,referral,paid,2026-08-26T04:20:20.190Z,10.00,XTS,,
hv1-e002171,hv1-u00580,task_first,hv1:main:50,paid_social,paid,2026-08-26T04:58:20.027Z,10.00,XTS,,
hv1-e001401,hv1-u00371,baseline,hv1:main:50,paid_social,paid,2026-08-26T04:58:40.762Z,10.00,XTS,,
hv1-e002679,hv1-u00721,task_first,hv1:main:50,organic_search,paid,2026-08-26T05:14:26.909Z,10.00,XTS,,
hv1-e002099,hv1-u00563,baseline,hv1:main:50,organic_search,paid,2026-08-26T06:24:43.845Z,10.00,XTS,,
hv1-e001507,hv1-u00403,task_first,hv1:main:50,organic_search,paid,2026-08-26T06:51:51Z,10.00,XTS,,
hv1-e001698,hv1-u00461,task_first,hv1:main:50,paid_social,revisited,2026-08-26T07:28:32.298Z,,,n-hv1-u00461,
hv1-e000731,hv1-u00194,task_first,hv1:main:50,app_store,paid,2026-08-26T07:51:56.514Z,10.00,XTS,,
hv1-e001759,hv1-u00475,baseline,hv1:main:50,paid_social,cancelled,2026-08-26T08:02:32.815Z,,,,
hv1-e000362,hv1-u00094,baseline,hv1:main:50,app_store,revisited,2026-08-26T08:49:54.327Z,,,n-hv1-u00094,
hv1-e000363,hv1-u00094,baseline,hv1:main:50,app_store,task_completed,2026-08-26T08:54:54.327Z,,,n-hv1-u00094,t-hv1-u00094-1
hv1-e000364,hv1-u00094,baseline,hv1:main:50,app_store,trial_started,2026-08-26T09:19:54.327Z,,,,
hv1-e002643,hv1-u00712,task_first,hv1:main:50,paid_social,trial_started,2026-08-26T09:49:42.184Z,,,,
hv1-e001135,hv1-u00297,baseline,hv1:main:50,paid_social,revisited,2026-08-26T10:57:17.954Z,,,n-hv1-u00297,
hv1-e002508,hv1-u00674,baseline,hv1:main:50,paid_social,revisited,2026-08-26T11:02:30.316Z,,,n-hv1-u00674,
hv1-e002509,hv1-u00674,baseline,hv1:main:50,paid_social,task_completed,2026-08-26T11:07:30.316Z,,,n-hv1-u00674,t-hv1-u00674-1
hv1-e000333,hv1-u00087,task_first,hv1:main:50,paid_social,trial_started,2026-08-26T11:53:23.272Z,,,,
hv1-e002822,hv1-u00765,baseline,hv1:main:50,organic_search,revisited,2026-08-26T16:01:04.214Z,,,n-hv1-u00765,
hv1-e003440,hv1-u00932,baseline,hv1:main:50,organic_search,revisited,2026-08-26T17:01:25.478Z,,,n-hv1-u00932,
hv1-e003441,hv1-u00932,baseline,hv1:main:50,organic_search,task_completed,2026-08-26T17:06:25.478Z,,,n-hv1-u00932,t-hv1-u00932-1
hv1-e002365,hv1-u00634,baseline,hv1:main:50,paid_social,revisited,2026-08-26T17:16:14.674Z,,,n-hv1-u00634,
hv1-e002693,hv1-u00725,task_first,hv1:main:50,organic_search,revisited,2026-08-26T18:11:25.220Z,,,n-hv1-u00725,
hv1-e001537,hv1-u00410,baseline,hv1:main:50,paid_social,revisited,2026-08-26T23:08:27.398Z,,,n-hv1-u00410,
hv1-e002497,hv1-u00672,task_first,hv1:main:50,paid_social,paid,2026-08-27T00:00:24.753Z,10.00,XTS,,
hv1-e001000,hv1-u00264,baseline,hv1:main:50,app_store,revisited,2026-08-27T00:40:04.520Z,,,n-hv1-u00264,
hv1-e000702,hv1-u00188,task_first,hv1:main:50,organic_search,revisited,2026-08-27T01:13:22.147Z,,,n-hv1-u00188,
hv1-e000703,hv1-u00188,task_first,hv1:main:50,organic_search,task_completed,2026-08-27T01:18:22.147Z,,,n-hv1-u00188,t-hv1-u00188-1
hv1-e000327,hv1-u00085,baseline,hv1:main:50,organic_search,paid,2026-08-27T01:51:17.355Z,10.00,XTS,,
hv1-e000108,hv1-u00028,baseline,hv1:main:50,app_store,paid,2026-08-27T06:09:31.853Z,10.00,XTS,,
hv1-e001263,hv1-u00336,task_first,hv1:main:50,referral,revisited,2026-08-27T06:50:43.866Z,,,n-hv1-u00336,
hv1-e000409,hv1-u00105,task_first,hv1:main:50,app_store,paid,2026-08-27T07:54:23.318Z,10.00,XTS,,
hv1-e002642,hv1-u00712,task_first,hv1:main:50,paid_social,revisited,2026-08-27T08:49:42.184Z,,,n-hv1-u00712,
hv1-e002004,hv1-u00535,task_first,hv1:main:50,paid_social,paid,2026-08-27T10:47:58.599Z,10.00,XTS,,
hv1-e001592,hv1-u00430,baseline,hv1:main:50,organic_search,paid,2026-08-27T12:14:50.720Z,10.00,XTS,,
hv1-e001003,hv1-u00265,baseline,hv1:main:50,paid_social,revisited,2026-08-27T13:35:01.947Z,,,n-hv1-u00265,
hv1-e003331,hv1-u00905,task_first,hv1:main:50,organic_search,revisited,2026-08-27T14:14:03.352Z,,,n-hv1-u00905,
hv1-e003332,hv1-u00905,task_first,hv1:main:50,organic_search,task_completed,2026-08-27T14:19:03.352Z,,,n-hv1-u00905,t-hv1-u00905-1
hv1-e001740,hv1-u00471,task_first,hv1:main:50,organic_search,paid,2026-08-27T16:35:15.019Z,10.00,XTS,,
hv1-e002009,hv1-u00536,task_first,hv1:main:50,organic_search,revisited,2026-08-27T16:36:10.020Z,,,n-hv1-u00536,
hv1-e002010,hv1-u00536,task_first,hv1:main:50,organic_search,task_completed,2026-08-27T16:41:10.020Z,,,n-hv1-u00536,t-hv1-u00536-1
hv1-e002235,hv1-u00598,baseline,hv1:main:50,paid_social,revisited,2026-08-27T18:57:02.356Z,,,n-hv1-u00598,
hv1-e002236,hv1-u00598,baseline,hv1:main:50,paid_social,task_completed,2026-08-27T19:02:02.356Z,,,n-hv1-u00598,t-hv1-u00598-1
hv1-e002354,hv1-u00632,baseline,hv1:main:50,app_store,revisited,2026-08-27T19:41:22.832Z,,,n-hv1-u00632,
hv1-e003460,hv1-u00939,baseline,hv1:main:50,organic_search,cancelled,2026-08-27T20:16:37.205Z,,,,
hv1-e002200,hv1-u00588,baseline,hv1:main:50,paid_social,paid,2026-08-27T20:42:31.204Z,10.00,XTS,,
hv1-e002139,hv1-u00571,task_first,hv1:main:50,referral,paid,2026-08-27T21:35:33.911Z,10.00,XTS,,
hv1-e001018,hv1-u00268,task_first,hv1:main:50,organic_search,paid,2026-08-27T22:47:34.592Z,10.00,XTS,,
hv1-e002587,hv1-u00695,baseline,hv1:main:50,referral,revisited,2026-08-27T22:49:20.806Z,,,n-hv1-u00695,
hv1-e002588,hv1-u00695,baseline,hv1:main:50,referral,task_completed,2026-08-27T22:54:20.806Z,,,n-hv1-u00695,t-hv1-u00695-1
hv1-e002322,hv1-u00624,task_first,hv1:main:50,organic_search,revisited,2026-08-28T00:29:49.363Z,,,n-hv1-u00624,
hv1-e003433,hv1-u00931,task_first,hv1:main:50,paid_social,paid,2026-08-28T00:48:38.473Z,10.00,XTS,,
hv1-e001229,hv1-u00327,task_first,hv1:main:50,organic_search,revisited,2026-08-28T01:07:19.094Z,,,n-hv1-u00327,
hv1-e001449,hv1-u00384,task_first,hv1:main:50,organic_search,revisited,2026-08-28T01:28:10.811Z,,,n-hv1-u00384,
hv1-e001450,hv1-u00384,task_first,hv1:main:50,organic_search,task_completed,2026-08-28T01:33:10.811Z,,,n-hv1-u00384,t-hv1-u00384-1
hv1-e000905,hv1-u00238,task_first,hv1:main:50,app_store,paid,2026-08-28T03:19:48.317Z,10.00,XTS,,
hv1-e002536,hv1-u00679,baseline,hv1:main:50,organic_search,paid,2026-08-28T03:21:09.298Z,10.00,XTS,,
hv1-e003516,hv1-u00957,task_first,hv1:main:50,organic_search,paid,2026-08-28T07:50:15.226Z,10.00,XTS,,
hv1-e000414,hv1-u00106,baseline,hv1:main:50,organic_search,paid,2026-08-28T09:05:23.100Z,10.00,XTS,,
hv1-e002416,hv1-u00648,task_first,hv1:main:50,app_store,paid,2026-08-28T20:04:51.103Z,10.00,XTS,,
hv1-e000179,hv1-u00045,task_first,hv1:main:50,organic_search,paid,2026-08-29T00:59:32.251Z,10.00,XTS,,
hv1-e000519,hv1-u00136,task_first,hv1:main:50,organic_search,revisited,2026-08-29T02:22:43.302Z,,,n-hv1-u00136,
hv1-e000520,hv1-u00136,task_first,hv1:main:50,organic_search,task_completed,2026-08-29T02:27:43.302Z,,,n-hv1-u00136,t-hv1-u00136-1
hv1-e001997,hv1-u00534,task_first,hv1:main:50,organic_search,paid,2026-08-29T02:53:56.785Z,10.00,XTS,,
hv1-e002328,hv1-u00625,task_first,hv1:main:50,app_store,revisited,2026-08-29T03:03:24.497Z,,,n-hv1-u00625,
hv1-e002329,hv1-u00625,task_first,hv1:main:50,app_store,task_completed,2026-08-29T03:08:24.497Z,,,n-hv1-u00625,t-hv1-u00625-1
hv1-e003599,hv1-u00978,task_first,hv1:main:50,referral,paid,2026-08-29T03:43:30.031Z,10.00,XTS,,
hv1-e001402,hv1-u00371,baseline,hv1:main:50,paid_social,cancelled,2026-08-29T04:58:40.762Z,,,,
hv1-e002100,hv1-u00563,baseline,hv1:main:50,organic_search,cancelled,2026-08-29T06:24:43.845Z,,,,
hv1-e000594,hv1-u00158,task_first,hv1:main:50,organic_search,paid,2026-08-29T08:41:36.245Z,10.00,XTS,,
hv1-e000613,hv1-u00165,task_first,hv1:main:50,organic_search,paid,2026-08-29T09:28:02.397Z,10.00,XTS,,
hv1-e002572,hv1-u00690,baseline,hv1:main:50,app_store,paid,2026-08-29T11:11:16.645Z,10.00,XTS,,
hv1-e003555,hv1-u00967,task_first,hv1:main:50,organic_search,paid,2026-08-29T14:28:01.656Z,10.00,XTS,,
hv1-e001993,hv1-u00533,task_first,hv1:main:50,organic_search,paid,2026-08-29T15:54:17.512Z,10.00,XTS,,
hv1-e000945,hv1-u00250,task_first,hv1:main:50,paid_social,paid,2026-08-30T01:54:42.787Z,10.00,XTS,,
hv1-e001721,hv1-u00467,task_first,hv1:main:50,organic_search,paid,2026-08-30T03:58:31.716Z,10.00,XTS,,
hv1-e000744,hv1-u00196,baseline,hv1:main:50,organic_search,paid,2026-08-30T08:31:06.105Z,10.00,XTS,,
hv1-e000415,hv1-u00106,baseline,hv1:main:50,organic_search,refunded,2026-08-30T09:05:23.100Z,10.00,XTS,,
hv1-e003166,hv1-u00856,baseline,hv1:main:50,organic_search,paid,2026-08-30T16:38:16.580Z,10.00,XTS,,
hv1-e002824,hv1-u00765,baseline,hv1:main:50,organic_search,paid,2026-08-30T17:01:04.214Z,10.00,XTS,,
hv1-e003443,hv1-u00932,baseline,hv1:main:50,organic_search,paid,2026-08-30T17:31:25.478Z,10.00,XTS,,
hv1-e000292,hv1-u00075,task_first,hv1:main:50,app_store,paid,2026-08-30T19:47:52.443Z,10.00,XTS,,
hv1-e002140,hv1-u00571,task_first,hv1:main:50,referral,cancelled,2026-08-30T21:35:33.911Z,,,,
hv1-e001019,hv1-u00268,task_first,hv1:main:50,organic_search,cancelled,2026-08-30T22:47:34.592Z,,,,
hv1-e003434,hv1-u00931,task_first,hv1:main:50,paid_social,cancelled,2026-08-31T00:48:38.473Z,,,,
hv1-e001073,hv1-u00282,task_first,hv1:main:50,referral,paid,2026-08-31T01:32:19.263Z,10.00,XTS,,
hv1-e001084,hv1-u00284,baseline,hv1:main:50,organic_search,paid,2026-08-31T01:47:36.904Z,10.00,XTS,,
hv1-e003556,hv1-u00967,task_first,hv1:main:50,organic_search,refunded,2026-08-31T14:28:01.656Z,10.00,XTS,,
hv1-e001766,hv1-u00477,task_first,hv1:main:50,app_store,paid,2026-08-31T14:48:09.401Z,10.00,XTS,,
hv1-e002324,hv1-u00624,task_first,hv1:main:50,organic_search,paid,2026-09-01T01:29:49.363Z,10.00,XTS,,
hv1-e002988,hv1-u00811,baseline,hv1:main:50,paid_social,paid,2026-09-01T04:04:05.972Z,10.00,XTS,,
hv1-e002456,hv1-u00661,baseline,hv1:main:50,app_store,paid,2026-09-01T14:23:54.495Z,10.00,XTS,,
hv1-e000421,hv1-u00107,task_first,hv1:main:50,organic_search,paid,2026-09-01T17:44:15.727Z,10.00,XTS,,
hv1-e002695,hv1-u00725,task_first,hv1:main:50,organic_search,paid,2026-09-01T19:11:25.220Z,10.00,XTS,,
hv1-e000648,hv1-u00173,baseline,hv1:main:50,app_store,paid,2026-09-01T19:12:24.312Z,10.00,XTS,,
hv1-e002644,hv1-u00712,task_first,hv1:main:50,paid_social,paid,2026-09-02T09:49:42.184Z,10.00,XTS,,
hv1-e001767,hv1-u00477,task_first,hv1:main:50,app_store,cancelled,2026-09-03T14:48:09.401Z,,,,
hv1-e000649,hv1-u00173,baseline,hv1:main:50,app_store,cancelled,2026-09-04T19:12:24.312Z,,,,
hv1-e000091,hv1-u00025,baseline,hv1:main:50,paid_social,task_created,2026-08-03T10:30:49.901Z,,,n-hv1-u00025,t-hv1-u00025-1
hv1-e000767,hv1-u00201,task_first,hv1:main:50,paid_social,note_saved,2026-08-05T01:04:22.863Z,,,n-hv1-u00201,
hv1-e001359,hv1-u00362,task_first,hv1:main:50,referral,task_completed,2026-08-06T05:57:54.201Z,,,n-hv1-u00362,t-hv1-u00362-1
hv1-bad-1,hv1-u00164,task_first,hv1:main:50,organic_search,paid,2026-08-03T17:31:32.464Z,"10,00",XTS,,
hv1-bad-2,hv1-u00759,task_first,hv1:main:50,app_store,assigned,2026-13-41 25:00,,,,
hv1-bad-3,hv1-u00723,baseline,hv1:main:50,organic_search,refunded,2026-08-12T01:44:06.029Z,99.00,XTS,,
