event_id,user_id,variant,assignment_seed,acquisition_source,event_type,occurred_at,amount,currency,note_id,task_id
hv2-e001085,hv2-u00303,baseline,hv2:ramp20:20,paid_social,assigned,2026-08-03T09:42:17.791Z,,,,
hv2-e001086,hv2-u00303,baseline,hv2:ramp20:20,paid_social,note_saved,2026-08-03T09:46:17.791Z,,,n-hv2-u00303,
hv2-e001087,hv2-u00303,baseline,hv2:ramp20:20,paid_social,task_created,2026-08-03T09:48:17.791Z,,,n-hv2-u00303,t-hv2-u00303-1
hv2-e000752,hv2-u00205,baseline,hv2:ramp20:20,paid_social,assigned,2026-08-03T09:48:19.505Z,,,,
hv2-e001088,hv2-u00303,baseline,hv2:ramp20:20,paid_social,task_created,2026-08-03T09:49:17.791Z,,,n-hv2-u00303,t-hv2-u00303-2
hv2-e000677,hv2-u00183,baseline,hv2:ramp20:20,paid_social,assigned,2026-08-03T09:49:44.298Z,,,,
hv2-e000753,hv2-u00205,baseline,hv2:ramp20:20,paid_social,note_saved,2026-08-03T09:52:19.505Z,,,n-hv2-u00205,
hv2-e000678,hv2-u00183,baseline,hv2:ramp20:20,paid_social,note_saved,2026-08-03T09:53:44.298Z,,,n-hv2-u00183,
hv2-e000679,hv2-u00183,baseline,hv2:ramp20:20,paid_social,task_created,2026-08-03T09:55:44.298Z,,,n-hv2-u00183,t-hv2-u00183-1
hv2-e000190,hv2-u00055,baseline,hv2:ramp20:20,paid_social,assigned,2026-08-03T10:19:59.359Z,,,,
hv2-e000191,hv2-u00055,baseline,hv2:ramp20:20,paid_social,note_saved,2026-08-03T10:23:59.359Z,,,n-hv2-u00055,
hv2-e000192,hv2-u00055,baseline,hv2:ramp20:20,paid_social,task_created,2026-08-03T10:25:59.359Z,,,n-hv2-u00055,t-hv2-u00055-1
hv2-e000193,hv2-u00055,baseline,hv2:ramp20:20,paid_social,task_created,2026-08-03T10:26:59.359Z,,,n-hv2-u00055,t-hv2-u00055-2
hv2-e000194,hv2-u00055,baseline,hv2:ramp20:20,paid_social,task_created,2026-08-03T10:27:59.359Z,,,n-hv2-u00055,t-hv2-u00055-3
hv2-e001543,hv2-u00433,baseline,hv2:ramp20:20,paid_social,assigned,2026-08-03T10:47:08.589Z,,,,
hv2-e001544,hv2-u00433,baseline,hv2:ramp20:20,paid_social,note_saved,2026-08-03T10:51:08.589Z,,,n-hv2-u00433,
hv2-e001892,hv2-u00520,baseline,hv2:ramp20:20,paid_social,assigned,2026-08-03T11:07:08.356Z,,,,
hv2-e001893,hv2-u00520,baseline,hv2:ramp20:20,paid_social,note_saved,2026-08-03T11:11:08.356Z,,,n-hv2-u00520,
hv2-e001894,hv2-u00520,baseline,hv2:ramp20:20,paid_social,task_created,2026-08-03T11:13:08.356Z,,,n-hv2-u00520,t-hv2-u00520-1
hv2-e000544,hv2-u00148,baseline,hv2:ramp20:20,app_store,assigned,2026-08-03T11:22:00.265Z,,,,
hv2-e000545,hv2-u00148,baseline,hv2:ramp20:20,app_store,note_saved,2026-08-03T11:26:00.265Z,,,n-hv2-u00148,
hv2-e000546,hv2-u00148,baseline,hv2:ramp20:20,app_store,task_created,2026-08-03T11:28:00.265Z,,,n-hv2-u00148,t-hv2-u00148-1
hv2-e000547,hv2-u00148,baseline,hv2:ramp20:20,app_store,task_created,2026-08-03T11:29:00.265Z,,,n-hv2-u00148,t-hv2-u00148-2
hv2-e000807,hv2-u00225,baseline,hv2:ramp20:20,paid_social,assigned,2026-08-03T11:31:39.307Z,,,,
hv2-e000808,hv2-u00225,baseline,hv2:ramp20:20,paid_social,note_saved,2026-08-03T11:35:39.307Z,,,n-hv2-u00225,
hv2-e000809,hv2-u00225,baseline,hv2:ramp20:20,paid_social,task_created,2026-08-03T11:37:39.307Z,,,n-hv2-u00225,t-hv2-u00225-1
hv2-e000810,hv2-u00225,baseline,hv2:ramp20:20,paid_social,task_created,2026-08-03T11:38:39.307Z,,,n-hv2-u00225,t-hv2-u00225-2
hv2-e000811,hv2-u00225,baseline,hv2:ramp20:20,paid_social,task_created,2026-08-03T11:39:39.307Z,,,n-hv2-u00225,t-hv2-u00225-3
hv2-e000492,hv2-u00138,task_first,hv2:ramp20:20,paid_social,assigned,2026-08-03T11:52:20.055Z,,,,
hv2-e000493,hv2-u00138,task_first,hv2:ramp20:20,paid_social,note_saved,2026-08-03T11:56:20.055Z,,,n-hv2-u00138,
hv2-e000494,hv2-u00138,task_first,hv2:ramp20:20,paid_social,task_created,2026-08-03T11:58:20.055Z,,,n-hv2-u00138,t-hv2-u00138-1
hv2-e000495,hv2-u00138,task_first,hv2:ramp20:20,paid_social,task_created,2026-08-03T11:59:20.055Z,,,n-hv2-u00138,t-hv2-u00138-2
hv2-e000496,hv2-u00138,task_first,hv2:ramp20:20,paid_social,trial_started,2026-08-03T12:52:20.055Z,,,,
hv2-e000005,hv2-u00002,baseline,hv2:ramp20:20,app_store,assigned,2026-08-03T12:57:55.063Z,,,,
hv2-e000006,hv2-u00002,baseline,hv2:ramp20:20,app_store,note_saved,2026-08-03T13:01:55.063Z,,,n-hv2-u00002,
hv2-e000007,hv2-u00002,baseline,hv2:ramp20:20,app_store,task_created,2026-08-03T13:03:55.063Z,,,n-hv2-u00002,t-hv2-u00002-1
hv2-e001810,hv2-u00499,baseline,hv2:ramp20:20,paid_social,assigned,2026-08-03T13:41:25.095Z,,,,
hv2-e001811,hv2-u00499,baseline,hv2:ramp20:20,paid_social,note_saved,2026-08-03T13:45:25.095Z,,,n-hv2-u00499,
hv2-e001812,hv2-u00499,baseline,hv2:ramp20:20,paid_social,task_created,2026-08-03T13:47:25.095Z,,,n-hv2-u00499,t-hv2-u00499-1
hv2-e001813,hv2-u00499,baseline,hv2:ramp20:20,paid_social,task_created,2026-08-03T13:48:25.095Z,,,n-hv2-u00499,t-hv2-u00499-2
hv2-e000708,hv2-u00191,baseline,hv2:ramp20:20,paid_social,assigned,2026-08-03T13:54:47.752Z,,,,
hv2-e000709,hv2-u00191,baseline,hv2:ramp20:20,paid_social,note_saved,2026-08-03T13:58:47.752Z,,,n-hv2-u00191,
hv2-e000697,hv2-u00189,task_first,hv2:ramp20:20,paid_social,assigned,2026-08-03T14:15:32.101Z,,,,
hv2-e000698,hv2-u00189,task_first,hv2:ramp20:20,paid_social,note_saved,2026-08-03T14:19:32.101Z,,,n-hv2-u00189,
hv2-e000699,hv2-u00189,task_first,hv2:ramp20:20,paid_social,task_created,2026-08-03T14:21:32.101Z,,,n-hv2-u00189,t-hv2-u00189-1
hv2-e000700,hv2-u00189,task_first,hv2:ramp20:20,paid_social,task_created,2026-08-03T14:22:32.101Z,,,n-hv2-u00189,t-hv2-u00189-2
hv2-e000701,hv2-u00189,task_first,hv2:ramp20:20,paid_social,task_created,2026-08-03T14:23:32.101Z,,,n-hv2-u00189,t-hv2-u00189-3
hv2-e001523,hv2-u00427,baseline,hv2:ramp20:20,paid_social,assigned,2026-08-03T14:37:42.271Z,,,,
hv2-e001524,hv2-u00427,baseline,hv2:ramp20:20,paid_social,note_saved,2026-08-03T14:41:42.271Z,,,n-hv2-u00427,
hv2-e000526,hv2-u00144,task_first,hv2:ramp20:20,paid_social,assigned,2026-08-03T15:33:23.198Z,,,,
hv2-e000077,hv2-u00023,baseline,hv2:ramp20:20,app_store,assigned,2026-08-03T15:34:08.680Z,,,,
hv2-e000819,hv2-u00230,task_first,hv2:ramp20:20,paid_social,assigned,2026-08-03T15:35:58.678Z,,,,
hv2-e000527,hv2-u00144,task_first,hv2:ramp20:20,paid_social,note_saved,2026-08-03T15:37:23.198Z,,,n-hv2-u00144,
hv2-e000078,hv2-u00023,baseline,hv2:ramp20:20,app_store,note_saved,2026-08-03T15:38:08.680Z,,,n-hv2-u00023,
hv2-e000528,hv2-u00144,task_first,hv2:ramp20:20,paid_social,task_created,2026-08-03T15:39:23.198Z,,,n-hv2-u00144,t-hv2-u00144-1
hv2-e000820,hv2-u00230,task_first,hv2:ramp20:20,paid_social,note_saved,2026-08-03T15:39:58.678Z,,,n-hv2-u00230,
hv2-e000079,hv2-u00023,baseline,hv2:ramp20:20,app_store,task_created,2026-08-03T15:40:08.680Z,,,n-hv2-u00023,t-hv2-u00023-1
hv2-e000529,hv2-u00144,task_first,hv2:ramp20:20,paid_social,task_created,2026-08-03T15:40:23.198Z,,,n-hv2-u00144,t-hv2-u00144-2
hv2-e001301,hv2-u00364,baseline,hv2:ramp20:20,referral,assigned,2026-08-03T15:50:53.503Z,,,,
hv2-e001302,hv2-u00364,baseline,hv2:ramp20:20,referral,note_saved,2026-08-03T15:54:53.503Z,,,n-hv2-u00364,
hv2-e000913,hv2-u00258,baseline,hv2:ramp20:20,paid_social,assigned,2026-08-03T16:01:04.533Z,,,,
hv2-e000914,hv2-u00258,baseline,hv2:ramp20:20,paid_social,note_saved,2026-08-03T16:05:04.533Z,,,n-hv2-u00258,
hv2-e000915,hv2-u00258,baseline,hv2:ramp20:20,paid_social,task_created,2026-08-03T16:07:04.533Z,,,n-hv2-u00258,t-hv2-u00258-1
hv2-e000916,hv2-u00258,baseline,hv2:ramp20:20,paid_social,task_created,2026-08-03T16:08:04.533Z,,,n-hv2-u00258,t-hv2-u00258-2
hv2-e001476,hv2-u00414,task_first,hv2:ramp20:20,paid_social,assigned,2026-08-03T16:55:37.878Z,,,,
hv2-e001477,hv2-u00414,task_first,hv2:ramp20:20,paid_social,note_saved,2026-08-03T16:59:37.878Z,,,n-hv2-u00414,
hv2-e000666,hv2-u00180,baseline,hv2:ramp20:20,paid_social,assigned,2026-08-03T17:03:59.712Z,,,,
hv2-e000667,hv2-u00180,baseline,hv2:ramp20:20,paid_social,note_saved,2026-08-03T17:07:59.712Z,,,n-hv2-u00180,
hv2-e000610,hv2-u00165,baseline,hv2:ramp20:20,paid_social,assigned,2026-08-03T17:12:59.831Z,,,,
hv2-e000611,hv2-u00165,baseline,hv2:ramp20:20,paid_social,note_saved,2026-08-03T17:16:59.831Z,,,n-hv2-u00165,
hv2-e000218,hv2-u00062,baseline,hv2:ramp20:20,paid_social,assigned,2026-08-03T17:52:23.991Z,,,,
hv2-e000219,hv2-u00062,baseline,hv2:ramp20:20,paid_social,note_saved,2026-08-03T17:56:23.991Z,,,n-hv2-u00062,
hv2-e000432,hv2-u00122,baseline,hv2:ramp20:20,paid_social,assigned,2026-08-03T19:02:03.649Z,,,,
hv2-e000433,hv2-u00122,baseline,hv2:ramp20:20,paid_social,note_saved,2026-08-03T19:06:03.649Z,,,n-hv2-u00122,
hv2-e001870,hv2-u00514,task_first,hv2:ramp20:20,paid_social,assigned,2026-08-03T19:27:56.234Z,,,,
hv2-e001871,hv2-u00514,task_first,hv2:ramp20:20,paid_social,note_saved,2026-08-03T19:31:56.234Z,,,n-hv2-u00514,
hv2-e001872,hv2-u00514,task_first,hv2:ramp20:20,paid_social,task_created,2026-08-03T19:33:56.234Z,,,n-hv2-u00514,t-hv2-u00514-1
hv2-e001873,hv2-u00514,task_first,hv2:ramp20:20,paid_social,task_created,2026-08-03T19:34:56.234Z,,,n-hv2-u00514,t-hv2-u00514-2
hv2-e000015,hv2-u00005,task_first,hv2:ramp20:20,paid_social,assigned,2026-08-03T19:50:43.640Z,,,,
hv2-e000016,hv2-u00005,task_first,hv2:ramp20:20,paid_social,note_saved,2026-08-03T19:54:43.640Z,,,n-hv2-u00005,
hv2-e000017,hv2-u00005,task_first,hv2:ramp20:20,paid_social,task_created,2026-08-03T19:56:43.640Z,,,n-hv2-u00005,t-hv2-u00005-1
hv2-e000508,hv2-u00141,baseline,hv2:ramp20:20,paid_social,assigned,2026-08-03T20:08:54.680Z,,,,
hv2-e000509,hv2-u00141,baseline,hv2:ramp20:20,paid_social,note_saved,2026-08-03T20:12:54.680Z,,,n-hv2-u00141,
hv2-e000510,hv2-u00141,baseline,hv2:ramp20:20,paid_social,task_created,2026-08-03T20:14:54.680Z,,,n-hv2-u00141,t-hv2-u00141-1
hv2-e000511,hv2-u00141,baseline,hv2:ramp20:20,paid_social,task_created,2026-08-03T20:15:54.680Z,,,n-hv2-u00141,t-hv2-u00141-2
hv2-e000012,hv2-u00004,baseline,hv2:ramp20:20,paid_social,assigned,2026-08-03T20:25:03.091Z,,,,
hv2-e000013,hv2-u00004,baseline,hv2:ramp20:20,paid_social,note_saved,2026-08-03T20:29:03.091Z,,,n-hv2-u00004,
hv2-e000014,hv2-u00004,baseline,hv2:ramp20:20,paid_social,task_created,2026-08-03T20:31:03.091Z,,,n-hv2-u00004,t-hv2-u00004-1
hv2-e001805,hv2-u00498,baseline,hv2:ramp20:20,app_store,assigned,2026-08-03T20:51:36.365Z,,,,
hv2-e001806,hv2-u00498,baseline,hv2:ramp20:20,app_store,note_saved,2026-08-03T20:55:36.365Z,,,n-hv2-u00498,
hv2-e001807,hv2-u00498,baseline,hv2:ramp20:20,app_store,task_created,2026-08-03T20:57:36.365Z,,,n-hv2-u00498,t-hv2-u00498-1
hv2-e001808,hv2-u00498,baseline,hv2:ramp20:20,app_store,task_created,2026-08-03T20:58:36.365Z,,,n-hv2-u00498,t-hv2-u00498-2
hv2-e001809,hv2-u00498,baseline,hv2:ramp20:20,app_store,task_created,2026-08-03T20:59:36.365Z,,,n-hv2-u00498,t-hv2-u00498-3
hv2-e000405,hv2-u00115,task_first,hv2:ramp20:20,paid_social,assigned,2026-08-03T22:01:59.594Z,,,,
hv2-e000406,hv2-u00115,task_first,hv2:ramp20:20,paid_social,note_saved,2026-08-03T22:05:59.594Z,,,n-hv2-u00115,
hv2-e000407,hv2-u00115,task_first,hv2:ramp20:20,paid_social,task_created,2026-08-03T22:07:59.594Z,,,n-hv2-u00115,t-hv2-u00115-1
hv2-e000455,hv2-u00129,baseline,hv2:ramp20:20,paid_social,assigned,2026-08-03T22:11:51.668Z,,,,
hv2-e000456,hv2-u00129,baseline,hv2:ramp20:20,paid_social,note_saved,2026-08-03T22:15:51.668Z,,,n-hv2-u00129,
hv2-e000457,hv2-u00129,baseline,hv2:ramp20:20,paid_social,task_created,2026-08-03T22:17:51.668Z,,,n-hv2-u00129,t-hv2-u00129-1
hv2-e000458,hv2-u00129,baseline,hv2:ramp20:20,paid_social,task_created,2026-08-03T22:18:51.668Z,,,n-hv2-u00129,t-hv2-u00129-2
hv2-e000459,hv2-u00129,baseline,hv2:ramp20:20,paid_social,task_created,2026-08-03T22:19:51.668Z,,,n-hv2-u00129,t-hv2-u00129-3
hv2-e000249,hv2-u00071,baseline,hv2:ramp20:20,paid_social,assigned,2026-08-03T22:30:46.055Z,,,,
hv2-e000250,hv2-u00071,baseline,hv2:ramp20:20,paid_social,note_saved,2026-08-03T22:34:46.055Z,,,n-hv2-u00071,
hv2-e000251,hv2-u00071,baseline,hv2:ramp20:20,paid_social,task_created,2026-08-03T22:36:46.055Z,,,n-hv2-u00071,t-hv2-u00071-1
hv2-e000252,hv2-u00071,baseline,hv2:ramp20:20,paid_social,task_created,2026-08-03T22:37:46.055Z,,,n-hv2-u00071,t-hv2-u00071-2
hv2-e000117,hv2-u00035,baseline,hv2:ramp20:20,paid_social,assigned,2026-08-03T22:42:07.190Z,,,,
hv2-e000118,hv2-u00035,baseline,hv2:ramp20:20,paid_social,note_saved,2026-08-03T22:46:07.190Z,,,n-hv2-u00035,
hv2-e000729,hv2-u00199,task_first,hv2:ramp20:20,paid_social,assigned,2026-08-03T23:43:32.347Z,,,,
hv2-e000730,hv2-u00199,task_first,hv2:ramp20:20,paid_social,note_saved,2026-08-03T23:47:32.347Z,,,n-hv2-u00199,
hv2-e000731,hv2-u00199,task_first,hv2:ramp20:20,paid_social,task_created,2026-08-03T23:49:32.347Z,,,n-hv2-u00199,t-hv2-u00199-1
hv2-e000732,hv2-u00199,task_first,hv2:ramp20:20,paid_social,task_created,2026-08-03T23:50:32.347Z,,,n-hv2-u00199,t-hv2-u00199-2
hv2-e000733,hv2-u00199,task_first,hv2:ramp20:20,paid_social,task_created,2026-08-03T23:51:32.347Z,,,n-hv2-u00199,t-hv2-u00199-3
hv2-e001828,hv2-u00504,baseline,hv2:ramp20:20,paid_social,assigned,2026-08-04T00:22:32.993Z,,,,
hv2-e001829,hv2-u00504,baseline,hv2:ramp20:20,paid_social,note_saved,2026-08-04T00:26:32.993Z,,,n-hv2-u00504,
hv2-e001830,hv2-u00504,baseline,hv2:ramp20:20,paid_social,task_created,2026-08-04T00:28:32.993Z,,,n-hv2-u00504,t-hv2-u00504-1
hv2-e001831,hv2-u00504,baseline,hv2:ramp20:20,paid_social,task_created,2026-08-04T00:29:32.993Z,,,n-hv2-u00504,t-hv2-u00504-2
hv2-e001832,hv2-u00504,baseline,hv2:ramp20:20,paid_social,task_created,2026-08-04T00:30:32.993Z,,,n-hv2-u00504,t-hv2-u00504-3
hv2-e000602,hv2-u00163,baseline,hv2:ramp20:20,paid_social,assigned,2026-08-04T00:44:27.861Z,,,,
hv2-e000603,hv2-u00163,baseline,hv2:ramp20:20,paid_social,note_saved,2026-08-04T00:48:27.861Z,,,n-hv2-u00163,
hv2-e000604,hv2-u00163,baseline,hv2:ramp20:20,paid_social,task_created,2026-08-04T00:50:27.861Z,,,n-hv2-u00163,t-hv2-u00163-1
hv2-e000605,hv2-u00163,baseline,hv2:ramp20:20,paid_social,task_created,2026-08-04T00:51:27.861Z,,,n-hv2-u00163,t-hv2-u00163-2
hv2-e000818,hv2-u00229,baseline,hv2:ramp20:20,paid_social,assigned,2026-08-04T01:06:43.367Z,,,,
hv2-e000262,hv2-u00074,baseline,hv2:ramp20:20,app_store,assigned,2026-08-04T02:48:04.483Z,,,,
hv2-e000263,hv2-u00074,baseline,hv2:ramp20:20,app_store,note_saved,2026-08-04T02:52:04.483Z,,,n-hv2-u00074,
hv2-e000264,hv2-u00074,baseline,hv2:ramp20:20,app_store,task_created,2026-08-04T02:54:04.483Z,,,n-hv2-u00074,t-hv2-u00074-1
hv2-e000265,hv2-u00074,baseline,hv2:ramp20:20,app_store,task_created,2026-08-04T02:55:04.483Z,,,n-hv2-u00074,t-hv2-u00074-2
hv2-e001647,hv2-u00457,task_first,hv2:ramp20:20,app_store,assigned,2026-08-04T03:17:50.277Z,,,,
hv2-e001648,hv2-u00457,task_first,hv2:ramp20:20,app_store,note_saved,2026-08-04T03:21:50.277Z,,,n-hv2-u00457,
hv2-e001649,hv2-u00457,task_first,hv2:ramp20:20,app_store,task_created,2026-08-04T03:23:50.277Z,,,n-hv2-u00457,t-hv2-u00457-1
hv2-e001650,hv2-u00457,task_first,hv2:ramp20:20,app_store,task_created,2026-08-04T03:24:50.277Z,,,n-hv2-u00457,t-hv2-u00457-2
hv2-e001770,hv2-u00489,baseline,hv2:ramp20:20,paid_social,assigned,2026-08-04T03:27:25.696Z,,,,
hv2-e001771,hv2-u00489,baseline,hv2:ramp20:20,paid_social,note_saved,2026-08-04T03:31:25.696Z,,,n-hv2-u00489,
hv2-e000088,hv2-u00025,baseline,hv2:ramp20:20,paid_social,assigned,2026-08-04T04:02:11.822Z,,,,
hv2-e000089,hv2-u00025,baseline,hv2:ramp20:20,paid_social,note_saved,2026-08-04T04:06:11.822Z,,,n-hv2-u00025,
hv2-e001493,hv2-u00419,baseline,hv2:ramp20:20,paid_social,assigned,2026-08-04T04:10:35.657Z,,,,
hv2-e001212,hv2-u00340,baseline,hv2:ramp20:20,app_store,assigned,2026-08-04T04:10:43.820Z,,,,
hv2-e001494,hv2-u00419,baseline,hv2:ramp20:20,paid_social,note_saved,2026-08-04T04:14:35.657Z,,,n-hv2-u00419,
hv2-e001213,hv2-u00340,baseline,hv2:ramp20:20,app_store,note_saved,2026-08-04T04:14:43.820Z,,,n-hv2-u00340,
hv2-e001495,hv2-u00419,baseline,hv2:ramp20:20,paid_social,task_created,2026-08-04T04:16:35.657Z,,,n-hv2-u00419,t-hv2-u00419-1
hv2-e001214,hv2-u00340,baseline,hv2:ramp20:20,app_store,task_created,2026-08-04T04:16:43.820Z,,,n-hv2-u00340,t-hv2-u00340-1
hv2-e001496,hv2-u00419,baseline,hv2:ramp20:20,paid_social,task_created,2026-08-04T04:17:35.657Z,,,n-hv2-u00419,t-hv2-u00419-2
hv2-e001215,hv2-u00340,baseline,hv2:ramp20:20,app_store,task_created,2026-08-04T04:17:43.820Z,,,n-hv2-u00340,t-hv2-u00340-2
hv2-e001216,hv2-u00340,baseline,hv2:ramp20:20,app_store,task_created,2026-08-04T04:18:43.820Z,,,n-hv2-u00340,t-hv2-u00340-3
hv2-e001502,hv2-u00421,baseline,hv2:ramp20:20,paid_social,assigned,2026-08-04T04:20:56.599Z,,,,
hv2-e001503,hv2-u00421,baseline,hv2:ramp20:20,paid_social,note_saved,2026-08-04T04:24:56.599Z,,,n-hv2-u00421,
hv2-e001529,hv2-u00429,task_first,hv2:ramp20:20,paid_social,assigned,2026-08-04T04:45:01.492Z,,,,
hv2-e001530,hv2-u00429,task_first,hv2:ramp20:20,paid_social,note_saved,2026-08-04T04:49:01.492Z,,,n-hv2-u00429,
hv2-e001531,hv2-u00429,task_first,hv2:ramp20:20,paid_social,task_created,2026-08-04T04:51:01.492Z,,,n-hv2-u00429,t-hv2-u00429-1
hv2-e001532,hv2-u00429,task_first,hv2:ramp20:20,paid_social,task_created,2026-08-04T04:52:01.492Z,,,n-hv2-u00429,t-hv2-u00429-2
hv2-e000125,hv2-u00037,baseline,hv2:ramp20:20,organic_search,assigned,2026-08-04T05:13:57.519Z,,,,
hv2-e000126,hv2-u00037,baseline,hv2:ramp20:20,organic_search,note_saved,2026-08-04T05:17:57.519Z,,,n-hv2-u00037,
hv2-e001250,hv2-u00352,task_first,hv2:ramp20:20,paid_social,assigned,2026-08-04T05:24:21.711Z,,,,
hv2-e001251,hv2-u00352,task_first,hv2:ramp20:20,paid_social,note_saved,2026-08-04T05:28:21.711Z,,,n-hv2-u00352,
hv2-e001252,hv2-u00352,task_first,hv2:ramp20:20,paid_social,task_created,2026-08-04T05:30:21.711Z,,,n-hv2-u00352,t-hv2-u00352-1
hv2-e001253,hv2-u00352,task_first,hv2:ramp20:20,paid_social,task_created,2026-08-04T05:31:21.711Z,,,n-hv2-u00352,t-hv2-u00352-2
hv2-e001254,hv2-u00352,task_first,hv2:ramp20:20,paid_social,task_created,2026-08-04T05:32:21.711Z,,,n-hv2-u00352,t-hv2-u00352-3
hv2-e001005,hv2-u00283,baseline,hv2:ramp20:20,paid_social,assigned,2026-08-04T05:54:10.333Z,,,,
hv2-e001006,hv2-u00283,baseline,hv2:ramp20:20,paid_social,note_saved,2026-08-04T05:58:10.333Z,,,n-hv2-u00283,
hv2-e001007,hv2-u00283,baseline,hv2:ramp20:20,paid_social,task_created,2026-08-04T06:00:10.333Z,,,n-hv2-u00283,t-hv2-u00283-1
hv2-e001008,hv2-u00283,baseline,hv2:ramp20:20,paid_social,task_created,2026-08-04T06:01:10.333Z,,,n-hv2-u00283,t-hv2-u00283-2
hv2-e001698,hv2-u00469,baseline,hv2:ramp20:20,paid_social,assigned,2026-08-04T06:49:29.950Z,,,,
hv2-e001699,hv2-u00469,baseline,hv2:ramp20:20,paid_social,note_saved,2026-08-04T06:53:29.950Z,,,n-hv2-u00469,
hv2-e001700,hv2-u00469,baseline,hv2:ramp20:20,paid_social,task_created,2026-08-04T06:55:29.950Z,,,n-hv2-u00469,t-hv2-u00469-1
hv2-e001701,hv2-u00469,baseline,hv2:ramp20:20,paid_social,task_created,2026-08-04T06:56:29.950Z,,,n-hv2-u00469,t-hv2-u00469-2
hv2-e001702,hv2-u00469,baseline,hv2:ramp20:20,paid_social,task_created,2026-08-04T06:57:29.950Z,,,n-hv2-u00469,t-hv2-u00469-3
hv2-e000151,hv2-u00044,task_first,hv2:ramp20:20,paid_social,assigned,2026-08-04T07:38:24.223Z,,,,
hv2-e000152,hv2-u00044,task_first,hv2:ramp20:20,paid_social,note_saved,2026-08-04T07:42:24.223Z,,,n-hv2-u00044,
hv2-e001391,hv2-u00389,task_first,hv2:ramp20:20,paid_social,assigned,2026-08-04T07:53:21.495Z,,,,
hv2-e001392,hv2-u00389,task_first,hv2:ramp20:20,paid_social,note_saved,2026-08-04T07:57:21.495Z,,,n-hv2-u00389,
hv2-e001393,hv2-u00389,task_first,hv2:ramp20:20,paid_social,task_created,2026-08-04T07:59:21.495Z,,,n-hv2-u00389,t-hv2-u00389-1
hv2-e000836,hv2-u00237,baseline,hv2:ramp20:20,paid_social,assigned,2026-08-04T08:40:26.728Z,,,,
hv2-e001377,hv2-u00386,baseline,hv2:ramp20:20,app_store,assigned,2026-08-04T08:41:22.254Z,,,,
hv2-e000837,hv2-u00237,baseline,hv2:ramp20:20,paid_social,note_saved,2026-08-04T08:44:26.728Z,,,n-hv2-u00237,
hv2-e001378,hv2-u00386,baseline,hv2:ramp20:20,app_store,note_saved,2026-08-04T08:45:22.254Z,,,n-hv2-u00386,
hv2-e000838,hv2-u00237,baseline,hv2:ramp20:20,paid_social,task_created,2026-08-04T08:46:26.728Z,,,n-hv2-u00237,t-hv2-u00237-1
hv2-e000703,hv2-u00190,baseline,hv2:ramp20:20,paid_social,assigned,2026-08-04T08:46:53.997Z,,,,
hv2-e001379,hv2-u00386,baseline,hv2:ramp20:20,app_store,task_created,2026-08-04T08:47:22.254Z,,,n-hv2-u00386,t-hv2-u00386-1
hv2-e000839,hv2-u00237,baseline,hv2:ramp20:20,paid_social,task_created,2026-08-04T08:47:26.728Z,,,n-hv2-u00237,t-hv2-u00237-2
hv2-e001380,hv2-u00386,baseline,hv2:ramp20:20,app_store,task_created,2026-08-04T08:48:22.254Z,,,n-hv2-u00386,t-hv2-u00386-2
hv2-e000840,hv2-u00237,baseline,hv2:ramp20:20,paid_social,task_created,2026-08-04T08:48:26.728Z,,,n-hv2-u00237,t-hv2-u00237-3
hv2-e001381,hv2-u00386,baseline,hv2:ramp20:20,app_store,task_created,2026-08-04T08:49:22.254Z,,,n-hv2-u00386,t-hv2-u00386-3
hv2-e000704,hv2-u00190,baseline,hv2:ramp20:20,paid_social,note_saved,2026-08-04T08:50:53.997Z,,,n-hv2-u00190,
hv2-e000705,hv2-u00190,baseline,hv2:ramp20:20,paid_social,task_created,2026-08-04T08:52:53.997Z,,,n-hv2-u00190,t-hv2-u00190-1
hv2-e000706,hv2-u00190,baseline,hv2:ramp20:20,paid_social,task_created,2026-08-04T08:53:53.997Z,,,n-hv2-u00190,t-hv2-u00190-2
hv2-e001795,hv2-u00495,baseline,hv2:ramp20:20,organic_search,assigned,2026-08-04T09:16:16.297Z,,,,
hv2-e001796,hv2-u00495,baseline,hv2:ramp20:20,organic_search,note_saved,2026-08-04T09:20:16.297Z,,,n-hv2-u00495,
hv2-e001797,hv2-u00495,baseline,hv2:ramp20:20,organic_search,task_created,2026-08-04T09:22:16.297Z,,,n-hv2-u00495,t-hv2-u00495-1
hv2-e000694,hv2-u00188,baseline,hv2:ramp20:20,paid_social,assigned,2026-08-04T09:58:42.455Z,,,,
hv2-e000695,hv2-u00188,baseline,hv2:ramp20:20,paid_social,note_saved,2026-08-04T10:02:42.455Z,,,n-hv2-u00188,
hv2-e000696,hv2-u00188,baseline,hv2:ramp20:20,paid_social,task_created,2026-08-04T10:04:42.455Z,,,n-hv2-u00188,t-hv2-u00188-1
hv2-e000621,hv2-u00169,task_first,hv2:ramp20:20,paid_social,assigned,2026-08-04T10:05:48.032Z,,,,
hv2-e000622,hv2-u00169,task_first,hv2:ramp20:20,paid_social,note_saved,2026-08-04T10:09:48.032Z,,,n-hv2-u00169,
hv2-e000623,hv2-u00169,task_first,hv2:ramp20:20,paid_social,task_created,2026-08-04T10:11:48.032Z,,,n-hv2-u00169,t-hv2-u00169-1
hv2-e000624,hv2-u00169,task_first,hv2:ramp20:20,paid_social,task_created,2026-08-04T10:12:48.032Z,,,n-hv2-u00169,t-hv2-u00169-2
hv2-e000625,hv2-u00169,task_first,hv2:ramp20:20,paid_social,task_created,2026-08-04T10:13:48.032Z,,,n-hv2-u00169,t-hv2-u00169-3
hv2-e000167,hv2-u00050,baseline,hv2:ramp20:20,organic_search,assigned,2026-08-04T11:28:37.818Z,,,,
hv2-e000168,hv2-u00050,baseline,hv2:ramp20:20,organic_search,note_saved,2026-08-04T11:32:37.818Z,,,n-hv2-u00050,
hv2-e000169,hv2-u00050,baseline,hv2:ramp20:20,organic_search,task_created,2026-08-04T11:34:37.818Z,,,n-hv2-u00050,t-hv2-u00050-1
hv2-e000170,hv2-u00050,baseline,hv2:ramp20:20,organic_search,task_created,2026-08-04T11:35:37.818Z,,,n-hv2-u00050,t-hv2-u00050-2
hv2-e000171,hv2-u00050,baseline,hv2:ramp20:20,organic_search,task_created,2026-08-04T11:36:37.818Z,,,n-hv2-u00050,t-hv2-u00050-3
hv2-e001567,hv2-u00440,baseline,hv2:ramp20:20,paid_social,assigned,2026-08-04T11:36:49.674Z,,,,
hv2-e001568,hv2-u00440,baseline,hv2:ramp20:20,paid_social,note_saved,2026-08-04T11:40:49.674Z,,,n-hv2-u00440,
hv2-e001464,hv2-u00412,baseline,hv2:ramp20:20,referral,assigned,2026-08-04T11:42:37.894Z,,,,
hv2-e001569,hv2-u00440,baseline,hv2:ramp20:20,paid_social,task_created,2026-08-04T11:42:49.674Z,,,n-hv2-u00440,t-hv2-u00440-1
hv2-e001570,hv2-u00440,baseline,hv2:ramp20:20,paid_social,task_created,2026-08-04T11:43:49.674Z,,,n-hv2-u00440,t-hv2-u00440-2
hv2-e001571,hv2-u00440,baseline,hv2:ramp20:20,paid_social,task_created,2026-08-04T11:44:49.674Z,,,n-hv2-u00440,t-hv2-u00440-3
hv2-e001465,hv2-u00412,baseline,hv2:ramp20:20,referral,note_saved,2026-08-04T11:46:37.894Z,,,n-hv2-u00412,
hv2-e001466,hv2-u00412,baseline,hv2:ramp20:20,referral,task_created,2026-08-04T11:48:37.894Z,,,n-hv2-u00412,t-hv2-u00412-1
hv2-e001467,hv2-u00412,baseline,hv2:ramp20:20,referral,task_created,2026-08-04T11:49:37.894Z,,,n-hv2-u00412,t-hv2-u00412-2
hv2-e001468,hv2-u00412,baseline,hv2:ramp20:20,referral,task_created,2026-08-04T11:50:37.894Z,,,n-hv2-u00412,t-hv2-u00412-3
hv2-e000187,hv2-u00054,baseline,hv2:ramp20:20,app_store,assigned,2026-08-04T12:07:43.695Z,,,,
hv2-e000188,hv2-u00054,baseline,hv2:ramp20:20,app_store,note_saved,2026-08-04T12:11:43.695Z,,,n-hv2-u00054,
hv2-e000189,hv2-u00054,baseline,hv2:ramp20:20,app_store,task_created,2026-08-04T12:13:43.695Z,,,n-hv2-u00054,t-hv2-u00054-1
hv2-e000376,hv2-u00106,baseline,hv2:ramp20:20,organic_search,assigned,2026-08-04T12:33:51.809Z,,,,
hv2-e000377,hv2-u00106,baseline,hv2:ramp20:20,organic_search,note_saved,2026-08-04T12:37:51.809Z,,,n-hv2-u00106,
hv2-e001498,hv2-u00420,baseline,hv2:ramp20:20,paid_social,assigned,2026-08-04T12:57:27.116Z,,,,
hv2-e001499,hv2-u00420,baseline,hv2:ramp20:20,paid_social,note_saved,2026-08-04T13:01:27.116Z,,,n-hv2-u00420,
hv2-e001500,hv2-u00420,baseline,hv2:ramp20:20,paid_social,task_created,2026-08-04T13:03:27.116Z,,,n-hv2-u00420,t-hv2-u00420-1
hv2-e001501,hv2-u00420,baseline,hv2:ramp20:20,paid_social,task_created,2026-08-04T13:04:27.116Z,,,n-hv2-u00420,t-hv2-u00420-2
hv2-e000028,hv2-u00009,baseline,hv2:ramp20:20,organic_search,assigned,2026-08-04T14:11:53.404Z,,,,
hv2-e000029,hv2-u00009,baseline,hv2:ramp20:20,organic_search,note_saved,2026-08-04T14:15:53.404Z,,,n-hv2-u00009,
hv2-e001814,hv2-u00500,baseline,hv2:ramp20:20,paid_social,assigned,2026-08-04T14:33:56.147Z,,,,
hv2-e001083,hv2-u00302,baseline,hv2:ramp20:20,app_store,assigned,2026-08-04T14:35:11.791Z,,,,
hv2-e001815,hv2-u00500,baseline,hv2:ramp20:20,paid_social,note_saved,2026-08-04T14:37:56.147Z,,,n-hv2-u00500,
hv2-e001816,hv2-u00500,baseline,hv2:ramp20:20,paid_social,task_created,2026-08-04T14:39:56.147Z,,,n-hv2-u00500,t-hv2-u00500-1
hv2-e001817,hv2-u00500,baseline,hv2:ramp20:20,paid_social,task_created,2026-08-04T14:40:56.147Z,,,n-hv2-u00500,t-hv2-u00500-2
hv2-e001818,hv2-u00500,baseline,hv2:ramp20:20,paid_social,task_created,2026-08-04T14:41:56.147Z,,,n-hv2-u00500,t-hv2-u00500-3
hv2-e000968,hv2-u00273,baseline,hv2:ramp20:20,paid_social,assigned,2026-08-04T15:12:44.233Z,,,,
hv2-e000881,hv2-u00248,task_first,hv2:ramp20:20,paid_social,assigned,2026-08-04T15:16:34.109Z,,,,
hv2-e000969,hv2-u00273,baseline,hv2:ramp20:20,paid_social,note_saved,2026-08-04T15:16:44.233Z,,,n-hv2-u00273,
hv2-e000882,hv2-u00248,task_first,hv2:ramp20:20,paid_social,note_saved,2026-08-04T15:20:34.109Z,,,n-hv2-u00248,
hv2-e000296,hv2-u00083,baseline,hv2:ramp20:20,paid_social,assigned,2026-08-04T15:47:20.356Z,,,,
hv2-e001303,hv2-u00364,baseline,hv2:ramp20:20,referral,revisited,2026-08-04T15:50:53.503Z,,,n-hv2-u00364,
hv2-e000297,hv2-u00083,baseline,hv2:ramp20:20,paid_social,note_saved,2026-08-04T15:51:20.356Z,,,n-hv2-u00083,
hv2-e000298,hv2-u00083,baseline,hv2:ramp20:20,paid_social,task_created,2026-08-04T15:53:20.356Z,,,n-hv2-u00083,t-hv2-u00083-1
hv2-e000642,hv2-u00174,baseline,hv2:ramp20:20,organic_search,assigned,2026-08-04T15:55:29.820Z,,,,
hv2-e000643,hv2-u00174,baseline,hv2:ramp20:20,organic_search,note_saved,2026-08-04T15:59:29.820Z,,,n-hv2-u00174,
hv2-e000644,hv2-u00174,baseline,hv2:ramp20:20,organic_search,task_created,2026-08-04T16:01:29.820Z,,,n-hv2-u00174,t-hv2-u00174-1
hv2-e000645,hv2-u00174,baseline,hv2:ramp20:20,organic_search,task_created,2026-08-04T16:02:29.820Z,,,n-hv2-u00174,t-hv2-u00174-2
hv2-e001188,hv2-u00335,baseline,hv2:ramp20:20,app_store,assigned,2026-08-04T18:08:57.247Z,,,,
hv2-e001189,hv2-u00335,baseline,hv2:ramp20:20,app_store,note_saved,2026-08-04T18:12:57.247Z,,,n-hv2-u00335,
hv2-e001190,hv2-u00335,baseline,hv2:ramp20:20,app_store,task_created,2026-08-04T18:14:57.247Z,,,n-hv2-u00335,t-hv2-u00335-1
hv2-e001191,hv2-u00335,baseline,hv2:ramp20:20,app_store,task_created,2026-08-04T18:15:57.247Z,,,n-hv2-u00335,t-hv2-u00335-2
hv2-e000569,hv2-u00154,task_first,hv2:ramp20:20,paid_social,assigned,2026-08-04T18:16:17.736Z,,,,
hv2-e001192,hv2-u00335,baseline,hv2:ramp20:20,app_store,task_created,2026-08-04T18:16:57.247Z,,,n-hv2-u00335,t-hv2-u00335-3
hv2-e000570,hv2-u00154,task_first,hv2:ramp20:20,paid_social,note_saved,2026-08-04T18:20:17.736Z,,,n-hv2-u00154,
hv2-e000571,hv2-u00154,task_first,hv2:ramp20:20,paid_social,task_created,2026-08-04T18:22:17.736Z,,,n-hv2-u00154,t-hv2-u00154-1
hv2-e000572,hv2-u00154,task_first,hv2:ramp20:20,paid_social,task_created,2026-08-04T18:23:17.736Z,,,n-hv2-u00154,t-hv2-u00154-2
hv2-e000573,hv2-u00154,task_first,hv2:ramp20:20,paid_social,task_created,2026-08-04T18:24:17.736Z,,,n-hv2-u00154,t-hv2-u00154-3
hv2-e000429,hv2-u00121,baseline,hv2:ramp20:20,paid_social,assigned,2026-08-04T18:47:49.753Z,,,,
hv2-e001450,hv2-u00407,baseline,hv2:ramp20:20,paid_social,assigned,2026-08-04T18:51:34.203Z,,,,
hv2-e000430,hv2-u00121,baseline,hv2:ramp20:20,paid_social,note_saved,2026-08-04T18:51:49.753Z,,,n-hv2-u00121,
hv2-e001451,hv2-u00407,baseline,hv2:ramp20:20,paid_social,note_saved,2026-08-04T18:55:34.203Z,,,n-hv2-u00407,
hv2-e001452,hv2-u00407,baseline,hv2:ramp20:20,paid_social,task_created,2026-08-04T18:57:34.203Z,,,n-hv2-u00407,t-hv2-u00407-1
hv2-e001148,hv2-u00322,baseline,hv2:ramp20:20,paid_social,assigned,2026-08-04T18:57:59.810Z,,,,
hv2-e001453,hv2-u00407,baseline,hv2:ramp20:20,paid_social,task_created,2026-08-04T18:58:34.203Z,,,n-hv2-u00407,t-hv2-u00407-2
hv2-e001149,hv2-u00322,baseline,hv2:ramp20:20,paid_social,note_saved,2026-08-04T19:01:59.810Z,,,n-hv2-u00322,
hv2-e001150,hv2-u00322,baseline,hv2:ramp20:20,paid_social,task_created,2026-08-04T19:03:59.810Z,,,n-hv2-u00322,t-hv2-u00322-1
hv2-e001151,hv2-u00322,baseline,hv2:ramp20:20,paid_social,task_created,2026-08-04T19:04:59.810Z,,,n-hv2-u00322,t-hv2-u00322-2
hv2-e000037,hv2-u00012,baseline,hv2:ramp20:20,paid_social,assigned,2026-08-04T19:40:27.240Z,,,,
hv2-e000588,hv2-u00159,baseline,hv2:ramp20:20,paid_social,assigned,2026-08-04T20:12:09.663Z,,,,
hv2-e000589,hv2-u00159,baseline,hv2:ramp20:20,paid_social,note_saved,2026-08-04T20:16:09.663Z,,,n-hv2-u00159,
hv2-e001291,hv2-u00361,baseline,hv2:ramp20:20,paid_social,assigned,2026-08-04T20:30:45.559Z,,,,
hv2-e001292,hv2-u00361,baseline,hv2:ramp20:20,paid_social,note_saved,2026-08-04T20:34:45.559Z,,,n-hv2-u00361,
hv2-e001293,hv2-u00361,baseline,hv2:ramp20:20,paid_social,task_created,2026-08-04T20:36:45.559Z,,,n-hv2-u00361,t-hv2-u00361-1
hv2-e001294,hv2-u00361,baseline,hv2:ramp20:20,paid_social,task_created,2026-08-04T20:37:45.559Z,,,n-hv2-u00361,t-hv2-u00361-2
hv2-e001295,hv2-u00361,baseline,hv2:ramp20:20,paid_social,task_created,2026-08-04T20:38:45.559Z,,,n-hv2-u00361,t-hv2-u00361-3
hv2-e000759,hv2-u00208,baseline,hv2:ramp20:20,paid_social,assigned,2026-08-04T21:11:18.516Z,,,,
hv2-e000760,hv2-u00208,baseline,hv2:ramp20:20,paid_social,note_saved,2026-08-04T21:15:18.516Z,,,n-hv2-u00208,
hv2-e000761,hv2-u00208,baseline,hv2:ramp20:20,paid_social,task_created,2026-08-04T21:17:18.516Z,,,n-hv2-u00208,t-hv2-u00208-1
hv2-e000352,hv2-u00100,baseline,hv2:ramp20:20,paid_social,assigned,2026-08-04T21:53:46.314Z,,,,
hv2-e000353,hv2-u00100,baseline,hv2:ramp20:20,paid_social,note_saved,2026-08-04T21:57:46.314Z,,,n-hv2-u00100,
hv2-e000354,hv2-u00100,baseline,hv2:ramp20:20,paid_social,task_created,2026-08-04T21:59:46.314Z,,,n-hv2-u00100,t-hv2-u00100-1
hv2-e000355,hv2-u00100,baseline,hv2:ramp20:20,paid_social,task_created,2026-08-04T22:00:46.314Z,,,n-hv2-u00100,t-hv2-u00100-2
hv2-e000356,hv2-u00100,baseline,hv2:ramp20:20,paid_social,task_created,2026-08-04T22:01:46.314Z,,,n-hv2-u00100,t-hv2-u00100-3
hv2-e000196,hv2-u00056,baseline,hv2:ramp20:20,paid_social,assigned,2026-08-04T22:03:35.332Z,,,,
hv2-e000197,hv2-u00056,baseline,hv2:ramp20:20,paid_social,note_saved,2026-08-04T22:07:35.332Z,,,n-hv2-u00056,
hv2-e001481,hv2-u00416,baseline,hv2:ramp20:20,paid_social,assigned,2026-08-04T22:08:03.420Z,,,,
hv2-e000198,hv2-u00056,baseline,hv2:ramp20:20,paid_social,task_created,2026-08-04T22:09:35.332Z,,,n-hv2-u00056,t-hv2-u00056-1
hv2-e000199,hv2-u00056,baseline,hv2:ramp20:20,paid_social,task_created,2026-08-04T22:10:35.332Z,,,n-hv2-u00056,t-hv2-u00056-2
hv2-e000200,hv2-u00056,baseline,hv2:ramp20:20,paid_social,task_created,2026-08-04T22:11:35.332Z,,,n-hv2-u00056,t-hv2-u00056-3
hv2-e001482,hv2-u00416,baseline,hv2:ramp20:20,paid_social,note_saved,2026-08-04T22:12:03.420Z,,,n-hv2-u00416,
hv2-e001483,hv2-u00416,baseline,hv2:ramp20:20,paid_social,task_created,2026-08-04T22:14:03.420Z,,,n-hv2-u00416,t-hv2-u00416-1
hv2-e001484,hv2-u00416,baseline,hv2:ramp20:20,paid_social,task_created,2026-08-04T22:15:03.420Z,,,n-hv2-u00416,t-hv2-u00416-2
hv2-e001485,hv2-u00416,baseline,hv2:ramp20:20,paid_social,task_created,2026-08-04T22:16:03.420Z,,,n-hv2-u00416,t-hv2-u00416-3
hv2-e000112,hv2-u00034,baseline,hv2:ramp20:20,paid_social,assigned,2026-08-04T23:01:30.092Z,,,,
hv2-e000113,hv2-u00034,baseline,hv2:ramp20:20,paid_social,note_saved,2026-08-04T23:05:30.092Z,,,n-hv2-u00034,
hv2-e000114,hv2-u00034,baseline,hv2:ramp20:20,paid_social,task_created,2026-08-04T23:07:30.092Z,,,n-hv2-u00034,t-hv2-u00034-1
hv2-e000403,hv2-u00114,baseline,hv2:ramp20:20,paid_social,assigned,2026-08-04T23:08:23.660Z,,,,
hv2-e000115,hv2-u00034,baseline,hv2:ramp20:20,paid_social,task_created,2026-08-04T23:08:30.092Z,,,n-hv2-u00034,t-hv2-u00034-2
hv2-e000116,hv2-u00034,baseline,hv2:ramp20:20,paid_social,task_created,2026-08-04T23:09:30.092Z,,,n-hv2-u00034,t-hv2-u00034-3
hv2-e000404,hv2-u00114,baseline,hv2:ramp20:20,paid_social,note_saved,2026-08-04T23:12:23.660Z,,,n-hv2-u00114,
hv2-e000513,hv2-u00142,baseline,hv2:ramp20:20,organic_search,assigned,2026-08-04T23:35:57.112Z,,,,
hv2-e000514,hv2-u00142,baseline,hv2:ramp20:20,organic_search,note_saved,2026-08-04T23:39:57.112Z,,,n-hv2-u00142,
hv2-e000515,hv2-u00142,baseline,hv2:ramp20:20,organic_search,task_created,2026-08-04T23:41:57.112Z,,,n-hv2-u00142,t-hv2-u00142-1
hv2-e000516,hv2-u00142,baseline,hv2:ramp20:20,organic_search,task_created,2026-08-04T23:42:57.112Z,,,n-hv2-u00142,t-hv2-u00142-2
hv2-e001854,hv2-u00510,baseline,hv2:ramp20:20,paid_social,assigned,2026-08-05T00:34:37.612Z,,,,
hv2-e001855,hv2-u00510,baseline,hv2:ramp20:20,paid_social,note_saved,2026-08-05T00:38:37.612Z,,,n-hv2-u00510,
hv2-e001856,hv2-u00510,baseline,hv2:ramp20:20,paid_social,task_created,2026-08-05T00:40:37.612Z,,,n-hv2-u00510,t-hv2-u00510-1
hv2-e001857,hv2-u00510,baseline,hv2:ramp20:20,paid_social,task_created,2026-08-05T00:41:37.612Z,,,n-hv2-u00510,t-hv2-u00510-2
hv2-e001858,hv2-u00510,baseline,hv2:ramp20:20,paid_social,task_created,2026-08-05T00:42:37.612Z,,,n-hv2-u00510,t-hv2-u00510-3
hv2-e001565,hv2-u00439,baseline,hv2:ramp20:20,app_store,assigned,2026-08-05T00:53:24.993Z,,,,
hv2-e001566,hv2-u00439,baseline,hv2:ramp20:20,app_store,note_saved,2026-08-05T00:57:24.993Z,,,n-hv2-u00439,
hv2-e001766,hv2-u00488,task_first,hv2:ramp20:20,organic_search,assigned,2026-08-05T01:28:47.915Z,,,,
hv2-e001767,hv2-u00488,task_first,hv2:ramp20:20,organic_search,note_saved,2026-08-05T01:32:47.915Z,,,n-hv2-u00488,
hv2-e001768,hv2-u00488,task_first,hv2:ramp20:20,organic_search,task_created,2026-08-05T01:34:47.915Z,,,n-hv2-u00488,t-hv2-u00488-1
hv2-e001769,hv2-u00488,task_first,hv2:ramp20:20,organic_search,task_created,2026-08-05T01:35:47.915Z,,,n-hv2-u00488,t-hv2-u00488-2
hv2-e001041,hv2-u00291,baseline,hv2:ramp20:20,paid_social,assigned,2026-08-05T02:31:34.970Z,,,,
hv2-e001042,hv2-u00291,baseline,hv2:ramp20:20,paid_social,note_saved,2026-08-05T02:35:34.970Z,,,n-hv2-u00291,
hv2-e001583,hv2-u00443,task_first,hv2:ramp20:20,paid_social,assigned,2026-08-05T03:08:25.651Z,,,,
hv2-e001706,hv2-u00471,baseline,hv2:ramp20:20,app_store,assigned,2026-08-05T03:29:31.144Z,,,,
hv2-e000090,hv2-u00025,baseline,hv2:ramp20:20,paid_social,revisited,2026-08-05T04:02:11.822Z,,,n-hv2-u00025,
hv2-e001057,hv2-u00296,baseline,hv2:ramp20:20,paid_social,assigned,2026-08-05T06:17:13.157Z,,,,
hv2-e001596,hv2-u00446,baseline,hv2:ramp20:20,referral,assigned,2026-08-05T06:17:32.815Z,,,,
hv2-e001058,hv2-u00296,baseline,hv2:ramp20:20,paid_social,note_saved,2026-08-05T06:21:13.157Z,,,n-hv2-u00296,
hv2-e001597,hv2-u00446,baseline,hv2:ramp20:20,referral,note_saved,2026-08-05T06:21:32.815Z,,,n-hv2-u00446,
hv2-e001059,hv2-u00296,baseline,hv2:ramp20:20,paid_social,task_created,2026-08-05T06:23:13.157Z,,,n-hv2-u00296,t-hv2-u00296-1
hv2-e001402,hv2-u00393,baseline,hv2:ramp20:20,referral,assigned,2026-08-05T06:56:25.813Z,,,,
hv2-e001760,hv2-u00486,baseline,hv2:ramp20:20,paid_social,assigned,2026-08-05T07:00:09.289Z,,,,
hv2-e001403,hv2-u00393,baseline,hv2:ramp20:20,referral,note_saved,2026-08-05T07:00:25.813Z,,,n-hv2-u00393,
hv2-e001404,hv2-u00393,baseline,hv2:ramp20:20,referral,task_created,2026-08-05T07:02:25.813Z,,,n-hv2-u00393,t-hv2-u00393-1
hv2-e001405,hv2-u00393,baseline,hv2:ramp20:20,referral,task_created,2026-08-05T07:03:25.813Z,,,n-hv2-u00393,t-hv2-u00393-2
hv2-e001120,hv2-u00315,baseline,hv2:ramp20:20,paid_social,assigned,2026-08-05T07:44:10.543Z,,,,
hv2-e001121,hv2-u00315,baseline,hv2:ramp20:20,paid_social,note_saved,2026-08-05T07:48:10.543Z,,,n-hv2-u00315,
hv2-e001519,hv2-u00426,task_first,hv2:ramp20:20,referral,assigned,2026-08-05T07:57:00.528Z,,,,
hv2-e001520,hv2-u00426,task_first,hv2:ramp20:20,referral,note_saved,2026-08-05T08:01:00.528Z,,,n-hv2-u00426,
hv2-e000133,hv2-u00040,baseline,hv2:ramp20:20,paid_social,assigned,2026-08-05T08:02:00.933Z,,,,
hv2-e001640,hv2-u00456,baseline,hv2:ramp20:20,referral,assigned,2026-08-05T08:02:28.146Z,,,,
hv2-e000134,hv2-u00040,baseline,hv2:ramp20:20,paid_social,note_saved,2026-08-05T08:06:00.933Z,,,n-hv2-u00040,
hv2-e001641,hv2-u00456,baseline,hv2:ramp20:20,referral,note_saved,2026-08-05T08:06:28.146Z,,,n-hv2-u00456,
hv2-e001020,hv2-u00286,baseline,hv2:ramp20:20,paid_social,assigned,2026-08-05T08:07:59.104Z,,,,
hv2-e000135,hv2-u00040,baseline,hv2:ramp20:20,paid_social,task_created,2026-08-05T08:08:00.933Z,,,n-hv2-u00040,t-hv2-u00040-1
hv2-e001642,hv2-u00456,baseline,hv2:ramp20:20,referral,task_created,2026-08-05T08:08:28.146Z,,,n-hv2-u00456,t-hv2-u00456-1
hv2-e000136,hv2-u00040,baseline,hv2:ramp20:20,paid_social,task_created,2026-08-05T08:09:00.933Z,,,n-hv2-u00040,t-hv2-u00040-2
hv2-e001643,hv2-u00456,baseline,hv2:ramp20:20,referral,task_created,2026-08-05T08:09:28.146Z,,,n-hv2-u00456,t-hv2-u00456-2
hv2-e001021,hv2-u00286,baseline,hv2:ramp20:20,paid_social,note_saved,2026-08-05T08:11:59.104Z,,,n-hv2-u00286,
hv2-e001022,hv2-u00286,baseline,hv2:ramp20:20,paid_social,task_created,2026-08-05T08:13:59.104Z,,,n-hv2-u00286,t-hv2-u00286-1
hv2-e001023,hv2-u00286,baseline,hv2:ramp20:20,paid_social,task_created,2026-08-05T08:14:59.104Z,,,n-hv2-u00286,t-hv2-u00286-2
hv2-e000202,hv2-u00057,task_first,hv2:ramp20:20,app_store,assigned,2026-08-05T08:18:49.052Z,,,,
hv2-e001442,hv2-u00405,baseline,hv2:ramp20:20,paid_social,assigned,2026-08-05T08:48:41.454Z,,,,
hv2-e001443,hv2-u00405,baseline,hv2:ramp20:20,paid_social,note_saved,2026-08-05T08:52:41.454Z,,,n-hv2-u00405,
hv2-e001444,hv2-u00405,baseline,hv2:ramp20:20,paid_social,task_created,2026-08-05T08:54:41.454Z,,,n-hv2-u00405,t-hv2-u00405-1
hv2-e001445,hv2-u00405,baseline,hv2:ramp20:20,paid_social,task_created,2026-08-05T08:55:41.454Z,,,n-hv2-u00405,t-hv2-u00405-2
hv2-e001798,hv2-u00495,baseline,hv2:ramp20:20,organic_search,revisited,2026-08-05T09:16:16.297Z,,,n-hv2-u00495,
hv2-e000411,hv2-u00117,baseline,hv2:ramp20:20,paid_social,assigned,2026-08-05T10:00:56.648Z,,,,
hv2-e000412,hv2-u00117,baseline,hv2:ramp20:20,paid_social,note_saved,2026-08-05T10:04:56.648Z,,,n-hv2-u00117,
hv2-e000236,hv2-u00066,baseline,hv2:ramp20:20,paid_social,assigned,2026-08-05T10:10:31.129Z,,,,
hv2-e000237,hv2-u00066,baseline,hv2:ramp20:20,paid_social,note_saved,2026-08-05T10:14:31.129Z,,,n-hv2-u00066,
hv2-e001009,hv2-u00284,baseline,hv2:ramp20:20,organic_search,assigned,2026-08-05T10:19:39.399Z,,,,
hv2-e001010,hv2-u00284,baseline,hv2:ramp20:20,organic_search,note_saved,2026-08-05T10:23:39.399Z,,,n-hv2-u00284,
hv2-e001011,hv2-u00284,baseline,hv2:ramp20:20,organic_search,task_created,2026-08-05T10:25:39.399Z,,,n-hv2-u00284,t-hv2-u00284-1
hv2-e001012,hv2-u00284,baseline,hv2:ramp20:20,organic_search,task_created,2026-08-05T10:26:39.399Z,,,n-hv2-u00284,t-hv2-u00284-2
hv2-e001013,hv2-u00284,baseline,hv2:ramp20:20,organic_search,task_created,2026-08-05T10:27:39.399Z,,,n-hv2-u00284,t-hv2-u00284-3
hv2-e001263,hv2-u00354,task_first,hv2:ramp20:20,paid_social,assigned,2026-08-05T10:37:56.980Z,,,,
hv2-e001264,hv2-u00354,task_first,hv2:ramp20:20,paid_social,note_saved,2026-08-05T10:41:56.980Z,,,n-hv2-u00354,
hv2-e001525,hv2-u00428,baseline,hv2:ramp20:20,paid_social,assigned,2026-08-05T11:24:32.871Z,,,,
hv2-e001526,hv2-u00428,baseline,hv2:ramp20:20,paid_social,note_saved,2026-08-05T11:28:32.871Z,,,n-hv2-u00428,
hv2-e001527,hv2-u00428,baseline,hv2:ramp20:20,paid_social,task_created,2026-08-05T11:30:32.871Z,,,n-hv2-u00428,t-hv2-u00428-1
hv2-e001528,hv2-u00428,baseline,hv2:ramp20:20,paid_social,task_created,2026-08-05T11:31:32.871Z,,,n-hv2-u00428,t-hv2-u00428-2
hv2-e000548,hv2-u00148,baseline,hv2:ramp20:20,app_store,revisited,2026-08-05T11:52:00.265Z,,,n-hv2-u00148,
hv2-e000549,hv2-u00148,baseline,hv2:ramp20:20,app_store,task_completed,2026-08-05T11:57:00.265Z,,,n-hv2-u00148,t-hv2-u00148-1
hv2-e000172,hv2-u00050,baseline,hv2:ramp20:20,organic_search,revisited,2026-08-05T11:58:37.818Z,,,n-hv2-u00050,
hv2-e000173,hv2-u00050,baseline,hv2:ramp20:20,organic_search,task_completed,2026-08-05T12:03:37.818Z,,,n-hv2-u00050,t-hv2-u00050-1
hv2-e000663,hv2-u00179,task_first,hv2:ramp20:20,paid_social,assigned,2026-08-05T12:13:04.043Z,,,,
hv2-e000664,hv2-u00179,task_first,hv2:ramp20:20,paid_social,note_saved,2026-08-05T12:17:04.043Z,,,n-hv2-u00179,
hv2-e000322,hv2-u00090,baseline,hv2:ramp20:20,paid_social,assigned,2026-08-05T12:18:59.204Z,,,,
hv2-e000665,hv2-u00179,task_first,hv2:ramp20:20,paid_social,task_created,2026-08-05T12:19:04.043Z,,,n-hv2-u00179,t-hv2-u00179-1
hv2-e000323,hv2-u00090,baseline,hv2:ramp20:20,paid_social,note_saved,2026-08-05T12:22:59.204Z,,,n-hv2-u00090,
hv2-e000324,hv2-u00090,baseline,hv2:ramp20:20,paid_social,task_created,2026-08-05T12:24:59.204Z,,,n-hv2-u00090,t-hv2-u00090-1
hv2-e001469,hv2-u00412,baseline,hv2:ramp20:20,referral,trial_started,2026-08-05T12:42:37.894Z,,,,
hv2-e001352,hv2-u00379,baseline,hv2:ramp20:20,organic_search,assigned,2026-08-05T12:43:39.649Z,,,,
hv2-e001353,hv2-u00379,baseline,hv2:ramp20:20,organic_search,note_saved,2026-08-05T12:47:39.649Z,,,n-hv2-u00379,
hv2-e000583,hv2-u00158,baseline,hv2:ramp20:20,paid_social,assigned,2026-08-05T12:54:28.642Z,,,,
hv2-e000584,hv2-u00158,baseline,hv2:ramp20:20,paid_social,note_saved,2026-08-05T12:58:28.642Z,,,n-hv2-u00158,
hv2-e000585,hv2-u00158,baseline,hv2:ramp20:20,paid_social,task_created,2026-08-05T13:00:28.642Z,,,n-hv2-u00158,t-hv2-u00158-1
hv2-e000586,hv2-u00158,baseline,hv2:ramp20:20,paid_social,task_created,2026-08-05T13:01:28.642Z,,,n-hv2-u00158,t-hv2-u00158-2
hv2-e000587,hv2-u00158,baseline,hv2:ramp20:20,paid_social,task_created,2026-08-05T13:02:28.642Z,,,n-hv2-u00158,t-hv2-u00158-3
hv2-e000578,hv2-u00156,baseline,hv2:ramp20:20,paid_social,assigned,2026-08-05T13:06:09.001Z,,,,
hv2-e000579,hv2-u00156,baseline,hv2:ramp20:20,paid_social,note_saved,2026-08-05T13:10:09.001Z,,,n-hv2-u00156,
hv2-e000580,hv2-u00156,baseline,hv2:ramp20:20,paid_social,task_created,2026-08-05T13:12:09.001Z,,,n-hv2-u00156,t-hv2-u00156-1
hv2-e001228,hv2-u00346,task_first,hv2:ramp20:20,paid_social,assigned,2026-08-05T13:28:47.521Z,,,,
hv2-e001110,hv2-u00312,baseline,hv2:ramp20:20,paid_social,assigned,2026-08-05T13:29:56.174Z,,,,
hv2-e001229,hv2-u00346,task_first,hv2:ramp20:20,paid_social,note_saved,2026-08-05T13:32:47.521Z,,,n-hv2-u00346,
hv2-e001111,hv2-u00312,baseline,hv2:ramp20:20,paid_social,note_saved,2026-08-05T13:33:56.174Z,,,n-hv2-u00312,
hv2-e001230,hv2-u00346,task_first,hv2:ramp20:20,paid_social,task_created,2026-08-05T13:34:47.521Z,,,n-hv2-u00346,t-hv2-u00346-1
hv2-e001231,hv2-u00346,task_first,hv2:ramp20:20,paid_social,task_created,2026-08-05T13:35:47.521Z,,,n-hv2-u00346,t-hv2-u00346-2
hv2-e000827,hv2-u00233,baseline,hv2:ramp20:20,paid_social,assigned,2026-08-05T14:06:17.084Z,,,,
hv2-e000828,hv2-u00233,baseline,hv2:ramp20:20,paid_social,note_saved,2026-08-05T14:10:17.084Z,,,n-hv2-u00233,
hv2-e000030,hv2-u00009,baseline,hv2:ramp20:20,organic_search,revisited,2026-08-05T14:11:53.404Z,,,n-hv2-u00009,
hv2-e000738,hv2-u00201,baseline,hv2:ramp20:20,paid_social,assigned,2026-08-05T14:14:37.423Z,,,,
hv2-e001781,hv2-u00492,baseline,hv2:ramp20:20,organic_search,assigned,2026-08-05T14:27:14.592Z,,,,
hv2-e001782,hv2-u00492,baseline,hv2:ramp20:20,organic_search,note_saved,2026-08-05T14:31:14.592Z,,,n-hv2-u00492,
hv2-e001783,hv2-u00492,baseline,hv2:ramp20:20,organic_search,task_created,2026-08-05T14:33:14.592Z,,,n-hv2-u00492,t-hv2-u00492-1
hv2-e001784,hv2-u00492,baseline,hv2:ramp20:20,organic_search,task_created,2026-08-05T14:34:14.592Z,,,n-hv2-u00492,t-hv2-u00492-2
hv2-e000859,hv2-u00242,task_first,hv2:ramp20:20,paid_social,assigned,2026-08-05T15:22:29.997Z,,,,
hv2-e000860,hv2-u00242,task_first,hv2:ramp20:20,paid_social,note_saved,2026-08-05T15:26:29.997Z,,,n-hv2-u00242,
hv2-e001238,hv2-u00348,baseline,hv2:ramp20:20,paid_social,assigned,2026-08-05T15:27:28.691Z,,,,
hv2-e001239,hv2-u00348,baseline,hv2:ramp20:20,paid_social,note_saved,2026-08-05T15:31:28.691Z,,,n-hv2-u00348,
hv2-e001750,hv2-u00483,baseline,hv2:ramp20:20,referral,assigned,2026-08-05T16:09:53.626Z,,,,
hv2-e001751,hv2-u00483,baseline,hv2:ramp20:20,referral,note_saved,2026-08-05T16:13:53.626Z,,,n-hv2-u00483,
hv2-e001752,hv2-u00483,baseline,hv2:ramp20:20,referral,task_created,2026-08-05T16:15:53.626Z,,,n-hv2-u00483,t-hv2-u00483-1
hv2-e000646,hv2-u00174,baseline,hv2:ramp20:20,organic_search,revisited,2026-08-05T16:25:29.820Z,,,n-hv2-u00174,
hv2-e000437,hv2-u00124,baseline,hv2:ramp20:20,organic_search,assigned,2026-08-05T16:30:07.146Z,,,,
hv2-e000647,hv2-u00174,baseline,hv2:ramp20:20,organic_search,task_completed,2026-08-05T16:30:29.820Z,,,n-hv2-u00174,t-hv2-u00174-1
hv2-e001755,hv2-u00484,baseline,hv2:ramp20:20,paid_social,assigned,2026-08-05T16:33:52.621Z,,,,
hv2-e000438,hv2-u00124,baseline,hv2:ramp20:20,organic_search,note_saved,2026-08-05T16:34:07.146Z,,,n-hv2-u00124,
hv2-e001756,hv2-u00484,baseline,hv2:ramp20:20,paid_social,note_saved,2026-08-05T16:37:52.621Z,,,n-hv2-u00484,
hv2-e001757,hv2-u00484,baseline,hv2:ramp20:20,paid_social,task_created,2026-08-05T16:39:52.621Z,,,n-hv2-u00484,t-hv2-u00484-1
hv2-e000897,hv2-u00254,baseline,hv2:ramp20:20,app_store,assigned,2026-08-05T17:44:03.282Z,,,,
hv2-e000898,hv2-u00254,baseline,hv2:ramp20:20,app_store,note_saved,2026-08-05T17:48:03.282Z,,,n-hv2-u00254,
hv2-e000001,hv2-u00001,baseline,hv2:ramp20:20,paid_social,assigned,2026-08-05T17:48:56.647Z,,,,
hv2-e000899,hv2-u00254,baseline,hv2:ramp20:20,app_store,task_created,2026-08-05T17:50:03.282Z,,,n-hv2-u00254,t-hv2-u00254-1
hv2-e000002,hv2-u00001,baseline,hv2:ramp20:20,paid_social,note_saved,2026-08-05T17:52:56.647Z,,,n-hv2-u00001,
hv2-e000936,hv2-u00266,baseline,hv2:ramp20:20,app_store,assigned,2026-08-05T17:54:39.181Z,,,,
hv2-e000003,hv2-u00001,baseline,hv2:ramp20:20,paid_social,task_created,2026-08-05T17:54:56.647Z,,,n-hv2-u00001,t-hv2-u00001-1
hv2-e000004,hv2-u00001,baseline,hv2:ramp20:20,paid_social,task_created,2026-08-05T17:55:56.647Z,,,n-hv2-u00001,t-hv2-u00001-2
hv2-e000937,hv2-u00266,baseline,hv2:ramp20:20,app_store,note_saved,2026-08-05T17:58:39.181Z,,,n-hv2-u00266,
hv2-e000938,hv2-u00266,baseline,hv2:ramp20:20,app_store,task_created,2026-08-05T18:00:39.181Z,,,n-hv2-u00266,t-hv2-u00266-1
hv2-e000939,hv2-u00266,baseline,hv2:ramp20:20,app_store,task_created,2026-08-05T18:01:39.181Z,,,n-hv2-u00266,t-hv2-u00266-2
hv2-e000907,hv2-u00256,task_first,hv2:ramp20:20,paid_social,assigned,2026-08-05T18:15:45.282Z,,,,
hv2-e000127,hv2-u00038,baseline,hv2:ramp20:20,paid_social,assigned,2026-08-05T18:20:35.762Z,,,,
hv2-e000340,hv2-u00096,baseline,hv2:ramp20:20,paid_social,assigned,2026-08-05T18:31:28.951Z,,,,
hv2-e000341,hv2-u00096,baseline,hv2:ramp20:20,paid_social,note_saved,2026-08-05T18:35:28.951Z,,,n-hv2-u00096,
hv2-e001347,hv2-u00378,baseline,hv2:ramp20:20,paid_social,assigned,2026-08-05T18:36:14.268Z,,,,
hv2-e000342,hv2-u00096,baseline,hv2:ramp20:20,paid_social,task_created,2026-08-05T18:37:28.951Z,,,n-hv2-u00096,t-hv2-u00096-1
hv2-e001348,hv2-u00378,baseline,hv2:ramp20:20,paid_social,note_saved,2026-08-05T18:40:14.268Z,,,n-hv2-u00378,
hv2-e001349,hv2-u00378,baseline,hv2:ramp20:20,paid_social,task_created,2026-08-05T18:42:14.268Z,,,n-hv2-u00378,t-hv2-u00378-1
hv2-e001350,hv2-u00378,baseline,hv2:ramp20:20,paid_social,task_created,2026-08-05T18:43:14.268Z,,,n-hv2-u00378,t-hv2-u00378-2
hv2-e001351,hv2-u00378,baseline,hv2:ramp20:20,paid_social,task_created,2026-08-05T18:44:14.268Z,,,n-hv2-u00378,t-hv2-u00378-3
hv2-e001168,hv2-u00330,baseline,hv2:ramp20:20,paid_social,assigned,2026-08-05T19:01:55.897Z,,,,
hv2-e001169,hv2-u00330,baseline,hv2:ramp20:20,paid_social,note_saved,2026-08-05T19:05:55.897Z,,,n-hv2-u00330,
hv2-e001170,hv2-u00330,baseline,hv2:ramp20:20,paid_social,task_created,2026-08-05T19:07:55.897Z,,,n-hv2-u00330,t-hv2-u00330-1
hv2-e001874,hv2-u00514,task_first,hv2:ramp20:20,paid_social,revisited,2026-08-05T19:27:56.234Z,,,n-hv2-u00514,
hv2-e001690,hv2-u00467,task_first,hv2:ramp20:20,paid_social,assigned,2026-08-05T21:28:45.781Z,,,,
hv2-e000946,hv2-u00268,task_first,hv2:ramp20:20,referral,assigned,2026-08-05T22:00:36.525Z,,,,
hv2-e001074,hv2-u00300,task_first,hv2:ramp20:20,paid_social,assigned,2026-08-05T22:02:30.632Z,,,,
hv2-e000947,hv2-u00268,task_first,hv2:ramp20:20,referral,note_saved,2026-08-05T22:04:36.525Z,,,n-hv2-u00268,
hv2-e001075,hv2-u00300,task_first,hv2:ramp20:20,paid_social,note_saved,2026-08-05T22:06:30.632Z,,,n-hv2-u00300,
hv2-e000948,hv2-u00268,task_first,hv2:ramp20:20,referral,task_created,2026-08-05T22:06:36.525Z,,,n-hv2-u00268,t-hv2-u00268-1
hv2-e000949,hv2-u00268,task_first,hv2:ramp20:20,referral,task_created,2026-08-05T22:07:36.525Z,,,n-hv2-u00268,t-hv2-u00268-2
hv2-e001076,hv2-u00300,task_first,hv2:ramp20:20,paid_social,task_created,2026-08-05T22:08:30.632Z,,,n-hv2-u00300,t-hv2-u00300-1
hv2-e000950,hv2-u00268,task_first,hv2:ramp20:20,referral,task_created,2026-08-05T22:08:36.525Z,,,n-hv2-u00268,t-hv2-u00268-3
hv2-e001195,hv2-u00336,task_first,hv2:ramp20:20,paid_social,assigned,2026-08-05T22:48:02.349Z,,,,
hv2-e001196,hv2-u00336,task_first,hv2:ramp20:20,paid_social,note_saved,2026-08-05T22:52:02.349Z,,,n-hv2-u00336,
hv2-e001197,hv2-u00336,task_first,hv2:ramp20:20,paid_social,task_created,2026-08-05T22:54:02.349Z,,,n-hv2-u00336,t-hv2-u00336-1
hv2-e001224,hv2-u00344,baseline,hv2:ramp20:20,paid_social,assigned,2026-08-05T23:03:25.599Z,,,,
hv2-e001322,hv2-u00369,baseline,hv2:ramp20:20,paid_social,assigned,2026-08-05T23:45:29.005Z,,,,
hv2-e001323,hv2-u00369,baseline,hv2:ramp20:20,paid_social,note_saved,2026-08-05T23:49:29.005Z,,,n-hv2-u00369,
hv2-e001324,hv2-u00369,baseline,hv2:ramp20:20,paid_social,task_created,2026-08-05T23:51:29.005Z,,,n-hv2-u00369,t-hv2-u00369-1
hv2-e001325,hv2-u00369,baseline,hv2:ramp20:20,paid_social,task_created,2026-08-05T23:52:29.005Z,,,n-hv2-u00369,t-hv2-u00369-2
hv2-e001326,hv2-u00369,baseline,hv2:ramp20:20,paid_social,task_created,2026-08-05T23:53:29.005Z,,,n-hv2-u00369,t-hv2-u00369-3
hv2-e000648,hv2-u00175,baseline,hv2:ramp20:20,paid_social,assigned,2026-08-05T23:54:02.964Z,,,,
hv2-e000649,hv2-u00175,baseline,hv2:ramp20:20,paid_social,note_saved,2026-08-05T23:58:02.964Z,,,n-hv2-u00175,
hv2-e000650,hv2-u00175,baseline,hv2:ramp20:20,paid_social,task_created,2026-08-06T00:00:02.964Z,,,n-hv2-u00175,t-hv2-u00175-1
hv2-e000651,hv2-u00175,baseline,hv2:ramp20:20,paid_social,task_created,2026-08-06T00:01:02.964Z,,,n-hv2-u00175,t-hv2-u00175-2
hv2-e001664,hv2-u00461,baseline,hv2:ramp20:20,referral,assigned,2026-08-06T00:18:07.237Z,,,,
hv2-e001665,hv2-u00461,baseline,hv2:ramp20:20,referral,note_saved,2026-08-06T00:22:07.237Z,,,n-hv2-u00461,
hv2-e001666,hv2-u00461,baseline,hv2:ramp20:20,referral,task_created,2026-08-06T00:24:07.237Z,,,n-hv2-u00461,t-hv2-u00461-1
hv2-e001667,hv2-u00461,baseline,hv2:ramp20:20,referral,task_created,2026-08-06T00:25:07.237Z,,,n-hv2-u00461,t-hv2-u00461-2
hv2-e001668,hv2-u00461,baseline,hv2:ramp20:20,referral,task_created,2026-08-06T00:26:07.237Z,,,n-hv2-u00461,t-hv2-u00461-3
hv2-e000347,hv2-u00098,baseline,hv2:ramp20:20,paid_social,assigned,2026-08-06T00:33:53.881Z,,,,
hv2-e001240,hv2-u00349,baseline,hv2:ramp20:20,app_store,assigned,2026-08-06T00:35:45.086Z,,,,
hv2-e000348,hv2-u00098,baseline,hv2:ramp20:20,paid_social,note_saved,2026-08-06T00:37:53.881Z,,,n-hv2-u00098,
hv2-e000851,hv2-u00240,baseline,hv2:ramp20:20,paid_social,assigned,2026-08-06T00:56:39.738Z,,,,
hv2-e000852,hv2-u00240,baseline,hv2:ramp20:20,paid_social,note_saved,2026-08-06T01:00:39.738Z,,,n-hv2-u00240,
hv2-e000853,hv2-u00240,baseline,hv2:ramp20:20,paid_social,task_created,2026-08-06T01:02:39.738Z,,,n-hv2-u00240,t-hv2-u00240-1
hv2-e000854,hv2-u00240,baseline,hv2:ramp20:20,paid_social,task_created,2026-08-06T01:03:39.738Z,,,n-hv2-u00240,t-hv2-u00240-2
hv2-e001199,hv2-u00337,baseline,hv2:ramp20:20,app_store,assigned,2026-08-06T01:31:08.848Z,,,,
hv2-e001331,hv2-u00372,baseline,hv2:ramp20:20,organic_search,assigned,2026-08-06T01:34:14.807Z,,,,
hv2-e000026,hv2-u00008,baseline,hv2:ramp20:20,paid_social,assigned,2026-08-06T02:44:05.624Z,,,,
hv2-e000027,hv2-u00008,baseline,hv2:ramp20:20,paid_social,note_saved,2026-08-06T02:48:05.624Z,,,n-hv2-u00008,
hv2-e000329,hv2-u00093,task_first,hv2:ramp20:20,referral,assigned,2026-08-06T03:04:26.774Z,,,,
hv2-e000330,hv2-u00093,task_first,hv2:ramp20:20,referral,note_saved,2026-08-06T03:08:26.774Z,,,n-hv2-u00093,
hv2-e001052,hv2-u00295,baseline,hv2:ramp20:20,paid_social,assigned,2026-08-06T03:50:01.161Z,,,,
hv2-e001053,hv2-u00295,baseline,hv2:ramp20:20,paid_social,note_saved,2026-08-06T03:54:01.161Z,,,n-hv2-u00295,
hv2-e001054,hv2-u00295,baseline,hv2:ramp20:20,paid_social,task_created,2026-08-06T03:56:01.161Z,,,n-hv2-u00295,t-hv2-u00295-1
hv2-e000977,hv2-u00277,baseline,hv2:ramp20:20,app_store,assigned,2026-08-06T03:56:51.812Z,,,,
hv2-e001055,hv2-u00295,baseline,hv2:ramp20:20,paid_social,task_created,2026-08-06T03:57:01.161Z,,,n-hv2-u00295,t-hv2-u00295-2
hv2-e000978,hv2-u00277,baseline,hv2:ramp20:20,app_store,note_saved,2026-08-06T04:00:51.812Z,,,n-hv2-u00277,
hv2-e001533,hv2-u00429,task_first,hv2:ramp20:20,paid_social,revisited,2026-08-06T04:45:01.492Z,,,n-hv2-u00429,
hv2-e000066,hv2-u00021,baseline,hv2:ramp20:20,app_store,assigned,2026-08-06T04:46:16.939Z,,,,
hv2-e000689,hv2-u00187,task_first,hv2:ramp20:20,organic_search,assigned,2026-08-06T04:46:56.225Z,,,,
hv2-e000067,hv2-u00021,baseline,hv2:ramp20:20,app_store,note_saved,2026-08-06T04:50:16.939Z,,,n-hv2-u00021,
hv2-e000690,hv2-u00187,task_first,hv2:ramp20:20,organic_search,note_saved,2026-08-06T04:50:56.225Z,,,n-hv2-u00187,
hv2-e000068,hv2-u00021,baseline,hv2:ramp20:20,app_store,task_created,2026-08-06T04:52:16.939Z,,,n-hv2-u00021,t-hv2-u00021-1
hv2-e000691,hv2-u00187,task_first,hv2:ramp20:20,organic_search,task_created,2026-08-06T04:52:56.225Z,,,n-hv2-u00187,t-hv2-u00187-1
hv2-e000069,hv2-u00021,baseline,hv2:ramp20:20,app_store,task_created,2026-08-06T04:53:16.939Z,,,n-hv2-u00021,t-hv2-u00021-2
hv2-e000692,hv2-u00187,task_first,hv2:ramp20:20,organic_search,task_created,2026-08-06T04:53:56.225Z,,,n-hv2-u00187,t-hv2-u00187-2
hv2-e000070,hv2-u00021,baseline,hv2:ramp20:20,app_store,task_created,2026-08-06T04:54:16.939Z,,,n-hv2-u00021,t-hv2-u00021-3
hv2-e001432,hv2-u00402,baseline,hv2:ramp20:20,paid_social,assigned,2026-08-06T04:57:03.611Z,,,,
hv2-e001433,hv2-u00402,baseline,hv2:ramp20:20,paid_social,note_saved,2026-08-06T05:01:03.611Z,,,n-hv2-u00402,
hv2-e001434,hv2-u00402,baseline,hv2:ramp20:20,paid_social,task_created,2026-08-06T05:03:03.611Z,,,n-hv2-u00402,t-hv2-u00402-1
hv2-e001578,hv2-u00442,baseline,hv2:ramp20:20,paid_social,assigned,2026-08-06T05:20:02.785Z,,,,
hv2-e001579,hv2-u00442,baseline,hv2:ramp20:20,paid_social,note_saved,2026-08-06T05:24:02.785Z,,,n-hv2-u00442,
hv2-e001580,hv2-u00442,baseline,hv2:ramp20:20,paid_social,task_created,2026-08-06T05:26:02.785Z,,,n-hv2-u00442,t-hv2-u00442-1
hv2-e001581,hv2-u00442,baseline,hv2:ramp20:20,paid_social,task_created,2026-08-06T05:27:02.785Z,,,n-hv2-u00442,t-hv2-u00442-2
hv2-e001582,hv2-u00442,baseline,hv2:ramp20:20,paid_social,task_created,2026-08-06T05:28:02.785Z,,,n-hv2-u00442,t-hv2-u00442-3
hv2-e001171,hv2-u00331,baseline,hv2:ramp20:20,app_store,assigned,2026-08-06T05:39:06.701Z,,,,
hv2-e001172,hv2-u00331,baseline,hv2:ramp20:20,app_store,note_saved,2026-08-06T05:43:06.701Z,,,n-hv2-u00331,
hv2-e001173,hv2-u00331,baseline,hv2:ramp20:20,app_store,task_created,2026-08-06T05:45:06.701Z,,,n-hv2-u00331,t-hv2-u00331-1
hv2-e001174,hv2-u00331,baseline,hv2:ramp20:20,app_store,task_created,2026-08-06T05:46:06.701Z,,,n-hv2-u00331,t-hv2-u00331-2
hv2-e001001,hv2-u00282,task_first,hv2:ramp20:20,paid_social,assigned,2026-08-06T05:53:26.178Z,,,,
hv2-e001002,hv2-u00282,task_first,hv2:ramp20:20,paid_social,note_saved,2026-08-06T05:57:26.178Z,,,n-hv2-u00282,
hv2-e001003,hv2-u00282,task_first,hv2:ramp20:20,paid_social,task_created,2026-08-06T05:59:26.178Z,,,n-hv2-u00282,t-hv2-u00282-1
hv2-e001004,hv2-u00282,task_first,hv2:ramp20:20,paid_social,task_created,2026-08-06T06:00:26.178Z,,,n-hv2-u00282,t-hv2-u00282-2
hv2-e000953,hv2-u00269,baseline,hv2:ramp20:20,paid_social,assigned,2026-08-06T06:15:03.605Z,,,,
hv2-e000954,hv2-u00269,baseline,hv2:ramp20:20,paid_social,note_saved,2026-08-06T06:19:03.605Z,,,n-hv2-u00269,
hv2-e000955,hv2-u00269,baseline,hv2:ramp20:20,paid_social,task_created,2026-08-06T06:21:03.605Z,,,n-hv2-u00269,t-hv2-u00269-1
hv2-e000956,hv2-u00269,baseline,hv2:ramp20:20,paid_social,task_created,2026-08-06T06:22:03.605Z,,,n-hv2-u00269,t-hv2-u00269-2
hv2-e000331,hv2-u00094,task_first,hv2:ramp20:20,paid_social,assigned,2026-08-06T06:48:03.232Z,,,,
hv2-e000332,hv2-u00094,task_first,hv2:ramp20:20,paid_social,note_saved,2026-08-06T06:52:03.232Z,,,n-hv2-u00094,
hv2-e000333,hv2-u00094,task_first,hv2:ramp20:20,paid_social,task_created,2026-08-06T06:54:03.232Z,,,n-hv2-u00094,t-hv2-u00094-1
hv2-e001598,hv2-u00446,baseline,hv2:ramp20:20,referral,trial_started,2026-08-06T07:17:32.815Z,,,,
hv2-e000821,hv2-u00231,baseline,hv2:ramp20:20,paid_social,assigned,2026-08-06T07:19:27.513Z,,,,
hv2-e000822,hv2-u00231,baseline,hv2:ramp20:20,paid_social,note_saved,2026-08-06T07:23:27.513Z,,,n-hv2-u00231,
hv2-e000823,hv2-u00231,baseline,hv2:ramp20:20,paid_social,task_created,2026-08-06T07:25:27.513Z,,,n-hv2-u00231,t-hv2-u00231-1
hv2-e000210,hv2-u00060,baseline,hv2:ramp20:20,paid_social,assigned,2026-08-06T07:38:58.534Z,,,,
hv2-e000211,hv2-u00060,baseline,hv2:ramp20:20,paid_social,note_saved,2026-08-06T07:42:58.534Z,,,n-hv2-u00060,
hv2-e000212,hv2-u00060,baseline,hv2:ramp20:20,paid_social,task_created,2026-08-06T07:44:58.534Z,,,n-hv2-u00060,t-hv2-u00060-1
hv2-e001361,hv2-u00382,task_first,hv2:ramp20:20,paid_social,assigned,2026-08-06T07:46:36.031Z,,,,
hv2-e001362,hv2-u00382,task_first,hv2:ramp20:20,paid_social,note_saved,2026-08-06T07:50:36.031Z,,,n-hv2-u00382,
hv2-e001363,hv2-u00382,task_first,hv2:ramp20:20,paid_social,task_created,2026-08-06T07:52:36.031Z,,,n-hv2-u00382,t-hv2-u00382-1
hv2-e001364,hv2-u00382,task_first,hv2:ramp20:20,paid_social,task_created,2026-08-06T07:53:36.031Z,,,n-hv2-u00382,t-hv2-u00382-2
hv2-e001365,hv2-u00382,task_first,hv2:ramp20:20,paid_social,task_created,2026-08-06T07:54:36.031Z,,,n-hv2-u00382,t-hv2-u00382-3
hv2-e000980,hv2-u00278,task_first,hv2:ramp20:20,paid_social,assigned,2026-08-06T08:05:26.837Z,,,,
hv2-e000981,hv2-u00278,task_first,hv2:ramp20:20,paid_social,note_saved,2026-08-06T08:09:26.837Z,,,n-hv2-u00278,
hv2-e000982,hv2-u00278,task_first,hv2:ramp20:20,paid_social,task_created,2026-08-06T08:11:26.837Z,,,n-hv2-u00278,t-hv2-u00278-1
hv2-e000983,hv2-u00278,task_first,hv2:ramp20:20,paid_social,task_created,2026-08-06T08:12:26.837Z,,,n-hv2-u00278,t-hv2-u00278-2
hv2-e000984,hv2-u00278,task_first,hv2:ramp20:20,paid_social,task_created,2026-08-06T08:13:26.837Z,,,n-hv2-u00278,t-hv2-u00278-3
hv2-e001478,hv2-u00415,baseline,hv2:ramp20:20,paid_social,assigned,2026-08-06T08:46:29.466Z,,,,
hv2-e001456,hv2-u00409,baseline,hv2:ramp20:20,app_store,assigned,2026-08-06T08:49:48.153Z,,,,
hv2-e001479,hv2-u00415,baseline,hv2:ramp20:20,paid_social,note_saved,2026-08-06T08:50:29.466Z,,,n-hv2-u00415,
hv2-e001480,hv2-u00415,baseline,hv2:ramp20:20,paid_social,task_created,2026-08-06T08:52:29.466Z,,,n-hv2-u00415,t-hv2-u00415-1
hv2-e001521,hv2-u00426,task_first,hv2:ramp20:20,referral,trial_started,2026-08-06T08:57:00.528Z,,,,
hv2-e001645,hv2-u00456,baseline,hv2:ramp20:20,referral,trial_started,2026-08-06T09:02:28.146Z,,,,
hv2-e001671,hv2-u00462,task_first,hv2:ramp20:20,paid_social,assigned,2026-08-06T09:14:03.429Z,,,,
hv2-e001672,hv2-u00462,task_first,hv2:ramp20:20,paid_social,note_saved,2026-08-06T09:18:03.429Z,,,n-hv2-u00462,
hv2-e001446,hv2-u00405,baseline,hv2:ramp20:20,paid_social,revisited,2026-08-06T09:18:41.454Z,,,n-hv2-u00405,
hv2-e000797,hv2-u00222,baseline,hv2:ramp20:20,organic_search,assigned,2026-08-06T09:22:32.916Z,,,,
hv2-e001447,hv2-u00405,baseline,hv2:ramp20:20,paid_social,task_completed,2026-08-06T09:23:41.454Z,,,n-hv2-u00405,t-hv2-u00405-1
hv2-e000798,hv2-u00222,baseline,hv2:ramp20:20,organic_search,note_saved,2026-08-06T09:26:32.916Z,,,n-hv2-u00222,
hv2-e001372,hv2-u00385,baseline,hv2:ramp20:20,organic_search,assigned,2026-08-06T09:27:36.581Z,,,,
hv2-e001373,hv2-u00385,baseline,hv2:ramp20:20,organic_search,note_saved,2026-08-06T09:31:36.581Z,,,n-hv2-u00385,
hv2-e001374,hv2-u00385,baseline,hv2:ramp20:20,organic_search,task_created,2026-08-06T09:33:36.581Z,,,n-hv2-u00385,t-hv2-u00385-1
hv2-e001375,hv2-u00385,baseline,hv2:ramp20:20,organic_search,task_created,2026-08-06T09:34:36.581Z,,,n-hv2-u00385,t-hv2-u00385-2
hv2-e001376,hv2-u00385,baseline,hv2:ramp20:20,organic_search,task_created,2026-08-06T09:35:36.581Z,,,n-hv2-u00385,t-hv2-u00385-3
hv2-e001590,hv2-u00445,baseline,hv2:ramp20:20,paid_social,assigned,2026-08-06T09:35:45.188Z,,,,
hv2-e000266,hv2-u00075,baseline,hv2:ramp20:20,paid_social,assigned,2026-08-06T09:38:12.139Z,,,,
hv2-e001591,hv2-u00445,baseline,hv2:ramp20:20,paid_social,note_saved,2026-08-06T09:39:45.188Z,,,n-hv2-u00445,
hv2-e000783,hv2-u00217,baseline,hv2:ramp20:20,paid_social,assigned,2026-08-06T09:40:33.805Z,,,,
hv2-e001592,hv2-u00445,baseline,hv2:ramp20:20,paid_social,task_created,2026-08-06T09:41:45.188Z,,,n-hv2-u00445,t-hv2-u00445-1
hv2-e000267,hv2-u00075,baseline,hv2:ramp20:20,paid_social,note_saved,2026-08-06T09:42:12.139Z,,,n-hv2-u00075,
hv2-e001593,hv2-u00445,baseline,hv2:ramp20:20,paid_social,task_created,2026-08-06T09:42:45.188Z,,,n-hv2-u00445,t-hv2-u00445-2
hv2-e000268,hv2-u00075,baseline,hv2:ramp20:20,paid_social,task_created,2026-08-06T09:44:12.139Z,,,n-hv2-u00075,t-hv2-u00075-1
hv2-e000784,hv2-u00217,baseline,hv2:ramp20:20,paid_social,note_saved,2026-08-06T09:44:33.805Z,,,n-hv2-u00217,
hv2-e000269,hv2-u00075,baseline,hv2:ramp20:20,paid_social,task_created,2026-08-06T09:45:12.139Z,,,n-hv2-u00075,t-hv2-u00075-2
hv2-e000270,hv2-u00075,baseline,hv2:ramp20:20,paid_social,task_created,2026-08-06T09:46:12.139Z,,,n-hv2-u00075,t-hv2-u00075-3
hv2-e000785,hv2-u00217,baseline,hv2:ramp20:20,paid_social,task_created,2026-08-06T09:46:33.805Z,,,n-hv2-u00217,t-hv2-u00217-1
hv2-e000754,hv2-u00205,baseline,hv2:ramp20:20,paid_social,revisited,2026-08-06T09:48:19.505Z,,,n-hv2-u00205,
hv2-e001613,hv2-u00450,baseline,hv2:ramp20:20,paid_social,assigned,2026-08-06T09:56:56.867Z,,,,
hv2-e001614,hv2-u00450,baseline,hv2:ramp20:20,paid_social,note_saved,2026-08-06T10:00:56.867Z,,,n-hv2-u00450,
hv2-e001615,hv2-u00450,baseline,hv2:ramp20:20,paid_social,task_created,2026-08-06T10:02:56.867Z,,,n-hv2-u00450,t-hv2-u00450-1
hv2-e001616,hv2-u00450,baseline,hv2:ramp20:20,paid_social,task_created,2026-08-06T10:03:56.867Z,,,n-hv2-u00450,t-hv2-u00450-2
hv2-e000626,hv2-u00169,task_first,hv2:ramp20:20,paid_social,revisited,2026-08-06T10:05:48.032Z,,,n-hv2-u00169,
hv2-e000843,hv2-u00239,baseline,hv2:ramp20:20,app_store,assigned,2026-08-06T10:28:25.867Z,,,,
hv2-e000844,hv2-u00239,baseline,hv2:ramp20:20,app_store,note_saved,2026-08-06T10:32:25.867Z,,,n-hv2-u00239,
hv2-e001024,hv2-u00287,task_first,hv2:ramp20:20,paid_social,assigned,2026-08-06T10:32:48.815Z,,,,
hv2-e000845,hv2-u00239,baseline,hv2:ramp20:20,app_store,task_created,2026-08-06T10:34:25.867Z,,,n-hv2-u00239,t-hv2-u00239-1
hv2-e000846,hv2-u00239,baseline,hv2:ramp20:20,app_store,task_created,2026-08-06T10:35:25.867Z,,,n-hv2-u00239,t-hv2-u00239-2
hv2-e001025,hv2-u00287,task_first,hv2:ramp20:20,paid_social,note_saved,2026-08-06T10:36:48.815Z,,,n-hv2-u00287,
hv2-e001026,hv2-u00287,task_first,hv2:ramp20:20,paid_social,task_created,2026-08-06T10:38:48.815Z,,,n-hv2-u00287,t-hv2-u00287-1
hv2-e001027,hv2-u00287,task_first,hv2:ramp20:20,paid_social,task_created,2026-08-06T10:39:48.815Z,,,n-hv2-u00287,t-hv2-u00287-2
hv2-e001028,hv2-u00287,task_first,hv2:ramp20:20,paid_social,task_created,2026-08-06T10:40:48.815Z,,,n-hv2-u00287,t-hv2-u00287-3
hv2-e000934,hv2-u00265,baseline,hv2:ramp20:20,paid_social,assigned,2026-08-06T10:47:44.223Z,,,,
hv2-e000908,hv2-u00257,baseline,hv2:ramp20:20,paid_social,assigned,2026-08-06T10:51:42.226Z,,,,
hv2-e000935,hv2-u00265,baseline,hv2:ramp20:20,paid_social,note_saved,2026-08-06T10:51:44.223Z,,,n-hv2-u00265,
hv2-e000909,hv2-u00257,baseline,hv2:ramp20:20,paid_social,note_saved,2026-08-06T10:55:42.226Z,,,n-hv2-u00257,
hv2-e000910,hv2-u00257,baseline,hv2:ramp20:20,paid_social,task_created,2026-08-06T10:57:42.226Z,,,n-hv2-u00257,t-hv2-u00257-1
hv2-e000911,hv2-u00257,baseline,hv2:ramp20:20,paid_social,task_created,2026-08-06T10:58:42.226Z,,,n-hv2-u00257,t-hv2-u00257-2
hv2-e000912,hv2-u00257,baseline,hv2:ramp20:20,paid_social,task_created,2026-08-06T10:59:42.226Z,,,n-hv2-u00257,t-hv2-u00257-3
hv2-e000038,hv2-u00013,baseline,hv2:ramp20:20,organic_search,assigned,2026-08-06T11:19:29.727Z,,,,
hv2-e000039,hv2-u00013,baseline,hv2:ramp20:20,organic_search,note_saved,2026-08-06T11:23:29.727Z,,,n-hv2-u00013,
hv2-e000040,hv2-u00013,baseline,hv2:ramp20:20,organic_search,task_created,2026-08-06T11:25:29.727Z,,,n-hv2-u00013,t-hv2-u00013-1
hv2-e000041,hv2-u00013,baseline,hv2:ramp20:20,organic_search,task_created,2026-08-06T11:26:29.727Z,,,n-hv2-u00013,t-hv2-u00013-2
hv2-e000713,hv2-u00194,task_first,hv2:ramp20:20,paid_social,assigned,2026-08-06T11:43:32.561Z,,,,
hv2-e000714,hv2-u00194,task_first,hv2:ramp20:20,paid_social,note_saved,2026-08-06T11:47:32.561Z,,,n-hv2-u00194,
hv2-e001061,hv2-u00297,task_first,hv2:ramp20:20,referral,assigned,2026-08-06T12:16:15.710Z,,,,
hv2-e001062,hv2-u00297,task_first,hv2:ramp20:20,referral,note_saved,2026-08-06T12:20:15.710Z,,,n-hv2-u00297,
hv2-e001777,hv2-u00491,baseline,hv2:ramp20:20,paid_social,assigned,2026-08-06T12:21:17.809Z,,,,
hv2-e001063,hv2-u00297,task_first,hv2:ramp20:20,referral,task_created,2026-08-06T12:22:15.710Z,,,n-hv2-u00297,t-hv2-u00297-1
hv2-e001778,hv2-u00491,baseline,hv2:ramp20:20,paid_social,note_saved,2026-08-06T12:25:17.809Z,,,n-hv2-u00491,
hv2-e001779,hv2-u00491,baseline,hv2:ramp20:20,paid_social,task_created,2026-08-06T12:27:17.809Z,,,n-hv2-u00491,t-hv2-u00491-1
hv2-e001780,hv2-u00491,baseline,hv2:ramp20:20,paid_social,task_created,2026-08-06T12:28:17.809Z,,,n-hv2-u00491,t-hv2-u00491-2
hv2-e000258,hv2-u00073,baseline,hv2:ramp20:20,paid_social,assigned,2026-08-06T12:52:00.916Z,,,,
hv2-e000259,hv2-u00073,baseline,hv2:ramp20:20,paid_social,note_saved,2026-08-06T12:56:00.916Z,,,n-hv2-u00073,
hv2-e000008,hv2-u00002,baseline,hv2:ramp20:20,app_store,revisited,2026-08-06T12:57:55.063Z,,,n-hv2-u00002,
hv2-e000260,hv2-u00073,baseline,hv2:ramp20:20,paid_social,task_created,2026-08-06T12:58:00.916Z,,,n-hv2-u00073,t-hv2-u00073-1
hv2-e000261,hv2-u00073,baseline,hv2:ramp20:20,paid_social,task_created,2026-08-06T12:59:00.916Z,,,n-hv2-u00073,t-hv2-u00073-2
hv2-e001504,hv2-u00422,baseline,hv2:ramp20:20,organic_search,assigned,2026-08-06T13:26:51.665Z,,,,
hv2-e001505,hv2-u00422,baseline,hv2:ramp20:20,organic_search,note_saved,2026-08-06T13:30:51.665Z,,,n-hv2-u00422,
hv2-e001506,hv2-u00422,baseline,hv2:ramp20:20,organic_search,task_created,2026-08-06T13:32:51.665Z,,,n-hv2-u00422,t-hv2-u00422-1
hv2-e001507,hv2-u00422,baseline,hv2:ramp20:20,organic_search,task_created,2026-08-06T13:33:51.665Z,,,n-hv2-u00422,t-hv2-u00422-2
hv2-e001413,hv2-u00398,baseline,hv2:ramp20:20,paid_social,assigned,2026-08-06T14:05:10.391Z,,,,
hv2-e001414,hv2-u00398,baseline,hv2:ramp20:20,paid_social,note_saved,2026-08-06T14:09:10.391Z,,,n-hv2-u00398,
hv2-e001415,hv2-u00398,baseline,hv2:ramp20:20,paid_social,task_created,2026-08-06T14:11:10.391Z,,,n-hv2-u00398,t-hv2-u00398-1
hv2-e001416,hv2-u00398,baseline,hv2:ramp20:20,paid_social,task_created,2026-08-06T14:12:10.391Z,,,n-hv2-u00398,t-hv2-u00398-2
hv2-e001417,hv2-u00398,baseline,hv2:ramp20:20,paid_social,task_created,2026-08-06T14:13:10.391Z,,,n-hv2-u00398,t-hv2-u00398-3
hv2-e001837,hv2-u00506,task_first,hv2:ramp20:20,organic_search,assigned,2026-08-06T14:14:25.715Z,,,,
hv2-e000702,hv2-u00189,task_first,hv2:ramp20:20,paid_social,revisited,2026-08-06T14:15:32.101Z,,,n-hv2-u00189,
hv2-e001838,hv2-u00506,task_first,hv2:ramp20:20,organic_search,note_saved,2026-08-06T14:18:25.715Z,,,n-hv2-u00506,
hv2-e001839,hv2-u00506,task_first,hv2:ramp20:20,organic_search,task_created,2026-08-06T14:20:25.715Z,,,n-hv2-u00506,t-hv2-u00506-1
hv2-e000080,hv2-u00023,baseline,hv2:ramp20:20,app_store,revisited,2026-08-06T15:34:08.680Z,,,n-hv2-u00023,
hv2-e001787,hv2-u00493,task_first,hv2:ramp20:20,paid_social,assigned,2026-08-06T15:34:21.500Z,,,,
hv2-e001788,hv2-u00493,task_first,hv2:ramp20:20,paid_social,note_saved,2026-08-06T15:38:21.500Z,,,n-hv2-u00493,
hv2-e001803,hv2-u00497,baseline,hv2:ramp20:20,app_store,assigned,2026-08-06T15:39:21.602Z,,,,
hv2-e001804,hv2-u00497,baseline,hv2:ramp20:20,app_store,note_saved,2026-08-06T15:43:21.602Z,,,n-hv2-u00497,
hv2-e001128,hv2-u00317,task_first,hv2:ramp20:20,paid_social,assigned,2026-08-06T15:47:40.815Z,,,,
hv2-e001129,hv2-u00317,task_first,hv2:ramp20:20,paid_social,note_saved,2026-08-06T15:51:40.815Z,,,n-hv2-u00317,
hv2-e001130,hv2-u00317,task_first,hv2:ramp20:20,paid_social,task_created,2026-08-06T15:53:40.815Z,,,n-hv2-u00317,t-hv2-u00317-1
hv2-e001740,hv2-u00480,baseline,hv2:ramp20:20,referral,assigned,2026-08-06T16:58:04.723Z,,,,
hv2-e001354,hv2-u00380,baseline,hv2:ramp20:20,paid_social,assigned,2026-08-06T17:18:19.611Z,,,,
hv2-e001355,hv2-u00380,baseline,hv2:ramp20:20,paid_social,note_saved,2026-08-06T17:22:19.611Z,,,n-hv2-u00380,
hv2-e000900,hv2-u00254,baseline,hv2:ramp20:20,app_store,revisited,2026-08-06T17:44:03.282Z,,,n-hv2-u00254,
hv2-e000940,hv2-u00266,baseline,hv2:ramp20:20,app_store,revisited,2026-08-06T17:54:39.181Z,,,n-hv2-u00266,
hv2-e000228,hv2-u00065,baseline,hv2:ramp20:20,referral,assigned,2026-08-06T18:08:03.179Z,,,,
hv2-e000229,hv2-u00065,baseline,hv2:ramp20:20,referral,note_saved,2026-08-06T18:12:03.179Z,,,n-hv2-u00065,
hv2-e000804,hv2-u00224,baseline,hv2:ramp20:20,organic_search,assigned,2026-08-06T18:13:46.271Z,,,,
hv2-e000230,hv2-u00065,baseline,hv2:ramp20:20,referral,task_created,2026-08-06T18:14:03.179Z,,,n-hv2-u00065,t-hv2-u00065-1
hv2-e000673,hv2-u00182,baseline,hv2:ramp20:20,paid_social,assigned,2026-08-06T18:14:32.816Z,,,,
hv2-e000231,hv2-u00065,baseline,hv2:ramp20:20,referral,task_created,2026-08-06T18:15:03.179Z,,,n-hv2-u00065,t-hv2-u00065-2
hv2-e000232,hv2-u00065,baseline,hv2:ramp20:20,referral,task_created,2026-08-06T18:16:03.179Z,,,n-hv2-u00065,t-hv2-u00065-3
hv2-e000805,hv2-u00224,baseline,hv2:ramp20:20,organic_search,note_saved,2026-08-06T18:17:46.271Z,,,n-hv2-u00224,
hv2-e000674,hv2-u00182,baseline,hv2:ramp20:20,paid_social,note_saved,2026-08-06T18:18:32.816Z,,,n-hv2-u00182,
hv2-e000675,hv2-u00182,baseline,hv2:ramp20:20,paid_social,task_created,2026-08-06T18:20:32.816Z,,,n-hv2-u00182,t-hv2-u00182-1
hv2-e000676,hv2-u00182,baseline,hv2:ramp20:20,paid_social,task_created,2026-08-06T18:21:32.816Z,,,n-hv2-u00182,t-hv2-u00182-2
hv2-e000431,hv2-u00121,baseline,hv2:ramp20:20,paid_social,revisited,2026-08-06T18:47:49.753Z,,,n-hv2-u00121,
hv2-e001395,hv2-u00390,baseline,hv2:ramp20:20,app_store,assigned,2026-08-06T20:34:19.702Z,,,,
hv2-e000213,hv2-u00061,baseline,hv2:ramp20:20,paid_social,assigned,2026-08-06T22:35:43.185Z,,,,
hv2-e000214,hv2-u00061,baseline,hv2:ramp20:20,paid_social,note_saved,2026-08-06T22:39:43.185Z,,,n-hv2-u00061,
hv2-e000215,hv2-u00061,baseline,hv2:ramp20:20,paid_social,task_created,2026-08-06T22:41:43.185Z,,,n-hv2-u00061,t-hv2-u00061-1
hv2-e000216,hv2-u00061,baseline,hv2:ramp20:20,paid_social,task_created,2026-08-06T22:42:43.185Z,,,n-hv2-u00061,t-hv2-u00061-2
hv2-e000217,hv2-u00061,baseline,hv2:ramp20:20,paid_social,task_created,2026-08-06T22:43:43.185Z,,,n-hv2-u00061,t-hv2-u00061-3
hv2-e001198,hv2-u00336,task_first,hv2:ramp20:20,paid_social,revisited,2026-08-06T22:48:02.349Z,,,n-hv2-u00336,
hv2-e000466,hv2-u00131,baseline,hv2:ramp20:20,paid_social,assigned,2026-08-06T23:13:39.436Z,,,,
hv2-e000467,hv2-u00131,baseline,hv2:ramp20:20,paid_social,note_saved,2026-08-06T23:17:39.436Z,,,n-hv2-u00131,
hv2-e001541,hv2-u00432,task_first,hv2:ramp20:20,paid_social,assigned,2026-08-07T00:08:25.278Z,,,,
hv2-e001542,hv2-u00432,task_first,hv2:ramp20:20,paid_social,note_saved,2026-08-07T00:12:25.278Z,,,n-hv2-u00432,
hv2-e000357,hv2-u00101,task_first,hv2:ramp20:20,paid_social,assigned,2026-08-07T00:29:38.346Z,,,,
hv2-e001332,hv2-u00373,baseline,hv2:ramp20:20,paid_social,assigned,2026-08-07T00:38:26.781Z,,,,
hv2-e001333,hv2-u00373,baseline,hv2:ramp20:20,paid_social,note_saved,2026-08-07T00:42:26.781Z,,,n-hv2-u00373,
hv2-e001334,hv2-u00373,baseline,hv2:ramp20:20,paid_social,task_created,2026-08-07T00:44:26.781Z,,,n-hv2-u00373,t-hv2-u00373-1
hv2-e000890,hv2-u00252,baseline,hv2:ramp20:20,paid_social,assigned,2026-08-07T00:47:28.282Z,,,,
hv2-e000891,hv2-u00252,baseline,hv2:ramp20:20,paid_social,note_saved,2026-08-07T00:51:28.282Z,,,n-hv2-u00252,
hv2-e000892,hv2-u00252,baseline,hv2:ramp20:20,paid_social,task_created,2026-08-07T00:53:28.282Z,,,n-hv2-u00252,t-hv2-u00252-1
hv2-e000893,hv2-u00252,baseline,hv2:ramp20:20,paid_social,task_created,2026-08-07T00:54:28.282Z,,,n-hv2-u00252,t-hv2-u00252-2
hv2-e000894,hv2-u00252,baseline,hv2:ramp20:20,paid_social,task_created,2026-08-07T00:55:28.282Z,,,n-hv2-u00252,t-hv2-u00252-3
hv2-e001157,hv2-u00326,baseline,hv2:ramp20:20,paid_social,assigned,2026-08-07T00:57:27.808Z,,,,
hv2-e001158,hv2-u00326,baseline,hv2:ramp20:20,paid_social,note_saved,2026-08-07T01:01:27.808Z,,,n-hv2-u00326,
hv2-e001384,hv2-u00387,baseline,hv2:ramp20:20,paid_social,assigned,2026-08-07T02:05:25.033Z,,,,
hv2-e001426,hv2-u00401,baseline,hv2:ramp20:20,app_store,assigned,2026-08-07T02:05:56.130Z,,,,
hv2-e001385,hv2-u00387,baseline,hv2:ramp20:20,paid_social,note_saved,2026-08-07T02:09:25.033Z,,,n-hv2-u00387,
hv2-e001427,hv2-u00401,baseline,hv2:ramp20:20,app_store,note_saved,2026-08-07T02:09:56.130Z,,,n-hv2-u00401,
hv2-e001386,hv2-u00387,baseline,hv2:ramp20:20,paid_social,task_created,2026-08-07T02:11:25.033Z,,,n-hv2-u00387,t-hv2-u00387-1
hv2-e001428,hv2-u00401,baseline,hv2:ramp20:20,app_store,task_created,2026-08-07T02:11:56.130Z,,,n-hv2-u00401,t-hv2-u00401-1
hv2-e001387,hv2-u00387,baseline,hv2:ramp20:20,paid_social,task_created,2026-08-07T02:12:25.033Z,,,n-hv2-u00387,t-hv2-u00387-2
hv2-e001429,hv2-u00401,baseline,hv2:ramp20:20,app_store,task_created,2026-08-07T02:12:56.130Z,,,n-hv2-u00401,t-hv2-u00401-2
hv2-e001388,hv2-u00387,baseline,hv2:ramp20:20,paid_social,task_created,2026-08-07T02:13:25.033Z,,,n-hv2-u00387,t-hv2-u00387-3
hv2-e001561,hv2-u00438,baseline,hv2:ramp20:20,paid_social,assigned,2026-08-07T02:42:44.246Z,,,,
hv2-e001562,hv2-u00438,baseline,hv2:ramp20:20,paid_social,note_saved,2026-08-07T02:46:44.246Z,,,n-hv2-u00438,
hv2-e001563,hv2-u00438,baseline,hv2:ramp20:20,paid_social,task_created,2026-08-07T02:48:44.246Z,,,n-hv2-u00438,t-hv2-u00438-1
hv2-e001056,hv2-u00295,baseline,hv2:ramp20:20,paid_social,revisited,2026-08-07T03:50:01.161Z,,,n-hv2-u00295,
hv2-e001497,hv2-u00419,baseline,hv2:ramp20:20,paid_social,revisited,2026-08-07T04:10:35.657Z,,,n-hv2-u00419,
hv2-e001336,hv2-u00375,baseline,hv2:ramp20:20,paid_social,assigned,2026-08-07T04:24:13.207Z,,,,
hv2-e001337,hv2-u00375,baseline,hv2:ramp20:20,paid_social,note_saved,2026-08-07T04:28:13.207Z,,,n-hv2-u00375,
hv2-e000781,hv2-u00216,baseline,hv2:ramp20:20,paid_social,assigned,2026-08-07T04:28:45.257Z,,,,
hv2-e001338,hv2-u00375,baseline,hv2:ramp20:20,paid_social,task_created,2026-08-07T04:30:13.207Z,,,n-hv2-u00375,t-hv2-u00375-1
hv2-e001448,hv2-u00406,task_first,hv2:ramp20:20,paid_social,assigned,2026-08-07T04:48:27.160Z,,,,
hv2-e000071,hv2-u00021,baseline,hv2:ramp20:20,app_store,revisited,2026-08-07T05:16:16.939Z,,,n-hv2-u00021,
hv2-e000072,hv2-u00021,baseline,hv2:ramp20:20,app_store,task_completed,2026-08-07T05:21:16.939Z,,,n-hv2-u00021,t-hv2-u00021-1
hv2-e001156,hv2-u00325,baseline,hv2:ramp20:20,paid_social,assigned,2026-08-07T05:35:37.362Z,,,,
hv2-e001789,hv2-u00494,baseline,hv2:ramp20:20,paid_social,assigned,2026-08-07T06:10:57.795Z,,,,
hv2-e001790,hv2-u00494,baseline,hv2:ramp20:20,paid_social,note_saved,2026-08-07T06:14:57.795Z,,,n-hv2-u00494,
hv2-e001181,hv2-u00333,task_first,hv2:ramp20:20,app_store,assigned,2026-08-07T06:15:15.161Z,,,,
hv2-e001791,hv2-u00494,baseline,hv2:ramp20:20,paid_social,task_created,2026-08-07T06:16:57.795Z,,,n-hv2-u00494,t-hv2-u00494-1
hv2-e001792,hv2-u00494,baseline,hv2:ramp20:20,paid_social,task_created,2026-08-07T06:17:57.795Z,,,n-hv2-u00494,t-hv2-u00494-2
hv2-e001793,hv2-u00494,baseline,hv2:ramp20:20,paid_social,task_created,2026-08-07T06:18:57.795Z,,,n-hv2-u00494,t-hv2-u00494-3
hv2-e001182,hv2-u00333,task_first,hv2:ramp20:20,app_store,note_saved,2026-08-07T06:19:15.161Z,,,n-hv2-u00333,
hv2-e001183,hv2-u00333,task_first,hv2:ramp20:20,app_store,task_created,2026-08-07T06:21:15.161Z,,,n-hv2-u00333,t-hv2-u00333-1
hv2-e000165,hv2-u00049,baseline,hv2:ramp20:20,paid_social,assigned,2026-08-07T06:58:43.997Z,,,,
hv2-e001060,hv2-u00296,baseline,hv2:ramp20:20,paid_social,trial_started,2026-08-07T07:17:13.157Z,,,,
hv2-e001122,hv2-u00315,baseline,hv2:ramp20:20,paid_social,revisited,2026-08-07T07:44:10.543Z,,,n-hv2-u00315,
hv2-e001394,hv2-u00389,task_first,hv2:ramp20:20,paid_social,revisited,2026-08-07T07:53:21.495Z,,,n-hv2-u00389,
hv2-e000985,hv2-u00279,baseline,hv2:ramp20:20,app_store,assigned,2026-08-07T08:20:04.306Z,,,,
hv2-e000986,hv2-u00279,baseline,hv2:ramp20:20,app_store,note_saved,2026-08-07T08:24:04.306Z,,,n-hv2-u00279,
hv2-e000987,hv2-u00279,baseline,hv2:ramp20:20,app_store,task_created,2026-08-07T08:26:04.306Z,,,n-hv2-u00279,t-hv2-u00279-1
hv2-e000988,hv2-u00279,baseline,hv2:ramp20:20,app_store,task_created,2026-08-07T08:27:04.306Z,,,n-hv2-u00279,t-hv2-u00279-2
hv2-e001457,hv2-u00409,baseline,hv2:ramp20:20,app_store,revisited,2026-08-07T08:49:48.153Z,,,n-hv2-u00409,
hv2-e000292,hv2-u00081,baseline,hv2:ramp20:20,paid_social,assigned,2026-08-07T08:57:33.727Z,,,,
hv2-e000293,hv2-u00081,baseline,hv2:ramp20:20,paid_social,note_saved,2026-08-07T09:01:33.727Z,,,n-hv2-u00081,
hv2-e001594,hv2-u00445,baseline,hv2:ramp20:20,paid_social,revisited,2026-08-07T10:05:45.188Z,,,n-hv2-u00445,
hv2-e001595,hv2-u00445,baseline,hv2:ramp20:20,paid_social,task_completed,2026-08-07T10:10:45.188Z,,,n-hv2-u00445,t-hv2-u00445-1
hv2-e000519,hv2-u00143,baseline,hv2:ramp20:20,app_store,assigned,2026-08-07T10:11:30.993Z,,,,
hv2-e000520,hv2-u00143,baseline,hv2:ramp20:20,app_store,note_saved,2026-08-07T10:15:30.993Z,,,n-hv2-u00143,
hv2-e000521,hv2-u00143,baseline,hv2:ramp20:20,app_store,task_created,2026-08-07T10:17:30.993Z,,,n-hv2-u00143,t-hv2-u00143-1
hv2-e000522,hv2-u00143,baseline,hv2:ramp20:20,app_store,task_created,2026-08-07T10:18:30.993Z,,,n-hv2-u00143,t-hv2-u00143-2
hv2-e000523,hv2-u00143,baseline,hv2:ramp20:20,app_store,task_created,2026-08-07T10:19:30.993Z,,,n-hv2-u00143,t-hv2-u00143-3
hv2-e001104,hv2-u00310,task_first,hv2:ramp20:20,paid_social,assigned,2026-08-07T10:21:39.970Z,,,,
hv2-e001050,hv2-u00294,baseline,hv2:ramp20:20,app_store,assigned,2026-08-07T10:52:28.706Z,,,,
hv2-e001045,hv2-u00293,baseline,hv2:ramp20:20,paid_social,assigned,2026-08-07T10:53:47.556Z,,,,
hv2-e001046,hv2-u00293,baseline,hv2:ramp20:20,paid_social,note_saved,2026-08-07T10:57:47.556Z,,,n-hv2-u00293,
hv2-e001047,hv2-u00293,baseline,hv2:ramp20:20,paid_social,task_created,2026-08-07T10:59:47.556Z,,,n-hv2-u00293,t-hv2-u00293-1
hv2-e001048,hv2-u00293,baseline,hv2:ramp20:20,paid_social,task_created,2026-08-07T11:00:47.556Z,,,n-hv2-u00293,t-hv2-u00293-2
hv2-e001049,hv2-u00293,baseline,hv2:ramp20:20,paid_social,task_created,2026-08-07T11:01:47.556Z,,,n-hv2-u00293,t-hv2-u00293-3
hv2-e001209,hv2-u00339,baseline,hv2:ramp20:20,paid_social,assigned,2026-08-07T11:22:27.795Z,,,,
hv2-e001210,hv2-u00339,baseline,hv2:ramp20:20,paid_social,note_saved,2026-08-07T11:26:27.795Z,,,n-hv2-u00339,
hv2-e000559,hv2-u00151,baseline,hv2:ramp20:20,paid_social,assigned,2026-08-07T11:27:41.257Z,,,,
hv2-e001211,hv2-u00339,baseline,hv2:ramp20:20,paid_social,task_created,2026-08-07T11:28:27.795Z,,,n-hv2-u00339,t-hv2-u00339-1
hv2-e000560,hv2-u00151,baseline,hv2:ramp20:20,paid_social,note_saved,2026-08-07T11:31:41.257Z,,,n-hv2-u00151,
hv2-e000561,hv2-u00151,baseline,hv2:ramp20:20,paid_social,task_created,2026-08-07T11:33:41.257Z,,,n-hv2-u00151,t-hv2-u00151-1
hv2-e001327,hv2-u00370,baseline,hv2:ramp20:20,paid_social,assigned,2026-08-07T11:42:46.780Z,,,,
hv2-e000715,hv2-u00194,task_first,hv2:ramp20:20,paid_social,revisited,2026-08-07T11:43:32.561Z,,,n-hv2-u00194,
hv2-e001328,hv2-u00370,baseline,hv2:ramp20:20,paid_social,note_saved,2026-08-07T11:46:46.780Z,,,n-hv2-u00370,
hv2-e001051,hv2-u00294,baseline,hv2:ramp20:20,app_store,trial_started,2026-08-07T11:52:28.706Z,,,,
hv2-e000970,hv2-u00274,baseline,hv2:ramp20:20,paid_social,assigned,2026-08-07T12:28:11.464Z,,,,
hv2-e000174,hv2-u00050,baseline,hv2:ramp20:20,organic_search,trial_started,2026-08-07T12:28:37.818Z,,,,
hv2-e000971,hv2-u00274,baseline,hv2:ramp20:20,paid_social,note_saved,2026-08-07T12:32:11.464Z,,,n-hv2-u00274,
hv2-e001573,hv2-u00440,baseline,hv2:ramp20:20,paid_social,trial_started,2026-08-07T12:36:49.674Z,,,,
hv2-e001184,hv2-u00334,baseline,hv2:ramp20:20,paid_social,assigned,2026-08-07T13:36:19.756Z,,,,
hv2-e001185,hv2-u00334,baseline,hv2:ramp20:20,paid_social,note_saved,2026-08-07T13:40:19.756Z,,,n-hv2-u00334,
hv2-e001186,hv2-u00334,baseline,hv2:ramp20:20,paid_social,task_created,2026-08-07T13:42:19.756Z,,,n-hv2-u00334,t-hv2-u00334-1
hv2-e001187,hv2-u00334,baseline,hv2:ramp20:20,paid_social,task_created,2026-08-07T13:43:19.756Z,,,n-hv2-u00334,t-hv2-u00334-2
hv2-e001509,hv2-u00422,baseline,hv2:ramp20:20,organic_search,trial_started,2026-08-07T14:26:51.665Z,,,,
hv2-e001840,hv2-u00506,task_first,hv2:ramp20:20,organic_search,revisited,2026-08-07T14:44:25.715Z,,,n-hv2-u00506,
hv2-e001841,hv2-u00506,task_first,hv2:ramp20:20,organic_search,task_completed,2026-08-07T14:49:25.715Z,,,n-hv2-u00506,t-hv2-u00506-1
hv2-e000775,hv2-u00213,baseline,hv2:ramp20:20,paid_social,assigned,2026-08-07T15:04:13.205Z,,,,
hv2-e001887,hv2-u00518,baseline,hv2:ramp20:20,organic_search,assigned,2026-08-07T15:28:29.568Z,,,,
hv2-e001888,hv2-u00518,baseline,hv2:ramp20:20,organic_search,note_saved,2026-08-07T15:32:29.568Z,,,n-hv2-u00518,
hv2-e001222,hv2-u00343,baseline,hv2:ramp20:20,organic_search,assigned,2026-08-07T15:35:28.766Z,,,,
hv2-e001223,hv2-u00343,baseline,hv2:ramp20:20,organic_search,note_saved,2026-08-07T15:39:28.766Z,,,n-hv2-u00343,
hv2-e000053,hv2-u00016,baseline,hv2:ramp20:20,paid_social,assigned,2026-08-07T15:44:40.967Z,,,,
hv2-e000321,hv2-u00089,task_first,hv2:ramp20:20,app_store,assigned,2026-08-07T15:44:56.077Z,,,,
hv2-e001313,hv2-u00367,task_first,hv2:ramp20:20,paid_social,assigned,2026-08-07T16:09:43.302Z,,,,
hv2-e000423,hv2-u00120,task_first,hv2:ramp20:20,organic_search,assigned,2026-08-07T16:09:47.138Z,,,,
hv2-e000424,hv2-u00120,task_first,hv2:ramp20:20,organic_search,note_saved,2026-08-07T16:13:47.138Z,,,n-hv2-u00120,
hv2-e000425,hv2-u00120,task_first,hv2:ramp20:20,organic_search,task_created,2026-08-07T16:15:47.138Z,,,n-hv2-u00120,t-hv2-u00120-1
hv2-e000426,hv2-u00120,task_first,hv2:ramp20:20,organic_search,task_created,2026-08-07T16:16:47.138Z,,,n-hv2-u00120,t-hv2-u00120-2
hv2-e001131,hv2-u00317,task_first,hv2:ramp20:20,paid_social,revisited,2026-08-07T16:17:40.815Z,,,n-hv2-u00317,
hv2-e000427,hv2-u00120,task_first,hv2:ramp20:20,organic_search,task_created,2026-08-07T16:17:47.138Z,,,n-hv2-u00120,t-hv2-u00120-3
hv2-e001132,hv2-u00317,task_first,hv2:ramp20:20,paid_social,task_completed,2026-08-07T16:22:40.815Z,,,n-hv2-u00317,t-hv2-u00317-1
hv2-e001741,hv2-u00481,baseline,hv2:ramp20:20,organic_search,assigned,2026-08-07T16:24:44.227Z,,,,
hv2-e001742,hv2-u00481,baseline,hv2:ramp20:20,organic_search,note_saved,2026-08-07T16:28:44.227Z,,,n-hv2-u00481,
hv2-e001743,hv2-u00481,baseline,hv2:ramp20:20,organic_search,task_created,2026-08-07T16:30:44.227Z,,,n-hv2-u00481,t-hv2-u00481-1
hv2-e001744,hv2-u00481,baseline,hv2:ramp20:20,organic_search,task_created,2026-08-07T16:31:44.227Z,,,n-hv2-u00481,t-hv2-u00481-2
hv2-e001745,hv2-u00481,baseline,hv2:ramp20:20,organic_search,task_created,2026-08-07T16:32:44.227Z,,,n-hv2-u00481,t-hv2-u00481-3
hv2-e000018,hv2-u00006,baseline,hv2:ramp20:20,paid_social,assigned,2026-08-07T16:34:32.288Z,,,,
hv2-e000019,hv2-u00006,baseline,hv2:ramp20:20,paid_social,note_saved,2026-08-07T16:38:32.288Z,,,n-hv2-u00006,
hv2-e001753,hv2-u00483,baseline,hv2:ramp20:20,referral,revisited,2026-08-07T16:39:53.626Z,,,n-hv2-u00483,
hv2-e000460,hv2-u00130,baseline,hv2:ramp20:20,app_store,assigned,2026-08-07T16:40:57.710Z,,,,
hv2-e001754,hv2-u00483,baseline,hv2:ramp20:20,referral,task_completed,2026-08-07T16:44:53.626Z,,,n-hv2-u00483,t-hv2-u00483-1
hv2-e000461,hv2-u00130,baseline,hv2:ramp20:20,app_store,note_saved,2026-08-07T16:44:57.710Z,,,n-hv2-u00130,
hv2-e000462,hv2-u00130,baseline,hv2:ramp20:20,app_store,task_created,2026-08-07T16:46:57.710Z,,,n-hv2-u00130,t-hv2-u00130-1
hv2-e000463,hv2-u00130,baseline,hv2:ramp20:20,app_store,task_created,2026-08-07T16:47:57.710Z,,,n-hv2-u00130,t-hv2-u00130-2
hv2-e000464,hv2-u00130,baseline,hv2:ramp20:20,app_store,task_created,2026-08-07T16:48:57.710Z,,,n-hv2-u00130,t-hv2-u00130-3
hv2-e000020,hv2-u00006,baseline,hv2:ramp20:20,paid_social,trial_started,2026-08-07T17:34:32.288Z,,,,
hv2-e000091,hv2-u00026,baseline,hv2:ramp20:20,paid_social,assigned,2026-08-07T17:59:41.479Z,,,,
hv2-e000574,hv2-u00154,task_first,hv2:ramp20:20,paid_social,revisited,2026-08-07T18:16:17.736Z,,,n-hv2-u00154,
hv2-e001193,hv2-u00335,baseline,hv2:ramp20:20,app_store,revisited,2026-08-07T18:38:57.247Z,,,n-hv2-u00335,
hv2-e001656,hv2-u00459,baseline,hv2:ramp20:20,paid_social,assigned,2026-08-07T18:41:12.731Z,,,,
hv2-e001194,hv2-u00335,baseline,hv2:ramp20:20,app_store,task_completed,2026-08-07T18:43:57.247Z,,,n-hv2-u00335,t-hv2-u00335-1
hv2-e001657,hv2-u00459,baseline,hv2:ramp20:20,paid_social,note_saved,2026-08-07T18:45:12.731Z,,,n-hv2-u00459,
hv2-e001658,hv2-u00459,baseline,hv2:ramp20:20,paid_social,task_created,2026-08-07T18:47:12.731Z,,,n-hv2-u00459,t-hv2-u00459-1
hv2-e001659,hv2-u00459,baseline,hv2:ramp20:20,paid_social,task_created,2026-08-07T18:48:12.731Z,,,n-hv2-u00459,t-hv2-u00459-2
hv2-e000489,hv2-u00137,baseline,hv2:ramp20:20,paid_social,assigned,2026-08-07T18:51:55.730Z,,,,
hv2-e001651,hv2-u00458,task_first,hv2:ramp20:20,paid_social,assigned,2026-08-07T18:53:23.533Z,,,,
hv2-e000490,hv2-u00137,baseline,hv2:ramp20:20,paid_social,note_saved,2026-08-07T18:55:55.730Z,,,n-hv2-u00137,
hv2-e001652,hv2-u00458,task_first,hv2:ramp20:20,paid_social,note_saved,2026-08-07T18:57:23.533Z,,,n-hv2-u00458,
hv2-e000491,hv2-u00137,baseline,hv2:ramp20:20,paid_social,task_created,2026-08-07T18:57:55.730Z,,,n-hv2-u00137,t-hv2-u00137-1
hv2-e001653,hv2-u00458,task_first,hv2:ramp20:20,paid_social,task_created,2026-08-07T18:59:23.533Z,,,n-hv2-u00458,t-hv2-u00458-1
hv2-e000093,hv2-u00026,baseline,hv2:ramp20:20,paid_social,trial_started,2026-08-07T18:59:41.479Z,,,,
hv2-e001654,hv2-u00458,task_first,hv2:ramp20:20,paid_social,task_created,2026-08-07T19:00:23.533Z,,,n-hv2-u00458,t-hv2-u00458-2
hv2-e001655,hv2-u00458,task_first,hv2:ramp20:20,paid_social,task_created,2026-08-07T19:01:23.533Z,,,n-hv2-u00458,t-hv2-u00458-3
hv2-e000235,hv2-u00065,baseline,hv2:ramp20:20,referral,trial_started,2026-08-07T19:08:03.179Z,,,,
hv2-e000806,hv2-u00224,baseline,hv2:ramp20:20,organic_search,trial_started,2026-08-07T19:13:46.271Z,,,,
hv2-e000575,hv2-u00155,baseline,hv2:ramp20:20,paid_social,assigned,2026-08-07T19:19:34.996Z,,,,
hv2-e000576,hv2-u00155,baseline,hv2:ramp20:20,paid_social,note_saved,2026-08-07T19:23:34.996Z,,,n-hv2-u00155,
hv2-e000577,hv2-u00155,baseline,hv2:ramp20:20,paid_social,task_created,2026-08-07T19:25:34.996Z,,,n-hv2-u00155,t-hv2-u00155-1
hv2-e000841,hv2-u00238,baseline,hv2:ramp20:20,paid_social,assigned,2026-08-07T19:35:40.490Z,,,,
hv2-e000842,hv2-u00238,baseline,hv2:ramp20:20,paid_social,note_saved,2026-08-07T19:39:40.490Z,,,n-hv2-u00238,
hv2-e000512,hv2-u00141,baseline,hv2:ramp20:20,paid_social,revisited,2026-08-07T20:08:54.680Z,,,n-hv2-u00141,
hv2-e000343,hv2-u00097,baseline,hv2:ramp20:20,paid_social,assigned,2026-08-07T20:09:18.845Z,,,,
hv2-e000344,hv2-u00097,baseline,hv2:ramp20:20,paid_social,note_saved,2026-08-07T20:13:18.845Z,,,n-hv2-u00097,
hv2-e000345,hv2-u00097,baseline,hv2:ramp20:20,paid_social,task_created,2026-08-07T20:15:18.845Z,,,n-hv2-u00097,t-hv2-u00097-1
hv2-e001604,hv2-u00448,baseline,hv2:ramp20:20,paid_social,assigned,2026-08-07T20:15:22.869Z,,,,
hv2-e001605,hv2-u00448,baseline,hv2:ramp20:20,paid_social,note_saved,2026-08-07T20:19:22.869Z,,,n-hv2-u00448,
hv2-e001606,hv2-u00448,baseline,hv2:ramp20:20,paid_social,task_created,2026-08-07T20:21:22.869Z,,,n-hv2-u00448,t-hv2-u00448-1
hv2-e001607,hv2-u00448,baseline,hv2:ramp20:20,paid_social,task_created,2026-08-07T20:22:22.869Z,,,n-hv2-u00448,t-hv2-u00448-2
hv2-e001608,hv2-u00448,baseline,hv2:ramp20:20,paid_social,task_created,2026-08-07T20:23:22.869Z,,,n-hv2-u00448,t-hv2-u00448-3
hv2-e001100,hv2-u00308,baseline,hv2:ramp20:20,paid_social,assigned,2026-08-07T21:33:31.821Z,,,,
hv2-e001101,hv2-u00308,baseline,hv2:ramp20:20,paid_social,note_saved,2026-08-07T21:37:31.821Z,,,n-hv2-u00308,
hv2-e000922,hv2-u00261,baseline,hv2:ramp20:20,paid_social,assigned,2026-08-07T21:57:19.481Z,,,,
hv2-e000923,hv2-u00261,baseline,hv2:ramp20:20,paid_social,note_saved,2026-08-07T22:01:19.481Z,,,n-hv2-u00261,
hv2-e000924,hv2-u00261,baseline,hv2:ramp20:20,paid_social,task_created,2026-08-07T22:03:19.481Z,,,n-hv2-u00261,t-hv2-u00261-1
hv2-e001219,hv2-u00342,baseline,hv2:ramp20:20,paid_social,assigned,2026-08-07T22:03:46.157Z,,,,
hv2-e000925,hv2-u00261,baseline,hv2:ramp20:20,paid_social,task_created,2026-08-07T22:04:19.481Z,,,n-hv2-u00261,t-hv2-u00261-2
hv2-e000926,hv2-u00261,baseline,hv2:ramp20:20,paid_social,task_created,2026-08-07T22:05:19.481Z,,,n-hv2-u00261,t-hv2-u00261-3
hv2-e001554,hv2-u00436,baseline,hv2:ramp20:20,paid_social,assigned,2026-08-07T22:20:02.048Z,,,,
hv2-e001555,hv2-u00436,baseline,hv2:ramp20:20,paid_social,note_saved,2026-08-07T22:24:02.048Z,,,n-hv2-u00436,
hv2-e001556,hv2-u00436,baseline,hv2:ramp20:20,paid_social,task_created,2026-08-07T22:26:02.048Z,,,n-hv2-u00436,t-hv2-u00436-1
hv2-e000358,hv2-u00102,baseline,hv2:ramp20:20,organic_search,assigned,2026-08-07T22:31:11.415Z,,,,
hv2-e000408,hv2-u00115,task_first,hv2:ramp20:20,paid_social,revisited,2026-08-07T22:31:59.594Z,,,n-hv2-u00115,
hv2-e000359,hv2-u00102,baseline,hv2:ramp20:20,organic_search,note_saved,2026-08-07T22:35:11.415Z,,,n-hv2-u00102,
hv2-e000207,hv2-u00059,baseline,hv2:ramp20:20,paid_social,assigned,2026-08-07T22:35:59.676Z,,,,
hv2-e000409,hv2-u00115,task_first,hv2:ramp20:20,paid_social,task_completed,2026-08-07T22:36:59.594Z,,,n-hv2-u00115,t-hv2-u00115-1
hv2-e000556,hv2-u00150,baseline,hv2:ramp20:20,paid_social,assigned,2026-08-07T22:39:40.362Z,,,,
hv2-e000208,hv2-u00059,baseline,hv2:ramp20:20,paid_social,note_saved,2026-08-07T22:39:59.676Z,,,n-hv2-u00059,
hv2-e001599,hv2-u00447,baseline,hv2:ramp20:20,paid_social,assigned,2026-08-07T22:43:08.308Z,,,,
hv2-e000557,hv2-u00150,baseline,hv2:ramp20:20,paid_social,note_saved,2026-08-07T22:43:40.362Z,,,n-hv2-u00150,
hv2-e000558,hv2-u00150,baseline,hv2:ramp20:20,paid_social,task_created,2026-08-07T22:45:40.362Z,,,n-hv2-u00150,t-hv2-u00150-1
hv2-e001600,hv2-u00447,baseline,hv2:ramp20:20,paid_social,note_saved,2026-08-07T22:47:08.308Z,,,n-hv2-u00447,
hv2-e001601,hv2-u00447,baseline,hv2:ramp20:20,paid_social,task_created,2026-08-07T22:49:08.308Z,,,n-hv2-u00447,t-hv2-u00447-1
hv2-e001602,hv2-u00447,baseline,hv2:ramp20:20,paid_social,task_created,2026-08-07T22:50:08.308Z,,,n-hv2-u00447,t-hv2-u00447-2
hv2-e001300,hv2-u00363,baseline,hv2:ramp20:20,paid_social,assigned,2026-08-07T22:59:25.266Z,,,,
hv2-e001077,hv2-u00300,task_first,hv2:ramp20:20,paid_social,trial_started,2026-08-07T23:02:30.632Z,,,,
hv2-e001220,hv2-u00342,baseline,hv2:ramp20:20,paid_social,trial_started,2026-08-07T23:03:46.157Z,,,,
hv2-e000446,hv2-u00127,baseline,hv2:ramp20:20,paid_social,assigned,2026-08-07T23:14:06.013Z,,,,
hv2-e000447,hv2-u00127,baseline,hv2:ramp20:20,paid_social,note_saved,2026-08-07T23:18:06.013Z,,,n-hv2-u00127,
hv2-e000448,hv2-u00127,baseline,hv2:ramp20:20,paid_social,task_created,2026-08-07T23:20:06.013Z,,,n-hv2-u00127,t-hv2-u00127-1
hv2-e000349,hv2-u00098,baseline,hv2:ramp20:20,paid_social,revisited,2026-08-08T00:33:53.881Z,,,n-hv2-u00098,
hv2-e000931,hv2-u00264,baseline,hv2:ramp20:20,paid_social,assigned,2026-08-08T00:48:46.804Z,,,,
hv2-e000932,hv2-u00264,baseline,hv2:ramp20:20,paid_social,note_saved,2026-08-08T00:52:46.804Z,,,n-hv2-u00264,
hv2-e000933,hv2-u00264,baseline,hv2:ramp20:20,paid_social,task_created,2026-08-08T00:54:46.804Z,,,n-hv2-u00264,t-hv2-u00264-1
hv2-e000539,hv2-u00147,baseline,hv2:ramp20:20,paid_social,assigned,2026-08-08T01:23:18.873Z,,,,
hv2-e000540,hv2-u00147,baseline,hv2:ramp20:20,paid_social,note_saved,2026-08-08T01:27:18.873Z,,,n-hv2-u00147,
hv2-e000541,hv2-u00147,baseline,hv2:ramp20:20,paid_social,task_created,2026-08-08T01:29:18.873Z,,,n-hv2-u00147,t-hv2-u00147-1
hv2-e000542,hv2-u00147,baseline,hv2:ramp20:20,paid_social,task_created,2026-08-08T01:30:18.873Z,,,n-hv2-u00147,t-hv2-u00147-2
hv2-e000543,hv2-u00147,baseline,hv2:ramp20:20,paid_social,task_created,2026-08-08T01:31:18.873Z,,,n-hv2-u00147,t-hv2-u00147-3
hv2-e000778,hv2-u00215,task_first,hv2:ramp20:20,paid_social,assigned,2026-08-08T02:10:45.395Z,,,,
hv2-e000350,hv2-u00099,baseline,hv2:ramp20:20,paid_social,assigned,2026-08-08T02:12:42.022Z,,,,
hv2-e001202,hv2-u00338,task_first,hv2:ramp20:20,referral,assigned,2026-08-08T02:13:08.814Z,,,,
hv2-e000779,hv2-u00215,task_first,hv2:ramp20:20,paid_social,note_saved,2026-08-08T02:14:45.395Z,,,n-hv2-u00215,
hv2-e000351,hv2-u00099,baseline,hv2:ramp20:20,paid_social,note_saved,2026-08-08T02:16:42.022Z,,,n-hv2-u00099,
hv2-e000780,hv2-u00215,task_first,hv2:ramp20:20,paid_social,task_created,2026-08-08T02:16:45.395Z,,,n-hv2-u00215,t-hv2-u00215-1
hv2-e001203,hv2-u00338,task_first,hv2:ramp20:20,referral,note_saved,2026-08-08T02:17:08.814Z,,,n-hv2-u00338,
hv2-e001204,hv2-u00338,task_first,hv2:ramp20:20,referral,task_created,2026-08-08T02:19:08.814Z,,,n-hv2-u00338,t-hv2-u00338-1
hv2-e001205,hv2-u00338,task_first,hv2:ramp20:20,referral,task_created,2026-08-08T02:20:08.814Z,,,n-hv2-u00338,t-hv2-u00338-2
hv2-e001206,hv2-u00338,task_first,hv2:ramp20:20,referral,task_created,2026-08-08T02:21:08.814Z,,,n-hv2-u00338,t-hv2-u00338-3
hv2-e000972,hv2-u00275,task_first,hv2:ramp20:20,organic_search,assigned,2026-08-08T02:38:02.112Z,,,,
hv2-e000973,hv2-u00275,task_first,hv2:ramp20:20,organic_search,note_saved,2026-08-08T02:42:02.112Z,,,n-hv2-u00275,
hv2-e000974,hv2-u00275,task_first,hv2:ramp20:20,organic_search,task_created,2026-08-08T02:44:02.112Z,,,n-hv2-u00275,t-hv2-u00275-1
hv2-e001673,hv2-u00463,baseline,hv2:ramp20:20,paid_social,assigned,2026-08-08T02:55:24.412Z,,,,
hv2-e001584,hv2-u00443,task_first,hv2:ramp20:20,paid_social,revisited,2026-08-08T03:08:25.651Z,,,n-hv2-u00443,
hv2-e001462,hv2-u00411,task_first,hv2:ramp20:20,paid_social,assigned,2026-08-08T03:14:16.482Z,,,,
hv2-e001707,hv2-u00471,baseline,hv2:ramp20:20,app_store,revisited,2026-08-08T03:29:31.144Z,,,n-hv2-u00471,
hv2-e001675,hv2-u00464,baseline,hv2:ramp20:20,paid_social,assigned,2026-08-08T03:53:16.001Z,,,,
hv2-e001676,hv2-u00464,baseline,hv2:ramp20:20,paid_social,note_saved,2026-08-08T03:57:16.001Z,,,n-hv2-u00464,
hv2-e001677,hv2-u00464,baseline,hv2:ramp20:20,paid_social,task_created,2026-08-08T03:59:16.001Z,,,n-hv2-u00464,t-hv2-u00464-1
hv2-e000031,hv2-u00010,baseline,hv2:ramp20:20,app_store,assigned,2026-08-08T04:03:27.611Z,,,,
hv2-e000639,hv2-u00172,baseline,hv2:ramp20:20,paid_social,assigned,2026-08-08T04:05:42.602Z,,,,
hv2-e000640,hv2-u00172,baseline,hv2:ramp20:20,paid_social,note_saved,2026-08-08T04:09:42.602Z,,,n-hv2-u00172,
hv2-e000740,hv2-u00202,baseline,hv2:ramp20:20,organic_search,assigned,2026-08-08T04:28:27.672Z,,,,
hv2-e000468,hv2-u00132,baseline,hv2:ramp20:20,referral,assigned,2026-08-08T04:30:12.379Z,,,,
hv2-e000710,hv2-u00192,baseline,hv2:ramp20:20,paid_social,assigned,2026-08-08T04:33:39.641Z,,,,
hv2-e000469,hv2-u00132,baseline,hv2:ramp20:20,referral,note_saved,2026-08-08T04:34:12.379Z,,,n-hv2-u00132,
hv2-e000470,hv2-u00132,baseline,hv2:ramp20:20,referral,task_created,2026-08-08T04:36:12.379Z,,,n-hv2-u00132,t-hv2-u00132-1
hv2-e001265,hv2-u00355,baseline,hv2:ramp20:20,app_store,assigned,2026-08-08T05:43:25.520Z,,,,
hv2-e000420,hv2-u00119,baseline,hv2:ramp20:20,paid_social,assigned,2026-08-08T05:45:20.777Z,,,,
hv2-e001266,hv2-u00355,baseline,hv2:ramp20:20,app_store,note_saved,2026-08-08T05:47:25.520Z,,,n-hv2-u00355,
hv2-e000421,hv2-u00119,baseline,hv2:ramp20:20,paid_social,note_saved,2026-08-08T05:49:20.777Z,,,n-hv2-u00119,
hv2-e000422,hv2-u00119,baseline,hv2:ramp20:20,paid_social,task_created,2026-08-08T05:51:20.777Z,,,n-hv2-u00119,t-hv2-u00119-1
hv2-e001175,hv2-u00331,baseline,hv2:ramp20:20,app_store,revisited,2026-08-08T06:09:06.701Z,,,n-hv2-u00331,
hv2-e001176,hv2-u00331,baseline,hv2:ramp20:20,app_store,task_completed,2026-08-08T06:14:06.701Z,,,n-hv2-u00331,t-hv2-u00331-1
hv2-e000062,hv2-u00019,baseline,hv2:ramp20:20,paid_social,assigned,2026-08-08T06:24:55.835Z,,,,
hv2-e000063,hv2-u00019,baseline,hv2:ramp20:20,paid_social,note_saved,2026-08-08T06:28:55.835Z,,,n-hv2-u00019,
hv2-e000287,hv2-u00080,baseline,hv2:ramp20:20,paid_social,assigned,2026-08-08T06:41:43.683Z,,,,
hv2-e000288,hv2-u00080,baseline,hv2:ramp20:20,paid_social,note_saved,2026-08-08T06:45:43.683Z,,,n-hv2-u00080,
hv2-e000289,hv2-u00080,baseline,hv2:ramp20:20,paid_social,task_created,2026-08-08T06:47:43.683Z,,,n-hv2-u00080,t-hv2-u00080-1
hv2-e000290,hv2-u00080,baseline,hv2:ramp20:20,paid_social,task_created,2026-08-08T06:48:43.683Z,,,n-hv2-u00080,t-hv2-u00080-2
hv2-e000291,hv2-u00080,baseline,hv2:ramp20:20,paid_social,task_created,2026-08-08T06:49:43.683Z,,,n-hv2-u00080,t-hv2-u00080-3
hv2-e001400,hv2-u00392,baseline,hv2:ramp20:20,organic_search,assigned,2026-08-08T06:52:36.856Z,,,,
hv2-e001401,hv2-u00392,baseline,hv2:ramp20:20,organic_search,note_saved,2026-08-08T06:56:36.856Z,,,n-hv2-u00392,
hv2-e001761,hv2-u00486,baseline,hv2:ramp20:20,paid_social,revisited,2026-08-08T07:00:09.289Z,,,n-hv2-u00486,
hv2-e000220,hv2-u00063,baseline,hv2:ramp20:20,paid_social,assigned,2026-08-08T07:22:32.607Z,,,,
hv2-e000221,hv2-u00063,baseline,hv2:ramp20:20,paid_social,note_saved,2026-08-08T07:26:32.607Z,,,n-hv2-u00063,
hv2-e001296,hv2-u00362,baseline,hv2:ramp20:20,app_store,assigned,2026-08-08T07:27:33.720Z,,,,
hv2-e000222,hv2-u00063,baseline,hv2:ramp20:20,paid_social,task_created,2026-08-08T07:28:32.607Z,,,n-hv2-u00063,t-hv2-u00063-1
hv2-e001297,hv2-u00362,baseline,hv2:ramp20:20,app_store,note_saved,2026-08-08T07:31:33.720Z,,,n-hv2-u00362,
hv2-e001298,hv2-u00362,baseline,hv2:ramp20:20,app_store,task_created,2026-08-08T07:33:33.720Z,,,n-hv2-u00362,t-hv2-u00362-1
hv2-e001281,hv2-u00359,task_first,hv2:ramp20:20,paid_social,assigned,2026-08-08T07:57:53.542Z,,,,
hv2-e001282,hv2-u00359,task_first,hv2:ramp20:20,paid_social,note_saved,2026-08-08T08:01:53.542Z,,,n-hv2-u00359,
hv2-e001283,hv2-u00359,task_first,hv2:ramp20:20,paid_social,task_created,2026-08-08T08:03:53.542Z,,,n-hv2-u00359,t-hv2-u00359-1
hv2-e001284,hv2-u00359,task_first,hv2:ramp20:20,paid_social,task_created,2026-08-08T08:04:53.542Z,,,n-hv2-u00359,t-hv2-u00359-2
hv2-e001285,hv2-u00359,task_first,hv2:ramp20:20,paid_social,task_created,2026-08-08T08:05:53.542Z,,,n-hv2-u00359,t-hv2-u00359-3
hv2-e000707,hv2-u00190,baseline,hv2:ramp20:20,paid_social,revisited,2026-08-08T08:46:53.997Z,,,n-hv2-u00190,
hv2-e000385,hv2-u00109,baseline,hv2:ramp20:20,app_store,assigned,2026-08-08T08:46:58.449Z,,,,
hv2-e000989,hv2-u00279,baseline,hv2:ramp20:20,app_store,revisited,2026-08-08T08:50:04.306Z,,,n-hv2-u00279,
hv2-e000941,hv2-u00267,baseline,hv2:ramp20:20,paid_social,assigned,2026-08-08T08:50:35.568Z,,,,
hv2-e000386,hv2-u00109,baseline,hv2:ramp20:20,app_store,note_saved,2026-08-08T08:50:58.449Z,,,n-hv2-u00109,
hv2-e000387,hv2-u00109,baseline,hv2:ramp20:20,app_store,task_created,2026-08-08T08:52:58.449Z,,,n-hv2-u00109,t-hv2-u00109-1
hv2-e000388,hv2-u00109,baseline,hv2:ramp20:20,app_store,task_created,2026-08-08T08:53:58.449Z,,,n-hv2-u00109,t-hv2-u00109-2
hv2-e000942,hv2-u00267,baseline,hv2:ramp20:20,paid_social,note_saved,2026-08-08T08:54:35.568Z,,,n-hv2-u00267,
hv2-e000990,hv2-u00279,baseline,hv2:ramp20:20,app_store,task_completed,2026-08-08T08:55:04.306Z,,,n-hv2-u00279,t-hv2-u00279-1
hv2-e000943,hv2-u00267,baseline,hv2:ramp20:20,paid_social,task_created,2026-08-08T08:56:35.568Z,,,n-hv2-u00267,t-hv2-u00267-1
hv2-e000944,hv2-u00267,baseline,hv2:ramp20:20,paid_social,task_created,2026-08-08T08:57:35.568Z,,,n-hv2-u00267,t-hv2-u00267-2
hv2-e000945,hv2-u00267,baseline,hv2:ramp20:20,paid_social,task_created,2026-08-08T08:58:35.568Z,,,n-hv2-u00267,t-hv2-u00267-3
hv2-e001382,hv2-u00386,baseline,hv2:ramp20:20,app_store,revisited,2026-08-08T09:11:22.254Z,,,n-hv2-u00386,
hv2-e001383,hv2-u00386,baseline,hv2:ramp20:20,app_store,task_completed,2026-08-08T09:16:22.254Z,,,n-hv2-u00386,t-hv2-u00386-1
hv2-e000531,hv2-u00145,baseline,hv2:ramp20:20,paid_social,assigned,2026-08-08T09:24:42.227Z,,,,
hv2-e000532,hv2-u00145,baseline,hv2:ramp20:20,paid_social,note_saved,2026-08-08T09:28:42.227Z,,,n-hv2-u00145,
hv2-e000533,hv2-u00145,baseline,hv2:ramp20:20,paid_social,task_created,2026-08-08T09:30:42.227Z,,,n-hv2-u00145,t-hv2-u00145-1
hv2-e000119,hv2-u00036,task_first,hv2:ramp20:20,paid_social,assigned,2026-08-08T09:51:45.889Z,,,,
hv2-e000120,hv2-u00036,task_first,hv2:ramp20:20,paid_social,note_saved,2026-08-08T09:55:45.889Z,,,n-hv2-u00036,
hv2-e000121,hv2-u00036,task_first,hv2:ramp20:20,paid_social,task_created,2026-08-08T09:57:45.889Z,,,n-hv2-u00036,t-hv2-u00036-1
hv2-e000122,hv2-u00036,task_first,hv2:ramp20:20,paid_social,task_created,2026-08-08T09:58:45.889Z,,,n-hv2-u00036,t-hv2-u00036-2
hv2-e000123,hv2-u00036,task_first,hv2:ramp20:20,paid_social,task_created,2026-08-08T09:59:45.889Z,,,n-hv2-u00036,t-hv2-u00036-3
hv2-e000271,hv2-u00075,baseline,hv2:ramp20:20,paid_social,revisited,2026-08-08T10:08:12.139Z,,,n-hv2-u00075,
hv2-e000272,hv2-u00075,baseline,hv2:ramp20:20,paid_social,task_completed,2026-08-08T10:13:12.139Z,,,n-hv2-u00075,t-hv2-u00075-1
hv2-e000195,hv2-u00055,baseline,hv2:ramp20:20,paid_social,revisited,2026-08-08T10:19:59.359Z,,,n-hv2-u00055,
hv2-e001545,hv2-u00433,baseline,hv2:ramp20:20,paid_social,revisited,2026-08-08T10:47:08.589Z,,,n-hv2-u00433,
hv2-e001140,hv2-u00320,baseline,hv2:ramp20:20,organic_search,assigned,2026-08-08T11:15:44.075Z,,,,
hv2-e001141,hv2-u00320,baseline,hv2:ramp20:20,organic_search,note_saved,2026-08-08T11:19:44.075Z,,,n-hv2-u00320,
hv2-e001142,hv2-u00320,baseline,hv2:ramp20:20,organic_search,task_created,2026-08-08T11:21:44.075Z,,,n-hv2-u00320,t-hv2-u00320-1
hv2-e000849,hv2-u00239,baseline,hv2:ramp20:20,app_store,trial_started,2026-08-08T11:28:25.867Z,,,,
hv2-e001572,hv2-u00440,baseline,hv2:ramp20:20,paid_social,revisited,2026-08-08T11:36:49.674Z,,,n-hv2-u00440,
hv2-e000619,hv2-u00168,baseline,hv2:ramp20:20,organic_search,assigned,2026-08-08T11:53:07.773Z,,,,
hv2-e000957,hv2-u00270,baseline,hv2:ramp20:20,paid_social,assigned,2026-08-08T11:54:05.099Z,,,,
hv2-e000620,hv2-u00168,baseline,hv2:ramp20:20,organic_search,note_saved,2026-08-08T11:57:07.773Z,,,n-hv2-u00168,
hv2-e000958,hv2-u00270,baseline,hv2:ramp20:20,paid_social,note_saved,2026-08-08T11:58:05.099Z,,,n-hv2-u00270,
hv2-e000959,hv2-u00270,baseline,hv2:ramp20:20,paid_social,task_created,2026-08-08T12:00:05.099Z,,,n-hv2-u00270,t-hv2-u00270-1
hv2-e000960,hv2-u00270,baseline,hv2:ramp20:20,paid_social,task_created,2026-08-08T12:01:05.099Z,,,n-hv2-u00270,t-hv2-u00270-2
hv2-e000325,hv2-u00091,baseline,hv2:ramp20:20,paid_social,assigned,2026-08-08T12:06:08.926Z,,,,
hv2-e000326,hv2-u00091,baseline,hv2:ramp20:20,paid_social,note_saved,2026-08-08T12:10:08.926Z,,,n-hv2-u00091,
hv2-e000901,hv2-u00255,baseline,hv2:ramp20:20,paid_social,assigned,2026-08-08T12:10:48.337Z,,,,
hv2-e000902,hv2-u00255,baseline,hv2:ramp20:20,paid_social,note_saved,2026-08-08T12:14:48.337Z,,,n-hv2-u00255,
hv2-e000903,hv2-u00255,baseline,hv2:ramp20:20,paid_social,task_created,2026-08-08T12:16:48.337Z,,,n-hv2-u00255,t-hv2-u00255-1
hv2-e000904,hv2-u00255,baseline,hv2:ramp20:20,paid_social,task_created,2026-08-08T12:17:48.337Z,,,n-hv2-u00255,t-hv2-u00255-2
hv2-e000905,hv2-u00255,baseline,hv2:ramp20:20,paid_social,task_created,2026-08-08T12:18:48.337Z,,,n-hv2-u00255,t-hv2-u00255-3
hv2-e000975,hv2-u00276,baseline,hv2:ramp20:20,organic_search,assigned,2026-08-08T12:27:00.391Z,,,,
hv2-e000976,hv2-u00276,baseline,hv2:ramp20:20,organic_search,note_saved,2026-08-08T12:31:00.391Z,,,n-hv2-u00276,
hv2-e001548,hv2-u00435,baseline,hv2:ramp20:20,organic_search,assigned,2026-08-08T12:53:02.589Z,,,,
hv2-e001549,hv2-u00435,baseline,hv2:ramp20:20,organic_search,note_saved,2026-08-08T12:57:02.589Z,,,n-hv2-u00435,
hv2-e001550,hv2-u00435,baseline,hv2:ramp20:20,organic_search,task_created,2026-08-08T12:59:02.589Z,,,n-hv2-u00435,t-hv2-u00435-1
hv2-e001551,hv2-u00435,baseline,hv2:ramp20:20,organic_search,task_created,2026-08-08T13:00:02.589Z,,,n-hv2-u00435,t-hv2-u00435-2
hv2-e001064,hv2-u00297,task_first,hv2:ramp20:20,referral,trial_started,2026-08-08T13:16:15.710Z,,,,
hv2-e001516,hv2-u00424,baseline,hv2:ramp20:20,paid_social,assigned,2026-08-08T13:16:24.074Z,,,,
hv2-e001486,hv2-u00417,baseline,hv2:ramp20:20,paid_social,assigned,2026-08-08T14:01:26.502Z,,,,
hv2-e001418,hv2-u00398,baseline,hv2:ramp20:20,paid_social,revisited,2026-08-08T14:05:10.391Z,,,n-hv2-u00398,
hv2-e001487,hv2-u00417,baseline,hv2:ramp20:20,paid_social,note_saved,2026-08-08T14:05:26.502Z,,,n-hv2-u00417,
hv2-e001488,hv2-u00417,baseline,hv2:ramp20:20,paid_social,task_created,2026-08-08T14:07:26.502Z,,,n-hv2-u00417,t-hv2-u00417-1
hv2-e001112,hv2-u00312,baseline,hv2:ramp20:20,paid_social,trial_started,2026-08-08T14:29:56.174Z,,,,
hv2-e001089,hv2-u00304,baseline,hv2:ramp20:20,paid_social,assigned,2026-08-08T14:30:06.932Z,,,,
hv2-e001732,hv2-u00478,baseline,hv2:ramp20:20,paid_social,assigned,2026-08-08T14:32:23.748Z,,,,
hv2-e001084,hv2-u00302,baseline,hv2:ramp20:20,app_store,revisited,2026-08-08T14:35:11.791Z,,,n-hv2-u00302,
hv2-e001733,hv2-u00478,baseline,hv2:ramp20:20,paid_social,note_saved,2026-08-08T14:36:23.748Z,,,n-hv2-u00478,
hv2-e001734,hv2-u00478,baseline,hv2:ramp20:20,paid_social,task_created,2026-08-08T14:38:23.748Z,,,n-hv2-u00478,t-hv2-u00478-1
hv2-e001735,hv2-u00478,baseline,hv2:ramp20:20,paid_social,task_created,2026-08-08T14:39:23.748Z,,,n-hv2-u00478,t-hv2-u00478-2
hv2-e000410,hv2-u00116,baseline,hv2:ramp20:20,paid_social,assigned,2026-08-08T14:49:17.800Z,,,,
hv2-e001785,hv2-u00492,baseline,hv2:ramp20:20,organic_search,revisited,2026-08-08T14:57:14.592Z,,,n-hv2-u00492,
hv2-e001786,hv2-u00492,baseline,hv2:ramp20:20,organic_search,task_completed,2026-08-08T15:02:14.592Z,,,n-hv2-u00492,t-hv2-u00492-1
hv2-e000739,hv2-u00201,baseline,hv2:ramp20:20,paid_social,trial_started,2026-08-08T15:14:37.423Z,,,,
hv2-e000530,hv2-u00144,task_first,hv2:ramp20:20,paid_social,revisited,2026-08-08T15:33:23.198Z,,,n-hv2-u00144,
hv2-e000662,hv2-u00178,baseline,hv2:ramp20:20,paid_social,assigned,2026-08-08T15:36:34.266Z,,,,
hv2-e000991,hv2-u00280,baseline,hv2:ramp20:20,paid_social,assigned,2026-08-08T16:00:11.573Z,,,,
hv2-e001343,hv2-u00377,task_first,hv2:ramp20:20,paid_social,assigned,2026-08-08T16:00:24.240Z,,,,
hv2-e000992,hv2-u00280,baseline,hv2:ramp20:20,paid_social,note_saved,2026-08-08T16:04:11.573Z,,,n-hv2-u00280,
hv2-e001344,hv2-u00377,task_first,hv2:ramp20:20,paid_social,note_saved,2026-08-08T16:04:24.240Z,,,n-hv2-u00377,
hv2-e000993,hv2-u00280,baseline,hv2:ramp20:20,paid_social,task_created,2026-08-08T16:06:11.573Z,,,n-hv2-u00280,t-hv2-u00280-1
hv2-e001345,hv2-u00377,task_first,hv2:ramp20:20,paid_social,task_created,2026-08-08T16:06:24.240Z,,,n-hv2-u00377,t-hv2-u00377-1
hv2-e000994,hv2-u00280,baseline,hv2:ramp20:20,paid_social,task_created,2026-08-08T16:07:11.573Z,,,n-hv2-u00280,t-hv2-u00280-2
hv2-e000995,hv2-u00280,baseline,hv2:ramp20:20,paid_social,task_created,2026-08-08T16:08:11.573Z,,,n-hv2-u00280,t-hv2-u00280-3
hv2-e000439,hv2-u00125,task_first,hv2:ramp20:20,organic_search,assigned,2026-08-08T16:45:14.163Z,,,,
hv2-e000440,hv2-u00125,task_first,hv2:ramp20:20,organic_search,note_saved,2026-08-08T16:49:14.163Z,,,n-hv2-u00125,
hv2-e000668,hv2-u00180,baseline,hv2:ramp20:20,paid_social,revisited,2026-08-08T17:03:59.712Z,,,n-hv2-u00180,
hv2-e000659,hv2-u00177,baseline,hv2:ramp20:20,paid_social,assigned,2026-08-08T17:12:42.333Z,,,,
hv2-e000044,hv2-u00014,baseline,hv2:ramp20:20,referral,assigned,2026-08-08T17:15:13.893Z,,,,
hv2-e000660,hv2-u00177,baseline,hv2:ramp20:20,paid_social,note_saved,2026-08-08T17:16:42.333Z,,,n-hv2-u00177,
hv2-e000045,hv2-u00014,baseline,hv2:ramp20:20,referral,note_saved,2026-08-08T17:19:13.893Z,,,n-hv2-u00014,
hv2-e000046,hv2-u00014,baseline,hv2:ramp20:20,referral,task_created,2026-08-08T17:21:13.893Z,,,n-hv2-u00014,t-hv2-u00014-1
hv2-e001799,hv2-u00496,task_first,hv2:ramp20:20,paid_social,assigned,2026-08-08T17:22:34.666Z,,,,
hv2-e001800,hv2-u00496,task_first,hv2:ramp20:20,paid_social,note_saved,2026-08-08T17:26:34.666Z,,,n-hv2-u00496,
hv2-e001801,hv2-u00496,task_first,hv2:ramp20:20,paid_social,task_created,2026-08-08T17:28:34.666Z,,,n-hv2-u00496,t-hv2-u00496-1
hv2-e000606,hv2-u00164,baseline,hv2:ramp20:20,paid_social,assigned,2026-08-08T17:31:37.514Z,,,,
hv2-e001629,hv2-u00453,baseline,hv2:ramp20:20,paid_social,assigned,2026-08-08T17:32:04.939Z,,,,
hv2-e000607,hv2-u00164,baseline,hv2:ramp20:20,paid_social,note_saved,2026-08-08T17:35:37.514Z,,,n-hv2-u00164,
hv2-e001630,hv2-u00453,baseline,hv2:ramp20:20,paid_social,note_saved,2026-08-08T17:36:04.939Z,,,n-hv2-u00453,
hv2-e000608,hv2-u00164,baseline,hv2:ramp20:20,paid_social,task_created,2026-08-08T17:37:37.514Z,,,n-hv2-u00164,t-hv2-u00164-1
hv2-e001631,hv2-u00453,baseline,hv2:ramp20:20,paid_social,task_created,2026-08-08T17:38:04.939Z,,,n-hv2-u00453,t-hv2-u00453-1
hv2-e001632,hv2-u00453,baseline,hv2:ramp20:20,paid_social,task_created,2026-08-08T17:39:04.939Z,,,n-hv2-u00453,t-hv2-u00453-2
hv2-e000876,hv2-u00247,baseline,hv2:ramp20:20,app_store,assigned,2026-08-08T18:15:03.079Z,,,,
hv2-e000128,hv2-u00039,task_first,hv2:ramp20:20,paid_social,assigned,2026-08-08T18:17:11.955Z,,,,
hv2-e000877,hv2-u00247,baseline,hv2:ramp20:20,app_store,note_saved,2026-08-08T18:19:03.079Z,,,n-hv2-u00247,
hv2-e000878,hv2-u00247,baseline,hv2:ramp20:20,app_store,task_created,2026-08-08T18:21:03.079Z,,,n-hv2-u00247,t-hv2-u00247-1
hv2-e000129,hv2-u00039,task_first,hv2:ramp20:20,paid_social,note_saved,2026-08-08T18:21:11.955Z,,,n-hv2-u00039,
hv2-e000879,hv2-u00247,baseline,hv2:ramp20:20,app_store,task_created,2026-08-08T18:22:03.079Z,,,n-hv2-u00247,t-hv2-u00247-2
hv2-e000880,hv2-u00247,baseline,hv2:ramp20:20,app_store,task_created,2026-08-08T18:23:03.079Z,,,n-hv2-u00247,t-hv2-u00247-3
hv2-e000130,hv2-u00039,task_first,hv2:ramp20:20,paid_social,task_created,2026-08-08T18:23:11.955Z,,,n-hv2-u00039,t-hv2-u00039-1
hv2-e000131,hv2-u00039,task_first,hv2:ramp20:20,paid_social,task_created,2026-08-08T18:24:11.955Z,,,n-hv2-u00039,t-hv2-u00039-2
hv2-e001660,hv2-u00459,baseline,hv2:ramp20:20,paid_social,revisited,2026-08-08T18:41:12.731Z,,,n-hv2-u00459,
hv2-e000434,hv2-u00122,baseline,hv2:ramp20:20,paid_social,revisited,2026-08-08T19:02:03.649Z,,,n-hv2-u00122,
hv2-e000919,hv2-u00260,baseline,hv2:ramp20:20,app_store,assigned,2026-08-08T19:12:33.603Z,,,,
hv2-e000920,hv2-u00260,baseline,hv2:ramp20:20,app_store,note_saved,2026-08-08T19:16:33.603Z,,,n-hv2-u00260,
hv2-e000921,hv2-u00260,baseline,hv2:ramp20:20,app_store,task_created,2026-08-08T19:18:33.603Z,,,n-hv2-u00260,t-hv2-u00260-1
hv2-e000104,hv2-u00032,baseline,hv2:ramp20:20,paid_social,assigned,2026-08-08T21:19:39.323Z,,,,
hv2-e001217,hv2-u00341,baseline,hv2:ramp20:20,referral,assigned,2026-08-08T21:28:03.396Z,,,,
hv2-e000273,hv2-u00076,baseline,hv2:ramp20:20,paid_social,assigned,2026-08-08T21:35:52.183Z,,,,
hv2-e000274,hv2-u00076,baseline,hv2:ramp20:20,paid_social,note_saved,2026-08-08T21:39:52.183Z,,,n-hv2-u00076,
hv2-e000275,hv2-u00076,baseline,hv2:ramp20:20,paid_social,task_created,2026-08-08T21:41:52.183Z,,,n-hv2-u00076,t-hv2-u00076-1
hv2-e000276,hv2-u00076,baseline,hv2:ramp20:20,paid_social,task_created,2026-08-08T21:42:52.183Z,,,n-hv2-u00076,t-hv2-u00076-2
hv2-e000277,hv2-u00076,baseline,hv2:ramp20:20,paid_social,task_created,2026-08-08T21:43:52.183Z,,,n-hv2-u00076,t-hv2-u00076-3
hv2-e000413,hv2-u00118,baseline,hv2:ramp20:20,paid_social,assigned,2026-08-08T22:13:02.240Z,,,,
hv2-e000414,hv2-u00118,baseline,hv2:ramp20:20,paid_social,note_saved,2026-08-08T22:17:02.240Z,,,n-hv2-u00118,
hv2-e000415,hv2-u00118,baseline,hv2:ramp20:20,paid_social,task_created,2026-08-08T22:19:02.240Z,,,n-hv2-u00118,t-hv2-u00118-1
hv2-e000416,hv2-u00118,baseline,hv2:ramp20:20,paid_social,task_created,2026-08-08T22:20:02.240Z,,,n-hv2-u00118,t-hv2-u00118-2
hv2-e000417,hv2-u00118,baseline,hv2:ramp20:20,paid_social,task_created,2026-08-08T22:21:02.240Z,,,n-hv2-u00118,t-hv2-u00118-3
hv2-e000238,hv2-u00067,task_first,hv2:ramp20:20,paid_social,assigned,2026-08-08T22:22:07.975Z,,,,
hv2-e000239,hv2-u00067,task_first,hv2:ramp20:20,paid_social,note_saved,2026-08-08T22:26:07.975Z,,,n-hv2-u00067,
hv2-e000240,hv2-u00067,task_first,hv2:ramp20:20,paid_social,task_created,2026-08-08T22:28:07.975Z,,,n-hv2-u00067,t-hv2-u00067-1
hv2-e000241,hv2-u00067,task_first,hv2:ramp20:20,paid_social,task_created,2026-08-08T22:29:07.975Z,,,n-hv2-u00067,t-hv2-u00067-2
hv2-e000242,hv2-u00067,task_first,hv2:ramp20:20,paid_social,task_created,2026-08-08T22:30:07.975Z,,,n-hv2-u00067,t-hv2-u00067-3
hv2-e000812,hv2-u00226,baseline,hv2:ramp20:20,paid_social,assigned,2026-08-08T22:46:43.334Z,,,,
hv2-e001369,hv2-u00384,baseline,hv2:ramp20:20,app_store,assigned,2026-08-08T22:48:10.286Z,,,,
hv2-e001370,hv2-u00384,baseline,hv2:ramp20:20,app_store,note_saved,2026-08-08T22:52:10.286Z,,,n-hv2-u00384,
hv2-e001371,hv2-u00384,baseline,hv2:ramp20:20,app_store,task_created,2026-08-08T22:54:10.286Z,,,n-hv2-u00384,t-hv2-u00384-1
hv2-e000770,hv2-u00211,baseline,hv2:ramp20:20,organic_search,assigned,2026-08-08T23:00:56.045Z,,,,
hv2-e000771,hv2-u00211,baseline,hv2:ramp20:20,organic_search,note_saved,2026-08-08T23:04:56.045Z,,,n-hv2-u00211,
hv2-e000755,hv2-u00206,task_first,hv2:ramp20:20,paid_social,assigned,2026-08-08T23:32:14.243Z,,,,
hv2-e000756,hv2-u00206,task_first,hv2:ramp20:20,paid_social,note_saved,2026-08-08T23:36:14.243Z,,,n-hv2-u00206,
hv2-e000327,hv2-u00092,baseline,hv2:ramp20:20,paid_social,assigned,2026-08-09T00:17:10.588Z,,,,
hv2-e000048,hv2-u00015,baseline,hv2:ramp20:20,paid_social,assigned,2026-08-09T00:21:55.336Z,,,,
hv2-e000049,hv2-u00015,baseline,hv2:ramp20:20,paid_social,note_saved,2026-08-09T00:25:55.336Z,,,n-hv2-u00015,
hv2-e000050,hv2-u00015,baseline,hv2:ramp20:20,paid_social,task_created,2026-08-09T00:27:55.336Z,,,n-hv2-u00015,t-hv2-u00015-1
hv2-e000051,hv2-u00015,baseline,hv2:ramp20:20,paid_social,task_created,2026-08-09T00:28:55.336Z,,,n-hv2-u00015,t-hv2-u00015-2
hv2-e000680,hv2-u00184,baseline,hv2:ramp20:20,app_store,assigned,2026-08-09T00:30:59.232Z,,,,
hv2-e000681,hv2-u00184,baseline,hv2:ramp20:20,app_store,note_saved,2026-08-09T00:34:59.232Z,,,n-hv2-u00184,
hv2-e000682,hv2-u00184,baseline,hv2:ramp20:20,app_store,task_created,2026-08-09T00:36:59.232Z,,,n-hv2-u00184,t-hv2-u00184-1
hv2-e000683,hv2-u00184,baseline,hv2:ramp20:20,app_store,task_created,2026-08-09T00:37:59.232Z,,,n-hv2-u00184,t-hv2-u00184-2
hv2-e000684,hv2-u00184,baseline,hv2:ramp20:20,app_store,task_created,2026-08-09T00:38:59.232Z,,,n-hv2-u00184,t-hv2-u00184-3
hv2-e001669,hv2-u00461,baseline,hv2:ramp20:20,referral,revisited,2026-08-09T00:48:07.237Z,,,n-hv2-u00461,
hv2-e001670,hv2-u00461,baseline,hv2:ramp20:20,referral,task_completed,2026-08-09T00:53:07.237Z,,,n-hv2-u00461,t-hv2-u00461-1
hv2-e001159,hv2-u00326,baseline,hv2:ramp20:20,paid_social,revisited,2026-08-09T00:57:27.808Z,,,n-hv2-u00326,
hv2-e001867,hv2-u00513,baseline,hv2:ramp20:20,organic_search,assigned,2026-08-09T01:45:42.365Z,,,,
hv2-e001868,hv2-u00513,baseline,hv2:ramp20:20,organic_search,note_saved,2026-08-09T01:49:42.365Z,,,n-hv2-u00513,
hv2-e001315,hv2-u00368,baseline,hv2:ramp20:20,referral,assigned,2026-08-09T02:10:40.988Z,,,,
hv2-e001316,hv2-u00368,baseline,hv2:ramp20:20,referral,note_saved,2026-08-09T02:14:40.988Z,,,n-hv2-u00368,
hv2-e001317,hv2-u00368,baseline,hv2:ramp20:20,referral,task_created,2026-08-09T02:16:40.988Z,,,n-hv2-u00368,t-hv2-u00368-1
hv2-e001318,hv2-u00368,baseline,hv2:ramp20:20,referral,task_created,2026-08-09T02:17:40.988Z,,,n-hv2-u00368,t-hv2-u00368-2
hv2-e001319,hv2-u00368,baseline,hv2:ramp20:20,referral,task_created,2026-08-09T02:18:40.988Z,,,n-hv2-u00368,t-hv2-u00368-3
hv2-e001201,hv2-u00337,baseline,hv2:ramp20:20,app_store,trial_started,2026-08-09T02:31:08.848Z,,,,
hv2-e001435,hv2-u00403,task_first,hv2:ramp20:20,paid_social,assigned,2026-08-09T02:37:16.511Z,,,,
hv2-e001436,hv2-u00403,task_first,hv2:ramp20:20,paid_social,note_saved,2026-08-09T02:41:16.511Z,,,n-hv2-u00403,
hv2-e001564,hv2-u00438,baseline,hv2:ramp20:20,paid_social,revisited,2026-08-09T02:42:44.246Z,,,n-hv2-u00438,
hv2-e001207,hv2-u00338,task_first,hv2:ramp20:20,referral,revisited,2026-08-09T02:43:08.814Z,,,n-hv2-u00338,
hv2-e001208,hv2-u00338,task_first,hv2:ramp20:20,referral,task_completed,2026-08-09T02:48:08.814Z,,,n-hv2-u00338,t-hv2-u00338-1
hv2-e000669,hv2-u00181,baseline,hv2:ramp20:20,paid_social,assigned,2026-08-09T02:48:52.022Z,,,,
hv2-e000670,hv2-u00181,baseline,hv2:ramp20:20,paid_social,note_saved,2026-08-09T02:52:52.022Z,,,n-hv2-u00181,
hv2-e000360,hv2-u00103,baseline,hv2:ramp20:20,app_store,assigned,2026-08-09T02:54:32.195Z,,,,
hv2-e000671,hv2-u00181,baseline,hv2:ramp20:20,paid_social,task_created,2026-08-09T02:54:52.022Z,,,n-hv2-u00181,t-hv2-u00181-1
hv2-e000672,hv2-u00181,baseline,hv2:ramp20:20,paid_social,task_created,2026-08-09T02:55:52.022Z,,,n-hv2-u00181,t-hv2-u00181-2
hv2-e000361,hv2-u00103,baseline,hv2:ramp20:20,app_store,note_saved,2026-08-09T02:58:32.195Z,,,n-hv2-u00103,
hv2-e000362,hv2-u00103,baseline,hv2:ramp20:20,app_store,task_created,2026-08-09T03:00:32.195Z,,,n-hv2-u00103,t-hv2-u00103-1
hv2-e000363,hv2-u00103,baseline,hv2:ramp20:20,app_store,task_created,2026-08-09T03:01:32.195Z,,,n-hv2-u00103,t-hv2-u00103-2
hv2-e000364,hv2-u00103,baseline,hv2:ramp20:20,app_store,task_created,2026-08-09T03:02:32.195Z,,,n-hv2-u00103,t-hv2-u00103-3
hv2-e001286,hv2-u00360,baseline,hv2:ramp20:20,paid_social,assigned,2026-08-09T03:12:35.547Z,,,,
hv2-e001287,hv2-u00360,baseline,hv2:ramp20:20,paid_social,note_saved,2026-08-09T03:16:35.547Z,,,n-hv2-u00360,
hv2-e001288,hv2-u00360,baseline,hv2:ramp20:20,paid_social,task_created,2026-08-09T03:18:35.547Z,,,n-hv2-u00360,t-hv2-u00360-1
hv2-e001289,hv2-u00360,baseline,hv2:ramp20:20,paid_social,task_created,2026-08-09T03:19:35.547Z,,,n-hv2-u00360,t-hv2-u00360-2
hv2-e001290,hv2-u00360,baseline,hv2:ramp20:20,paid_social,task_created,2026-08-09T03:20:35.547Z,,,n-hv2-u00360,t-hv2-u00360-3
hv2-e000782,hv2-u00216,baseline,hv2:ramp20:20,paid_social,revisited,2026-08-09T04:28:45.257Z,,,n-hv2-u00216,
hv2-e000471,hv2-u00132,baseline,hv2:ramp20:20,referral,revisited,2026-08-09T05:00:12.379Z,,,n-hv2-u00132,
hv2-e000472,hv2-u00132,baseline,hv2:ramp20:20,referral,task_completed,2026-08-09T05:05:12.379Z,,,n-hv2-u00132,t-hv2-u00132-1
hv2-e001255,hv2-u00352,task_first,hv2:ramp20:20,paid_social,revisited,2026-08-09T05:24:21.711Z,,,n-hv2-u00352,
hv2-e000473,hv2-u00132,baseline,hv2:ramp20:20,referral,trial_started,2026-08-09T05:30:12.379Z,,,,
hv2-e000393,hv2-u00111,baseline,hv2:ramp20:20,paid_social,assigned,2026-08-09T05:33:15.052Z,,,,
hv2-e000965,hv2-u00272,baseline,hv2:ramp20:20,app_store,assigned,2026-08-09T05:34:38.308Z,,,,
hv2-e000394,hv2-u00111,baseline,hv2:ramp20:20,paid_social,note_saved,2026-08-09T05:37:15.052Z,,,n-hv2-u00111,
hv2-e000966,hv2-u00272,baseline,hv2:ramp20:20,app_store,note_saved,2026-08-09T05:38:38.308Z,,,n-hv2-u00272,
hv2-e001267,hv2-u00355,baseline,hv2:ramp20:20,app_store,revisited,2026-08-09T05:43:25.520Z,,,n-hv2-u00355,
hv2-e001299,hv2-u00362,baseline,hv2:ramp20:20,app_store,revisited,2026-08-09T07:27:33.720Z,,,n-hv2-u00362,
hv2-e000562,hv2-u00152,task_first,hv2:ramp20:20,app_store,assigned,2026-08-09T07:50:24.080Z,,,,
hv2-e000563,hv2-u00152,task_first,hv2:ramp20:20,app_store,note_saved,2026-08-09T07:54:24.080Z,,,n-hv2-u00152,
hv2-e001644,hv2-u00456,baseline,hv2:ramp20:20,referral,revisited,2026-08-09T08:02:28.146Z,,,n-hv2-u00456,
hv2-e000762,hv2-u00209,baseline,hv2:ramp20:20,paid_social,assigned,2026-08-09T08:09:36.911Z,,,,
hv2-e000763,hv2-u00209,baseline,hv2:ramp20:20,paid_social,note_saved,2026-08-09T08:13:36.911Z,,,n-hv2-u00209,
hv2-e001165,hv2-u00328,task_first,hv2:ramp20:20,paid_social,assigned,2026-08-09T08:25:29.144Z,,,,
hv2-e001166,hv2-u00328,task_first,hv2:ramp20:20,paid_social,note_saved,2026-08-09T08:29:29.144Z,,,n-hv2-u00328,
hv2-e000720,hv2-u00197,baseline,hv2:ramp20:20,paid_social,assigned,2026-08-09T08:46:15.708Z,,,,
hv2-e000721,hv2-u00197,baseline,hv2:ramp20:20,paid_social,note_saved,2026-08-09T08:50:15.708Z,,,n-hv2-u00197,
hv2-e000722,hv2-u00197,baseline,hv2:ramp20:20,paid_social,task_created,2026-08-09T08:52:15.708Z,,,n-hv2-u00197,t-hv2-u00197-1
hv2-e001746,hv2-u00482,baseline,hv2:ramp20:20,paid_social,assigned,2026-08-09T09:10:05.118Z,,,,
hv2-e001747,hv2-u00482,baseline,hv2:ramp20:20,paid_social,note_saved,2026-08-09T09:14:05.118Z,,,n-hv2-u00482,
hv2-e001748,hv2-u00482,baseline,hv2:ramp20:20,paid_social,task_created,2026-08-09T09:16:05.118Z,,,n-hv2-u00482,t-hv2-u00482-1
hv2-e001749,hv2-u00482,baseline,hv2:ramp20:20,paid_social,task_created,2026-08-09T09:17:05.118Z,,,n-hv2-u00482,t-hv2-u00482-2
hv2-e000855,hv2-u00241,baseline,hv2:ramp20:20,organic_search,assigned,2026-08-09T09:39:12.476Z,,,,
hv2-e001617,hv2-u00451,baseline,hv2:ramp20:20,app_store,assigned,2026-08-09T09:46:49.459Z,,,,
hv2-e001618,hv2-u00451,baseline,hv2:ramp20:20,app_store,note_saved,2026-08-09T09:50:49.459Z,,,n-hv2-u00451,
hv2-e001619,hv2-u00451,baseline,hv2:ramp20:20,app_store,task_created,2026-08-09T09:52:49.459Z,,,n-hv2-u00451,t-hv2-u00451-1
hv2-e001620,hv2-u00451,baseline,hv2:ramp20:20,app_store,task_created,2026-08-09T09:53:49.459Z,,,n-hv2-u00451,t-hv2-u00451-2
hv2-e001621,hv2-u00451,baseline,hv2:ramp20:20,app_store,task_created,2026-08-09T09:54:49.459Z,,,n-hv2-u00451,t-hv2-u00451-3
hv2-e000498,hv2-u00139,baseline,hv2:ramp20:20,paid_social,assigned,2026-08-09T10:05:53.744Z,,,,
hv2-e000499,hv2-u00139,baseline,hv2:ramp20:20,paid_social,note_saved,2026-08-09T10:09:53.744Z,,,n-hv2-u00139,
hv2-e000786,hv2-u00217,baseline,hv2:ramp20:20,paid_social,revisited,2026-08-09T10:10:33.805Z,,,n-hv2-u00217,
hv2-e000500,hv2-u00139,baseline,hv2:ramp20:20,paid_social,task_created,2026-08-09T10:11:53.744Z,,,n-hv2-u00139,t-hv2-u00139-1
hv2-e000787,hv2-u00217,baseline,hv2:ramp20:20,paid_social,task_completed,2026-08-09T10:15:33.805Z,,,n-hv2-u00217,t-hv2-u00217-1
hv2-e001029,hv2-u00287,task_first,hv2:ramp20:20,paid_social,revisited,2026-08-09T10:32:48.815Z,,,n-hv2-u00287,
hv2-e000524,hv2-u00143,baseline,hv2:ramp20:20,app_store,revisited,2026-08-09T10:41:30.993Z,,,n-hv2-u00143,
hv2-e000525,hv2-u00143,baseline,hv2:ramp20:20,app_store,task_completed,2026-08-09T10:46:30.993Z,,,n-hv2-u00143,t-hv2-u00143-1
hv2-e001890,hv2-u00519,baseline,hv2:ramp20:20,paid_social,assigned,2026-08-09T11:04:46.570Z,,,,
hv2-e001891,hv2-u00519,baseline,hv2:ramp20:20,paid_social,note_saved,2026-08-09T11:08:46.570Z,,,n-hv2-u00519,
hv2-e001143,hv2-u00320,baseline,hv2:ramp20:20,organic_search,revisited,2026-08-09T11:45:44.075Z,,,n-hv2-u00320,
hv2-e001144,hv2-u00320,baseline,hv2:ramp20:20,organic_search,task_completed,2026-08-09T11:50:44.075Z,,,n-hv2-u00320,t-hv2-u00320-1
hv2-e000159,hv2-u00048,baseline,hv2:ramp20:20,organic_search,assigned,2026-08-09T12:01:19.432Z,,,,
hv2-e000160,hv2-u00048,baseline,hv2:ramp20:20,organic_search,note_saved,2026-08-09T12:05:19.432Z,,,n-hv2-u00048,
hv2-e000161,hv2-u00048,baseline,hv2:ramp20:20,organic_search,task_created,2026-08-09T12:07:19.432Z,,,n-hv2-u00048,t-hv2-u00048-1
hv2-e000162,hv2-u00048,baseline,hv2:ramp20:20,organic_search,task_created,2026-08-09T12:08:19.432Z,,,n-hv2-u00048,t-hv2-u00048-2
hv2-e001408,hv2-u00396,baseline,hv2:ramp20:20,organic_search,assigned,2026-08-09T12:09:05.742Z,,,,
hv2-e001409,hv2-u00396,baseline,hv2:ramp20:20,organic_search,note_saved,2026-08-09T12:13:05.742Z,,,n-hv2-u00396,
hv2-e001160,hv2-u00327,baseline,hv2:ramp20:20,app_store,assigned,2026-08-09T12:14:52.872Z,,,,
hv2-e001819,hv2-u00501,task_first,hv2:ramp20:20,paid_social,assigned,2026-08-09T12:16:55.847Z,,,,
hv2-e001407,hv2-u00395,task_first,hv2:ramp20:20,paid_social,assigned,2026-08-09T12:18:50.673Z,,,,
hv2-e001161,hv2-u00327,baseline,hv2:ramp20:20,app_store,note_saved,2026-08-09T12:18:52.872Z,,,n-hv2-u00327,
hv2-e001162,hv2-u00327,baseline,hv2:ramp20:20,app_store,task_created,2026-08-09T12:20:52.872Z,,,n-hv2-u00327,t-hv2-u00327-1
hv2-e001820,hv2-u00501,task_first,hv2:ramp20:20,paid_social,note_saved,2026-08-09T12:20:55.847Z,,,n-hv2-u00501,
hv2-e001821,hv2-u00501,task_first,hv2:ramp20:20,paid_social,task_created,2026-08-09T12:22:55.847Z,,,n-hv2-u00501,t-hv2-u00501-1
hv2-e000032,hv2-u00011,task_first,hv2:ramp20:20,paid_social,assigned,2026-08-09T12:38:08.530Z,,,,
hv2-e000033,hv2-u00011,task_first,hv2:ramp20:20,paid_social,note_saved,2026-08-09T12:42:08.530Z,,,n-hv2-u00011,
hv2-e000034,hv2-u00011,task_first,hv2:ramp20:20,paid_social,task_created,2026-08-09T12:44:08.530Z,,,n-hv2-u00011,t-hv2-u00011-1
hv2-e000035,hv2-u00011,task_first,hv2:ramp20:20,paid_social,task_created,2026-08-09T12:45:08.530Z,,,n-hv2-u00011,t-hv2-u00011-2
hv2-e000163,hv2-u00048,baseline,hv2:ramp20:20,organic_search,trial_started,2026-08-09T13:01:19.432Z,,,,
hv2-e000711,hv2-u00193,baseline,hv2:ramp20:20,paid_social,assigned,2026-08-09T13:17:30.689Z,,,,
hv2-e000712,hv2-u00193,baseline,hv2:ramp20:20,paid_social,note_saved,2026-08-09T13:21:30.689Z,,,n-hv2-u00193,
hv2-e001736,hv2-u00478,baseline,hv2:ramp20:20,paid_social,revisited,2026-08-09T14:32:23.748Z,,,n-hv2-u00478,
hv2-e000081,hv2-u00024,baseline,hv2:ramp20:20,paid_social,assigned,2026-08-09T15:40:49.104Z,,,,
hv2-e000082,hv2-u00024,baseline,hv2:ramp20:20,paid_social,note_saved,2026-08-09T15:44:49.104Z,,,n-hv2-u00024,
hv2-e000083,hv2-u00024,baseline,hv2:ramp20:20,paid_social,task_created,2026-08-09T15:46:49.104Z,,,n-hv2-u00024,t-hv2-u00024-1
hv2-e000084,hv2-u00024,baseline,hv2:ramp20:20,paid_social,task_created,2026-08-09T15:47:49.104Z,,,n-hv2-u00024,t-hv2-u00024-2
hv2-e000085,hv2-u00024,baseline,hv2:ramp20:20,paid_social,task_created,2026-08-09T15:48:49.104Z,,,n-hv2-u00024,t-hv2-u00024-3
hv2-e000176,hv2-u00051,task_first,hv2:ramp20:20,paid_social,assigned,2026-08-09T15:54:13.137Z,,,,
hv2-e000177,hv2-u00051,task_first,hv2:ramp20:20,paid_social,note_saved,2026-08-09T15:58:13.137Z,,,n-hv2-u00051,
hv2-e000178,hv2-u00051,task_first,hv2:ramp20:20,paid_social,task_created,2026-08-09T16:00:13.137Z,,,n-hv2-u00051,t-hv2-u00051-1
hv2-e001346,hv2-u00377,task_first,hv2:ramp20:20,paid_social,revisited,2026-08-09T16:00:24.240Z,,,n-hv2-u00377,
hv2-e000179,hv2-u00051,task_first,hv2:ramp20:20,paid_social,task_created,2026-08-09T16:01:13.137Z,,,n-hv2-u00051,t-hv2-u00051-2
hv2-e000180,hv2-u00051,task_first,hv2:ramp20:20,paid_social,task_created,2026-08-09T16:02:13.137Z,,,n-hv2-u00051,t-hv2-u00051-3
hv2-e000772,hv2-u00212,task_first,hv2:ramp20:20,paid_social,assigned,2026-08-09T16:14:10.960Z,,,,
hv2-e001145,hv2-u00321,baseline,hv2:ramp20:20,organic_search,assigned,2026-08-09T16:16:18.671Z,,,,
hv2-e000773,hv2-u00212,task_first,hv2:ramp20:20,paid_social,note_saved,2026-08-09T16:18:10.960Z,,,n-hv2-u00212,
hv2-e001585,hv2-u00444,task_first,hv2:ramp20:20,paid_social,assigned,2026-08-09T16:18:22.139Z,,,,
hv2-e000774,hv2-u00212,task_first,hv2:ramp20:20,paid_social,task_created,2026-08-09T16:20:10.960Z,,,n-hv2-u00212,t-hv2-u00212-1
hv2-e001146,hv2-u00321,baseline,hv2:ramp20:20,organic_search,note_saved,2026-08-09T16:20:18.671Z,,,n-hv2-u00321,
hv2-e001147,hv2-u00321,baseline,hv2:ramp20:20,organic_search,task_created,2026-08-09T16:22:18.671Z,,,n-hv2-u00321,t-hv2-u00321-1
hv2-e001586,hv2-u00444,task_first,hv2:ramp20:20,paid_social,note_saved,2026-08-09T16:22:22.139Z,,,n-hv2-u00444,
hv2-e001587,hv2-u00444,task_first,hv2:ramp20:20,paid_social,task_created,2026-08-09T16:24:22.139Z,,,n-hv2-u00444,t-hv2-u00444-1
hv2-e001588,hv2-u00444,task_first,hv2:ramp20:20,paid_social,task_created,2026-08-09T16:25:22.139Z,,,n-hv2-u00444,t-hv2-u00444-2
hv2-e001589,hv2-u00444,task_first,hv2:ramp20:20,paid_social,task_created,2026-08-09T16:26:22.139Z,,,n-hv2-u00444,t-hv2-u00444-3
hv2-e000465,hv2-u00130,baseline,hv2:ramp20:20,app_store,revisited,2026-08-09T16:40:57.710Z,,,n-hv2-u00130,
hv2-e001537,hv2-u00431,baseline,hv2:ramp20:20,app_store,assigned,2026-08-09T16:58:39.448Z,,,,
hv2-e001538,hv2-u00431,baseline,hv2:ramp20:20,app_store,note_saved,2026-08-09T17:02:39.448Z,,,n-hv2-u00431,
hv2-e001539,hv2-u00431,baseline,hv2:ramp20:20,app_store,task_created,2026-08-09T17:04:39.448Z,,,n-hv2-u00431,t-hv2-u00431-1
hv2-e001540,hv2-u00431,baseline,hv2:ramp20:20,app_store,task_created,2026-08-09T17:05:39.448Z,,,n-hv2-u00431,t-hv2-u00431-2
hv2-e000661,hv2-u00177,baseline,hv2:ramp20:20,paid_social,revisited,2026-08-09T17:12:42.333Z,,,n-hv2-u00177,
hv2-e001802,hv2-u00496,task_first,hv2:ramp20:20,paid_social,revisited,2026-08-09T17:22:34.666Z,,,n-hv2-u00496,
hv2-e000609,hv2-u00164,baseline,hv2:ramp20:20,paid_social,revisited,2026-08-09T17:31:37.514Z,,,n-hv2-u00164,
hv2-e000294,hv2-u00082,task_first,hv2:ramp20:20,app_store,assigned,2026-08-09T18:06:41.585Z,,,,
hv2-e000295,hv2-u00082,task_first,hv2:ramp20:20,app_store,note_saved,2026-08-09T18:10:41.585Z,,,n-hv2-u00082,
hv2-e001419,hv2-u00399,baseline,hv2:ramp20:20,organic_search,assigned,2026-08-09T18:23:33.763Z,,,,
hv2-e001420,hv2-u00399,baseline,hv2:ramp20:20,organic_search,note_saved,2026-08-09T18:27:33.763Z,,,n-hv2-u00399,
hv2-e001883,hv2-u00517,baseline,hv2:ramp20:20,app_store,assigned,2026-08-09T18:45:30.809Z,,,,
hv2-e001884,hv2-u00517,baseline,hv2:ramp20:20,app_store,note_saved,2026-08-09T18:49:30.809Z,,,n-hv2-u00517,
hv2-e001885,hv2-u00517,baseline,hv2:ramp20:20,app_store,task_created,2026-08-09T18:51:30.809Z,,,n-hv2-u00517,t-hv2-u00517-1
hv2-e001886,hv2-u00517,baseline,hv2:ramp20:20,app_store,task_created,2026-08-09T18:52:30.809Z,,,n-hv2-u00517,t-hv2-u00517-2
hv2-e001115,hv2-u00314,baseline,hv2:ramp20:20,organic_search,assigned,2026-08-09T19:11:09.960Z,,,,
hv2-e001116,hv2-u00314,baseline,hv2:ramp20:20,organic_search,note_saved,2026-08-09T19:15:09.960Z,,,n-hv2-u00314,
hv2-e001117,hv2-u00314,baseline,hv2:ramp20:20,organic_search,task_created,2026-08-09T19:17:09.960Z,,,n-hv2-u00314,t-hv2-u00314-1
hv2-e001118,hv2-u00314,baseline,hv2:ramp20:20,organic_search,task_created,2026-08-09T19:18:09.960Z,,,n-hv2-u00314,t-hv2-u00314-2
hv2-e001119,hv2-u00314,baseline,hv2:ramp20:20,organic_search,task_created,2026-08-09T19:19:09.960Z,,,n-hv2-u00314,t-hv2-u00314-3
hv2-e000776,hv2-u00214,task_first,hv2:ramp20:20,paid_social,assigned,2026-08-09T19:23:19.678Z,,,,
hv2-e000799,hv2-u00223,baseline,hv2:ramp20:20,paid_social,assigned,2026-08-09T19:50:10.593Z,,,,
hv2-e000800,hv2-u00223,baseline,hv2:ramp20:20,paid_social,note_saved,2026-08-09T19:54:10.593Z,,,n-hv2-u00223,
hv2-e000801,hv2-u00223,baseline,hv2:ramp20:20,paid_social,task_created,2026-08-09T19:56:10.593Z,,,n-hv2-u00223,t-hv2-u00223-1
hv2-e000802,hv2-u00223,baseline,hv2:ramp20:20,paid_social,task_created,2026-08-09T19:57:10.593Z,,,n-hv2-u00223,t-hv2-u00223-2
hv2-e000803,hv2-u00223,baseline,hv2:ramp20:20,paid_social,task_created,2026-08-09T19:58:10.593Z,,,n-hv2-u00223,t-hv2-u00223-3
hv2-e001102,hv2-u00309,baseline,hv2:ramp20:20,app_store,assigned,2026-08-09T20:18:51.606Z,,,,
hv2-e001103,hv2-u00309,baseline,hv2:ramp20:20,app_store,note_saved,2026-08-09T20:22:51.606Z,,,n-hv2-u00309,
hv2-e001389,hv2-u00388,baseline,hv2:ramp20:20,paid_social,assigned,2026-08-09T20:34:20.952Z,,,,
hv2-e001390,hv2-u00388,baseline,hv2:ramp20:20,paid_social,note_saved,2026-08-09T20:38:20.952Z,,,n-hv2-u00388,
hv2-e001713,hv2-u00473,baseline,hv2:ramp20:20,paid_social,assigned,2026-08-09T20:44:46.942Z,,,,
hv2-e000788,hv2-u00218,baseline,hv2:ramp20:20,paid_social,assigned,2026-08-09T21:02:15.443Z,,,,
hv2-e001177,hv2-u00332,baseline,hv2:ramp20:20,paid_social,assigned,2026-08-09T21:37:09.643Z,,,,
hv2-e001715,hv2-u00474,baseline,hv2:ramp20:20,paid_social,assigned,2026-08-09T21:40:28.739Z,,,,
hv2-e001178,hv2-u00332,baseline,hv2:ramp20:20,paid_social,note_saved,2026-08-09T21:41:09.643Z,,,n-hv2-u00332,
hv2-e001179,hv2-u00332,baseline,hv2:ramp20:20,paid_social,task_created,2026-08-09T21:43:09.643Z,,,n-hv2-u00332,t-hv2-u00332-1
hv2-e001180,hv2-u00332,baseline,hv2:ramp20:20,paid_social,task_created,2026-08-09T21:44:09.643Z,,,n-hv2-u00332,t-hv2-u00332-2
hv2-e001716,hv2-u00474,baseline,hv2:ramp20:20,paid_social,note_saved,2026-08-09T21:44:28.739Z,,,n-hv2-u00474,
hv2-e001717,hv2-u00474,baseline,hv2:ramp20:20,paid_social,task_created,2026-08-09T21:46:28.739Z,,,n-hv2-u00474,t-hv2-u00474-1
hv2-e001833,hv2-u00505,baseline,hv2:ramp20:20,paid_social,assigned,2026-08-09T21:48:56.225Z,,,,
hv2-e001834,hv2-u00505,baseline,hv2:ramp20:20,paid_social,note_saved,2026-08-09T21:52:56.225Z,,,n-hv2-u00505,
hv2-e001835,hv2-u00505,baseline,hv2:ramp20:20,paid_social,task_created,2026-08-09T21:54:56.225Z,,,n-hv2-u00505,t-hv2-u00505-1
hv2-e000201,hv2-u00056,baseline,hv2:ramp20:20,paid_social,revisited,2026-08-09T22:03:35.332Z,,,n-hv2-u00056,
hv2-e000951,hv2-u00268,task_first,hv2:ramp20:20,referral,revisited,2026-08-09T22:30:36.525Z,,,n-hv2-u00268,
hv2-e000952,hv2-u00268,task_first,hv2:ramp20:20,referral,task_completed,2026-08-09T22:35:36.525Z,,,n-hv2-u00268,t-hv2-u00268-1
hv2-e000309,hv2-u00086,baseline,hv2:ramp20:20,paid_social,assigned,2026-08-09T23:39:16.888Z,,,,
hv2-e000310,hv2-u00086,baseline,hv2:ramp20:20,paid_social,note_saved,2026-08-09T23:43:16.888Z,,,n-hv2-u00086,
hv2-e000311,hv2-u00086,baseline,hv2:ramp20:20,paid_social,task_created,2026-08-09T23:45:16.888Z,,,n-hv2-u00086,t-hv2-u00086-1
hv2-e000312,hv2-u00086,baseline,hv2:ramp20:20,paid_social,task_created,2026-08-09T23:46:16.888Z,,,n-hv2-u00086,t-hv2-u00086-2
hv2-e000313,hv2-u00086,baseline,hv2:ramp20:20,paid_social,task_created,2026-08-09T23:47:16.888Z,,,n-hv2-u00086,t-hv2-u00086-3
hv2-e000652,hv2-u00175,baseline,hv2:ramp20:20,paid_social,revisited,2026-08-09T23:54:02.964Z,,,n-hv2-u00175,
hv2-e000517,hv2-u00142,baseline,hv2:ramp20:20,organic_search,revisited,2026-08-10T00:05:57.112Z,,,n-hv2-u00142,
hv2-e000634,hv2-u00171,baseline,hv2:ramp20:20,app_store,assigned,2026-08-10T00:07:56.684Z,,,,
hv2-e000518,hv2-u00142,baseline,hv2:ramp20:20,organic_search,task_completed,2026-08-10T00:10:57.112Z,,,n-hv2-u00142,t-hv2-u00142-1
hv2-e000635,hv2-u00171,baseline,hv2:ramp20:20,app_store,note_saved,2026-08-10T00:11:56.684Z,,,n-hv2-u00171,
hv2-e000636,hv2-u00171,baseline,hv2:ramp20:20,app_store,task_created,2026-08-10T00:13:56.684Z,,,n-hv2-u00171,t-hv2-u00171-1
hv2-e000637,hv2-u00171,baseline,hv2:ramp20:20,app_store,task_created,2026-08-10T00:14:56.684Z,,,n-hv2-u00171,t-hv2-u00171-2
hv2-e001241,hv2-u00349,baseline,hv2:ramp20:20,app_store,revisited,2026-08-10T00:35:45.086Z,,,n-hv2-u00349,
hv2-e000371,hv2-u00105,baseline,hv2:ramp20:20,paid_social,assigned,2026-08-10T00:51:35.508Z,,,,
hv2-e000372,hv2-u00105,baseline,hv2:ramp20:20,paid_social,note_saved,2026-08-10T00:55:35.508Z,,,n-hv2-u00105,
hv2-e000373,hv2-u00105,baseline,hv2:ramp20:20,paid_social,task_created,2026-08-10T00:57:35.508Z,,,n-hv2-u00105,t-hv2-u00105-1
hv2-e000374,hv2-u00105,baseline,hv2:ramp20:20,paid_social,task_created,2026-08-10T00:58:35.508Z,,,n-hv2-u00105,t-hv2-u00105-2
hv2-e000375,hv2-u00105,baseline,hv2:ramp20:20,paid_social,task_created,2026-08-10T00:59:35.508Z,,,n-hv2-u00105,t-hv2-u00105-3
hv2-e001105,hv2-u00311,task_first,hv2:ramp20:20,paid_social,assigned,2026-08-10T02:49:28.758Z,,,,
hv2-e001106,hv2-u00311,task_first,hv2:ramp20:20,paid_social,note_saved,2026-08-10T02:53:28.758Z,,,n-hv2-u00311,
hv2-e001107,hv2-u00311,task_first,hv2:ramp20:20,paid_social,task_created,2026-08-10T02:55:28.758Z,,,n-hv2-u00311,t-hv2-u00311-1
hv2-e001108,hv2-u00311,task_first,hv2:ramp20:20,paid_social,task_created,2026-08-10T02:56:28.758Z,,,n-hv2-u00311,t-hv2-u00311-2
hv2-e001320,hv2-u00368,baseline,hv2:ramp20:20,referral,trial_started,2026-08-10T03:10:40.988Z,,,,
hv2-e000399,hv2-u00113,baseline,hv2:ramp20:20,paid_social,assigned,2026-08-10T03:59:10.887Z,,,,
hv2-e000400,hv2-u00113,baseline,hv2:ramp20:20,paid_social,note_saved,2026-08-10T04:03:10.887Z,,,n-hv2-u00113,
hv2-e000401,hv2-u00113,baseline,hv2:ramp20:20,paid_social,task_created,2026-08-10T04:05:10.887Z,,,n-hv2-u00113,t-hv2-u00113-1
hv2-e000402,hv2-u00113,baseline,hv2:ramp20:20,paid_social,task_created,2026-08-10T04:06:10.887Z,,,n-hv2-u00113,t-hv2-u00113-2
hv2-e001449,hv2-u00406,task_first,hv2:ramp20:20,paid_social,revisited,2026-08-10T04:48:27.160Z,,,n-hv2-u00406,
hv2-e001123,hv2-u00316,baseline,hv2:ramp20:20,paid_social,assigned,2026-08-10T04:56:53.632Z,,,,
hv2-e001124,hv2-u00316,baseline,hv2:ramp20:20,paid_social,note_saved,2026-08-10T05:00:53.632Z,,,n-hv2-u00316,
hv2-e001125,hv2-u00316,baseline,hv2:ramp20:20,paid_social,task_created,2026-08-10T05:02:53.632Z,,,n-hv2-u00316,t-hv2-u00316-1
hv2-e001126,hv2-u00316,baseline,hv2:ramp20:20,paid_social,task_created,2026-08-10T05:03:53.632Z,,,n-hv2-u00316,t-hv2-u00316-2
hv2-e001127,hv2-u00316,baseline,hv2:ramp20:20,paid_social,task_created,2026-08-10T05:04:53.632Z,,,n-hv2-u00316,t-hv2-u00316-3
hv2-e000927,hv2-u00262,task_first,hv2:ramp20:20,app_store,assigned,2026-08-10T05:05:38.183Z,,,,
hv2-e000279,hv2-u00077,task_first,hv2:ramp20:20,app_store,assigned,2026-08-10T05:08:58.066Z,,,,
hv2-e000098,hv2-u00029,baseline,hv2:ramp20:20,paid_social,assigned,2026-08-10T05:31:14.896Z,,,,
hv2-e000099,hv2-u00029,baseline,hv2:ramp20:20,paid_social,note_saved,2026-08-10T05:35:14.896Z,,,n-hv2-u00029,
hv2-e001794,hv2-u00494,baseline,hv2:ramp20:20,paid_social,revisited,2026-08-10T06:10:57.795Z,,,n-hv2-u00494,
hv2-e000685,hv2-u00185,baseline,hv2:ramp20:20,paid_social,assigned,2026-08-10T06:30:11.570Z,,,,
hv2-e000686,hv2-u00185,baseline,hv2:ramp20:20,paid_social,note_saved,2026-08-10T06:34:11.570Z,,,n-hv2-u00185,
hv2-e000166,hv2-u00049,baseline,hv2:ramp20:20,paid_social,revisited,2026-08-10T06:58:43.997Z,,,n-hv2-u00049,
hv2-e001850,hv2-u00509,baseline,hv2:ramp20:20,paid_social,assigned,2026-08-10T08:18:51.607Z,,,,
hv2-e001851,hv2-u00509,baseline,hv2:ramp20:20,paid_social,note_saved,2026-08-10T08:22:51.607Z,,,n-hv2-u00509,
hv2-e001852,hv2-u00509,baseline,hv2:ramp20:20,paid_social,task_created,2026-08-10T08:24:51.607Z,,,n-hv2-u00509,t-hv2-u00509-1
hv2-e001853,hv2-u00509,baseline,hv2:ramp20:20,paid_social,task_created,2026-08-10T08:25:51.607Z,,,n-hv2-u00509,t-hv2-u00509-2
hv2-e001679,hv2-u00465,baseline,hv2:ramp20:20,paid_social,assigned,2026-08-10T09:08:03.303Z,,,,
hv2-e001680,hv2-u00465,baseline,hv2:ramp20:20,paid_social,note_saved,2026-08-10T09:12:03.303Z,,,n-hv2-u00465,
hv2-e001681,hv2-u00465,baseline,hv2:ramp20:20,paid_social,task_created,2026-08-10T09:14:03.303Z,,,n-hv2-u00465,t-hv2-u00465-1
hv2-e001682,hv2-u00465,baseline,hv2:ramp20:20,paid_social,task_created,2026-08-10T09:15:03.303Z,,,n-hv2-u00465,t-hv2-u00465-2
hv2-e001167,hv2-u00329,baseline,hv2:ramp20:20,paid_social,assigned,2026-08-10T09:15:10.332Z,,,,
hv2-e001683,hv2-u00465,baseline,hv2:ramp20:20,paid_social,task_created,2026-08-10T09:16:03.303Z,,,n-hv2-u00465,t-hv2-u00465-3
hv2-e000534,hv2-u00145,baseline,hv2:ramp20:20,paid_social,revisited,2026-08-10T09:24:42.227Z,,,n-hv2-u00145,
hv2-e001154,hv2-u00324,baseline,hv2:ramp20:20,app_store,assigned,2026-08-10T09:26:23.215Z,,,,
hv2-e001014,hv2-u00285,baseline,hv2:ramp20:20,paid_social,assigned,2026-08-10T10:10:26.935Z,,,,
hv2-e000449,hv2-u00128,baseline,hv2:ramp20:20,referral,assigned,2026-08-10T10:13:07.461Z,,,,
hv2-e001015,hv2-u00285,baseline,hv2:ramp20:20,paid_social,note_saved,2026-08-10T10:14:26.935Z,,,n-hv2-u00285,
hv2-e001016,hv2-u00285,baseline,hv2:ramp20:20,paid_social,task_created,2026-08-10T10:16:26.935Z,,,n-hv2-u00285,t-hv2-u00285-1
hv2-e000450,hv2-u00128,baseline,hv2:ramp20:20,referral,note_saved,2026-08-10T10:17:07.461Z,,,n-hv2-u00128,
hv2-e001017,hv2-u00285,baseline,hv2:ramp20:20,paid_social,task_created,2026-08-10T10:17:26.935Z,,,n-hv2-u00285,t-hv2-u00285-2
hv2-e001018,hv2-u00285,baseline,hv2:ramp20:20,paid_social,task_created,2026-08-10T10:18:26.935Z,,,n-hv2-u00285,t-hv2-u00285-3
hv2-e000451,hv2-u00128,baseline,hv2:ramp20:20,referral,task_created,2026-08-10T10:19:07.461Z,,,n-hv2-u00128,t-hv2-u00128-1
hv2-e000452,hv2-u00128,baseline,hv2:ramp20:20,referral,task_created,2026-08-10T10:20:07.461Z,,,n-hv2-u00128,t-hv2-u00128-2
hv2-e000453,hv2-u00128,baseline,hv2:ramp20:20,referral,task_created,2026-08-10T10:21:07.461Z,,,n-hv2-u00128,t-hv2-u00128-3
hv2-e001737,hv2-u00479,task_first,hv2:ramp20:20,organic_search,assigned,2026-08-10T10:25:06.760Z,,,,
hv2-e001738,hv2-u00479,task_first,hv2:ramp20:20,organic_search,note_saved,2026-08-10T10:29:06.760Z,,,n-hv2-u00479,
hv2-e000253,hv2-u00072,task_first,hv2:ramp20:20,paid_social,assigned,2026-08-10T10:30:46.387Z,,,,
hv2-e001739,hv2-u00479,task_first,hv2:ramp20:20,organic_search,task_created,2026-08-10T10:31:06.760Z,,,n-hv2-u00479,t-hv2-u00479-1
hv2-e000435,hv2-u00123,baseline,hv2:ramp20:20,app_store,assigned,2026-08-10T10:33:07.651Z,,,,
hv2-e000254,hv2-u00072,task_first,hv2:ramp20:20,paid_social,note_saved,2026-08-10T10:34:46.387Z,,,n-hv2-u00072,
hv2-e000255,hv2-u00072,task_first,hv2:ramp20:20,paid_social,task_created,2026-08-10T10:36:46.387Z,,,n-hv2-u00072,t-hv2-u00072-1
hv2-e000436,hv2-u00123,baseline,hv2:ramp20:20,app_store,note_saved,2026-08-10T10:37:07.651Z,,,n-hv2-u00123,
hv2-e000256,hv2-u00072,task_first,hv2:ramp20:20,paid_social,task_created,2026-08-10T10:37:46.387Z,,,n-hv2-u00072,t-hv2-u00072-2
hv2-e000257,hv2-u00072,task_first,hv2:ramp20:20,paid_social,task_created,2026-08-10T10:38:46.387Z,,,n-hv2-u00072,t-hv2-u00072-3
hv2-e000847,hv2-u00239,baseline,hv2:ramp20:20,app_store,revisited,2026-08-10T10:58:25.867Z,,,n-hv2-u00239,
hv2-e000248,hv2-u00070,baseline,hv2:ramp20:20,paid_social,assigned,2026-08-10T11:02:47.110Z,,,,
hv2-e000848,hv2-u00239,baseline,hv2:ramp20:20,app_store,task_completed,2026-08-10T11:03:25.867Z,,,n-hv2-u00239,t-hv2-u00239-1
hv2-e001306,hv2-u00366,baseline,hv2:ramp20:20,organic_search,assigned,2026-08-10T11:13:54.721Z,,,,
hv2-e001307,hv2-u00366,baseline,hv2:ramp20:20,organic_search,note_saved,2026-08-10T11:17:54.721Z,,,n-hv2-u00366,
hv2-e001308,hv2-u00366,baseline,hv2:ramp20:20,organic_search,task_created,2026-08-10T11:19:54.721Z,,,n-hv2-u00366,t-hv2-u00366-1
hv2-e001309,hv2-u00366,baseline,hv2:ramp20:20,organic_search,task_created,2026-08-10T11:20:54.721Z,,,n-hv2-u00366,t-hv2-u00366-2
hv2-e001310,hv2-u00366,baseline,hv2:ramp20:20,organic_search,task_created,2026-08-10T11:21:54.721Z,,,n-hv2-u00366,t-hv2-u00366-3
hv2-e000581,hv2-u00157,baseline,hv2:ramp20:20,paid_social,assigned,2026-08-10T11:24:45.278Z,,,,
hv2-e000582,hv2-u00157,baseline,hv2:ramp20:20,paid_social,note_saved,2026-08-10T11:28:45.278Z,,,n-hv2-u00157,
hv2-e000057,hv2-u00018,baseline,hv2:ramp20:20,paid_social,assigned,2026-08-10T11:38:20.089Z,,,,
hv2-e000058,hv2-u00018,baseline,hv2:ramp20:20,paid_social,note_saved,2026-08-10T11:42:20.089Z,,,n-hv2-u00018,
hv2-e001273,hv2-u00357,baseline,hv2:ramp20:20,app_store,assigned,2026-08-10T11:43:06.265Z,,,,
hv2-e000059,hv2-u00018,baseline,hv2:ramp20:20,paid_social,task_created,2026-08-10T11:44:20.089Z,,,n-hv2-u00018,t-hv2-u00018-1
hv2-e000060,hv2-u00018,baseline,hv2:ramp20:20,paid_social,task_created,2026-08-10T11:45:20.089Z,,,n-hv2-u00018,t-hv2-u00018-2
hv2-e000061,hv2-u00018,baseline,hv2:ramp20:20,paid_social,task_created,2026-08-10T11:46:20.089Z,,,n-hv2-u00018,t-hv2-u00018-3
hv2-e001274,hv2-u00357,baseline,hv2:ramp20:20,app_store,note_saved,2026-08-10T11:47:06.265Z,,,n-hv2-u00357,
hv2-e001275,hv2-u00357,baseline,hv2:ramp20:20,app_store,task_created,2026-08-10T11:49:06.265Z,,,n-hv2-u00357,t-hv2-u00357-1
hv2-e001276,hv2-u00357,baseline,hv2:ramp20:20,app_store,task_created,2026-08-10T11:50:06.265Z,,,n-hv2-u00357,t-hv2-u00357-2
hv2-e000906,hv2-u00255,baseline,hv2:ramp20:20,paid_social,revisited,2026-08-10T12:10:48.337Z,,,n-hv2-u00255,
hv2-e001163,hv2-u00327,baseline,hv2:ramp20:20,app_store,revisited,2026-08-10T12:44:52.872Z,,,n-hv2-u00327,
hv2-e001164,hv2-u00327,baseline,hv2:ramp20:20,app_store,task_completed,2026-08-10T12:49:52.872Z,,,n-hv2-u00327,t-hv2-u00327-1
hv2-e000497,hv2-u00138,task_first,hv2:ramp20:20,paid_social,paid,2026-08-10T12:52:20.055Z,10.00,XTS,,
hv2-e001517,hv2-u00424,baseline,hv2:ramp20:20,paid_social,revisited,2026-08-10T13:16:24.074Z,,,n-hv2-u00424,
hv2-e000870,hv2-u00245,task_first,hv2:ramp20:20,paid_social,assigned,2026-08-10T14:05:31.375Z,,,,
hv2-e001859,hv2-u00511,task_first,hv2:ramp20:20,organic_search,assigned,2026-08-10T14:23:05.491Z,,,,
hv2-e001860,hv2-u00511,task_first,hv2:ramp20:20,organic_search,note_saved,2026-08-10T14:27:05.491Z,,,n-hv2-u00511,
hv2-e001861,hv2-u00511,task_first,hv2:ramp20:20,organic_search,task_created,2026-08-10T14:29:05.491Z,,,n-hv2-u00511,t-hv2-u00511-1
hv2-e001304,hv2-u00365,baseline,hv2:ramp20:20,organic_search,assigned,2026-08-10T14:40:29.429Z,,,,
hv2-e001305,hv2-u00365,baseline,hv2:ramp20:20,organic_search,note_saved,2026-08-10T14:44:29.429Z,,,n-hv2-u00365,
hv2-e000861,hv2-u00242,task_first,hv2:ramp20:20,paid_social,revisited,2026-08-10T15:22:29.997Z,,,n-hv2-u00242,
hv2-e001889,hv2-u00518,baseline,hv2:ramp20:20,organic_search,revisited,2026-08-10T15:28:29.568Z,,,n-hv2-u00518,
hv2-e001762,hv2-u00487,baseline,hv2:ramp20:20,paid_social,assigned,2026-08-10T15:35:40.843Z,,,,
hv2-e001763,hv2-u00487,baseline,hv2:ramp20:20,paid_social,note_saved,2026-08-10T15:39:40.843Z,,,n-hv2-u00487,
hv2-e001764,hv2-u00487,baseline,hv2:ramp20:20,paid_social,task_created,2026-08-10T15:41:40.843Z,,,n-hv2-u00487,t-hv2-u00487-1
hv2-e001314,hv2-u00367,task_first,hv2:ramp20:20,paid_social,revisited,2026-08-10T16:09:43.302Z,,,n-hv2-u00367,
hv2-e000102,hv2-u00031,baseline,hv2:ramp20:20,paid_social,assigned,2026-08-10T16:10:39.252Z,,,,
hv2-e000103,hv2-u00031,baseline,hv2:ramp20:20,paid_social,note_saved,2026-08-10T16:14:39.252Z,,,n-hv2-u00031,
hv2-e000745,hv2-u00204,baseline,hv2:ramp20:20,organic_search,assigned,2026-08-10T16:36:15.273Z,,,,
hv2-e000746,hv2-u00204,baseline,hv2:ramp20:20,organic_search,note_saved,2026-08-10T16:40:15.273Z,,,n-hv2-u00204,
hv2-e000747,hv2-u00204,baseline,hv2:ramp20:20,organic_search,task_created,2026-08-10T16:42:15.273Z,,,n-hv2-u00204,t-hv2-u00204-1
hv2-e000748,hv2-u00204,baseline,hv2:ramp20:20,organic_search,task_created,2026-08-10T16:43:15.273Z,,,n-hv2-u00204,t-hv2-u00204-2
hv2-e000749,hv2-u00204,baseline,hv2:ramp20:20,organic_search,task_created,2026-08-10T16:44:15.273Z,,,n-hv2-u00204,t-hv2-u00204-3
hv2-e000962,hv2-u00271,baseline,hv2:ramp20:20,paid_social,assigned,2026-08-10T16:49:27.831Z,,,,
hv2-e000963,hv2-u00271,baseline,hv2:ramp20:20,paid_social,note_saved,2026-08-10T16:53:27.831Z,,,n-hv2-u00271,
hv2-e001575,hv2-u00441,baseline,hv2:ramp20:20,paid_social,assigned,2026-08-10T16:54:44.957Z,,,,
hv2-e000964,hv2-u00271,baseline,hv2:ramp20:20,paid_social,task_created,2026-08-10T16:55:27.831Z,,,n-hv2-u00271,t-hv2-u00271-1
hv2-e001758,hv2-u00485,task_first,hv2:ramp20:20,paid_social,assigned,2026-08-10T17:14:22.726Z,,,,
hv2-e001078,hv2-u00301,baseline,hv2:ramp20:20,paid_social,assigned,2026-08-10T17:17:08.540Z,,,,
hv2-e001759,hv2-u00485,task_first,hv2:ramp20:20,paid_social,note_saved,2026-08-10T17:18:22.726Z,,,n-hv2-u00485,
hv2-e001079,hv2-u00301,baseline,hv2:ramp20:20,paid_social,note_saved,2026-08-10T17:21:08.540Z,,,n-hv2-u00301,
hv2-e001080,hv2-u00301,baseline,hv2:ramp20:20,paid_social,task_created,2026-08-10T17:23:08.540Z,,,n-hv2-u00301,t-hv2-u00301-1
hv2-e001081,hv2-u00301,baseline,hv2:ramp20:20,paid_social,task_created,2026-08-10T17:24:08.540Z,,,n-hv2-u00301,t-hv2-u00301-2
hv2-e001082,hv2-u00301,baseline,hv2:ramp20:20,paid_social,task_created,2026-08-10T17:25:08.540Z,,,n-hv2-u00301,t-hv2-u00301-3
hv2-e001576,hv2-u00441,baseline,hv2:ramp20:20,paid_social,trial_started,2026-08-10T17:54:44.957Z,,,,
hv2-e001489,hv2-u00418,baseline,hv2:ramp20:20,referral,assigned,2026-08-10T18:08:49.111Z,,,,
hv2-e001490,hv2-u00418,baseline,hv2:ramp20:20,referral,note_saved,2026-08-10T18:12:49.111Z,,,n-hv2-u00418,
hv2-e001232,hv2-u00347,baseline,hv2:ramp20:20,paid_social,assigned,2026-08-10T18:13:53.416Z,,,,
hv2-e001491,hv2-u00418,baseline,hv2:ramp20:20,referral,task_created,2026-08-10T18:14:49.111Z,,,n-hv2-u00418,t-hv2-u00418-1
hv2-e001492,hv2-u00418,baseline,hv2:ramp20:20,referral,task_created,2026-08-10T18:15:49.111Z,,,n-hv2-u00418,t-hv2-u00418-2
hv2-e001233,hv2-u00347,baseline,hv2:ramp20:20,paid_social,note_saved,2026-08-10T18:17:53.416Z,,,n-hv2-u00347,
hv2-e001234,hv2-u00347,baseline,hv2:ramp20:20,paid_social,task_created,2026-08-10T18:19:53.416Z,,,n-hv2-u00347,t-hv2-u00347-1
hv2-e001235,hv2-u00347,baseline,hv2:ramp20:20,paid_social,task_created,2026-08-10T18:20:53.416Z,,,n-hv2-u00347,t-hv2-u00347-2
hv2-e000142,hv2-u00042,baseline,hv2:ramp20:20,paid_social,assigned,2026-08-10T18:32:07.387Z,,,,
hv2-e000143,hv2-u00042,baseline,hv2:ramp20:20,paid_social,note_saved,2026-08-10T18:36:07.387Z,,,n-hv2-u00042,
hv2-e000233,hv2-u00065,baseline,hv2:ramp20:20,referral,revisited,2026-08-10T18:38:03.179Z,,,n-hv2-u00065,
hv2-e000144,hv2-u00042,baseline,hv2:ramp20:20,paid_social,task_created,2026-08-10T18:38:07.387Z,,,n-hv2-u00042,t-hv2-u00042-1
hv2-e000145,hv2-u00042,baseline,hv2:ramp20:20,paid_social,task_created,2026-08-10T18:39:07.387Z,,,n-hv2-u00042,t-hv2-u00042-2
hv2-e000146,hv2-u00042,baseline,hv2:ramp20:20,paid_social,task_created,2026-08-10T18:40:07.387Z,,,n-hv2-u00042,t-hv2-u00042-3
hv2-e000234,hv2-u00065,baseline,hv2:ramp20:20,referral,task_completed,2026-08-10T18:43:03.179Z,,,n-hv2-u00065,t-hv2-u00065-1
hv2-e000612,hv2-u00166,baseline,hv2:ramp20:20,organic_search,assigned,2026-08-10T18:51:21.411Z,,,,
hv2-e000791,hv2-u00220,baseline,hv2:ramp20:20,paid_social,assigned,2026-08-10T19:16:35.795Z,,,,
hv2-e000792,hv2-u00220,baseline,hv2:ramp20:20,paid_social,note_saved,2026-08-10T19:20:35.795Z,,,n-hv2-u00220,
hv2-e001511,hv2-u00423,baseline,hv2:ramp20:20,paid_social,assigned,2026-08-10T19:28:18.610Z,,,,
hv2-e001512,hv2-u00423,baseline,hv2:ramp20:20,paid_social,note_saved,2026-08-10T19:32:18.610Z,,,n-hv2-u00423,
hv2-e001513,hv2-u00423,baseline,hv2:ramp20:20,paid_social,task_created,2026-08-10T19:34:18.610Z,,,n-hv2-u00423,t-hv2-u00423-1
hv2-e001514,hv2-u00423,baseline,hv2:ramp20:20,paid_social,task_created,2026-08-10T19:35:18.610Z,,,n-hv2-u00423,t-hv2-u00423-2
hv2-e001515,hv2-u00423,baseline,hv2:ramp20:20,paid_social,task_created,2026-08-10T19:36:18.610Z,,,n-hv2-u00423,t-hv2-u00423-3
hv2-e000100,hv2-u00030,baseline,hv2:ramp20:20,paid_social,assigned,2026-08-10T20:00:25.316Z,,,,
hv2-e000101,hv2-u00030,baseline,hv2:ramp20:20,paid_social,note_saved,2026-08-10T20:04:25.316Z,,,n-hv2-u00030,
hv2-e001609,hv2-u00449,baseline,hv2:ramp20:20,paid_social,assigned,2026-08-10T20:08:48.060Z,,,,
hv2-e000346,hv2-u00097,baseline,hv2:ramp20:20,paid_social,revisited,2026-08-10T20:09:18.845Z,,,n-hv2-u00097,
hv2-e001610,hv2-u00449,baseline,hv2:ramp20:20,paid_social,note_saved,2026-08-10T20:12:48.060Z,,,n-hv2-u00449,
hv2-e001611,hv2-u00449,baseline,hv2:ramp20:20,paid_social,task_created,2026-08-10T20:14:48.060Z,,,n-hv2-u00449,t-hv2-u00449-1
hv2-e001612,hv2-u00449,baseline,hv2:ramp20:20,paid_social,task_created,2026-08-10T20:15:48.060Z,,,n-hv2-u00449,t-hv2-u00449-2
hv2-e000475,hv2-u00134,baseline,hv2:ramp20:20,paid_social,assigned,2026-08-10T20:16:53.224Z,,,,
hv2-e000476,hv2-u00134,baseline,hv2:ramp20:20,paid_social,note_saved,2026-08-10T20:20:53.224Z,,,n-hv2-u00134,
hv2-e000535,hv2-u00146,baseline,hv2:ramp20:20,paid_social,assigned,2026-08-10T20:25:23.422Z,,,,
hv2-e000536,hv2-u00146,baseline,hv2:ramp20:20,paid_social,note_saved,2026-08-10T20:29:23.422Z,,,n-hv2-u00146,
hv2-e000537,hv2-u00146,baseline,hv2:ramp20:20,paid_social,task_created,2026-08-10T20:31:23.422Z,,,n-hv2-u00146,t-hv2-u00146-1
hv2-e000538,hv2-u00146,baseline,hv2:ramp20:20,paid_social,task_created,2026-08-10T20:32:23.422Z,,,n-hv2-u00146,t-hv2-u00146-2
hv2-e001822,hv2-u00502,baseline,hv2:ramp20:20,paid_social,assigned,2026-08-10T20:39:26.203Z,,,,
hv2-e001823,hv2-u00502,baseline,hv2:ramp20:20,paid_social,note_saved,2026-08-10T20:43:26.203Z,,,n-hv2-u00502,
hv2-e001090,hv2-u00305,baseline,hv2:ramp20:20,paid_social,assigned,2026-08-10T20:49:24.809Z,,,,
hv2-e001091,hv2-u00305,baseline,hv2:ramp20:20,paid_social,note_saved,2026-08-10T20:53:24.809Z,,,n-hv2-u00305,
hv2-e000278,hv2-u00076,baseline,hv2:ramp20:20,paid_social,revisited,2026-08-10T21:35:52.183Z,,,n-hv2-u00076,
hv2-e001035,hv2-u00289,baseline,hv2:ramp20:20,referral,assigned,2026-08-10T22:09:22.810Z,,,,
hv2-e001036,hv2-u00289,baseline,hv2:ramp20:20,referral,note_saved,2026-08-10T22:13:22.810Z,,,n-hv2-u00289,
hv2-e000209,hv2-u00059,baseline,hv2:ramp20:20,paid_social,revisited,2026-08-10T22:35:59.676Z,,,n-hv2-u00059,
hv2-e000887,hv2-u00250,task_first,hv2:ramp20:20,paid_social,assigned,2026-08-10T23:18:28.103Z,,,,
hv2-e000718,hv2-u00196,baseline,hv2:ramp20:20,app_store,assigned,2026-08-11T00:24:40.230Z,,,,
hv2-e000719,hv2-u00196,baseline,hv2:ramp20:20,app_store,note_saved,2026-08-11T00:28:40.230Z,,,n-hv2-u00196,
hv2-e000888,hv2-u00251,baseline,hv2:ramp20:20,paid_social,assigned,2026-08-11T00:33:25.399Z,,,,
hv2-e001723,hv2-u00476,task_first,hv2:ramp20:20,paid_social,assigned,2026-08-11T00:34:03.505Z,,,,
hv2-e000889,hv2-u00251,baseline,hv2:ramp20:20,paid_social,note_saved,2026-08-11T00:37:25.399Z,,,n-hv2-u00251,
hv2-e001724,hv2-u00476,task_first,hv2:ramp20:20,paid_social,note_saved,2026-08-11T00:38:03.505Z,,,n-hv2-u00476,
hv2-e001725,hv2-u00476,task_first,hv2:ramp20:20,paid_social,task_created,2026-08-11T00:40:03.505Z,,,n-hv2-u00476,t-hv2-u00476-1
hv2-e001726,hv2-u00476,task_first,hv2:ramp20:20,paid_social,task_created,2026-08-11T00:41:03.505Z,,,n-hv2-u00476,t-hv2-u00476-2
hv2-e001727,hv2-u00476,task_first,hv2:ramp20:20,paid_social,task_created,2026-08-11T00:42:03.505Z,,,n-hv2-u00476,t-hv2-u00476-3
hv2-e000638,hv2-u00171,baseline,hv2:ramp20:20,app_store,trial_started,2026-08-11T01:07:56.684Z,,,,
hv2-e000590,hv2-u00160,baseline,hv2:ramp20:20,organic_search,assigned,2026-08-11T01:09:31.271Z,,,,
hv2-e000591,hv2-u00160,baseline,hv2:ramp20:20,organic_search,note_saved,2026-08-11T01:13:31.271Z,,,n-hv2-u00160,
hv2-e001200,hv2-u00337,baseline,hv2:ramp20:20,app_store,revisited,2026-08-11T01:31:08.848Z,,,n-hv2-u00337,
hv2-e001030,hv2-u00288,baseline,hv2:ramp20:20,paid_social,assigned,2026-08-11T01:31:22.585Z,,,,
hv2-e001031,hv2-u00288,baseline,hv2:ramp20:20,paid_social,note_saved,2026-08-11T01:35:22.585Z,,,n-hv2-u00288,
hv2-e001032,hv2-u00288,baseline,hv2:ramp20:20,paid_social,task_created,2026-08-11T01:37:22.585Z,,,n-hv2-u00288,t-hv2-u00288-1
hv2-e001033,hv2-u00288,baseline,hv2:ramp20:20,paid_social,task_created,2026-08-11T01:38:22.585Z,,,n-hv2-u00288,t-hv2-u00288-2
hv2-e001034,hv2-u00288,baseline,hv2:ramp20:20,paid_social,task_created,2026-08-11T01:39:22.585Z,,,n-hv2-u00288,t-hv2-u00288-3
hv2-e000245,hv2-u00069,task_first,hv2:ramp20:20,paid_social,assigned,2026-08-11T02:03:35.490Z,,,,
hv2-e000246,hv2-u00069,task_first,hv2:ramp20:20,paid_social,note_saved,2026-08-11T02:07:35.490Z,,,n-hv2-u00069,
hv2-e000883,hv2-u00249,baseline,hv2:ramp20:20,paid_social,assigned,2026-08-11T02:42:01.354Z,,,,
hv2-e000314,hv2-u00087,task_first,hv2:ramp20:20,paid_social,assigned,2026-08-11T02:44:39.510Z,,,,
hv2-e000741,hv2-u00203,baseline,hv2:ramp20:20,paid_social,assigned,2026-08-11T02:45:18.645Z,,,,
hv2-e000884,hv2-u00249,baseline,hv2:ramp20:20,paid_social,note_saved,2026-08-11T02:46:01.354Z,,,n-hv2-u00249,
hv2-e000885,hv2-u00249,baseline,hv2:ramp20:20,paid_social,task_created,2026-08-11T02:48:01.354Z,,,n-hv2-u00249,t-hv2-u00249-1
hv2-e000315,hv2-u00087,task_first,hv2:ramp20:20,paid_social,note_saved,2026-08-11T02:48:39.510Z,,,n-hv2-u00087,
hv2-e000742,hv2-u00203,baseline,hv2:ramp20:20,paid_social,note_saved,2026-08-11T02:49:18.645Z,,,n-hv2-u00203,
hv2-e000316,hv2-u00087,task_first,hv2:ramp20:20,paid_social,task_created,2026-08-11T02:50:39.510Z,,,n-hv2-u00087,t-hv2-u00087-1
hv2-e000743,hv2-u00203,baseline,hv2:ramp20:20,paid_social,task_created,2026-08-11T02:51:18.645Z,,,n-hv2-u00203,t-hv2-u00203-1
hv2-e000317,hv2-u00087,task_first,hv2:ramp20:20,paid_social,task_created,2026-08-11T02:51:39.510Z,,,n-hv2-u00087,t-hv2-u00087-2
hv2-e000744,hv2-u00203,baseline,hv2:ramp20:20,paid_social,task_created,2026-08-11T02:52:18.645Z,,,n-hv2-u00203,t-hv2-u00203-2
hv2-e000318,hv2-u00087,task_first,hv2:ramp20:20,paid_social,task_created,2026-08-11T02:52:39.510Z,,,n-hv2-u00087,t-hv2-u00087-3
hv2-e000247,hv2-u00069,task_first,hv2:ramp20:20,paid_social,trial_started,2026-08-11T03:03:35.490Z,,,,
hv2-e000687,hv2-u00186,baseline,hv2:ramp20:20,paid_social,assigned,2026-08-11T03:20:02.996Z,,,,
hv2-e000688,hv2-u00186,baseline,hv2:ramp20:20,paid_social,note_saved,2026-08-11T03:24:02.996Z,,,n-hv2-u00186,
hv2-e000831,hv2-u00235,task_first,hv2:ramp20:20,paid_social,assigned,2026-08-11T03:28:14.205Z,,,,
hv2-e000832,hv2-u00235,task_first,hv2:ramp20:20,paid_social,note_saved,2026-08-11T03:32:14.205Z,,,n-hv2-u00235,
hv2-e000550,hv2-u00149,baseline,hv2:ramp20:20,referral,assigned,2026-08-11T03:38:40.505Z,,,,
hv2-e000551,hv2-u00149,baseline,hv2:ramp20:20,referral,note_saved,2026-08-11T03:42:40.505Z,,,n-hv2-u00149,
hv2-e000552,hv2-u00149,baseline,hv2:ramp20:20,referral,task_created,2026-08-11T03:44:40.505Z,,,n-hv2-u00149,t-hv2-u00149-1
hv2-e000553,hv2-u00149,baseline,hv2:ramp20:20,referral,task_created,2026-08-11T03:45:40.505Z,,,n-hv2-u00149,t-hv2-u00149-2
hv2-e001225,hv2-u00345,baseline,hv2:ramp20:20,paid_social,assigned,2026-08-11T03:52:35.972Z,,,,
hv2-e001674,hv2-u00463,baseline,hv2:ramp20:20,paid_social,trial_started,2026-08-11T03:55:24.412Z,,,,
hv2-e001226,hv2-u00345,baseline,hv2:ramp20:20,paid_social,note_saved,2026-08-11T03:56:35.972Z,,,n-hv2-u00345,
hv2-e000979,hv2-u00277,baseline,hv2:ramp20:20,app_store,revisited,2026-08-11T03:56:51.812Z,,,n-hv2-u00277,
hv2-e001227,hv2-u00345,baseline,hv2:ramp20:20,paid_social,task_created,2026-08-11T03:58:35.972Z,,,n-hv2-u00345,t-hv2-u00345-1
hv2-e001242,hv2-u00350,baseline,hv2:ramp20:20,paid_social,assigned,2026-08-11T03:59:21.892Z,,,,
hv2-e001243,hv2-u00350,baseline,hv2:ramp20:20,paid_social,note_saved,2026-08-11T04:03:21.892Z,,,n-hv2-u00350,
hv2-e000009,hv2-u00003,baseline,hv2:ramp20:20,paid_social,assigned,2026-08-11T04:32:42.994Z,,,,
hv2-e000010,hv2-u00003,baseline,hv2:ramp20:20,paid_social,note_saved,2026-08-11T04:36:42.994Z,,,n-hv2-u00003,
hv2-e000693,hv2-u00187,task_first,hv2:ramp20:20,organic_search,revisited,2026-08-11T04:46:56.225Z,,,n-hv2-u00187,
hv2-e001634,hv2-u00454,baseline,hv2:ramp20:20,paid_social,assigned,2026-08-11T04:59:28.937Z,,,,
hv2-e001635,hv2-u00454,baseline,hv2:ramp20:20,paid_social,note_saved,2026-08-11T05:03:28.937Z,,,n-hv2-u00454,
hv2-e001636,hv2-u00454,baseline,hv2:ramp20:20,paid_social,task_created,2026-08-11T05:05:28.937Z,,,n-hv2-u00454,t-hv2-u00454-1
hv2-e000928,hv2-u00262,task_first,hv2:ramp20:20,app_store,revisited,2026-08-11T05:05:38.183Z,,,n-hv2-u00262,
hv2-e001637,hv2-u00454,baseline,hv2:ramp20:20,paid_social,task_created,2026-08-11T05:06:28.937Z,,,n-hv2-u00454,t-hv2-u00454-2
hv2-e001638,hv2-u00454,baseline,hv2:ramp20:20,paid_social,task_created,2026-08-11T05:07:28.937Z,,,n-hv2-u00454,t-hv2-u00454-3
hv2-e000724,hv2-u00198,baseline,hv2:ramp20:20,paid_social,assigned,2026-08-11T05:57:02.311Z,,,,
hv2-e000594,hv2-u00161,baseline,hv2:ramp20:20,paid_social,assigned,2026-08-11T05:57:02.800Z,,,,
hv2-e000725,hv2-u00198,baseline,hv2:ramp20:20,paid_social,note_saved,2026-08-11T06:01:02.311Z,,,n-hv2-u00198,
hv2-e000595,hv2-u00161,baseline,hv2:ramp20:20,paid_social,note_saved,2026-08-11T06:01:02.800Z,,,n-hv2-u00161,
hv2-e000726,hv2-u00198,baseline,hv2:ramp20:20,paid_social,task_created,2026-08-11T06:03:02.311Z,,,n-hv2-u00198,t-hv2-u00198-1
hv2-e000596,hv2-u00161,baseline,hv2:ramp20:20,paid_social,task_created,2026-08-11T06:03:02.800Z,,,n-hv2-u00161,t-hv2-u00161-1
hv2-e001729,hv2-u00477,baseline,hv2:ramp20:20,paid_social,assigned,2026-08-11T06:27:46.769Z,,,,
hv2-e001518,hv2-u00425,baseline,hv2:ramp20:20,paid_social,assigned,2026-08-11T06:28:32.256Z,,,,
hv2-e001730,hv2-u00477,baseline,hv2:ramp20:20,paid_social,note_saved,2026-08-11T06:31:46.769Z,,,n-hv2-u00477,
hv2-e000097,hv2-u00028,task_first,hv2:ramp20:20,app_store,assigned,2026-08-11T06:34:23Z,,,,
hv2-e000757,hv2-u00207,baseline,hv2:ramp20:20,paid_social,assigned,2026-08-11T06:51:43.430Z,,,,
hv2-e000105,hv2-u00033,baseline,hv2:ramp20:20,paid_social,assigned,2026-08-11T07:29:36.469Z,,,,
hv2-e000106,hv2-u00033,baseline,hv2:ramp20:20,paid_social,note_saved,2026-08-11T07:33:36.469Z,,,n-hv2-u00033,
hv2-e000107,hv2-u00033,baseline,hv2:ramp20:20,paid_social,task_created,2026-08-11T07:35:36.469Z,,,n-hv2-u00033,t-hv2-u00033-1
hv2-e000108,hv2-u00033,baseline,hv2:ramp20:20,paid_social,task_created,2026-08-11T07:36:36.469Z,,,n-hv2-u00033,t-hv2-u00033-2
hv2-e001661,hv2-u00460,baseline,hv2:ramp20:20,paid_social,assigned,2026-08-11T07:58:04.528Z,,,,
hv2-e001662,hv2-u00460,baseline,hv2:ramp20:20,paid_social,note_saved,2026-08-11T08:02:04.528Z,,,n-hv2-u00460,
hv2-e001663,hv2-u00460,baseline,hv2:ramp20:20,paid_social,task_created,2026-08-11T08:04:04.528Z,,,n-hv2-u00460,t-hv2-u00460-1
hv2-e000765,hv2-u00210,baseline,hv2:ramp20:20,organic_search,assigned,2026-08-11T08:41:43.989Z,,,,
hv2-e000766,hv2-u00210,baseline,hv2:ramp20:20,organic_search,note_saved,2026-08-11T08:45:43.989Z,,,n-hv2-u00210,
hv2-e000767,hv2-u00210,baseline,hv2:ramp20:20,organic_search,task_created,2026-08-11T08:47:43.989Z,,,n-hv2-u00210,t-hv2-u00210-1
hv2-e000768,hv2-u00210,baseline,hv2:ramp20:20,organic_search,task_created,2026-08-11T08:48:43.989Z,,,n-hv2-u00210,t-hv2-u00210-2
hv2-e000769,hv2-u00210,baseline,hv2:ramp20:20,organic_search,task_created,2026-08-11T08:49:43.989Z,,,n-hv2-u00210,t-hv2-u00210-3
hv2-e001772,hv2-u00490,baseline,hv2:ramp20:20,paid_social,assigned,2026-08-11T09:08:30.728Z,,,,
hv2-e001773,hv2-u00490,baseline,hv2:ramp20:20,paid_social,note_saved,2026-08-11T09:12:30.728Z,,,n-hv2-u00490,
hv2-e001774,hv2-u00490,baseline,hv2:ramp20:20,paid_social,task_created,2026-08-11T09:14:30.728Z,,,n-hv2-u00490,t-hv2-u00490-1
hv2-e001775,hv2-u00490,baseline,hv2:ramp20:20,paid_social,task_created,2026-08-11T09:15:30.728Z,,,n-hv2-u00490,t-hv2-u00490-2
hv2-e001776,hv2-u00490,baseline,hv2:ramp20:20,paid_social,task_created,2026-08-11T09:16:30.728Z,,,n-hv2-u00490,t-hv2-u00490-3
hv2-e000477,hv2-u00135,baseline,hv2:ramp20:20,paid_social,assigned,2026-08-11T09:34:01.946Z,,,,
hv2-e000478,hv2-u00135,baseline,hv2:ramp20:20,paid_social,note_saved,2026-08-11T09:38:01.946Z,,,n-hv2-u00135,
hv2-e000479,hv2-u00135,baseline,hv2:ramp20:20,paid_social,task_created,2026-08-11T09:40:01.946Z,,,n-hv2-u00135,t-hv2-u00135-1
hv2-e000124,hv2-u00036,task_first,hv2:ramp20:20,paid_social,revisited,2026-08-11T09:51:45.889Z,,,n-hv2-u00036,
hv2-e001454,hv2-u00408,baseline,hv2:ramp20:20,paid_social,assigned,2026-08-11T09:52:01.754Z,,,,
hv2-e001455,hv2-u00408,baseline,hv2:ramp20:20,paid_social,note_saved,2026-08-11T09:56:01.754Z,,,n-hv2-u00408,
hv2-e000856,hv2-u00241,baseline,hv2:ramp20:20,organic_search,trial_started,2026-08-11T10:39:12.476Z,,,,
hv2-e001624,hv2-u00452,task_first,hv2:ramp20:20,paid_social,assigned,2026-08-11T11:00:12.214Z,,,,
hv2-e001268,hv2-u00356,baseline,hv2:ramp20:20,paid_social,assigned,2026-08-11T11:09:39.005Z,,,,
hv2-e000454,hv2-u00128,baseline,hv2:ramp20:20,referral,trial_started,2026-08-11T11:13:07.461Z,,,,
hv2-e001269,hv2-u00356,baseline,hv2:ramp20:20,paid_social,note_saved,2026-08-11T11:13:39.005Z,,,n-hv2-u00356,
hv2-e001270,hv2-u00356,baseline,hv2:ramp20:20,paid_social,task_created,2026-08-11T11:15:39.005Z,,,n-hv2-u00356,t-hv2-u00356-1
hv2-e001271,hv2-u00356,baseline,hv2:ramp20:20,paid_social,task_created,2026-08-11T11:16:39.005Z,,,n-hv2-u00356,t-hv2-u00356-2
hv2-e001272,hv2-u00356,baseline,hv2:ramp20:20,paid_social,task_created,2026-08-11T11:17:39.005Z,,,n-hv2-u00356,t-hv2-u00356-3
hv2-e000616,hv2-u00167,baseline,hv2:ramp20:20,paid_social,assigned,2026-08-11T11:39:34.708Z,,,,
hv2-e001718,hv2-u00475,baseline,hv2:ramp20:20,paid_social,assigned,2026-08-11T11:41:18.478Z,,,,
hv2-e001329,hv2-u00370,baseline,hv2:ramp20:20,paid_social,revisited,2026-08-11T11:42:46.780Z,,,n-hv2-u00370,
hv2-e000617,hv2-u00167,baseline,hv2:ramp20:20,paid_social,note_saved,2026-08-11T11:43:34.708Z,,,n-hv2-u00167,
hv2-e001311,hv2-u00366,baseline,hv2:ramp20:20,organic_search,revisited,2026-08-11T11:43:54.721Z,,,n-hv2-u00366,
hv2-e001719,hv2-u00475,baseline,hv2:ramp20:20,paid_social,note_saved,2026-08-11T11:45:18.478Z,,,n-hv2-u00475,
hv2-e001720,hv2-u00475,baseline,hv2:ramp20:20,paid_social,task_created,2026-08-11T11:47:18.478Z,,,n-hv2-u00475,t-hv2-u00475-1
hv2-e001721,hv2-u00475,baseline,hv2:ramp20:20,paid_social,task_created,2026-08-11T11:48:18.478Z,,,n-hv2-u00475,t-hv2-u00475-2
hv2-e001312,hv2-u00366,baseline,hv2:ramp20:20,organic_search,task_completed,2026-08-11T11:48:54.721Z,,,n-hv2-u00366,t-hv2-u00366-1
hv2-e001722,hv2-u00475,baseline,hv2:ramp20:20,paid_social,task_created,2026-08-11T11:49:18.478Z,,,n-hv2-u00475,t-hv2-u00475-3
hv2-e000042,hv2-u00013,baseline,hv2:ramp20:20,organic_search,revisited,2026-08-11T11:49:29.727Z,,,n-hv2-u00013,
hv2-e000961,hv2-u00270,baseline,hv2:ramp20:20,paid_social,revisited,2026-08-11T11:54:05.099Z,,,n-hv2-u00270,
hv2-e000043,hv2-u00013,baseline,hv2:ramp20:20,organic_search,task_completed,2026-08-11T11:54:29.727Z,,,n-hv2-u00013,t-hv2-u00013-1
hv2-e001625,hv2-u00452,task_first,hv2:ramp20:20,paid_social,trial_started,2026-08-11T12:00:12.214Z,,,,
hv2-e000319,hv2-u00088,baseline,hv2:ramp20:20,paid_social,assigned,2026-08-11T13:06:41.032Z,,,,
hv2-e000320,hv2-u00088,baseline,hv2:ramp20:20,paid_social,note_saved,2026-08-11T13:10:41.032Z,,,n-hv2-u00088,
hv2-e001508,hv2-u00422,baseline,hv2:ramp20:20,organic_search,revisited,2026-08-11T13:26:51.665Z,,,n-hv2-u00422,
hv2-e001098,hv2-u00307,task_first,hv2:ramp20:20,organic_search,assigned,2026-08-11T13:27:43.959Z,,,,
hv2-e001099,hv2-u00307,task_first,hv2:ramp20:20,organic_search,note_saved,2026-08-11T13:31:43.959Z,,,n-hv2-u00307,
hv2-e001244,hv2-u00351,baseline,hv2:ramp20:20,paid_social,assigned,2026-08-11T13:32:13.849Z,,,,
hv2-e001245,hv2-u00351,baseline,hv2:ramp20:20,paid_social,note_saved,2026-08-11T13:36:13.849Z,,,n-hv2-u00351,
hv2-e000243,hv2-u00068,baseline,hv2:ramp20:20,paid_social,assigned,2026-08-11T13:37:52.539Z,,,,
hv2-e001246,hv2-u00351,baseline,hv2:ramp20:20,paid_social,task_created,2026-08-11T13:38:13.849Z,,,n-hv2-u00351,t-hv2-u00351-1
hv2-e001247,hv2-u00351,baseline,hv2:ramp20:20,paid_social,task_created,2026-08-11T13:39:13.849Z,,,n-hv2-u00351,t-hv2-u00351-2
hv2-e001256,hv2-u00353,baseline,hv2:ramp20:20,paid_social,assigned,2026-08-11T13:39:41.099Z,,,,
hv2-e001248,hv2-u00351,baseline,hv2:ramp20:20,paid_social,task_created,2026-08-11T13:40:13.849Z,,,n-hv2-u00351,t-hv2-u00351-3
hv2-e000244,hv2-u00068,baseline,hv2:ramp20:20,paid_social,note_saved,2026-08-11T13:41:52.539Z,,,n-hv2-u00068,
hv2-e001257,hv2-u00353,baseline,hv2:ramp20:20,paid_social,note_saved,2026-08-11T13:43:41.099Z,,,n-hv2-u00353,
hv2-e001258,hv2-u00353,baseline,hv2:ramp20:20,paid_social,task_created,2026-08-11T13:45:41.099Z,,,n-hv2-u00353,t-hv2-u00353-1
hv2-e001259,hv2-u00353,baseline,hv2:ramp20:20,paid_social,task_created,2026-08-11T13:46:41.099Z,,,n-hv2-u00353,t-hv2-u00353-2
hv2-e001260,hv2-u00353,baseline,hv2:ramp20:20,paid_social,task_created,2026-08-11T13:47:41.099Z,,,n-hv2-u00353,t-hv2-u00353-3
hv2-e001133,hv2-u00318,baseline,hv2:ramp20:20,paid_social,assigned,2026-08-11T14:12:39.644Z,,,,
hv2-e001134,hv2-u00318,baseline,hv2:ramp20:20,paid_social,note_saved,2026-08-11T14:16:39.644Z,,,n-hv2-u00318,
hv2-e001113,hv2-u00313,baseline,hv2:ramp20:20,paid_social,assigned,2026-08-11T14:39:12.993Z,,,,
hv2-e001114,hv2-u00313,baseline,hv2:ramp20:20,paid_social,note_saved,2026-08-11T14:43:12.993Z,,,n-hv2-u00313,
hv2-e000021,hv2-u00007,baseline,hv2:ramp20:20,paid_social,assigned,2026-08-11T15:20:50.310Z,,,,
hv2-e000022,hv2-u00007,baseline,hv2:ramp20:20,paid_social,note_saved,2026-08-11T15:24:50.310Z,,,n-hv2-u00007,
hv2-e000023,hv2-u00007,baseline,hv2:ramp20:20,paid_social,task_created,2026-08-11T15:26:50.310Z,,,n-hv2-u00007,t-hv2-u00007-1
hv2-e000024,hv2-u00007,baseline,hv2:ramp20:20,paid_social,task_created,2026-08-11T15:27:50.310Z,,,n-hv2-u00007,t-hv2-u00007-2
hv2-e000813,hv2-u00227,baseline,hv2:ramp20:20,paid_social,assigned,2026-08-11T15:28:18.775Z,,,,
hv2-e000025,hv2-u00007,baseline,hv2:ramp20:20,paid_social,task_created,2026-08-11T15:28:50.310Z,,,n-hv2-u00007,t-hv2-u00007-3
hv2-e000871,hv2-u00246,baseline,hv2:ramp20:20,paid_social,assigned,2026-08-11T15:42:49.217Z,,,,
hv2-e000872,hv2-u00246,baseline,hv2:ramp20:20,paid_social,note_saved,2026-08-11T15:46:49.217Z,,,n-hv2-u00246,
hv2-e000873,hv2-u00246,baseline,hv2:ramp20:20,paid_social,task_created,2026-08-11T15:48:49.217Z,,,n-hv2-u00246,t-hv2-u00246-1
hv2-e000597,hv2-u00162,task_first,hv2:ramp20:20,paid_social,assigned,2026-08-11T15:57:56.460Z,,,,
hv2-e000598,hv2-u00162,task_first,hv2:ramp20:20,paid_social,note_saved,2026-08-11T16:01:56.460Z,,,n-hv2-u00162,
hv2-e000599,hv2-u00162,task_first,hv2:ramp20:20,paid_social,task_created,2026-08-11T16:03:56.460Z,,,n-hv2-u00162,t-hv2-u00162-1
hv2-e000600,hv2-u00162,task_first,hv2:ramp20:20,paid_social,task_created,2026-08-11T16:04:56.460Z,,,n-hv2-u00162,t-hv2-u00162-2
hv2-e000601,hv2-u00162,task_first,hv2:ramp20:20,paid_social,task_created,2026-08-11T16:05:56.460Z,,,n-hv2-u00162,t-hv2-u00162-3
hv2-e000428,hv2-u00120,task_first,hv2:ramp20:20,organic_search,revisited,2026-08-11T16:09:47.138Z,,,n-hv2-u00120,
hv2-e001366,hv2-u00383,baseline,hv2:ramp20:20,paid_social,assigned,2026-08-11T16:29:09.265Z,,,,
hv2-e001367,hv2-u00383,baseline,hv2:ramp20:20,paid_social,note_saved,2026-08-11T16:33:09.265Z,,,n-hv2-u00383,
hv2-e001368,hv2-u00383,baseline,hv2:ramp20:20,paid_social,task_created,2026-08-11T16:35:09.265Z,,,n-hv2-u00383,t-hv2-u00383-1
hv2-e000829,hv2-u00234,baseline,hv2:ramp20:20,paid_social,assigned,2026-08-11T17:01:16.049Z,,,,
hv2-e000830,hv2-u00234,baseline,hv2:ramp20:20,paid_social,note_saved,2026-08-11T17:05:16.049Z,,,n-hv2-u00234,
hv2-e001335,hv2-u00374,baseline,hv2:ramp20:20,paid_social,assigned,2026-08-11T17:07:50.432Z,,,,
hv2-e000047,hv2-u00014,baseline,hv2:ramp20:20,referral,revisited,2026-08-11T17:15:13.893Z,,,n-hv2-u00014,
hv2-e000750,hv2-u00204,baseline,hv2:ramp20:20,organic_search,trial_started,2026-08-11T17:36:15.273Z,,,,
hv2-e000395,hv2-u00112,baseline,hv2:ramp20:20,paid_social,assigned,2026-08-11T17:57:53.543Z,,,,
hv2-e000396,hv2-u00112,baseline,hv2:ramp20:20,paid_social,note_saved,2026-08-11T18:01:53.543Z,,,n-hv2-u00112,
hv2-e000397,hv2-u00112,baseline,hv2:ramp20:20,paid_social,task_created,2026-08-11T18:03:53.543Z,,,n-hv2-u00112,t-hv2-u00112-1
hv2-e000398,hv2-u00112,baseline,hv2:ramp20:20,paid_social,task_created,2026-08-11T18:04:53.543Z,,,n-hv2-u00112,t-hv2-u00112-2
hv2-e000132,hv2-u00039,task_first,hv2:ramp20:20,paid_social,revisited,2026-08-11T18:17:11.955Z,,,n-hv2-u00039,
hv2-e000895,hv2-u00253,baseline,hv2:ramp20:20,paid_social,assigned,2026-08-11T18:18:21.657Z,,,,
hv2-e000896,hv2-u00253,baseline,hv2:ramp20:20,paid_social,note_saved,2026-08-11T18:22:21.657Z,,,n-hv2-u00253,
hv2-e001824,hv2-u00503,baseline,hv2:ramp20:20,paid_social,assigned,2026-08-11T19:05:23.447Z,,,,
hv2-e000064,hv2-u00020,baseline,hv2:ramp20:20,paid_social,assigned,2026-08-11T19:07:29.806Z,,,,
hv2-e001825,hv2-u00503,baseline,hv2:ramp20:20,paid_social,note_saved,2026-08-11T19:09:23.447Z,,,n-hv2-u00503,
hv2-e001826,hv2-u00503,baseline,hv2:ramp20:20,paid_social,task_created,2026-08-11T19:11:23.447Z,,,n-hv2-u00503,t-hv2-u00503-1
hv2-e000065,hv2-u00020,baseline,hv2:ramp20:20,paid_social,note_saved,2026-08-11T19:11:29.806Z,,,n-hv2-u00020,
hv2-e000777,hv2-u00214,task_first,hv2:ramp20:20,paid_social,revisited,2026-08-11T19:23:19.678Z,,,n-hv2-u00214,
hv2-e001846,hv2-u00508,baseline,hv2:ramp20:20,app_store,assigned,2026-08-11T19:58:39.389Z,,,,
hv2-e001847,hv2-u00508,baseline,hv2:ramp20:20,app_store,note_saved,2026-08-11T20:02:39.389Z,,,n-hv2-u00508,
hv2-e001848,hv2-u00508,baseline,hv2:ramp20:20,app_store,task_created,2026-08-11T20:04:39.389Z,,,n-hv2-u00508,t-hv2-u00508-1
hv2-e001849,hv2-u00508,baseline,hv2:ramp20:20,app_store,task_created,2026-08-11T20:05:39.389Z,,,n-hv2-u00508,t-hv2-u00508-2
hv2-e000734,hv2-u00200,task_first,hv2:ramp20:20,paid_social,assigned,2026-08-11T20:42:53.261Z,,,,
hv2-e000735,hv2-u00200,task_first,hv2:ramp20:20,paid_social,note_saved,2026-08-11T20:46:53.261Z,,,n-hv2-u00200,
hv2-e000736,hv2-u00200,task_first,hv2:ramp20:20,paid_social,task_created,2026-08-11T20:48:53.261Z,,,n-hv2-u00200,t-hv2-u00200-1
hv2-e001092,hv2-u00305,baseline,hv2:ramp20:20,paid_social,revisited,2026-08-11T20:49:24.809Z,,,n-hv2-u00305,
hv2-e000737,hv2-u00200,task_first,hv2:ramp20:20,paid_social,task_created,2026-08-11T20:49:53.261Z,,,n-hv2-u00200,t-hv2-u00200-2
hv2-e000474,hv2-u00133,baseline,hv2:ramp20:20,paid_social,assigned,2026-08-11T21:15:55.927Z,,,,
hv2-e001639,hv2-u00455,baseline,hv2:ramp20:20,paid_social,assigned,2026-08-11T22:05:54.885Z,,,,
hv2-e001685,hv2-u00466,baseline,hv2:ramp20:20,paid_social,assigned,2026-08-11T22:13:47.437Z,,,,
hv2-e001686,hv2-u00466,baseline,hv2:ramp20:20,paid_social,note_saved,2026-08-11T22:17:47.437Z,,,n-hv2-u00466,
hv2-e001687,hv2-u00466,baseline,hv2:ramp20:20,paid_social,task_created,2026-08-11T22:19:47.437Z,,,n-hv2-u00466,t-hv2-u00466-1
hv2-e001688,hv2-u00466,baseline,hv2:ramp20:20,paid_social,task_created,2026-08-11T22:20:47.437Z,,,n-hv2-u00466,t-hv2-u00466-2
hv2-e000380,hv2-u00108,baseline,hv2:ramp20:20,paid_social,assigned,2026-08-11T22:21:13.522Z,,,,
hv2-e001689,hv2-u00466,baseline,hv2:ramp20:20,paid_social,task_created,2026-08-11T22:21:47.437Z,,,n-hv2-u00466,t-hv2-u00466-3
hv2-e000381,hv2-u00108,baseline,hv2:ramp20:20,paid_social,note_saved,2026-08-11T22:25:13.522Z,,,n-hv2-u00108,
hv2-e000382,hv2-u00108,baseline,hv2:ramp20:20,paid_social,task_created,2026-08-11T22:27:13.522Z,,,n-hv2-u00108,t-hv2-u00108-1
hv2-e000383,hv2-u00108,baseline,hv2:ramp20:20,paid_social,task_created,2026-08-11T22:28:13.522Z,,,n-hv2-u00108,t-hv2-u00108-2
hv2-e000384,hv2-u00108,baseline,hv2:ramp20:20,paid_social,task_created,2026-08-11T22:29:13.522Z,,,n-hv2-u00108,t-hv2-u00108-3
hv2-e000418,hv2-u00118,baseline,hv2:ramp20:20,paid_social,revisited,2026-08-11T22:43:02.240Z,,,n-hv2-u00118,
hv2-e000419,hv2-u00118,baseline,hv2:ramp20:20,paid_social,task_completed,2026-08-11T22:48:02.240Z,,,n-hv2-u00118,t-hv2-u00118-1
hv2-e000304,hv2-u00085,baseline,hv2:ramp20:20,paid_social,assigned,2026-08-11T23:09:01.832Z,,,,
hv2-e000305,hv2-u00085,baseline,hv2:ramp20:20,paid_social,note_saved,2026-08-11T23:13:01.832Z,,,n-hv2-u00085,
hv2-e000306,hv2-u00085,baseline,hv2:ramp20:20,paid_social,task_created,2026-08-11T23:15:01.832Z,,,n-hv2-u00085,t-hv2-u00085-1
hv2-e000307,hv2-u00085,baseline,hv2:ramp20:20,paid_social,task_created,2026-08-11T23:16:01.832Z,,,n-hv2-u00085,t-hv2-u00085-2
hv2-e000308,hv2-u00085,baseline,hv2:ramp20:20,paid_social,task_created,2026-08-11T23:17:01.832Z,,,n-hv2-u00085,t-hv2-u00085-3
hv2-e000929,hv2-u00263,baseline,hv2:ramp20:20,app_store,assigned,2026-08-11T23:28:51.255Z,,,,
hv2-e001135,hv2-u00319,baseline,hv2:ramp20:20,app_store,assigned,2026-08-11T23:30:24.956Z,,,,
hv2-e000930,hv2-u00263,baseline,hv2:ramp20:20,app_store,note_saved,2026-08-11T23:32:51.255Z,,,n-hv2-u00263,
hv2-e001136,hv2-u00319,baseline,hv2:ramp20:20,app_store,note_saved,2026-08-11T23:34:24.956Z,,,n-hv2-u00319,
hv2-e001137,hv2-u00319,baseline,hv2:ramp20:20,app_store,task_created,2026-08-11T23:36:24.956Z,,,n-hv2-u00319,t-hv2-u00319-1
hv2-e001138,hv2-u00319,baseline,hv2:ramp20:20,app_store,task_created,2026-08-11T23:37:24.956Z,,,n-hv2-u00319,t-hv2-u00319-2
hv2-e001396,hv2-u00391,baseline,hv2:ramp20:20,paid_social,assigned,2026-08-11T23:50:09.999Z,,,,
hv2-e001397,hv2-u00391,baseline,hv2:ramp20:20,paid_social,note_saved,2026-08-11T23:54:09.999Z,,,n-hv2-u00391,
hv2-e001398,hv2-u00391,baseline,hv2:ramp20:20,paid_social,task_created,2026-08-11T23:56:09.999Z,,,n-hv2-u00391,t-hv2-u00391-1
hv2-e001862,hv2-u00512,baseline,hv2:ramp20:20,paid_social,assigned,2026-08-12T00:06:52.877Z,,,,
hv2-e001278,hv2-u00358,baseline,hv2:ramp20:20,paid_social,assigned,2026-08-12T00:06:59.506Z,,,,
hv2-e001863,hv2-u00512,baseline,hv2:ramp20:20,paid_social,note_saved,2026-08-12T00:10:52.877Z,,,n-hv2-u00512,
hv2-e001279,hv2-u00358,baseline,hv2:ramp20:20,paid_social,note_saved,2026-08-12T00:10:59.506Z,,,n-hv2-u00358,
hv2-e001864,hv2-u00512,baseline,hv2:ramp20:20,paid_social,task_created,2026-08-12T00:12:52.877Z,,,n-hv2-u00512,t-hv2-u00512-1
hv2-e001865,hv2-u00512,baseline,hv2:ramp20:20,paid_social,task_created,2026-08-12T00:13:52.877Z,,,n-hv2-u00512,t-hv2-u00512-2
hv2-e001866,hv2-u00512,baseline,hv2:ramp20:20,paid_social,task_created,2026-08-12T00:14:52.877Z,,,n-hv2-u00512,t-hv2-u00512-3
hv2-e000052,hv2-u00015,baseline,hv2:ramp20:20,paid_social,revisited,2026-08-12T00:21:55.336Z,,,n-hv2-u00015,
hv2-e001043,hv2-u00292,baseline,hv2:ramp20:20,paid_social,assigned,2026-08-12T00:30:28.927Z,,,,
hv2-e001044,hv2-u00292,baseline,hv2:ramp20:20,paid_social,note_saved,2026-08-12T00:34:28.927Z,,,n-hv2-u00292,
hv2-e000592,hv2-u00160,baseline,hv2:ramp20:20,organic_search,revisited,2026-08-12T01:09:31.271Z,,,n-hv2-u00160,
hv2-e000328,hv2-u00092,baseline,hv2:ramp20:20,paid_social,trial_started,2026-08-12T01:17:10.588Z,,,,
hv2-e000481,hv2-u00136,task_first,hv2:ramp20:20,app_store,assigned,2026-08-12T01:40:44.539Z,,,,
hv2-e000482,hv2-u00136,task_first,hv2:ramp20:20,app_store,note_saved,2026-08-12T01:44:44.539Z,,,n-hv2-u00136,
hv2-e001869,hv2-u00513,baseline,hv2:ramp20:20,organic_search,revisited,2026-08-12T01:45:42.365Z,,,n-hv2-u00513,
hv2-e000483,hv2-u00136,task_first,hv2:ramp20:20,app_store,task_created,2026-08-12T01:46:44.539Z,,,n-hv2-u00136,t-hv2-u00136-1
hv2-e000484,hv2-u00136,task_first,hv2:ramp20:20,app_store,task_created,2026-08-12T01:47:44.539Z,,,n-hv2-u00136,t-hv2-u00136-2
hv2-e000280,hv2-u00078,baseline,hv2:ramp20:20,paid_social,assigned,2026-08-12T01:52:04.311Z,,,,
hv2-e000281,hv2-u00078,baseline,hv2:ramp20:20,paid_social,note_saved,2026-08-12T01:56:04.311Z,,,n-hv2-u00078,
hv2-e000282,hv2-u00078,baseline,hv2:ramp20:20,paid_social,task_created,2026-08-12T01:58:04.311Z,,,n-hv2-u00078,t-hv2-u00078-1
hv2-e000564,hv2-u00153,baseline,hv2:ramp20:20,paid_social,assigned,2026-08-12T02:14:20.766Z,,,,
hv2-e000565,hv2-u00153,baseline,hv2:ramp20:20,paid_social,note_saved,2026-08-12T02:18:20.766Z,,,n-hv2-u00153,
hv2-e000566,hv2-u00153,baseline,hv2:ramp20:20,paid_social,task_created,2026-08-12T02:20:20.766Z,,,n-hv2-u00153,t-hv2-u00153-1
hv2-e000567,hv2-u00153,baseline,hv2:ramp20:20,paid_social,task_created,2026-08-12T02:21:20.766Z,,,n-hv2-u00153,t-hv2-u00153-2
hv2-e000568,hv2-u00153,baseline,hv2:ramp20:20,paid_social,task_created,2026-08-12T02:22:20.766Z,,,n-hv2-u00153,t-hv2-u00153-3
hv2-e000441,hv2-u00126,baseline,hv2:ramp20:20,app_store,assigned,2026-08-12T02:22:50.041Z,,,,
hv2-e000442,hv2-u00126,baseline,hv2:ramp20:20,app_store,note_saved,2026-08-12T02:26:50.041Z,,,n-hv2-u00126,
hv2-e000443,hv2-u00126,baseline,hv2:ramp20:20,app_store,task_created,2026-08-12T02:28:50.041Z,,,n-hv2-u00126,t-hv2-u00126-1
hv2-e000444,hv2-u00126,baseline,hv2:ramp20:20,app_store,task_created,2026-08-12T02:29:50.041Z,,,n-hv2-u00126,t-hv2-u00126-2
hv2-e000445,hv2-u00126,baseline,hv2:ramp20:20,app_store,task_created,2026-08-12T02:30:50.041Z,,,n-hv2-u00126,t-hv2-u00126-3
hv2-e001430,hv2-u00401,baseline,hv2:ramp20:20,app_store,revisited,2026-08-12T02:35:56.130Z,,,n-hv2-u00401,
hv2-e001431,hv2-u00401,baseline,hv2:ramp20:20,app_store,task_completed,2026-08-12T02:40:56.130Z,,,n-hv2-u00401,t-hv2-u00401-1
hv2-e001708,hv2-u00472,baseline,hv2:ramp20:20,paid_social,assigned,2026-08-12T02:57:47.665Z,,,,
hv2-e001709,hv2-u00472,baseline,hv2:ramp20:20,paid_social,note_saved,2026-08-12T03:01:47.665Z,,,n-hv2-u00472,
hv2-e001710,hv2-u00472,baseline,hv2:ramp20:20,paid_social,task_created,2026-08-12T03:03:47.665Z,,,n-hv2-u00472,t-hv2-u00472-1
hv2-e001711,hv2-u00472,baseline,hv2:ramp20:20,paid_social,task_created,2026-08-12T03:04:47.665Z,,,n-hv2-u00472,t-hv2-u00472-2
hv2-e001712,hv2-u00472,baseline,hv2:ramp20:20,paid_social,task_created,2026-08-12T03:05:47.665Z,,,n-hv2-u00472,t-hv2-u00472-3
hv2-e000283,hv2-u00079,baseline,hv2:ramp20:20,paid_social,assigned,2026-08-12T03:11:03.530Z,,,,
hv2-e001463,hv2-u00411,task_first,hv2:ramp20:20,paid_social,revisited,2026-08-12T03:14:16.482Z,,,n-hv2-u00411,
hv2-e000284,hv2-u00079,baseline,hv2:ramp20:20,paid_social,note_saved,2026-08-12T03:15:03.530Z,,,n-hv2-u00079,
hv2-e000285,hv2-u00079,baseline,hv2:ramp20:20,paid_social,task_created,2026-08-12T03:17:03.530Z,,,n-hv2-u00079,t-hv2-u00079-1
hv2-e000286,hv2-u00079,baseline,hv2:ramp20:20,paid_social,task_created,2026-08-12T03:18:03.530Z,,,n-hv2-u00079,t-hv2-u00079-2
hv2-e001038,hv2-u00290,baseline,hv2:ramp20:20,paid_social,assigned,2026-08-12T03:56:51.272Z,,,,
hv2-e001039,hv2-u00290,baseline,hv2:ramp20:20,paid_social,note_saved,2026-08-12T04:00:51.272Z,,,n-hv2-u00290,
hv2-e001842,hv2-u00507,baseline,hv2:ramp20:20,paid_social,assigned,2026-08-12T04:12:47.134Z,,,,
hv2-e001843,hv2-u00507,baseline,hv2:ramp20:20,paid_social,note_saved,2026-08-12T04:16:47.134Z,,,n-hv2-u00507,
hv2-e001844,hv2-u00507,baseline,hv2:ramp20:20,paid_social,task_created,2026-08-12T04:18:47.134Z,,,n-hv2-u00507,t-hv2-u00507-1
hv2-e001845,hv2-u00507,baseline,hv2:ramp20:20,paid_social,task_created,2026-08-12T04:19:47.134Z,,,n-hv2-u00507,t-hv2-u00507-2
hv2-e001152,hv2-u00323,task_first,hv2:ramp20:20,paid_social,assigned,2026-08-12T04:57:27.016Z,,,,
hv2-e001153,hv2-u00323,task_first,hv2:ramp20:20,paid_social,note_saved,2026-08-12T05:01:27.016Z,,,n-hv2-u00323,
hv2-e000716,hv2-u00195,baseline,hv2:ramp20:20,paid_social,assigned,2026-08-12T05:13:39.257Z,,,,
hv2-e000717,hv2-u00195,baseline,hv2:ramp20:20,paid_social,note_saved,2026-08-12T05:17:39.257Z,,,n-hv2-u00195,
hv2-e000967,hv2-u00272,baseline,hv2:ramp20:20,app_store,revisited,2026-08-12T05:34:38.308Z,,,n-hv2-u00272,
hv2-e000182,hv2-u00052,baseline,hv2:ramp20:20,paid_social,assigned,2026-08-12T06:00:52.917Z,,,,
hv2-e000365,hv2-u00104,task_first,hv2:ramp20:20,organic_search,assigned,2026-08-12T06:19:04.211Z,,,,
hv2-e000366,hv2-u00104,task_first,hv2:ramp20:20,organic_search,note_saved,2026-08-12T06:23:04.211Z,,,n-hv2-u00104,
hv2-e000367,hv2-u00104,task_first,hv2:ramp20:20,organic_search,task_created,2026-08-12T06:25:04.211Z,,,n-hv2-u00104,t-hv2-u00104-1
hv2-e000368,hv2-u00104,task_first,hv2:ramp20:20,organic_search,task_created,2026-08-12T06:26:04.211Z,,,n-hv2-u00104,t-hv2-u00104-2
hv2-e000369,hv2-u00104,task_first,hv2:ramp20:20,organic_search,task_created,2026-08-12T06:27:04.211Z,,,n-hv2-u00104,t-hv2-u00104-3
hv2-e000862,hv2-u00243,baseline,hv2:ramp20:20,paid_social,assigned,2026-08-12T07:17:21.470Z,,,,
hv2-e000863,hv2-u00243,baseline,hv2:ramp20:20,paid_social,note_saved,2026-08-12T07:21:21.470Z,,,n-hv2-u00243,
hv2-e000864,hv2-u00243,baseline,hv2:ramp20:20,paid_social,task_created,2026-08-12T07:23:21.470Z,,,n-hv2-u00243,t-hv2-u00243-1
hv2-e000865,hv2-u00243,baseline,hv2:ramp20:20,paid_social,task_created,2026-08-12T07:24:21.470Z,,,n-hv2-u00243,t-hv2-u00243-2
hv2-e000764,hv2-u00209,baseline,hv2:ramp20:20,paid_social,revisited,2026-08-12T08:09:36.911Z,,,n-hv2-u00209,
hv2-e001546,hv2-u00434,baseline,hv2:ramp20:20,paid_social,assigned,2026-08-12T08:12:38.552Z,,,,
hv2-e001547,hv2-u00434,baseline,hv2:ramp20:20,paid_social,note_saved,2026-08-12T08:16:38.552Z,,,n-hv2-u00434,
hv2-e001421,hv2-u00400,baseline,hv2:ramp20:20,paid_social,assigned,2026-08-12T08:24:02.803Z,,,,
hv2-e001422,hv2-u00400,baseline,hv2:ramp20:20,paid_social,note_saved,2026-08-12T08:28:02.803Z,,,n-hv2-u00400,
hv2-e000111,hv2-u00033,baseline,hv2:ramp20:20,paid_social,trial_started,2026-08-12T08:29:36.469Z,,,,
hv2-e000723,hv2-u00197,baseline,hv2:ramp20:20,paid_social,revisited,2026-08-12T08:46:15.708Z,,,n-hv2-u00197,
hv2-e001684,hv2-u00465,baseline,hv2:ramp20:20,paid_social,revisited,2026-08-12T09:08:03.303Z,,,n-hv2-u00465,
hv2-e001066,hv2-u00298,baseline,hv2:ramp20:20,paid_social,assigned,2026-08-12T09:32:18.725Z,,,,
hv2-e000480,hv2-u00135,baseline,hv2:ramp20:20,paid_social,revisited,2026-08-12T09:34:01.946Z,,,n-hv2-u00135,
hv2-e001067,hv2-u00298,baseline,hv2:ramp20:20,paid_social,note_saved,2026-08-12T09:36:18.725Z,,,n-hv2-u00298,
hv2-e001410,hv2-u00397,baseline,hv2:ramp20:20,organic_search,assigned,2026-08-12T10:10:07.850Z,,,,
hv2-e001411,hv2-u00397,baseline,hv2:ramp20:20,organic_search,note_saved,2026-08-12T10:14:07.850Z,,,n-hv2-u00397,
hv2-e001622,hv2-u00451,baseline,hv2:ramp20:20,app_store,revisited,2026-08-12T10:16:49.459Z,,,n-hv2-u00451,
hv2-e001623,hv2-u00451,baseline,hv2:ramp20:20,app_store,task_completed,2026-08-12T10:21:49.459Z,,,n-hv2-u00451,t-hv2-u00451-1
hv2-e000147,hv2-u00043,baseline,hv2:ramp20:20,paid_social,assigned,2026-08-12T10:38:44.292Z,,,,
hv2-e000148,hv2-u00043,baseline,hv2:ramp20:20,paid_social,note_saved,2026-08-12T10:42:44.292Z,,,n-hv2-u00043,
hv2-e000149,hv2-u00043,baseline,hv2:ramp20:20,paid_social,task_created,2026-08-12T10:44:44.292Z,,,n-hv2-u00043,t-hv2-u00043-1
hv2-e000150,hv2-u00043,baseline,hv2:ramp20:20,paid_social,task_created,2026-08-12T10:45:44.292Z,,,n-hv2-u00043,t-hv2-u00043-2
hv2-e001559,hv2-u00437,task_first,hv2:ramp20:20,paid_social,assigned,2026-08-12T11:32:32.096Z,,,,
hv2-e001560,hv2-u00437,task_first,hv2:ramp20:20,paid_social,note_saved,2026-08-12T11:36:32.096Z,,,n-hv2-u00437,
hv2-e001277,hv2-u00357,baseline,hv2:ramp20:20,app_store,revisited,2026-08-12T11:43:06.265Z,,,n-hv2-u00357,
hv2-e000815,hv2-u00228,baseline,hv2:ramp20:20,paid_social,assigned,2026-08-12T11:46:46.209Z,,,,
hv2-e000816,hv2-u00228,baseline,hv2:ramp20:20,paid_social,note_saved,2026-08-12T11:50:46.209Z,,,n-hv2-u00228,
hv2-e001470,hv2-u00412,baseline,hv2:ramp20:20,referral,paid,2026-08-12T12:42:37.894Z,10.00,XTS,,
hv2-e000154,hv2-u00046,baseline,hv2:ramp20:20,app_store,assigned,2026-08-12T12:54:12.427Z,,,,
hv2-e000155,hv2-u00046,baseline,hv2:ramp20:20,app_store,note_saved,2026-08-12T12:58:12.427Z,,,n-hv2-u00046,
hv2-e000156,hv2-u00046,baseline,hv2:ramp20:20,app_store,task_created,2026-08-12T13:00:12.427Z,,,n-hv2-u00046,t-hv2-u00046-1
hv2-e001552,hv2-u00435,baseline,hv2:ramp20:20,organic_search,revisited,2026-08-12T13:23:02.589Z,,,n-hv2-u00435,
hv2-e001553,hv2-u00435,baseline,hv2:ramp20:20,organic_search,task_completed,2026-08-12T13:28:02.589Z,,,n-hv2-u00435,t-hv2-u00435-1
hv2-e000153,hv2-u00045,baseline,hv2:ramp20:20,paid_social,assigned,2026-08-12T13:34:40.467Z,,,,
hv2-e001339,hv2-u00376,baseline,hv2:ramp20:20,paid_social,assigned,2026-08-12T14:24:32.769Z,,,,
hv2-e001340,hv2-u00376,baseline,hv2:ramp20:20,paid_social,note_saved,2026-08-12T14:28:32.769Z,,,n-hv2-u00376,
hv2-e001341,hv2-u00376,baseline,hv2:ramp20:20,paid_social,task_created,2026-08-12T14:30:32.769Z,,,n-hv2-u00376,t-hv2-u00376-1
hv2-e001342,hv2-u00376,baseline,hv2:ramp20:20,paid_social,task_created,2026-08-12T14:31:32.769Z,,,n-hv2-u00376,t-hv2-u00376-2
hv2-e000996,hv2-u00281,baseline,hv2:ramp20:20,paid_social,assigned,2026-08-12T14:56:04.321Z,,,,
hv2-e000997,hv2-u00281,baseline,hv2:ramp20:20,paid_social,note_saved,2026-08-12T15:00:04.321Z,,,n-hv2-u00281,
hv2-e000998,hv2-u00281,baseline,hv2:ramp20:20,paid_social,task_created,2026-08-12T15:02:04.321Z,,,n-hv2-u00281,t-hv2-u00281-1
hv2-e000999,hv2-u00281,baseline,hv2:ramp20:20,paid_social,task_created,2026-08-12T15:03:04.321Z,,,n-hv2-u00281,t-hv2-u00281-2
hv2-e001000,hv2-u00281,baseline,hv2:ramp20:20,paid_social,task_created,2026-08-12T15:04:04.321Z,,,n-hv2-u00281,t-hv2-u00281-3
hv2-e000641,hv2-u00173,task_first,hv2:ramp20:20,paid_social,assigned,2026-08-12T15:54:00.094Z,,,,
hv2-e000181,hv2-u00051,task_first,hv2:ramp20:20,paid_social,revisited,2026-08-12T15:54:13.137Z,,,n-hv2-u00051,
hv2-e000137,hv2-u00041,task_first,hv2:ramp20:20,organic_search,assigned,2026-08-12T15:54:21.247Z,,,,
hv2-e000138,hv2-u00041,task_first,hv2:ramp20:20,organic_search,note_saved,2026-08-12T15:58:21.247Z,,,n-hv2-u00041,
hv2-e000086,hv2-u00024,baseline,hv2:ramp20:20,paid_social,revisited,2026-08-12T16:10:49.104Z,,,n-hv2-u00024,
hv2-e000087,hv2-u00024,baseline,hv2:ramp20:20,paid_social,task_completed,2026-08-12T16:15:49.104Z,,,n-hv2-u00024,t-hv2-u00024-1
hv2-e001765,hv2-u00487,baseline,hv2:ramp20:20,paid_social,trial_started,2026-08-12T16:35:40.843Z,,,,
hv2-e001633,hv2-u00453,baseline,hv2:ramp20:20,paid_social,revisited,2026-08-12T17:32:04.939Z,,,n-hv2-u00453,
hv2-e001406,hv2-u00394,task_first,hv2:ramp20:20,paid_social,assigned,2026-08-12T17:33:35.386Z,,,,
hv2-e000092,hv2-u00026,baseline,hv2:ramp20:20,paid_social,revisited,2026-08-12T17:59:41.479Z,,,n-hv2-u00026,
hv2-e000334,hv2-u00095,baseline,hv2:ramp20:20,app_store,assigned,2026-08-12T18:26:09.598Z,,,,
hv2-e000335,hv2-u00095,baseline,hv2:ramp20:20,app_store,note_saved,2026-08-12T18:30:09.598Z,,,n-hv2-u00095,
hv2-e000336,hv2-u00095,baseline,hv2:ramp20:20,app_store,task_created,2026-08-12T18:32:09.598Z,,,n-hv2-u00095,t-hv2-u00095-1
hv2-e000337,hv2-u00095,baseline,hv2:ramp20:20,app_store,task_created,2026-08-12T18:33:09.598Z,,,n-hv2-u00095,t-hv2-u00095-2
hv2-e001458,hv2-u00410,baseline,hv2:ramp20:20,app_store,assigned,2026-08-12T18:54:05.963Z,,,,
hv2-e001459,hv2-u00410,baseline,hv2:ramp20:20,app_store,note_saved,2026-08-12T18:58:05.963Z,,,n-hv2-u00410,
hv2-e001460,hv2-u00410,baseline,hv2:ramp20:20,app_store,task_created,2026-08-12T19:00:05.963Z,,,n-hv2-u00410,t-hv2-u00410-1
hv2-e000627,hv2-u00170,baseline,hv2:ramp20:20,organic_search,assigned,2026-08-12T19:05:57.736Z,,,,
hv2-e000378,hv2-u00107,baseline,hv2:ramp20:20,paid_social,assigned,2026-08-12T19:06:47.843Z,,,,
hv2-e000628,hv2-u00170,baseline,hv2:ramp20:20,organic_search,note_saved,2026-08-12T19:09:57.736Z,,,n-hv2-u00170,
hv2-e000379,hv2-u00107,baseline,hv2:ramp20:20,paid_social,note_saved,2026-08-12T19:10:47.843Z,,,n-hv2-u00107,
hv2-e000629,hv2-u00170,baseline,hv2:ramp20:20,organic_search,task_created,2026-08-12T19:11:57.736Z,,,n-hv2-u00170,t-hv2-u00170-1
hv2-e000630,hv2-u00170,baseline,hv2:ramp20:20,organic_search,task_created,2026-08-12T19:12:57.736Z,,,n-hv2-u00170,t-hv2-u00170-2
hv2-e000631,hv2-u00170,baseline,hv2:ramp20:20,organic_search,task_created,2026-08-12T19:13:57.736Z,,,n-hv2-u00170,t-hv2-u00170-3
hv2-e000614,hv2-u00166,baseline,hv2:ramp20:20,organic_search,trial_started,2026-08-12T19:51:21.411Z,,,,
hv2-e000203,hv2-u00058,baseline,hv2:ramp20:20,paid_social,assigned,2026-08-12T19:59:46.418Z,,,,
hv2-e000204,hv2-u00058,baseline,hv2:ramp20:20,paid_social,note_saved,2026-08-12T20:03:46.418Z,,,n-hv2-u00058,
hv2-e000205,hv2-u00058,baseline,hv2:ramp20:20,paid_social,task_created,2026-08-12T20:05:46.418Z,,,n-hv2-u00058,t-hv2-u00058-1
hv2-e000206,hv2-u00058,baseline,hv2:ramp20:20,paid_social,task_created,2026-08-12T20:06:46.418Z,,,n-hv2-u00058,t-hv2-u00058-2
hv2-e001437,hv2-u00404,baseline,hv2:ramp20:20,paid_social,assigned,2026-08-12T20:16:03.387Z,,,,
hv2-e001438,hv2-u00404,baseline,hv2:ramp20:20,paid_social,note_saved,2026-08-12T20:20:03.387Z,,,n-hv2-u00404,
hv2-e001439,hv2-u00404,baseline,hv2:ramp20:20,paid_social,task_created,2026-08-12T20:22:03.387Z,,,n-hv2-u00404,t-hv2-u00404-1
hv2-e001440,hv2-u00404,baseline,hv2:ramp20:20,paid_social,task_created,2026-08-12T20:23:03.387Z,,,n-hv2-u00404,t-hv2-u00404-2
hv2-e001441,hv2-u00404,baseline,hv2:ramp20:20,paid_social,task_created,2026-08-12T20:24:03.387Z,,,n-hv2-u00404,t-hv2-u00404-3
hv2-e000223,hv2-u00064,baseline,hv2:ramp20:20,paid_social,assigned,2026-08-12T20:31:32.343Z,,,,
hv2-e000224,hv2-u00064,baseline,hv2:ramp20:20,paid_social,note_saved,2026-08-12T20:35:32.343Z,,,n-hv2-u00064,
hv2-e000225,hv2-u00064,baseline,hv2:ramp20:20,paid_social,task_created,2026-08-12T20:37:32.343Z,,,n-hv2-u00064,t-hv2-u00064-1
hv2-e000226,hv2-u00064,baseline,hv2:ramp20:20,paid_social,task_created,2026-08-12T20:38:32.343Z,,,n-hv2-u00064,t-hv2-u00064-2
hv2-e000227,hv2-u00064,baseline,hv2:ramp20:20,paid_social,task_created,2026-08-12T20:39:32.343Z,,,n-hv2-u00064,t-hv2-u00064-3
hv2-e001218,hv2-u00341,baseline,hv2:ramp20:20,referral,revisited,2026-08-12T21:28:03.396Z,,,n-hv2-u00341,
hv2-e001836,hv2-u00505,baseline,hv2:ramp20:20,paid_social,revisited,2026-08-12T21:48:56.225Z,,,n-hv2-u00505,
hv2-e001603,hv2-u00447,baseline,hv2:ramp20:20,paid_social,revisited,2026-08-12T22:43:08.308Z,,,n-hv2-u00447,
hv2-e001557,hv2-u00436,baseline,hv2:ramp20:20,paid_social,revisited,2026-08-12T22:50:02.048Z,,,n-hv2-u00436,
hv2-e001558,hv2-u00436,baseline,hv2:ramp20:20,paid_social,task_completed,2026-08-12T22:55:02.048Z,,,n-hv2-u00436,t-hv2-u00436-1
hv2-e000824,hv2-u00232,baseline,hv2:ramp20:20,app_store,assigned,2026-08-12T22:55:22.435Z,,,,
hv2-e000825,hv2-u00232,baseline,hv2:ramp20:20,app_store,note_saved,2026-08-12T22:59:22.435Z,,,n-hv2-u00232,
hv2-e001399,hv2-u00391,baseline,hv2:ramp20:20,paid_social,revisited,2026-08-12T23:50:09.999Z,,,n-hv2-u00391,
hv2-e001875,hv2-u00515,baseline,hv2:ramp20:20,paid_social,assigned,2026-08-13T00:23:21.139Z,,,,
hv2-e001876,hv2-u00515,baseline,hv2:ramp20:20,paid_social,note_saved,2026-08-13T00:27:21.139Z,,,n-hv2-u00515,
hv2-e001728,hv2-u00476,task_first,hv2:ramp20:20,paid_social,revisited,2026-08-13T00:34:03.505Z,,,n-hv2-u00476,
hv2-e001534,hv2-u00430,baseline,hv2:ramp20:20,paid_social,assigned,2026-08-13T00:35:52.311Z,,,,
hv2-e001535,hv2-u00430,baseline,hv2:ramp20:20,paid_social,note_saved,2026-08-13T00:39:52.311Z,,,n-hv2-u00430,
hv2-e000866,hv2-u00244,baseline,hv2:ramp20:20,paid_social,assigned,2026-08-13T01:20:51.973Z,,,,
hv2-e000867,hv2-u00244,baseline,hv2:ramp20:20,paid_social,note_saved,2026-08-13T01:24:51.973Z,,,n-hv2-u00244,
hv2-e000868,hv2-u00244,baseline,hv2:ramp20:20,paid_social,task_created,2026-08-13T01:26:51.973Z,,,n-hv2-u00244,t-hv2-u00244-1
hv2-e000869,hv2-u00244,baseline,hv2:ramp20:20,paid_social,task_created,2026-08-13T01:27:51.973Z,,,n-hv2-u00244,t-hv2-u00244-2
hv2-e000485,hv2-u00136,task_first,hv2:ramp20:20,app_store,revisited,2026-08-13T01:40:44.539Z,,,n-hv2-u00136,
hv2-e000390,hv2-u00110,task_first,hv2:ramp20:20,app_store,assigned,2026-08-13T02:07:39.274Z,,,,
hv2-e000593,hv2-u00160,baseline,hv2:ramp20:20,organic_search,trial_started,2026-08-13T02:09:31.271Z,,,,
hv2-e000391,hv2-u00110,task_first,hv2:ramp20:20,app_store,note_saved,2026-08-13T02:11:39.274Z,,,n-hv2-u00110,
hv2-e000789,hv2-u00219,baseline,hv2:ramp20:20,paid_social,assigned,2026-08-13T03:03:05.906Z,,,,
hv2-e000653,hv2-u00176,baseline,hv2:ramp20:20,organic_search,assigned,2026-08-13T03:05:01.415Z,,,,
hv2-e000790,hv2-u00219,baseline,hv2:ramp20:20,paid_social,note_saved,2026-08-13T03:07:05.906Z,,,n-hv2-u00219,
hv2-e000654,hv2-u00176,baseline,hv2:ramp20:20,organic_search,note_saved,2026-08-13T03:09:01.415Z,,,n-hv2-u00176,
hv2-e000655,hv2-u00176,baseline,hv2:ramp20:20,organic_search,task_created,2026-08-13T03:11:01.415Z,,,n-hv2-u00176,t-hv2-u00176-1
hv2-e000793,hv2-u00221,task_first,hv2:ramp20:20,referral,assigned,2026-08-13T03:16:32.922Z,,,,
hv2-e000794,hv2-u00221,task_first,hv2:ramp20:20,referral,note_saved,2026-08-13T03:20:32.922Z,,,n-hv2-u00221,
hv2-e001356,hv2-u00381,baseline,hv2:ramp20:20,paid_social,assigned,2026-08-13T03:20:36.086Z,,,,
hv2-e000833,hv2-u00236,baseline,hv2:ramp20:20,paid_social,assigned,2026-08-13T03:21:27.609Z,,,,
hv2-e001357,hv2-u00381,baseline,hv2:ramp20:20,paid_social,note_saved,2026-08-13T03:24:36.086Z,,,n-hv2-u00381,
hv2-e000834,hv2-u00236,baseline,hv2:ramp20:20,paid_social,note_saved,2026-08-13T03:25:27.609Z,,,n-hv2-u00236,
hv2-e001358,hv2-u00381,baseline,hv2:ramp20:20,paid_social,task_created,2026-08-13T03:26:36.086Z,,,n-hv2-u00381,t-hv2-u00381-1
hv2-e001359,hv2-u00381,baseline,hv2:ramp20:20,paid_social,task_created,2026-08-13T03:27:36.086Z,,,n-hv2-u00381,t-hv2-u00381-2
hv2-e001360,hv2-u00381,baseline,hv2:ramp20:20,paid_social,task_created,2026-08-13T03:28:36.086Z,,,n-hv2-u00381,t-hv2-u00381-3
hv2-e000157,hv2-u00047,baseline,hv2:ramp20:20,paid_social,assigned,2026-08-13T03:33:51.320Z,,,,
hv2-e000158,hv2-u00047,baseline,hv2:ramp20:20,paid_social,note_saved,2026-08-13T03:37:51.320Z,,,n-hv2-u00047,
hv2-e001678,hv2-u00464,baseline,hv2:ramp20:20,paid_social,revisited,2026-08-13T03:53:16.001Z,,,n-hv2-u00464,
hv2-e000658,hv2-u00176,baseline,hv2:ramp20:20,organic_search,trial_started,2026-08-13T04:05:01.415Z,,,,
hv2-e001069,hv2-u00299,task_first,hv2:ramp20:20,app_store,assigned,2026-08-13T04:06:00.993Z,,,,
hv2-e001070,hv2-u00299,task_first,hv2:ramp20:20,app_store,note_saved,2026-08-13T04:10:00.993Z,,,n-hv2-u00299,
hv2-e001071,hv2-u00299,task_first,hv2:ramp20:20,app_store,task_created,2026-08-13T04:12:00.993Z,,,n-hv2-u00299,t-hv2-u00299-1
hv2-e000796,hv2-u00221,task_first,hv2:ramp20:20,referral,trial_started,2026-08-13T04:16:32.922Z,,,,
hv2-e000299,hv2-u00084,baseline,hv2:ramp20:20,paid_social,assigned,2026-08-13T05:24:13.101Z,,,,
hv2-e000300,hv2-u00084,baseline,hv2:ramp20:20,paid_social,note_saved,2026-08-13T05:28:13.101Z,,,n-hv2-u00084,
hv2-e000073,hv2-u00022,task_first,hv2:ramp20:20,paid_social,assigned,2026-08-13T05:28:13.589Z,,,,
hv2-e000301,hv2-u00084,baseline,hv2:ramp20:20,paid_social,task_created,2026-08-13T05:30:13.101Z,,,n-hv2-u00084,t-hv2-u00084-1
hv2-e000302,hv2-u00084,baseline,hv2:ramp20:20,paid_social,task_created,2026-08-13T05:31:13.101Z,,,n-hv2-u00084,t-hv2-u00084-2
hv2-e000303,hv2-u00084,baseline,hv2:ramp20:20,paid_social,task_created,2026-08-13T05:32:13.101Z,,,n-hv2-u00084,t-hv2-u00084-3
hv2-e000074,hv2-u00022,task_first,hv2:ramp20:20,paid_social,note_saved,2026-08-13T05:32:13.589Z,,,n-hv2-u00022,
hv2-e000075,hv2-u00022,task_first,hv2:ramp20:20,paid_social,task_created,2026-08-13T05:34:13.589Z,,,n-hv2-u00022,t-hv2-u00022-1
hv2-e000183,hv2-u00053,baseline,hv2:ramp20:20,app_store,assigned,2026-08-13T05:56:59.599Z,,,,
hv2-e000184,hv2-u00053,baseline,hv2:ramp20:20,app_store,note_saved,2026-08-13T06:00:59.599Z,,,n-hv2-u00053,
hv2-e000185,hv2-u00053,baseline,hv2:ramp20:20,app_store,task_created,2026-08-13T06:02:59.599Z,,,n-hv2-u00053,t-hv2-u00053-1
hv2-e000186,hv2-u00053,baseline,hv2:ramp20:20,app_store,task_created,2026-08-13T06:03:59.599Z,,,n-hv2-u00053,t-hv2-u00053-2
hv2-e000917,hv2-u00259,baseline,hv2:ramp20:20,paid_social,assigned,2026-08-13T06:11:14.801Z,,,,
hv2-e001471,hv2-u00413,baseline,hv2:ramp20:20,organic_search,assigned,2026-08-13T06:11:35.437Z,,,,
hv2-e001330,hv2-u00371,task_first,hv2:ramp20:20,paid_social,assigned,2026-08-13T06:13:04.271Z,,,,
hv2-e000918,hv2-u00259,baseline,hv2:ramp20:20,paid_social,note_saved,2026-08-13T06:15:14.801Z,,,n-hv2-u00259,
hv2-e001472,hv2-u00413,baseline,hv2:ramp20:20,organic_search,note_saved,2026-08-13T06:15:35.437Z,,,n-hv2-u00413,
hv2-e001473,hv2-u00413,baseline,hv2:ramp20:20,organic_search,task_created,2026-08-13T06:17:35.437Z,,,n-hv2-u00413,t-hv2-u00413-1
hv2-e000094,hv2-u00027,task_first,hv2:ramp20:20,organic_search,assigned,2026-08-13T06:18:23.626Z,,,,
hv2-e000095,hv2-u00027,task_first,hv2:ramp20:20,organic_search,note_saved,2026-08-13T06:22:23.626Z,,,n-hv2-u00027,
hv2-e000096,hv2-u00027,task_first,hv2:ramp20:20,organic_search,task_created,2026-08-13T06:24:23.626Z,,,n-hv2-u00027,t-hv2-u00027-1
hv2-e001093,hv2-u00306,baseline,hv2:ramp20:20,paid_social,assigned,2026-08-13T07:11:32.281Z,,,,
hv2-e001094,hv2-u00306,baseline,hv2:ramp20:20,paid_social,note_saved,2026-08-13T07:15:32.281Z,,,n-hv2-u00306,
hv2-e001095,hv2-u00306,baseline,hv2:ramp20:20,paid_social,task_created,2026-08-13T07:17:32.281Z,,,n-hv2-u00306,t-hv2-u00306-1
hv2-e001096,hv2-u00306,baseline,hv2:ramp20:20,paid_social,task_created,2026-08-13T07:18:32.281Z,,,n-hv2-u00306,t-hv2-u00306-2
hv2-e001097,hv2-u00306,baseline,hv2:ramp20:20,paid_social,task_created,2026-08-13T07:19:32.281Z,,,n-hv2-u00306,t-hv2-u00306-3
hv2-e001691,hv2-u00468,baseline,hv2:ramp20:20,app_store,assigned,2026-08-13T07:23:13.155Z,,,,
hv2-e001692,hv2-u00468,baseline,hv2:ramp20:20,app_store,note_saved,2026-08-13T07:27:13.155Z,,,n-hv2-u00468,
hv2-e001693,hv2-u00468,baseline,hv2:ramp20:20,app_store,task_created,2026-08-13T07:29:13.155Z,,,n-hv2-u00468,t-hv2-u00468-1
hv2-e001694,hv2-u00468,baseline,hv2:ramp20:20,app_store,task_created,2026-08-13T07:30:13.155Z,,,n-hv2-u00468,t-hv2-u00468-2
hv2-e001695,hv2-u00468,baseline,hv2:ramp20:20,app_store,task_created,2026-08-13T07:31:13.155Z,,,n-hv2-u00468,t-hv2-u00468-3
hv2-e001877,hv2-u00516,baseline,hv2:ramp20:20,paid_social,assigned,2026-08-13T08:05:17.084Z,,,,
hv2-e001878,hv2-u00516,baseline,hv2:ramp20:20,paid_social,note_saved,2026-08-13T08:09:17.084Z,,,n-hv2-u00516,
hv2-e001879,hv2-u00516,baseline,hv2:ramp20:20,paid_social,task_created,2026-08-13T08:11:17.084Z,,,n-hv2-u00516,t-hv2-u00516-1
hv2-e001880,hv2-u00516,baseline,hv2:ramp20:20,paid_social,task_created,2026-08-13T08:12:17.084Z,,,n-hv2-u00516,t-hv2-u00516-2
hv2-e000502,hv2-u00140,baseline,hv2:ramp20:20,paid_social,assigned,2026-08-13T08:15:30.512Z,,,,
hv2-e000503,hv2-u00140,baseline,hv2:ramp20:20,paid_social,note_saved,2026-08-13T08:19:30.512Z,,,n-hv2-u00140,
hv2-e000504,hv2-u00140,baseline,hv2:ramp20:20,paid_social,task_created,2026-08-13T08:21:30.512Z,,,n-hv2-u00140,t-hv2-u00140-1
hv2-e000505,hv2-u00140,baseline,hv2:ramp20:20,paid_social,task_created,2026-08-13T08:22:30.512Z,,,n-hv2-u00140,t-hv2-u00140-2
hv2-e000054,hv2-u00017,baseline,hv2:ramp20:20,paid_social,assigned,2026-08-13T08:24:48.805Z,,,,
hv2-e000055,hv2-u00017,baseline,hv2:ramp20:20,paid_social,note_saved,2026-08-13T08:28:48.805Z,,,n-hv2-u00017,
hv2-e001703,hv2-u00470,baseline,hv2:ramp20:20,referral,assigned,2026-08-13T08:36:07.448Z,,,,
hv2-e001704,hv2-u00470,baseline,hv2:ramp20:20,referral,note_saved,2026-08-13T08:40:07.448Z,,,n-hv2-u00470,
hv2-e001705,hv2-u00470,baseline,hv2:ramp20:20,referral,task_created,2026-08-13T08:42:07.448Z,,,n-hv2-u00470,t-hv2-u00470-1
hv2-e000389,hv2-u00109,baseline,hv2:ramp20:20,app_store,revisited,2026-08-13T08:46:58.449Z,,,n-hv2-u00109,
hv2-e001522,hv2-u00426,task_first,hv2:ramp20:20,referral,paid,2026-08-13T08:57:00.528Z,10.00,XTS,,
hv2-e001646,hv2-u00456,baseline,hv2:ramp20:20,referral,paid,2026-08-13T09:02:28.146Z,10.00,XTS,,
hv2-e003086,hv2-u00821,baseline,hv2:ramp80:80,referral,assigned,2026-08-13T09:25:53.002Z,,,,
hv2-e003087,hv2-u00821,baseline,hv2:ramp80:80,referral,note_saved,2026-08-13T09:29:53.002Z,,,n-hv2-u00821,
hv2-e000501,hv2-u00139,baseline,hv2:ramp20:20,paid_social,revisited,2026-08-13T10:05:53.744Z,,,n-hv2-u00139,
hv2-e002313,hv2-u00629,task_first,hv2:ramp80:80,referral,assigned,2026-08-13T10:45:54.856Z,,,,
hv2-e002314,hv2-u00629,task_first,hv2:ramp80:80,referral,note_saved,2026-08-13T10:49:54.856Z,,,n-hv2-u00629,
hv2-e002315,hv2-u00629,task_first,hv2:ramp80:80,referral,task_created,2026-08-13T10:51:54.856Z,,,n-hv2-u00629,t-hv2-u00629-1
hv2-e002086,hv2-u00568,task_first,hv2:ramp80:80,referral,assigned,2026-08-13T11:08:43.426Z,,,,
hv2-e001412,hv2-u00397,baseline,hv2:ramp20:20,organic_search,trial_started,2026-08-13T11:10:07.850Z,,,,
hv2-e002087,hv2-u00568,task_first,hv2:ramp80:80,referral,note_saved,2026-08-13T11:12:43.426Z,,,n-hv2-u00568,
hv2-e003402,hv2-u00904,baseline,hv2:ramp80:80,paid_social,assigned,2026-08-13T11:22:59.173Z,,,,
hv2-e003403,hv2-u00904,baseline,hv2:ramp80:80,paid_social,note_saved,2026-08-13T11:26:59.173Z,,,n-hv2-u00904,
hv2-e001978,hv2-u00541,task_first,hv2:ramp80:80,referral,assigned,2026-08-13T11:27:01.016Z,,,,
hv2-e001979,hv2-u00541,task_first,hv2:ramp80:80,referral,note_saved,2026-08-13T11:31:01.016Z,,,n-hv2-u00541,
hv2-e001980,hv2-u00541,task_first,hv2:ramp80:80,referral,task_created,2026-08-13T11:33:01.016Z,,,n-hv2-u00541,t-hv2-u00541-1
hv2-e001981,hv2-u00541,task_first,hv2:ramp80:80,referral,task_created,2026-08-13T11:34:01.016Z,,,n-hv2-u00541,t-hv2-u00541-2
hv2-e002827,hv2-u00761,baseline,hv2:ramp80:80,paid_social,assigned,2026-08-13T12:01:29.603Z,,,,
hv2-e002828,hv2-u00761,baseline,hv2:ramp80:80,paid_social,note_saved,2026-08-13T12:05:29.603Z,,,n-hv2-u00761,
hv2-e002829,hv2-u00761,baseline,hv2:ramp80:80,paid_social,task_created,2026-08-13T12:07:29.603Z,,,n-hv2-u00761,t-hv2-u00761-1
hv2-e003616,hv2-u00955,task_first,hv2:ramp80:80,organic_search,assigned,2026-08-13T12:14:30.749Z,,,,
hv2-e003617,hv2-u00955,task_first,hv2:ramp80:80,organic_search,note_saved,2026-08-13T12:18:30.749Z,,,n-hv2-u00955,
hv2-e003618,hv2-u00955,task_first,hv2:ramp80:80,organic_search,task_created,2026-08-13T12:20:30.749Z,,,n-hv2-u00955,t-hv2-u00955-1
hv2-e003619,hv2-u00955,task_first,hv2:ramp80:80,organic_search,task_created,2026-08-13T12:21:30.749Z,,,n-hv2-u00955,t-hv2-u00955-2
hv2-e002356,hv2-u00639,task_first,hv2:ramp80:80,organic_search,assigned,2026-08-13T12:22:26.857Z,,,,
hv2-e002357,hv2-u00639,task_first,hv2:ramp80:80,organic_search,note_saved,2026-08-13T12:26:26.857Z,,,n-hv2-u00639,
hv2-e002358,hv2-u00639,task_first,hv2:ramp80:80,organic_search,task_created,2026-08-13T12:28:26.857Z,,,n-hv2-u00639,t-hv2-u00639-1
hv2-e002359,hv2-u00639,task_first,hv2:ramp80:80,organic_search,task_created,2026-08-13T12:29:26.857Z,,,n-hv2-u00639,t-hv2-u00639-2
hv2-e002360,hv2-u00639,task_first,hv2:ramp80:80,organic_search,task_created,2026-08-13T12:30:26.857Z,,,n-hv2-u00639,t-hv2-u00639-3
hv2-e003364,hv2-u00895,task_first,hv2:ramp80:80,referral,assigned,2026-08-13T13:47:39.967Z,,,,
hv2-e002557,hv2-u00691,baseline,hv2:ramp80:80,app_store,assigned,2026-08-13T13:51:03.401Z,,,,
hv2-e003365,hv2-u00895,task_first,hv2:ramp80:80,referral,note_saved,2026-08-13T13:51:39.967Z,,,n-hv2-u00895,
hv2-e003799,hv2-u00998,baseline,hv2:ramp80:80,app_store,assigned,2026-08-13T13:53:32.951Z,,,,
hv2-e003366,hv2-u00895,task_first,hv2:ramp80:80,referral,task_created,2026-08-13T13:53:39.967Z,,,n-hv2-u00895,t-hv2-u00895-1
hv2-e003367,hv2-u00895,task_first,hv2:ramp80:80,referral,task_created,2026-08-13T13:54:39.967Z,,,n-hv2-u00895,t-hv2-u00895-2
hv2-e002558,hv2-u00691,baseline,hv2:ramp80:80,app_store,note_saved,2026-08-13T13:55:03.401Z,,,n-hv2-u00691,
hv2-e002559,hv2-u00691,baseline,hv2:ramp80:80,app_store,task_created,2026-08-13T13:57:03.401Z,,,n-hv2-u00691,t-hv2-u00691-1
hv2-e003800,hv2-u00998,baseline,hv2:ramp80:80,app_store,note_saved,2026-08-13T13:57:32.951Z,,,n-hv2-u00998,
hv2-e002560,hv2-u00691,baseline,hv2:ramp80:80,app_store,task_created,2026-08-13T13:58:03.401Z,,,n-hv2-u00691,t-hv2-u00691-2
hv2-e003801,hv2-u00998,baseline,hv2:ramp80:80,app_store,task_created,2026-08-13T13:59:32.951Z,,,n-hv2-u00998,t-hv2-u00998-1
hv2-e003539,hv2-u00937,task_first,hv2:ramp80:80,paid_social,assigned,2026-08-13T14:00:40.595Z,,,,
hv2-e003540,hv2-u00937,task_first,hv2:ramp80:80,paid_social,note_saved,2026-08-13T14:04:40.595Z,,,n-hv2-u00937,
hv2-e003541,hv2-u00937,task_first,hv2:ramp80:80,paid_social,task_created,2026-08-13T14:06:40.595Z,,,n-hv2-u00937,t-hv2-u00937-1
hv2-e003542,hv2-u00937,task_first,hv2:ramp80:80,paid_social,task_created,2026-08-13T14:07:40.595Z,,,n-hv2-u00937,t-hv2-u00937-2
hv2-e003543,hv2-u00937,task_first,hv2:ramp80:80,paid_social,task_created,2026-08-13T14:08:40.595Z,,,n-hv2-u00937,t-hv2-u00937-3
hv2-e003966,hv2-u01040,task_first,hv2:ramp80:80,organic_search,assigned,2026-08-13T14:21:26.801Z,,,,
hv2-e002695,hv2-u00726,baseline,hv2:ramp80:80,paid_social,assigned,2026-08-13T15:08:19.462Z,,,,
hv2-e002696,hv2-u00726,baseline,hv2:ramp80:80,paid_social,note_saved,2026-08-13T15:12:19.462Z,,,n-hv2-u00726,
hv2-e002697,hv2-u00726,baseline,hv2:ramp80:80,paid_social,task_created,2026-08-13T15:14:19.462Z,,,n-hv2-u00726,t-hv2-u00726-1
hv2-e002698,hv2-u00726,baseline,hv2:ramp80:80,paid_social,task_created,2026-08-13T15:15:19.462Z,,,n-hv2-u00726,t-hv2-u00726-2
hv2-e000814,hv2-u00227,baseline,hv2:ramp20:20,paid_social,revisited,2026-08-13T15:28:18.775Z,,,n-hv2-u00227,
hv2-e002088,hv2-u00569,task_first,hv2:ramp80:80,referral,assigned,2026-08-13T15:41:09.182Z,,,,
hv2-e003046,hv2-u00814,baseline,hv2:ramp80:80,organic_search,assigned,2026-08-13T15:43:26.353Z,,,,
hv2-e002089,hv2-u00569,task_first,hv2:ramp80:80,referral,note_saved,2026-08-13T15:45:09.182Z,,,n-hv2-u00569,
hv2-e003047,hv2-u00814,baseline,hv2:ramp80:80,organic_search,note_saved,2026-08-13T15:47:26.353Z,,,n-hv2-u00814,
hv2-e003048,hv2-u00814,baseline,hv2:ramp80:80,organic_search,task_created,2026-08-13T15:49:26.353Z,,,n-hv2-u00814,t-hv2-u00814-1
hv2-e000139,hv2-u00041,task_first,hv2:ramp20:20,organic_search,trial_started,2026-08-13T16:54:21.247Z,,,,
hv2-e002950,hv2-u00791,task_first,hv2:ramp80:80,app_store,assigned,2026-08-13T17:27:52.091Z,,,,
hv2-e002951,hv2-u00791,task_first,hv2:ramp80:80,app_store,note_saved,2026-08-13T17:31:52.091Z,,,n-hv2-u00791,
hv2-e002327,hv2-u00632,task_first,hv2:ramp80:80,referral,assigned,2026-08-13T18:19:02.333Z,,,,
hv2-e002328,hv2-u00632,task_first,hv2:ramp80:80,referral,note_saved,2026-08-13T18:23:02.333Z,,,n-hv2-u00632,
hv2-e002329,hv2-u00632,task_first,hv2:ramp80:80,referral,task_created,2026-08-13T18:25:02.333Z,,,n-hv2-u00632,t-hv2-u00632-1
hv2-e002330,hv2-u00632,task_first,hv2:ramp80:80,referral,task_created,2026-08-13T18:26:02.333Z,,,n-hv2-u00632,t-hv2-u00632-2
hv2-e002331,hv2-u00632,task_first,hv2:ramp80:80,referral,task_created,2026-08-13T18:27:02.333Z,,,n-hv2-u00632,t-hv2-u00632-3
hv2-e001236,hv2-u00347,baseline,hv2:ramp20:20,paid_social,revisited,2026-08-13T18:43:53.416Z,,,n-hv2-u00347,
hv2-e001237,hv2-u00347,baseline,hv2:ramp20:20,paid_social,task_completed,2026-08-13T18:48:53.416Z,,,n-hv2-u00347,t-hv2-u00347-1
hv2-e003395,hv2-u00902,baseline,hv2:ramp80:80,organic_search,assigned,2026-08-13T19:04:47.361Z,,,,
hv2-e001461,hv2-u00410,baseline,hv2:ramp20:20,app_store,trial_started,2026-08-13T19:54:05.963Z,,,,
hv2-e003396,hv2-u00902,baseline,hv2:ramp80:80,organic_search,trial_started,2026-08-13T20:04:47.361Z,,,,
hv2-e003962,hv2-u01039,task_first,hv2:ramp80:80,organic_search,assigned,2026-08-13T20:15:15.409Z,,,,
hv2-e003963,hv2-u01039,task_first,hv2:ramp80:80,organic_search,note_saved,2026-08-13T20:19:15.409Z,,,n-hv2-u01039,
hv2-e003964,hv2-u01039,task_first,hv2:ramp80:80,organic_search,task_created,2026-08-13T20:21:15.409Z,,,n-hv2-u01039,t-hv2-u01039-1
hv2-e003965,hv2-u01039,task_first,hv2:ramp80:80,organic_search,task_created,2026-08-13T20:22:15.409Z,,,n-hv2-u01039,t-hv2-u01039-2
hv2-e001714,hv2-u00473,baseline,hv2:ramp20:20,paid_social,revisited,2026-08-13T20:44:46.942Z,,,n-hv2-u00473,
hv2-e003501,hv2-u00928,task_first,hv2:ramp80:80,organic_search,assigned,2026-08-13T21:42:21.171Z,,,,
hv2-e003502,hv2-u00928,task_first,hv2:ramp80:80,organic_search,note_saved,2026-08-13T21:46:21.171Z,,,n-hv2-u00928,
hv2-e003503,hv2-u00928,task_first,hv2:ramp80:80,organic_search,task_created,2026-08-13T21:48:21.171Z,,,n-hv2-u00928,t-hv2-u00928-1
hv2-e002523,hv2-u00681,task_first,hv2:ramp80:80,organic_search,assigned,2026-08-13T21:49:10.990Z,,,,
hv2-e002524,hv2-u00681,task_first,hv2:ramp80:80,organic_search,note_saved,2026-08-13T21:53:10.990Z,,,n-hv2-u00681,
hv2-e002525,hv2-u00681,task_first,hv2:ramp80:80,organic_search,task_created,2026-08-13T21:55:10.990Z,,,n-hv2-u00681,t-hv2-u00681-1
hv2-e002526,hv2-u00681,task_first,hv2:ramp80:80,organic_search,task_created,2026-08-13T21:56:10.990Z,,,n-hv2-u00681,t-hv2-u00681-2
hv2-e002894,hv2-u00777,baseline,hv2:ramp80:80,referral,assigned,2026-08-13T22:11:49.992Z,,,,
hv2-e002895,hv2-u00777,baseline,hv2:ramp80:80,referral,note_saved,2026-08-13T22:15:49.992Z,,,n-hv2-u00777,
hv2-e002896,hv2-u00777,baseline,hv2:ramp80:80,referral,task_created,2026-08-13T22:17:49.992Z,,,n-hv2-u00777,t-hv2-u00777-1
hv2-e002815,hv2-u00758,task_first,hv2:ramp80:80,organic_search,assigned,2026-08-13T22:18:33.752Z,,,,
hv2-e002897,hv2-u00777,baseline,hv2:ramp80:80,referral,task_created,2026-08-13T22:18:49.992Z,,,n-hv2-u00777,t-hv2-u00777-2
hv2-e002898,hv2-u00777,baseline,hv2:ramp80:80,referral,task_created,2026-08-13T22:19:49.992Z,,,n-hv2-u00777,t-hv2-u00777-3
hv2-e002103,hv2-u00574,baseline,hv2:ramp80:80,app_store,assigned,2026-08-13T22:19:59.750Z,,,,
hv2-e002816,hv2-u00758,task_first,hv2:ramp80:80,organic_search,note_saved,2026-08-13T22:22:33.752Z,,,n-hv2-u00758,
hv2-e002104,hv2-u00574,baseline,hv2:ramp80:80,app_store,note_saved,2026-08-13T22:23:59.750Z,,,n-hv2-u00574,
hv2-e002817,hv2-u00758,task_first,hv2:ramp80:80,organic_search,task_created,2026-08-13T22:24:33.752Z,,,n-hv2-u00758,t-hv2-u00758-1
hv2-e002105,hv2-u00574,baseline,hv2:ramp80:80,app_store,task_created,2026-08-13T22:25:59.750Z,,,n-hv2-u00574,t-hv2-u00574-1
hv2-e002106,hv2-u00574,baseline,hv2:ramp80:80,app_store,task_created,2026-08-13T22:26:59.750Z,,,n-hv2-u00574,t-hv2-u00574-2
hv2-e002107,hv2-u00574,baseline,hv2:ramp80:80,app_store,task_created,2026-08-13T22:27:59.750Z,,,n-hv2-u00574,t-hv2-u00574-3
hv2-e002371,hv2-u00643,task_first,hv2:ramp80:80,organic_search,assigned,2026-08-13T22:33:12.175Z,,,,
hv2-e002372,hv2-u00643,task_first,hv2:ramp80:80,organic_search,note_saved,2026-08-13T22:37:12.175Z,,,n-hv2-u00643,
hv2-e002373,hv2-u00643,task_first,hv2:ramp80:80,organic_search,task_created,2026-08-13T22:39:12.175Z,,,n-hv2-u00643,t-hv2-u00643-1
hv2-e002374,hv2-u00643,task_first,hv2:ramp80:80,organic_search,task_created,2026-08-13T22:40:12.175Z,,,n-hv2-u00643,t-hv2-u00643-2
hv2-e002375,hv2-u00643,task_first,hv2:ramp80:80,organic_search,task_created,2026-08-13T22:41:12.175Z,,,n-hv2-u00643,t-hv2-u00643-3
hv2-e003506,hv2-u00928,task_first,hv2:ramp80:80,organic_search,trial_started,2026-08-13T22:42:21.171Z,,,,
hv2-e000826,hv2-u00232,baseline,hv2:ramp20:20,app_store,revisited,2026-08-13T22:55:22.435Z,,,n-hv2-u00232,
hv2-e003254,hv2-u00864,baseline,hv2:ramp80:80,organic_search,assigned,2026-08-13T23:30:31.921Z,,,,
hv2-e003255,hv2-u00864,baseline,hv2:ramp80:80,organic_search,note_saved,2026-08-13T23:34:31.921Z,,,n-hv2-u00864,
hv2-e003256,hv2-u00864,baseline,hv2:ramp80:80,organic_search,task_created,2026-08-13T23:36:31.921Z,,,n-hv2-u00864,t-hv2-u00864-1
hv2-e003147,hv2-u00839,task_first,hv2:ramp80:80,organic_search,assigned,2026-08-13T23:39:31.498Z,,,,
hv2-e003148,hv2-u00839,task_first,hv2:ramp80:80,organic_search,note_saved,2026-08-13T23:43:31.498Z,,,n-hv2-u00839,
hv2-e002080,hv2-u00567,task_first,hv2:ramp80:80,organic_search,assigned,2026-08-13T23:56:19.343Z,,,,
hv2-e002081,hv2-u00567,task_first,hv2:ramp80:80,organic_search,note_saved,2026-08-14T00:00:19.343Z,,,n-hv2-u00567,
hv2-e002082,hv2-u00567,task_first,hv2:ramp80:80,organic_search,task_created,2026-08-14T00:02:19.343Z,,,n-hv2-u00567,t-hv2-u00567-1
hv2-e002083,hv2-u00567,task_first,hv2:ramp80:80,organic_search,task_created,2026-08-14T00:03:19.343Z,,,n-hv2-u00567,t-hv2-u00567-2
hv2-e002084,hv2-u00567,task_first,hv2:ramp80:80,organic_search,task_created,2026-08-14T00:04:19.343Z,,,n-hv2-u00567,t-hv2-u00567-3
hv2-e001280,hv2-u00358,baseline,hv2:ramp20:20,paid_social,revisited,2026-08-14T00:06:59.506Z,,,n-hv2-u00358,
hv2-e002613,hv2-u00704,task_first,hv2:ramp80:80,organic_search,assigned,2026-08-14T00:08:59.804Z,,,,
hv2-e002614,hv2-u00704,task_first,hv2:ramp80:80,organic_search,note_saved,2026-08-14T00:12:59.804Z,,,n-hv2-u00704,
hv2-e003304,hv2-u00878,task_first,hv2:ramp80:80,referral,assigned,2026-08-14T01:04:59.996Z,,,,
hv2-e003305,hv2-u00878,task_first,hv2:ramp80:80,referral,note_saved,2026-08-14T01:08:59.996Z,,,n-hv2-u00878,
hv2-e003306,hv2-u00878,task_first,hv2:ramp80:80,referral,task_created,2026-08-14T01:10:59.996Z,,,n-hv2-u00878,t-hv2-u00878-1
hv2-e000486,hv2-u00136,task_first,hv2:ramp20:20,app_store,trial_started,2026-08-14T02:40:44.539Z,,,,
hv2-e003788,hv2-u00995,task_first,hv2:ramp80:80,app_store,assigned,2026-08-14T03:02:28.867Z,,,,
hv2-e003789,hv2-u00995,task_first,hv2:ramp80:80,app_store,note_saved,2026-08-14T03:06:28.867Z,,,n-hv2-u00995,
hv2-e003790,hv2-u00995,task_first,hv2:ramp80:80,app_store,task_created,2026-08-14T03:08:28.867Z,,,n-hv2-u00995,t-hv2-u00995-1
hv2-e000795,hv2-u00221,task_first,hv2:ramp20:20,referral,revisited,2026-08-14T03:16:32.922Z,,,n-hv2-u00221,
hv2-e003283,hv2-u00872,task_first,hv2:ramp80:80,organic_search,assigned,2026-08-14T04:22:26.848Z,,,,
hv2-e002886,hv2-u00774,task_first,hv2:ramp80:80,referral,assigned,2026-08-14T04:22:35.739Z,,,,
hv2-e003679,hv2-u00972,baseline,hv2:ramp80:80,organic_search,assigned,2026-08-14T04:25:27.347Z,,,,
hv2-e002887,hv2-u00774,task_first,hv2:ramp80:80,referral,note_saved,2026-08-14T04:26:35.739Z,,,n-hv2-u00774,
hv2-e002888,hv2-u00774,task_first,hv2:ramp80:80,referral,task_created,2026-08-14T04:28:35.739Z,,,n-hv2-u00774,t-hv2-u00774-1
hv2-e003680,hv2-u00972,baseline,hv2:ramp80:80,organic_search,note_saved,2026-08-14T04:29:27.347Z,,,n-hv2-u00972,
hv2-e002889,hv2-u00774,task_first,hv2:ramp80:80,referral,task_created,2026-08-14T04:29:35.739Z,,,n-hv2-u00774,t-hv2-u00774-2
hv2-e003681,hv2-u00972,baseline,hv2:ramp80:80,organic_search,task_created,2026-08-14T04:31:27.347Z,,,n-hv2-u00972,t-hv2-u00972-1
hv2-e003682,hv2-u00972,baseline,hv2:ramp80:80,organic_search,task_created,2026-08-14T04:32:27.347Z,,,n-hv2-u00972,t-hv2-u00972-2
hv2-e003413,hv2-u00907,task_first,hv2:ramp80:80,app_store,assigned,2026-08-14T04:41:15.977Z,,,,
hv2-e002924,hv2-u00785,task_first,hv2:ramp80:80,app_store,assigned,2026-08-14T04:52:46.895Z,,,,
hv2-e002486,hv2-u00671,task_first,hv2:ramp80:80,referral,assigned,2026-08-14T04:52:56.100Z,,,,
hv2-e002925,hv2-u00785,task_first,hv2:ramp80:80,app_store,note_saved,2026-08-14T04:56:46.895Z,,,n-hv2-u00785,
hv2-e002487,hv2-u00671,task_first,hv2:ramp80:80,referral,note_saved,2026-08-14T04:56:56.100Z,,,n-hv2-u00671,
hv2-e002926,hv2-u00785,task_first,hv2:ramp80:80,app_store,task_created,2026-08-14T04:58:46.895Z,,,n-hv2-u00785,t-hv2-u00785-1
hv2-e002488,hv2-u00671,task_first,hv2:ramp80:80,referral,task_created,2026-08-14T04:58:56.100Z,,,n-hv2-u00671,t-hv2-u00671-1
hv2-e002489,hv2-u00671,task_first,hv2:ramp80:80,referral,task_created,2026-08-14T04:59:56.100Z,,,n-hv2-u00671,t-hv2-u00671-2
hv2-e002141,hv2-u00583,task_first,hv2:ramp80:80,organic_search,assigned,2026-08-14T05:01:54.759Z,,,,
hv2-e002142,hv2-u00583,task_first,hv2:ramp80:80,organic_search,note_saved,2026-08-14T05:05:54.759Z,,,n-hv2-u00583,
hv2-e002143,hv2-u00583,task_first,hv2:ramp80:80,organic_search,task_created,2026-08-14T05:07:54.759Z,,,n-hv2-u00583,t-hv2-u00583-1
hv2-e002144,hv2-u00583,task_first,hv2:ramp80:80,organic_search,task_created,2026-08-14T05:08:54.759Z,,,n-hv2-u00583,t-hv2-u00583-2
hv2-e002145,hv2-u00583,task_first,hv2:ramp80:80,organic_search,task_created,2026-08-14T05:09:54.759Z,,,n-hv2-u00583,t-hv2-u00583-3
hv2-e003525,hv2-u00933,task_first,hv2:ramp80:80,referral,assigned,2026-08-14T05:15:52.487Z,,,,
hv2-e003526,hv2-u00933,task_first,hv2:ramp80:80,referral,note_saved,2026-08-14T05:19:52.487Z,,,n-hv2-u00933,
hv2-e000076,hv2-u00022,task_first,hv2:ramp20:20,paid_social,revisited,2026-08-14T05:28:13.589Z,,,n-hv2-u00022,
hv2-e003818,hv2-u01004,task_first,hv2:ramp80:80,organic_search,assigned,2026-08-14T05:43:28.141Z,,,,
hv2-e002388,hv2-u00647,baseline,hv2:ramp80:80,organic_search,assigned,2026-08-14T05:44:11.337Z,,,,
hv2-e003819,hv2-u01004,task_first,hv2:ramp80:80,organic_search,note_saved,2026-08-14T05:47:28.141Z,,,n-hv2-u01004,
hv2-e003741,hv2-u00986,task_first,hv2:ramp80:80,referral,assigned,2026-08-14T05:47:45.760Z,,,,
hv2-e002389,hv2-u00647,baseline,hv2:ramp80:80,organic_search,note_saved,2026-08-14T05:48:11.337Z,,,n-hv2-u00647,
hv2-e003820,hv2-u01004,task_first,hv2:ramp80:80,organic_search,task_created,2026-08-14T05:49:28.141Z,,,n-hv2-u01004,t-hv2-u01004-1
hv2-e002390,hv2-u00647,baseline,hv2:ramp80:80,organic_search,task_created,2026-08-14T05:50:11.337Z,,,n-hv2-u00647,t-hv2-u00647-1
hv2-e003821,hv2-u01004,task_first,hv2:ramp80:80,organic_search,task_created,2026-08-14T05:50:28.141Z,,,n-hv2-u01004,t-hv2-u01004-2
hv2-e002391,hv2-u00647,baseline,hv2:ramp80:80,organic_search,task_created,2026-08-14T05:51:11.337Z,,,n-hv2-u00647,t-hv2-u00647-2
hv2-e003742,hv2-u00986,task_first,hv2:ramp80:80,referral,note_saved,2026-08-14T05:51:45.760Z,,,n-hv2-u00986,
hv2-e003743,hv2-u00986,task_first,hv2:ramp80:80,referral,task_created,2026-08-14T05:53:45.760Z,,,n-hv2-u00986,t-hv2-u00986-1
hv2-e002325,hv2-u00631,baseline,hv2:ramp80:80,organic_search,assigned,2026-08-14T06:25:11.032Z,,,,
hv2-e001731,hv2-u00477,baseline,hv2:ramp20:20,paid_social,revisited,2026-08-14T06:27:46.769Z,,,n-hv2-u00477,
hv2-e002326,hv2-u00631,baseline,hv2:ramp80:80,organic_search,note_saved,2026-08-14T06:29:11.032Z,,,n-hv2-u00631,
hv2-e003611,hv2-u00953,task_first,hv2:ramp80:80,organic_search,assigned,2026-08-14T07:27:57.087Z,,,,
hv2-e003612,hv2-u00953,task_first,hv2:ramp80:80,organic_search,note_saved,2026-08-14T07:31:57.087Z,,,n-hv2-u00953,
hv2-e003613,hv2-u00953,task_first,hv2:ramp80:80,organic_search,task_created,2026-08-14T07:33:57.087Z,,,n-hv2-u00953,t-hv2-u00953-1
hv2-e001696,hv2-u00468,baseline,hv2:ramp20:20,app_store,revisited,2026-08-14T07:53:13.155Z,,,n-hv2-u00468,
hv2-e001697,hv2-u00468,baseline,hv2:ramp20:20,app_store,task_completed,2026-08-14T07:58:13.155Z,,,n-hv2-u00468,t-hv2-u00468-1
hv2-e002576,hv2-u00695,task_first,hv2:ramp80:80,organic_search,assigned,2026-08-14T08:16:40.409Z,,,,
hv2-e002577,hv2-u00695,task_first,hv2:ramp80:80,organic_search,note_saved,2026-08-14T08:20:40.409Z,,,n-hv2-u00695,
hv2-e002578,hv2-u00695,task_first,hv2:ramp80:80,organic_search,task_created,2026-08-14T08:22:40.409Z,,,n-hv2-u00695,t-hv2-u00695-1
hv2-e002579,hv2-u00695,task_first,hv2:ramp80:80,organic_search,task_created,2026-08-14T08:23:40.409Z,,,n-hv2-u00695,t-hv2-u00695-2
hv2-e002872,hv2-u00772,task_first,hv2:ramp80:80,organic_search,assigned,2026-08-14T08:38:34.730Z,,,,
hv2-e002873,hv2-u00772,task_first,hv2:ramp80:80,organic_search,note_saved,2026-08-14T08:42:34.730Z,,,n-hv2-u00772,
hv2-e002874,hv2-u00772,task_first,hv2:ramp80:80,organic_search,task_created,2026-08-14T08:44:34.730Z,,,n-hv2-u00772,t-hv2-u00772-1
hv2-e002875,hv2-u00772,task_first,hv2:ramp80:80,organic_search,task_created,2026-08-14T08:45:34.730Z,,,n-hv2-u00772,t-hv2-u00772-2
hv2-e002876,hv2-u00772,task_first,hv2:ramp80:80,organic_search,task_created,2026-08-14T08:46:34.730Z,,,n-hv2-u00772,t-hv2-u00772-3
hv2-e001976,hv2-u00540,task_first,hv2:ramp80:80,referral,assigned,2026-08-14T09:18:19.871Z,,,,
hv2-e001977,hv2-u00540,task_first,hv2:ramp80:80,referral,note_saved,2026-08-14T09:22:19.871Z,,,n-hv2-u00540,
hv2-e001424,hv2-u00400,baseline,hv2:ramp20:20,paid_social,trial_started,2026-08-14T09:24:02.803Z,,,,
hv2-e001155,hv2-u00324,baseline,hv2:ramp20:20,app_store,revisited,2026-08-14T09:26:23.215Z,,,n-hv2-u00324,
hv2-e001019,hv2-u00285,baseline,hv2:ramp20:20,paid_social,revisited,2026-08-14T10:10:26.935Z,,,n-hv2-u00285,
hv2-e003231,hv2-u00858,baseline,hv2:ramp80:80,organic_search,assigned,2026-08-14T10:40:52.925Z,,,,
hv2-e003232,hv2-u00858,baseline,hv2:ramp80:80,organic_search,note_saved,2026-08-14T10:44:52.925Z,,,n-hv2-u00858,
hv2-e000618,hv2-u00167,baseline,hv2:ramp20:20,paid_social,revisited,2026-08-14T11:39:34.708Z,,,n-hv2-u00167,
hv2-e002570,hv2-u00694,task_first,hv2:ramp80:80,referral,assigned,2026-08-14T11:45:45.639Z,,,,
hv2-e002571,hv2-u00694,task_first,hv2:ramp80:80,referral,note_saved,2026-08-14T11:49:45.639Z,,,n-hv2-u00694,
hv2-e002572,hv2-u00694,task_first,hv2:ramp80:80,referral,task_created,2026-08-14T11:51:45.639Z,,,n-hv2-u00694,t-hv2-u00694-1
hv2-e002573,hv2-u00694,task_first,hv2:ramp80:80,referral,task_created,2026-08-14T11:52:45.639Z,,,n-hv2-u00694,t-hv2-u00694-2
hv2-e000175,hv2-u00050,baseline,hv2:ramp20:20,organic_search,paid,2026-08-14T12:28:37.818Z,10.00,XTS,,
hv2-e001574,hv2-u00440,baseline,hv2:ramp20:20,paid_social,paid,2026-08-14T12:36:49.674Z,10.00,XTS,,
hv2-e000036,hv2-u00011,task_first,hv2:ramp20:20,paid_social,revisited,2026-08-14T12:38:08.530Z,,,n-hv2-u00011,
hv2-e000817,hv2-u00228,baseline,hv2:ramp20:20,paid_social,trial_started,2026-08-14T12:46:46.209Z,,,,
hv2-e001249,hv2-u00351,baseline,hv2:ramp20:20,paid_social,revisited,2026-08-14T13:32:13.849Z,,,n-hv2-u00351,
hv2-e001942,hv2-u00532,task_first,hv2:ramp80:80,organic_search,assigned,2026-08-14T14:16:35.052Z,,,,
hv2-e001943,hv2-u00532,task_first,hv2:ramp80:80,organic_search,note_saved,2026-08-14T14:20:35.052Z,,,n-hv2-u00532,
hv2-e001944,hv2-u00532,task_first,hv2:ramp80:80,organic_search,task_created,2026-08-14T14:22:35.052Z,,,n-hv2-u00532,t-hv2-u00532-1
hv2-e001945,hv2-u00532,task_first,hv2:ramp80:80,organic_search,task_created,2026-08-14T14:23:35.052Z,,,n-hv2-u00532,t-hv2-u00532-2
hv2-e001510,hv2-u00422,baseline,hv2:ramp20:20,organic_search,paid,2026-08-14T14:26:51.665Z,10.00,XTS,,
hv2-e003595,hv2-u00950,task_first,hv2:ramp80:80,organic_search,assigned,2026-08-14T15:39:00.982Z,,,,
hv2-e003596,hv2-u00950,task_first,hv2:ramp80:80,organic_search,note_saved,2026-08-14T15:43:00.982Z,,,n-hv2-u00950,
hv2-e003597,hv2-u00950,task_first,hv2:ramp80:80,organic_search,task_created,2026-08-14T15:45:00.982Z,,,n-hv2-u00950,t-hv2-u00950-1
hv2-e003598,hv2-u00950,task_first,hv2:ramp80:80,organic_search,task_created,2026-08-14T15:46:00.982Z,,,n-hv2-u00950,t-hv2-u00950-2
hv2-e003599,hv2-u00950,task_first,hv2:ramp80:80,organic_search,task_created,2026-08-14T15:47:00.982Z,,,n-hv2-u00950,t-hv2-u00950-3
hv2-e002234,hv2-u00605,task_first,hv2:ramp80:80,app_store,assigned,2026-08-14T15:50:23.660Z,,,,
hv2-e003441,hv2-u00914,baseline,hv2:ramp80:80,organic_search,assigned,2026-08-14T15:57:14.106Z,,,,
hv2-e003442,hv2-u00914,baseline,hv2:ramp80:80,organic_search,note_saved,2026-08-14T16:01:14.106Z,,,n-hv2-u00914,
hv2-e003443,hv2-u00914,baseline,hv2:ramp80:80,organic_search,task_created,2026-08-14T16:03:14.106Z,,,n-hv2-u00914,t-hv2-u00914-1
hv2-e003444,hv2-u00914,baseline,hv2:ramp80:80,organic_search,task_created,2026-08-14T16:04:14.106Z,,,n-hv2-u00914,t-hv2-u00914-2
hv2-e002400,hv2-u00652,task_first,hv2:ramp80:80,organic_search,assigned,2026-08-14T16:20:42.970Z,,,,
hv2-e002401,hv2-u00652,task_first,hv2:ramp80:80,organic_search,note_saved,2026-08-14T16:24:42.970Z,,,n-hv2-u00652,
hv2-e002402,hv2-u00652,task_first,hv2:ramp80:80,organic_search,task_created,2026-08-14T16:26:42.970Z,,,n-hv2-u00652,t-hv2-u00652-1
hv2-e002403,hv2-u00652,task_first,hv2:ramp80:80,organic_search,task_created,2026-08-14T16:27:42.970Z,,,n-hv2-u00652,t-hv2-u00652-2
hv2-e002404,hv2-u00652,task_first,hv2:ramp80:80,organic_search,task_created,2026-08-14T16:28:42.970Z,,,n-hv2-u00652,t-hv2-u00652-3
hv2-e003768,hv2-u00992,task_first,hv2:ramp80:80,app_store,assigned,2026-08-14T16:53:39.969Z,,,,
hv2-e003769,hv2-u00992,task_first,hv2:ramp80:80,app_store,note_saved,2026-08-14T16:57:39.969Z,,,n-hv2-u00992,
hv2-e002580,hv2-u00696,baseline,hv2:ramp80:80,referral,assigned,2026-08-14T16:58:21.219Z,,,,
hv2-e003770,hv2-u00992,task_first,hv2:ramp80:80,app_store,task_created,2026-08-14T16:59:39.969Z,,,n-hv2-u00992,t-hv2-u00992-1
hv2-e002071,hv2-u00563,task_first,hv2:ramp80:80,organic_search,assigned,2026-08-14T18:16:56.718Z,,,,
hv2-e002072,hv2-u00563,task_first,hv2:ramp80:80,organic_search,note_saved,2026-08-14T18:20:56.718Z,,,n-hv2-u00563,
hv2-e002281,hv2-u00620,task_first,hv2:ramp80:80,organic_search,assigned,2026-08-14T18:36:30.843Z,,,,
hv2-e002282,hv2-u00620,task_first,hv2:ramp80:80,organic_search,note_saved,2026-08-14T18:40:30.843Z,,,n-hv2-u00620,
hv2-e002249,hv2-u00609,baseline,hv2:ramp80:80,referral,assigned,2026-08-14T18:50:49.725Z,,,,
hv2-e000613,hv2-u00166,baseline,hv2:ramp20:20,organic_search,revisited,2026-08-14T18:51:21.411Z,,,n-hv2-u00166,
hv2-e002250,hv2-u00609,baseline,hv2:ramp80:80,referral,note_saved,2026-08-14T18:54:49.725Z,,,n-hv2-u00609,
hv2-e002251,hv2-u00609,baseline,hv2:ramp80:80,referral,task_created,2026-08-14T18:56:49.725Z,,,n-hv2-u00609,t-hv2-u00609-1
hv2-e002252,hv2-u00609,baseline,hv2:ramp80:80,referral,task_created,2026-08-14T18:57:49.725Z,,,n-hv2-u00609,t-hv2-u00609-2
hv2-e002253,hv2-u00609,baseline,hv2:ramp80:80,referral,task_created,2026-08-14T18:58:49.725Z,,,n-hv2-u00609,t-hv2-u00609-3
hv2-e002256,hv2-u00609,baseline,hv2:ramp80:80,referral,trial_started,2026-08-14T19:50:49.725Z,,,,
hv2-e001827,hv2-u00503,baseline,hv2:ramp20:20,paid_social,trial_started,2026-08-14T20:05:23.447Z,,,,
hv2-e003201,hv2-u00852,task_first,hv2:ramp80:80,organic_search,assigned,2026-08-14T20:12:09.787Z,,,,
hv2-e002660,hv2-u00716,task_first,hv2:ramp80:80,organic_search,assigned,2026-08-14T20:13:15.116Z,,,,
hv2-e003202,hv2-u00852,task_first,hv2:ramp80:80,organic_search,note_saved,2026-08-14T20:16:09.787Z,,,n-hv2-u00852,
hv2-e002661,hv2-u00716,task_first,hv2:ramp80:80,organic_search,note_saved,2026-08-14T20:17:15.116Z,,,n-hv2-u00716,
hv2-e003203,hv2-u00852,task_first,hv2:ramp80:80,organic_search,task_created,2026-08-14T20:18:09.787Z,,,n-hv2-u00852,t-hv2-u00852-1
hv2-e003204,hv2-u00852,task_first,hv2:ramp80:80,organic_search,task_created,2026-08-14T20:19:09.787Z,,,n-hv2-u00852,t-hv2-u00852-2
hv2-e002662,hv2-u00716,task_first,hv2:ramp80:80,organic_search,task_created,2026-08-14T20:19:15.116Z,,,n-hv2-u00716,t-hv2-u00716-1
hv2-e003205,hv2-u00852,task_first,hv2:ramp80:80,organic_search,task_created,2026-08-14T20:20:09.787Z,,,n-hv2-u00852,t-hv2-u00852-3
hv2-e002663,hv2-u00716,task_first,hv2:ramp80:80,organic_search,task_created,2026-08-14T20:20:15.116Z,,,n-hv2-u00716,t-hv2-u00716-2
hv2-e002664,hv2-u00716,task_first,hv2:ramp80:80,organic_search,task_created,2026-08-14T20:21:15.116Z,,,n-hv2-u00716,t-hv2-u00716-3
hv2-e002193,hv2-u00594,baseline,hv2:ramp80:80,referral,assigned,2026-08-14T21:31:55.617Z,,,,
hv2-e002194,hv2-u00594,baseline,hv2:ramp80:80,referral,note_saved,2026-08-14T21:35:55.617Z,,,n-hv2-u00594,
hv2-e002195,hv2-u00594,baseline,hv2:ramp80:80,referral,task_created,2026-08-14T21:37:55.617Z,,,n-hv2-u00594,t-hv2-u00594-1
hv2-e001221,hv2-u00342,baseline,hv2:ramp20:20,paid_social,paid,2026-08-14T23:03:46.157Z,10.00,XTS,,
hv2-e003463,hv2-u00919,task_first,hv2:ramp80:80,referral,assigned,2026-08-14T23:08:16.269Z,,,,
hv2-e003464,hv2-u00919,task_first,hv2:ramp80:80,referral,note_saved,2026-08-14T23:12:16.269Z,,,n-hv2-u00919,
hv2-e003465,hv2-u00919,task_first,hv2:ramp80:80,referral,task_created,2026-08-14T23:14:16.269Z,,,n-hv2-u00919,t-hv2-u00919-1
hv2-e003466,hv2-u00919,task_first,hv2:ramp80:80,referral,task_created,2026-08-14T23:15:16.269Z,,,n-hv2-u00919,t-hv2-u00919-2
hv2-e003467,hv2-u00919,task_first,hv2:ramp80:80,referral,task_created,2026-08-14T23:16:16.269Z,,,n-hv2-u00919,t-hv2-u00919-3
hv2-e003836,hv2-u01008,task_first,hv2:ramp80:80,organic_search,assigned,2026-08-14T23:18:45.856Z,,,,
hv2-e002492,hv2-u00673,task_first,hv2:ramp80:80,paid_social,assigned,2026-08-14T23:21:59.972Z,,,,
hv2-e003059,hv2-u00816,task_first,hv2:ramp80:80,organic_search,assigned,2026-08-14T23:22:00.921Z,,,,
hv2-e003153,hv2-u00841,task_first,hv2:ramp80:80,organic_search,assigned,2026-08-14T23:22:04.735Z,,,,
hv2-e003837,hv2-u01008,task_first,hv2:ramp80:80,organic_search,note_saved,2026-08-14T23:22:45.856Z,,,n-hv2-u01008,
hv2-e003838,hv2-u01008,task_first,hv2:ramp80:80,organic_search,task_created,2026-08-14T23:24:45.856Z,,,n-hv2-u01008,t-hv2-u01008-1
hv2-e002493,hv2-u00673,task_first,hv2:ramp80:80,paid_social,note_saved,2026-08-14T23:25:59.972Z,,,n-hv2-u00673,
hv2-e003060,hv2-u00816,task_first,hv2:ramp80:80,organic_search,note_saved,2026-08-14T23:26:00.921Z,,,n-hv2-u00816,
hv2-e003154,hv2-u00841,task_first,hv2:ramp80:80,organic_search,note_saved,2026-08-14T23:26:04.735Z,,,n-hv2-u00841,
hv2-e002494,hv2-u00673,task_first,hv2:ramp80:80,paid_social,task_created,2026-08-14T23:27:59.972Z,,,n-hv2-u00673,t-hv2-u00673-1
hv2-e003061,hv2-u00816,task_first,hv2:ramp80:80,organic_search,task_created,2026-08-14T23:28:00.921Z,,,n-hv2-u00816,t-hv2-u00816-1
hv2-e003155,hv2-u00841,task_first,hv2:ramp80:80,organic_search,task_created,2026-08-14T23:28:04.735Z,,,n-hv2-u00841,t-hv2-u00841-1
hv2-e003062,hv2-u00816,task_first,hv2:ramp80:80,organic_search,task_created,2026-08-14T23:29:00.921Z,,,n-hv2-u00816,t-hv2-u00816-2
hv2-e003156,hv2-u00841,task_first,hv2:ramp80:80,organic_search,task_created,2026-08-14T23:29:04.735Z,,,n-hv2-u00841,t-hv2-u00841-2
hv2-e001139,hv2-u00319,baseline,hv2:ramp20:20,app_store,revisited,2026-08-14T23:30:24.956Z,,,n-hv2-u00319,
hv2-e002808,hv2-u00755,baseline,hv2:ramp80:80,app_store,assigned,2026-08-14T23:40:39.731Z,,,,
hv2-e002809,hv2-u00755,baseline,hv2:ramp80:80,app_store,note_saved,2026-08-14T23:44:39.731Z,,,n-hv2-u00755,
hv2-e003957,hv2-u01038,task_first,hv2:ramp80:80,referral,assigned,2026-08-15T00:03:30.109Z,,,,
hv2-e003958,hv2-u01038,task_first,hv2:ramp80:80,referral,note_saved,2026-08-15T00:07:30.109Z,,,n-hv2-u01038,
hv2-e003530,hv2-u00935,task_first,hv2:ramp80:80,organic_search,assigned,2026-08-15T01:06:36.907Z,,,,
hv2-e003531,hv2-u00935,task_first,hv2:ramp80:80,organic_search,note_saved,2026-08-15T01:10:36.907Z,,,n-hv2-u00935,
hv2-e002978,hv2-u00800,task_first,hv2:ramp80:80,organic_search,assigned,2026-08-15T01:15:31.213Z,,,,
hv2-e002979,hv2-u00800,task_first,hv2:ramp80:80,organic_search,note_saved,2026-08-15T01:19:31.213Z,,,n-hv2-u00800,
hv2-e002980,hv2-u00800,task_first,hv2:ramp80:80,organic_search,task_created,2026-08-15T01:21:31.213Z,,,n-hv2-u00800,t-hv2-u00800-1
hv2-e002981,hv2-u00800,task_first,hv2:ramp80:80,organic_search,task_created,2026-08-15T01:22:31.213Z,,,n-hv2-u00800,t-hv2-u00800-2
hv2-e001536,hv2-u00430,baseline,hv2:ramp20:20,paid_social,trial_started,2026-08-15T01:35:52.311Z,,,,
hv2-e002490,hv2-u00672,task_first,hv2:ramp80:80,referral,assigned,2026-08-15T02:00:30.657Z,,,,
hv2-e002491,hv2-u00672,task_first,hv2:ramp80:80,referral,note_saved,2026-08-15T02:04:30.657Z,,,n-hv2-u00672,
hv2-e000392,hv2-u00110,task_first,hv2:ramp20:20,app_store,revisited,2026-08-15T02:07:39.274Z,,,n-hv2-u00110,
hv2-e002499,hv2-u00675,task_first,hv2:ramp80:80,organic_search,assigned,2026-08-15T02:42:26.049Z,,,,
hv2-e001109,hv2-u00311,task_first,hv2:ramp20:20,paid_social,revisited,2026-08-15T02:49:28.758Z,,,n-hv2-u00311,
hv2-e002721,hv2-u00732,task_first,hv2:ramp80:80,organic_search,assigned,2026-08-15T02:59:15.386Z,,,,
hv2-e002722,hv2-u00732,task_first,hv2:ramp80:80,organic_search,note_saved,2026-08-15T03:03:15.386Z,,,n-hv2-u00732,
hv2-e002723,hv2-u00732,task_first,hv2:ramp80:80,organic_search,task_created,2026-08-15T03:05:15.386Z,,,n-hv2-u00732,t-hv2-u00732-1
hv2-e002724,hv2-u00732,task_first,hv2:ramp80:80,organic_search,task_created,2026-08-15T03:06:15.386Z,,,n-hv2-u00732,t-hv2-u00732-2
hv2-e002725,hv2-u00732,task_first,hv2:ramp80:80,organic_search,task_created,2026-08-15T03:07:15.386Z,,,n-hv2-u00732,t-hv2-u00732-3
hv2-e003946,hv2-u01035,task_first,hv2:ramp80:80,organic_search,assigned,2026-08-15T03:21:20.606Z,,,,
hv2-e003947,hv2-u01035,task_first,hv2:ramp80:80,organic_search,note_saved,2026-08-15T03:25:20.606Z,,,n-hv2-u01035,
hv2-e003948,hv2-u01035,task_first,hv2:ramp80:80,organic_search,task_created,2026-08-15T03:27:20.606Z,,,n-hv2-u01035,t-hv2-u01035-1
hv2-e002527,hv2-u00682,task_first,hv2:ramp80:80,app_store,assigned,2026-08-15T03:27:33.610Z,,,,
hv2-e003949,hv2-u01035,task_first,hv2:ramp80:80,organic_search,task_created,2026-08-15T03:28:20.606Z,,,n-hv2-u01035,t-hv2-u01035-2
hv2-e002528,hv2-u00682,task_first,hv2:ramp80:80,app_store,note_saved,2026-08-15T03:31:33.610Z,,,n-hv2-u00682,
hv2-e000656,hv2-u00176,baseline,hv2:ramp20:20,organic_search,revisited,2026-08-15T03:35:01.415Z,,,n-hv2-u00176,
hv2-e000657,hv2-u00176,baseline,hv2:ramp20:20,organic_search,task_completed,2026-08-15T03:40:01.415Z,,,n-hv2-u00176,t-hv2-u00176-1
hv2-e000554,hv2-u00149,baseline,hv2:ramp20:20,referral,revisited,2026-08-15T04:08:40.505Z,,,n-hv2-u00149,
hv2-e000555,hv2-u00149,baseline,hv2:ramp20:20,referral,task_completed,2026-08-15T04:13:40.505Z,,,n-hv2-u00149,t-hv2-u00149-1
hv2-e002438,hv2-u00661,task_first,hv2:ramp80:80,organic_search,assigned,2026-08-15T04:25:13.467Z,,,,
hv2-e002439,hv2-u00661,task_first,hv2:ramp80:80,organic_search,note_saved,2026-08-15T04:29:13.467Z,,,n-hv2-u00661,
hv2-e002440,hv2-u00661,task_first,hv2:ramp80:80,organic_search,task_created,2026-08-15T04:31:13.467Z,,,n-hv2-u00661,t-hv2-u00661-1
hv2-e000011,hv2-u00003,baseline,hv2:ramp20:20,paid_social,revisited,2026-08-15T04:32:42.994Z,,,n-hv2-u00003,
hv2-e002347,hv2-u00636,task_first,hv2:ramp80:80,app_store,assigned,2026-08-15T05:00:09.145Z,,,,
hv2-e002348,hv2-u00636,task_first,hv2:ramp80:80,app_store,note_saved,2026-08-15T05:04:09.145Z,,,n-hv2-u00636,
hv2-e002349,hv2-u00636,task_first,hv2:ramp80:80,app_store,task_created,2026-08-15T05:06:09.145Z,,,n-hv2-u00636,t-hv2-u00636-1
hv2-e000370,hv2-u00104,task_first,hv2:ramp20:20,organic_search,revisited,2026-08-15T06:19:04.211Z,,,n-hv2-u00104,
hv2-e003020,hv2-u00809,task_first,hv2:ramp80:80,organic_search,assigned,2026-08-15T06:25:52.747Z,,,,
hv2-e000727,hv2-u00198,baseline,hv2:ramp20:20,paid_social,revisited,2026-08-15T06:27:02.311Z,,,n-hv2-u00198,
hv2-e003021,hv2-u00809,task_first,hv2:ramp80:80,organic_search,note_saved,2026-08-15T06:29:52.747Z,,,n-hv2-u00809,
hv2-e003022,hv2-u00809,task_first,hv2:ramp80:80,organic_search,task_created,2026-08-15T06:31:52.747Z,,,n-hv2-u00809,t-hv2-u00809-1
hv2-e000728,hv2-u00198,baseline,hv2:ramp20:20,paid_social,task_completed,2026-08-15T06:32:02.311Z,,,n-hv2-u00198,t-hv2-u00198-1
hv2-e003023,hv2-u00809,task_first,hv2:ramp80:80,organic_search,task_created,2026-08-15T06:32:52.747Z,,,n-hv2-u00809,t-hv2-u00809-2
hv2-e002785,hv2-u00748,task_first,hv2:ramp80:80,app_store,assigned,2026-08-15T07:26:49.849Z,,,,
hv2-e002786,hv2-u00748,task_first,hv2:ramp80:80,app_store,note_saved,2026-08-15T07:30:49.849Z,,,n-hv2-u00748,
hv2-e002844,hv2-u00766,baseline,hv2:ramp80:80,organic_search,assigned,2026-08-15T07:32:46.904Z,,,,
hv2-e002845,hv2-u00766,baseline,hv2:ramp80:80,organic_search,note_saved,2026-08-15T07:36:46.904Z,,,n-hv2-u00766,
hv2-e002846,hv2-u00766,baseline,hv2:ramp80:80,organic_search,task_created,2026-08-15T07:38:46.904Z,,,n-hv2-u00766,t-hv2-u00766-1
hv2-e002847,hv2-u00766,baseline,hv2:ramp80:80,organic_search,task_created,2026-08-15T07:39:46.904Z,,,n-hv2-u00766,t-hv2-u00766-2
hv2-e002848,hv2-u00766,baseline,hv2:ramp80:80,organic_search,task_created,2026-08-15T07:40:46.904Z,,,n-hv2-u00766,t-hv2-u00766-3
hv2-e003824,hv2-u01005,task_first,hv2:ramp80:80,organic_search,assigned,2026-08-15T07:45:10.456Z,,,,
hv2-e003825,hv2-u01005,task_first,hv2:ramp80:80,organic_search,note_saved,2026-08-15T07:49:10.456Z,,,n-hv2-u01005,
hv2-e003438,hv2-u00913,task_first,hv2:ramp80:80,referral,assigned,2026-08-15T07:50:52.471Z,,,,
hv2-e003826,hv2-u01005,task_first,hv2:ramp80:80,organic_search,task_created,2026-08-15T07:51:10.456Z,,,n-hv2-u01005,t-hv2-u01005-1
hv2-e003439,hv2-u00913,task_first,hv2:ramp80:80,referral,note_saved,2026-08-15T07:54:52.471Z,,,n-hv2-u00913,
hv2-e003440,hv2-u00913,task_first,hv2:ramp80:80,referral,task_created,2026-08-15T07:56:52.471Z,,,n-hv2-u00913,t-hv2-u00913-1
hv2-e002383,hv2-u00646,task_first,hv2:ramp80:80,organic_search,assigned,2026-08-15T08:07:49.552Z,,,,
hv2-e002384,hv2-u00646,task_first,hv2:ramp80:80,organic_search,note_saved,2026-08-15T08:11:49.552Z,,,n-hv2-u00646,
hv2-e002385,hv2-u00646,task_first,hv2:ramp80:80,organic_search,task_created,2026-08-15T08:13:49.552Z,,,n-hv2-u00646,t-hv2-u00646-1
hv2-e002386,hv2-u00646,task_first,hv2:ramp80:80,organic_search,task_created,2026-08-15T08:14:49.552Z,,,n-hv2-u00646,t-hv2-u00646-2
hv2-e002387,hv2-u00646,task_first,hv2:ramp80:80,organic_search,task_created,2026-08-15T08:15:49.552Z,,,n-hv2-u00646,t-hv2-u00646-3
hv2-e000056,hv2-u00017,baseline,hv2:ramp20:20,paid_social,revisited,2026-08-15T08:24:48.805Z,,,n-hv2-u00017,
hv2-e003888,hv2-u01021,task_first,hv2:ramp80:80,organic_search,assigned,2026-08-15T08:49:22.875Z,,,,
hv2-e002212,hv2-u00599,task_first,hv2:ramp80:80,referral,assigned,2026-08-15T09:28:18.024Z,,,,
hv2-e002213,hv2-u00599,task_first,hv2:ramp80:80,referral,note_saved,2026-08-15T09:32:18.024Z,,,n-hv2-u00599,
hv2-e002214,hv2-u00599,task_first,hv2:ramp80:80,referral,task_created,2026-08-15T09:34:18.024Z,,,n-hv2-u00599,t-hv2-u00599-1
hv2-e003460,hv2-u00918,task_first,hv2:ramp80:80,organic_search,assigned,2026-08-15T09:35:16.869Z,,,,
hv2-e003461,hv2-u00918,task_first,hv2:ramp80:80,organic_search,note_saved,2026-08-15T09:39:16.869Z,,,n-hv2-u00918,
hv2-e003462,hv2-u00918,task_first,hv2:ramp80:80,organic_search,trial_started,2026-08-15T10:35:16.869Z,,,,
hv2-e003089,hv2-u00823,task_first,hv2:ramp80:80,referral,assigned,2026-08-15T10:46:11.528Z,,,,
hv2-e000850,hv2-u00239,baseline,hv2:ramp20:20,app_store,paid,2026-08-15T11:28:25.867Z,10.00,XTS,,
hv2-e003744,hv2-u00987,task_first,hv2:ramp80:80,organic_search,assigned,2026-08-15T11:35:09.122Z,,,,
hv2-e003745,hv2-u00987,task_first,hv2:ramp80:80,organic_search,note_saved,2026-08-15T11:39:09.122Z,,,n-hv2-u00987,
hv2-e003512,hv2-u00930,task_first,hv2:ramp80:80,app_store,assigned,2026-08-15T11:40:57.452Z,,,,
hv2-e003746,hv2-u00987,task_first,hv2:ramp80:80,organic_search,task_created,2026-08-15T11:41:09.122Z,,,n-hv2-u00987,t-hv2-u00987-1
hv2-e003747,hv2-u00987,task_first,hv2:ramp80:80,organic_search,task_created,2026-08-15T11:42:09.122Z,,,n-hv2-u00987,t-hv2-u00987-2
hv2-e003748,hv2-u00987,task_first,hv2:ramp80:80,organic_search,task_created,2026-08-15T11:43:09.122Z,,,n-hv2-u00987,t-hv2-u00987-3
hv2-e003513,hv2-u00930,task_first,hv2:ramp80:80,app_store,note_saved,2026-08-15T11:44:57.452Z,,,n-hv2-u00930,
hv2-e003514,hv2-u00930,task_first,hv2:ramp80:80,app_store,task_created,2026-08-15T11:46:57.452Z,,,n-hv2-u00930,t-hv2-u00930-1
hv2-e002207,hv2-u00597,task_first,hv2:ramp80:80,paid_social,assigned,2026-08-15T11:48:07.893Z,,,,
hv2-e002208,hv2-u00597,task_first,hv2:ramp80:80,paid_social,note_saved,2026-08-15T11:52:07.893Z,,,n-hv2-u00597,
hv2-e003284,hv2-u00873,task_first,hv2:ramp80:80,organic_search,assigned,2026-08-15T12:08:34.712Z,,,,
hv2-e003285,hv2-u00873,task_first,hv2:ramp80:80,organic_search,note_saved,2026-08-15T12:12:34.712Z,,,n-hv2-u00873,
hv2-e001984,hv2-u00541,task_first,hv2:ramp80:80,referral,trial_started,2026-08-15T12:27:01.016Z,,,,
hv2-e002590,hv2-u00698,task_first,hv2:ramp80:80,app_store,assigned,2026-08-15T12:53:21.583Z,,,,
hv2-e002591,hv2-u00698,task_first,hv2:ramp80:80,app_store,note_saved,2026-08-15T12:57:21.583Z,,,n-hv2-u00698,
hv2-e001065,hv2-u00297,task_first,hv2:ramp20:20,referral,paid,2026-08-15T13:16:15.710Z,10.00,XTS,,
hv2-e002218,hv2-u00601,task_first,hv2:ramp80:80,organic_search,assigned,2026-08-15T13:26:55.403Z,,,,
hv2-e002219,hv2-u00601,task_first,hv2:ramp80:80,organic_search,note_saved,2026-08-15T13:30:55.403Z,,,n-hv2-u00601,
hv2-e002220,hv2-u00601,task_first,hv2:ramp80:80,organic_search,task_created,2026-08-15T13:32:55.403Z,,,n-hv2-u00601,t-hv2-u00601-1
hv2-e002221,hv2-u00601,task_first,hv2:ramp80:80,organic_search,task_created,2026-08-15T13:33:55.403Z,,,n-hv2-u00601,t-hv2-u00601-2
hv2-e002629,hv2-u00708,baseline,hv2:ramp80:80,organic_search,assigned,2026-08-15T14:10:10.603Z,,,,
hv2-e002630,hv2-u00708,baseline,hv2:ramp80:80,organic_search,note_saved,2026-08-15T14:14:10.603Z,,,n-hv2-u00708,
hv2-e003011,hv2-u00806,baseline,hv2:ramp80:80,referral,assigned,2026-08-15T14:15:12.803Z,,,,
hv2-e002631,hv2-u00708,baseline,hv2:ramp80:80,organic_search,task_created,2026-08-15T14:16:10.603Z,,,n-hv2-u00708,t-hv2-u00708-1
hv2-e002632,hv2-u00708,baseline,hv2:ramp80:80,organic_search,task_created,2026-08-15T14:17:10.603Z,,,n-hv2-u00708,t-hv2-u00708-2
hv2-e002633,hv2-u00708,baseline,hv2:ramp80:80,organic_search,task_created,2026-08-15T14:18:10.603Z,,,n-hv2-u00708,t-hv2-u00708-3
hv2-e003012,hv2-u00806,baseline,hv2:ramp80:80,referral,note_saved,2026-08-15T14:19:12.803Z,,,n-hv2-u00806,
hv2-e003013,hv2-u00806,baseline,hv2:ramp80:80,referral,task_created,2026-08-15T14:21:12.803Z,,,n-hv2-u00806,t-hv2-u00806-1
hv2-e003088,hv2-u00822,task_first,hv2:ramp80:80,referral,assigned,2026-08-15T16:06:05.284Z,,,,
hv2-e003049,hv2-u00814,baseline,hv2:ramp80:80,organic_search,revisited,2026-08-15T16:13:26.353Z,,,n-hv2-u00814,
hv2-e003050,hv2-u00814,baseline,hv2:ramp80:80,organic_search,task_completed,2026-08-15T16:18:26.353Z,,,n-hv2-u00814,t-hv2-u00814-1
hv2-e001957,hv2-u00536,task_first,hv2:ramp80:80,organic_search,assigned,2026-08-15T17:13:55.902Z,,,,
hv2-e001958,hv2-u00536,task_first,hv2:ramp80:80,organic_search,note_saved,2026-08-15T17:17:55.902Z,,,n-hv2-u00536,
hv2-e002169,hv2-u00589,task_first,hv2:ramp80:80,referral,assigned,2026-08-15T18:43:37.564Z,,,,
hv2-e003614,hv2-u00954,baseline,hv2:ramp80:80,referral,assigned,2026-08-15T18:45:53.107Z,,,,
hv2-e002170,hv2-u00589,task_first,hv2:ramp80:80,referral,note_saved,2026-08-15T18:47:37.564Z,,,n-hv2-u00589,
hv2-e002171,hv2-u00589,task_first,hv2:ramp80:80,referral,task_created,2026-08-15T18:49:37.564Z,,,n-hv2-u00589,t-hv2-u00589-1
hv2-e003615,hv2-u00954,baseline,hv2:ramp80:80,referral,note_saved,2026-08-15T18:49:53.107Z,,,n-hv2-u00954,
hv2-e002172,hv2-u00589,task_first,hv2:ramp80:80,referral,task_created,2026-08-15T18:50:37.564Z,,,n-hv2-u00589,t-hv2-u00589-2
hv2-e000338,hv2-u00095,baseline,hv2:ramp20:20,app_store,revisited,2026-08-15T18:56:09.598Z,,,n-hv2-u00095,
hv2-e000339,hv2-u00095,baseline,hv2:ramp20:20,app_store,task_completed,2026-08-15T19:01:09.598Z,,,n-hv2-u00095,t-hv2-u00095-1
hv2-e003845,hv2-u01010,task_first,hv2:ramp80:80,organic_search,assigned,2026-08-15T19:05:23.362Z,,,,
hv2-e003846,hv2-u01010,task_first,hv2:ramp80:80,organic_search,note_saved,2026-08-15T19:09:23.362Z,,,n-hv2-u01010,
hv2-e003847,hv2-u01010,task_first,hv2:ramp80:80,organic_search,task_created,2026-08-15T19:11:23.362Z,,,n-hv2-u01010,t-hv2-u01010-1
hv2-e003848,hv2-u01010,task_first,hv2:ramp80:80,organic_search,task_created,2026-08-15T19:12:23.362Z,,,n-hv2-u01010,t-hv2-u01010-2
hv2-e002050,hv2-u00559,task_first,hv2:ramp80:80,organic_search,assigned,2026-08-15T19:33:08.388Z,,,,
hv2-e002890,hv2-u00775,task_first,hv2:ramp80:80,organic_search,assigned,2026-08-15T19:34:16.512Z,,,,
hv2-e002051,hv2-u00559,task_first,hv2:ramp80:80,organic_search,note_saved,2026-08-15T19:37:08.388Z,,,n-hv2-u00559,
hv2-e002891,hv2-u00775,task_first,hv2:ramp80:80,organic_search,note_saved,2026-08-15T19:38:16.512Z,,,n-hv2-u00775,
hv2-e002052,hv2-u00559,task_first,hv2:ramp80:80,organic_search,task_created,2026-08-15T19:39:08.388Z,,,n-hv2-u00559,t-hv2-u00559-1
hv2-e003753,hv2-u00989,task_first,hv2:ramp80:80,organic_search,assigned,2026-08-15T20:06:01.092Z,,,,
hv2-e003754,hv2-u00989,task_first,hv2:ramp80:80,organic_search,note_saved,2026-08-15T20:10:01.092Z,,,n-hv2-u00989,
hv2-e003755,hv2-u00989,task_first,hv2:ramp80:80,organic_search,task_created,2026-08-15T20:12:01.092Z,,,n-hv2-u00989,t-hv2-u00989-1
hv2-e003756,hv2-u00989,task_first,hv2:ramp80:80,organic_search,task_created,2026-08-15T20:13:01.092Z,,,n-hv2-u00989,t-hv2-u00989-2
hv2-e003081,hv2-u00820,task_first,hv2:ramp80:80,referral,assigned,2026-08-15T20:23:22.808Z,,,,
hv2-e003082,hv2-u00820,task_first,hv2:ramp80:80,referral,note_saved,2026-08-15T20:27:22.808Z,,,n-hv2-u00820,
hv2-e003083,hv2-u00820,task_first,hv2:ramp80:80,referral,task_created,2026-08-15T20:29:22.808Z,,,n-hv2-u00820,t-hv2-u00820-1
hv2-e002233,hv2-u00604,task_first,hv2:ramp80:80,referral,assigned,2026-08-15T20:33:50.426Z,,,,
hv2-e001037,hv2-u00289,baseline,hv2:ramp20:20,referral,revisited,2026-08-15T22:09:22.810Z,,,n-hv2-u00289,
hv2-e003504,hv2-u00928,task_first,hv2:ramp80:80,organic_search,revisited,2026-08-15T22:12:21.171Z,,,n-hv2-u00928,
hv2-e003505,hv2-u00928,task_first,hv2:ramp80:80,organic_search,task_completed,2026-08-15T22:17:21.171Z,,,n-hv2-u00928,t-hv2-u00928-1
hv2-e003404,hv2-u00905,task_first,hv2:ramp80:80,referral,assigned,2026-08-15T22:48:09.032Z,,,,
hv2-e003405,hv2-u00905,task_first,hv2:ramp80:80,referral,note_saved,2026-08-15T22:52:09.032Z,,,n-hv2-u00905,
hv2-e003406,hv2-u00905,task_first,hv2:ramp80:80,referral,task_created,2026-08-15T22:54:09.032Z,,,n-hv2-u00905,t-hv2-u00905-1
hv2-e003407,hv2-u00905,task_first,hv2:ramp80:80,referral,task_created,2026-08-15T22:55:09.032Z,,,n-hv2-u00905,t-hv2-u00905-2
hv2-e002910,hv2-u00781,task_first,hv2:ramp80:80,organic_search,assigned,2026-08-15T23:08:55.933Z,,,,
hv2-e002911,hv2-u00781,task_first,hv2:ramp80:80,organic_search,note_saved,2026-08-15T23:12:55.933Z,,,n-hv2-u00781,
hv2-e002912,hv2-u00781,task_first,hv2:ramp80:80,organic_search,task_created,2026-08-15T23:14:55.933Z,,,n-hv2-u00781,t-hv2-u00781-1
hv2-e002913,hv2-u00781,task_first,hv2:ramp80:80,organic_search,task_created,2026-08-15T23:15:55.933Z,,,n-hv2-u00781,t-hv2-u00781-2
hv2-e002085,hv2-u00567,task_first,hv2:ramp80:80,organic_search,revisited,2026-08-15T23:56:19.343Z,,,n-hv2-u00567,
hv2-e002615,hv2-u00704,task_first,hv2:ramp80:80,organic_search,revisited,2026-08-16T00:08:59.804Z,,,n-hv2-u00704,
hv2-e003570,hv2-u00944,task_first,hv2:ramp80:80,organic_search,assigned,2026-08-16T00:26:53.548Z,,,,
hv2-e003571,hv2-u00944,task_first,hv2:ramp80:80,organic_search,note_saved,2026-08-16T00:30:53.548Z,,,n-hv2-u00944,
hv2-e003572,hv2-u00944,task_first,hv2:ramp80:80,organic_search,task_created,2026-08-16T00:32:53.548Z,,,n-hv2-u00944,t-hv2-u00944-1
hv2-e000886,hv2-u00249,baseline,hv2:ramp20:20,paid_social,revisited,2026-08-16T02:42:01.354Z,,,n-hv2-u00249,
hv2-e002535,hv2-u00685,task_first,hv2:ramp80:80,paid_social,assigned,2026-08-16T02:43:05.826Z,,,,
hv2-e000835,hv2-u00236,baseline,hv2:ramp20:20,paid_social,revisited,2026-08-16T03:21:27.609Z,,,n-hv2-u00236,
hv2-e001072,hv2-u00299,task_first,hv2:ramp20:20,app_store,revisited,2026-08-16T04:36:00.993Z,,,n-hv2-u00299,
hv2-e001073,hv2-u00299,task_first,hv2:ramp20:20,app_store,task_completed,2026-08-16T04:41:00.993Z,,,n-hv2-u00299,t-hv2-u00299-1
hv2-e003358,hv2-u00893,task_first,hv2:ramp80:80,app_store,assigned,2026-08-16T05:01:16.353Z,,,,
hv2-e003359,hv2-u00893,task_first,hv2:ramp80:80,app_store,note_saved,2026-08-16T05:05:16.353Z,,,n-hv2-u00893,
hv2-e003360,hv2-u00893,task_first,hv2:ramp80:80,app_store,task_created,2026-08-16T05:07:16.353Z,,,n-hv2-u00893,t-hv2-u00893-1
hv2-e002443,hv2-u00661,task_first,hv2:ramp80:80,organic_search,trial_started,2026-08-16T05:25:13.467Z,,,,
hv2-e003714,hv2-u00979,baseline,hv2:ramp80:80,organic_search,assigned,2026-08-16T05:54:00.341Z,,,,
hv2-e002842,hv2-u00765,task_first,hv2:ramp80:80,paid_social,assigned,2026-08-16T05:57:22.555Z,,,,
hv2-e003715,hv2-u00979,baseline,hv2:ramp80:80,organic_search,note_saved,2026-08-16T05:58:00.341Z,,,n-hv2-u00979,
hv2-e003716,hv2-u00979,baseline,hv2:ramp80:80,organic_search,task_created,2026-08-16T06:00:00.341Z,,,n-hv2-u00979,t-hv2-u00979-1
hv2-e003717,hv2-u00979,baseline,hv2:ramp80:80,organic_search,task_created,2026-08-16T06:01:00.341Z,,,n-hv2-u00979,t-hv2-u00979-2
hv2-e002843,hv2-u00765,task_first,hv2:ramp80:80,paid_social,note_saved,2026-08-16T06:01:22.555Z,,,n-hv2-u00765,
hv2-e003822,hv2-u01004,task_first,hv2:ramp80:80,organic_search,revisited,2026-08-16T06:13:28.141Z,,,n-hv2-u01004,
hv2-e003823,hv2-u01004,task_first,hv2:ramp80:80,organic_search,task_completed,2026-08-16T06:18:28.141Z,,,n-hv2-u01004,t-hv2-u01004-1
hv2-e002416,hv2-u00656,task_first,hv2:ramp80:80,organic_search,assigned,2026-08-16T06:48:15.118Z,,,,
hv2-e000758,hv2-u00207,baseline,hv2:ramp20:20,paid_social,revisited,2026-08-16T06:51:43.430Z,,,n-hv2-u00207,
hv2-e002417,hv2-u00656,task_first,hv2:ramp80:80,organic_search,note_saved,2026-08-16T06:52:15.118Z,,,n-hv2-u00656,
hv2-e002581,hv2-u00697,task_first,hv2:ramp80:80,referral,assigned,2026-08-16T07:07:56.560Z,,,,
hv2-e002582,hv2-u00697,task_first,hv2:ramp80:80,referral,note_saved,2026-08-16T07:11:56.560Z,,,n-hv2-u00697,
hv2-e002583,hv2-u00697,task_first,hv2:ramp80:80,referral,task_created,2026-08-16T07:13:56.560Z,,,n-hv2-u00697,t-hv2-u00697-1
hv2-e002584,hv2-u00697,task_first,hv2:ramp80:80,referral,task_created,2026-08-16T07:14:56.560Z,,,n-hv2-u00697,t-hv2-u00697-2
hv2-e002585,hv2-u00697,task_first,hv2:ramp80:80,referral,task_created,2026-08-16T07:15:56.560Z,,,n-hv2-u00697,t-hv2-u00697-3
hv2-e003713,hv2-u00978,task_first,hv2:ramp80:80,paid_social,assigned,2026-08-16T07:18:32.872Z,,,,
hv2-e003026,hv2-u00809,task_first,hv2:ramp80:80,organic_search,trial_started,2026-08-16T07:25:52.747Z,,,,
hv2-e000109,hv2-u00033,baseline,hv2:ramp20:20,paid_social,revisited,2026-08-16T07:59:36.469Z,,,n-hv2-u00033,
hv2-e000110,hv2-u00033,baseline,hv2:ramp20:20,paid_social,task_completed,2026-08-16T08:04:36.469Z,,,n-hv2-u00033,t-hv2-u00033-1
hv2-e001423,hv2-u00400,baseline,hv2:ramp20:20,paid_social,revisited,2026-08-16T08:24:02.803Z,,,n-hv2-u00400,
hv2-e003295,hv2-u00876,task_first,hv2:ramp80:80,referral,assigned,2026-08-16T08:37:53.577Z,,,,
hv2-e002352,hv2-u00638,task_first,hv2:ramp80:80,organic_search,assigned,2026-08-16T08:38:13.938Z,,,,
hv2-e003296,hv2-u00876,task_first,hv2:ramp80:80,referral,note_saved,2026-08-16T08:41:53.577Z,,,n-hv2-u00876,
hv2-e002353,hv2-u00638,task_first,hv2:ramp80:80,organic_search,note_saved,2026-08-16T08:42:13.938Z,,,n-hv2-u00638,
hv2-e003297,hv2-u00876,task_first,hv2:ramp80:80,referral,task_created,2026-08-16T08:43:53.577Z,,,n-hv2-u00876,t-hv2-u00876-1
hv2-e002354,hv2-u00638,task_first,hv2:ramp80:80,organic_search,task_created,2026-08-16T08:44:13.938Z,,,n-hv2-u00638,t-hv2-u00638-1
hv2-e003298,hv2-u00876,task_first,hv2:ramp80:80,referral,task_created,2026-08-16T08:44:53.577Z,,,n-hv2-u00876,t-hv2-u00876-2
hv2-e000506,hv2-u00140,baseline,hv2:ramp20:20,paid_social,revisited,2026-08-16T08:45:30.512Z,,,n-hv2-u00140,
hv2-e000507,hv2-u00140,baseline,hv2:ramp20:20,paid_social,task_completed,2026-08-16T08:50:30.512Z,,,n-hv2-u00140,t-hv2-u00140-1
hv2-e003318,hv2-u00882,task_first,hv2:ramp80:80,organic_search,assigned,2026-08-16T09:26:17.120Z,,,,
hv2-e003319,hv2-u00882,task_first,hv2:ramp80:80,organic_search,note_saved,2026-08-16T09:30:17.120Z,,,n-hv2-u00882,
hv2-e003320,hv2-u00882,task_first,hv2:ramp80:80,organic_search,task_created,2026-08-16T09:32:17.120Z,,,n-hv2-u00882,t-hv2-u00882-1
hv2-e003321,hv2-u00882,task_first,hv2:ramp80:80,organic_search,task_created,2026-08-16T09:33:17.120Z,,,n-hv2-u00882,t-hv2-u00882-2
hv2-e003322,hv2-u00882,task_first,hv2:ramp80:80,organic_search,task_created,2026-08-16T09:34:17.120Z,,,n-hv2-u00882,t-hv2-u00882-3
hv2-e002849,hv2-u00767,task_first,hv2:ramp80:80,organic_search,assigned,2026-08-16T09:54:12.234Z,,,,
hv2-e002850,hv2-u00767,task_first,hv2:ramp80:80,organic_search,note_saved,2026-08-16T09:58:12.234Z,,,n-hv2-u00767,
hv2-e002851,hv2-u00767,task_first,hv2:ramp80:80,organic_search,task_created,2026-08-16T10:00:12.234Z,,,n-hv2-u00767,t-hv2-u00767-1
hv2-e002852,hv2-u00767,task_first,hv2:ramp80:80,organic_search,task_created,2026-08-16T10:01:12.234Z,,,n-hv2-u00767,t-hv2-u00767-2
hv2-e002853,hv2-u00767,task_first,hv2:ramp80:80,organic_search,task_created,2026-08-16T10:02:12.234Z,,,n-hv2-u00767,t-hv2-u00767-3
hv2-e003211,hv2-u00854,task_first,hv2:ramp80:80,referral,assigned,2026-08-16T10:08:00.662Z,,,,
hv2-e003212,hv2-u00854,task_first,hv2:ramp80:80,referral,note_saved,2026-08-16T10:12:00.662Z,,,n-hv2-u00854,
hv2-e003213,hv2-u00854,task_first,hv2:ramp80:80,referral,task_created,2026-08-16T10:14:00.662Z,,,n-hv2-u00854,t-hv2-u00854-1
hv2-e003214,hv2-u00854,task_first,hv2:ramp80:80,referral,task_created,2026-08-16T10:15:00.662Z,,,n-hv2-u00854,t-hv2-u00854-2
hv2-e003215,hv2-u00854,task_first,hv2:ramp80:80,referral,task_created,2026-08-16T10:16:00.662Z,,,n-hv2-u00854,t-hv2-u00854-3
hv2-e003391,hv2-u00901,task_first,hv2:ramp80:80,referral,assigned,2026-08-16T10:26:04.581Z,,,,
hv2-e003392,hv2-u00901,task_first,hv2:ramp80:80,referral,note_saved,2026-08-16T10:30:04.581Z,,,n-hv2-u00901,
hv2-e003393,hv2-u00901,task_first,hv2:ramp80:80,referral,task_created,2026-08-16T10:32:04.581Z,,,n-hv2-u00901,t-hv2-u00901-1
hv2-e002316,hv2-u00629,task_first,hv2:ramp80:80,referral,revisited,2026-08-16T11:15:54.856Z,,,n-hv2-u00629,
hv2-e002317,hv2-u00629,task_first,hv2:ramp80:80,referral,task_completed,2026-08-16T11:20:54.856Z,,,n-hv2-u00629,t-hv2-u00629-1
hv2-e001982,hv2-u00541,task_first,hv2:ramp80:80,referral,revisited,2026-08-16T11:57:01.016Z,,,n-hv2-u00541,
hv2-e001983,hv2-u00541,task_first,hv2:ramp80:80,referral,task_completed,2026-08-16T12:02:01.016Z,,,n-hv2-u00541,t-hv2-u00541-1
hv2-e003051,hv2-u00815,task_first,hv2:ramp80:80,referral,assigned,2026-08-16T12:06:10.155Z,,,,
hv2-e003052,hv2-u00815,task_first,hv2:ramp80:80,referral,note_saved,2026-08-16T12:10:10.155Z,,,n-hv2-u00815,
hv2-e003515,hv2-u00930,task_first,hv2:ramp80:80,app_store,revisited,2026-08-16T12:10:57.452Z,,,n-hv2-u00930,
hv2-e003053,hv2-u00815,task_first,hv2:ramp80:80,referral,task_created,2026-08-16T12:12:10.155Z,,,n-hv2-u00815,t-hv2-u00815-1
hv2-e003054,hv2-u00815,task_first,hv2:ramp80:80,referral,task_created,2026-08-16T12:13:10.155Z,,,n-hv2-u00815,t-hv2-u00815-2
hv2-e003889,hv2-u01022,task_first,hv2:ramp80:80,organic_search,assigned,2026-08-16T12:15:03.720Z,,,,
hv2-e003516,hv2-u00930,task_first,hv2:ramp80:80,app_store,task_completed,2026-08-16T12:15:57.452Z,,,n-hv2-u00930,t-hv2-u00930-1
hv2-e003890,hv2-u01022,task_first,hv2:ramp80:80,organic_search,note_saved,2026-08-16T12:19:03.720Z,,,n-hv2-u01022,
hv2-e003891,hv2-u01022,task_first,hv2:ramp80:80,organic_search,task_created,2026-08-16T12:21:03.720Z,,,n-hv2-u01022,t-hv2-u01022-1
hv2-e003892,hv2-u01022,task_first,hv2:ramp80:80,organic_search,task_created,2026-08-16T12:22:03.720Z,,,n-hv2-u01022,t-hv2-u01022-2
hv2-e003893,hv2-u01022,task_first,hv2:ramp80:80,organic_search,task_created,2026-08-16T12:23:03.720Z,,,n-hv2-u01022,t-hv2-u01022-3
hv2-e003763,hv2-u00991,task_first,hv2:ramp80:80,app_store,assigned,2026-08-16T12:23:23.972Z,,,,
hv2-e003764,hv2-u00991,task_first,hv2:ramp80:80,app_store,note_saved,2026-08-16T12:27:23.972Z,,,n-hv2-u00991,
hv2-e003639,hv2-u00962,baseline,hv2:ramp80:80,referral,assigned,2026-08-16T12:27:37.476Z,,,,
hv2-e003765,hv2-u00991,task_first,hv2:ramp80:80,app_store,task_created,2026-08-16T12:29:23.972Z,,,n-hv2-u00991,t-hv2-u00991-1
hv2-e003766,hv2-u00991,task_first,hv2:ramp80:80,app_store,task_created,2026-08-16T12:30:23.972Z,,,n-hv2-u00991,t-hv2-u00991-2
hv2-e003767,hv2-u00991,task_first,hv2:ramp80:80,app_store,task_created,2026-08-16T12:31:23.972Z,,,n-hv2-u00991,t-hv2-u00991-3
hv2-e003640,hv2-u00962,baseline,hv2:ramp80:80,referral,note_saved,2026-08-16T12:31:37.476Z,,,n-hv2-u00962,
hv2-e003641,hv2-u00962,baseline,hv2:ramp80:80,referral,task_created,2026-08-16T12:33:37.476Z,,,n-hv2-u00962,t-hv2-u00962-1
hv2-e003642,hv2-u00962,baseline,hv2:ramp80:80,referral,task_created,2026-08-16T12:34:37.476Z,,,n-hv2-u00962,t-hv2-u00962-2
hv2-e003643,hv2-u00962,baseline,hv2:ramp80:80,referral,task_created,2026-08-16T12:35:37.476Z,,,n-hv2-u00962,t-hv2-u00962-3
hv2-e000164,hv2-u00048,baseline,hv2:ramp20:20,organic_search,paid,2026-08-16T13:01:19.432Z,10.00,XTS,,
hv2-e003331,hv2-u00885,baseline,hv2:ramp80:80,referral,assigned,2026-08-16T13:04:38.719Z,,,,
hv2-e003332,hv2-u00885,baseline,hv2:ramp80:80,referral,note_saved,2026-08-16T13:08:38.719Z,,,n-hv2-u00885,
hv2-e002289,hv2-u00622,task_first,hv2:ramp80:80,organic_search,assigned,2026-08-16T13:53:35.990Z,,,,
hv2-e002290,hv2-u00622,task_first,hv2:ramp80:80,organic_search,note_saved,2026-08-16T13:57:35.990Z,,,n-hv2-u00622,
hv2-e003631,hv2-u00959,task_first,hv2:ramp80:80,referral,assigned,2026-08-16T14:00:42.940Z,,,,
hv2-e003632,hv2-u00959,task_first,hv2:ramp80:80,referral,note_saved,2026-08-16T14:04:42.940Z,,,n-hv2-u00959,
hv2-e001261,hv2-u00353,baseline,hv2:ramp20:20,paid_social,revisited,2026-08-16T14:09:41.099Z,,,n-hv2-u00353,
hv2-e001262,hv2-u00353,baseline,hv2:ramp20:20,paid_social,task_completed,2026-08-16T14:14:41.099Z,,,n-hv2-u00353,t-hv2-u00353-1
hv2-e002293,hv2-u00624,baseline,hv2:ramp80:80,organic_search,assigned,2026-08-16T14:50:31.723Z,,,,
hv2-e002294,hv2-u00624,baseline,hv2:ramp80:80,organic_search,note_saved,2026-08-16T14:54:31.723Z,,,n-hv2-u00624,
hv2-e003880,hv2-u01019,task_first,hv2:ramp80:80,paid_social,assigned,2026-08-16T14:57:13.366Z,,,,
hv2-e003881,hv2-u01019,task_first,hv2:ramp80:80,paid_social,note_saved,2026-08-16T15:01:13.366Z,,,n-hv2-u01019,
hv2-e003882,hv2-u01019,task_first,hv2:ramp80:80,paid_social,task_created,2026-08-16T15:03:13.366Z,,,n-hv2-u01019,t-hv2-u01019-1
hv2-e002265,hv2-u00612,baseline,hv2:ramp80:80,organic_search,assigned,2026-08-16T15:21:06.221Z,,,,
hv2-e003604,hv2-u00952,task_first,hv2:ramp80:80,organic_search,assigned,2026-08-16T15:49:02.791Z,,,,
hv2-e003605,hv2-u00952,task_first,hv2:ramp80:80,organic_search,note_saved,2026-08-16T15:53:02.791Z,,,n-hv2-u00952,
hv2-e003606,hv2-u00952,task_first,hv2:ramp80:80,organic_search,task_created,2026-08-16T15:55:02.791Z,,,n-hv2-u00952,t-hv2-u00952-1
hv2-e000874,hv2-u00246,baseline,hv2:ramp20:20,paid_social,revisited,2026-08-16T16:12:49.217Z,,,n-hv2-u00246,
hv2-e000875,hv2-u00246,baseline,hv2:ramp20:20,paid_social,task_completed,2026-08-16T16:17:49.217Z,,,n-hv2-u00246,t-hv2-u00246-1
hv2-e003263,hv2-u00867,task_first,hv2:ramp80:80,organic_search,assigned,2026-08-16T16:48:07.953Z,,,,
hv2-e003264,hv2-u00867,task_first,hv2:ramp80:80,organic_search,note_saved,2026-08-16T16:52:07.953Z,,,n-hv2-u00867,
hv2-e003265,hv2-u00867,task_first,hv2:ramp80:80,organic_search,task_created,2026-08-16T16:54:07.953Z,,,n-hv2-u00867,t-hv2-u00867-1
hv2-e003266,hv2-u00867,task_first,hv2:ramp80:80,organic_search,task_created,2026-08-16T16:55:07.953Z,,,n-hv2-u00867,t-hv2-u00867-2
hv2-e003433,hv2-u00912,task_first,hv2:ramp80:80,organic_search,assigned,2026-08-16T17:17:57.097Z,,,,
hv2-e003434,hv2-u00912,task_first,hv2:ramp80:80,organic_search,note_saved,2026-08-16T17:21:57.097Z,,,n-hv2-u00912,
hv2-e003435,hv2-u00912,task_first,hv2:ramp80:80,organic_search,task_created,2026-08-16T17:23:57.097Z,,,n-hv2-u00912,t-hv2-u00912-1
hv2-e003436,hv2-u00912,task_first,hv2:ramp80:80,organic_search,task_created,2026-08-16T17:24:57.097Z,,,n-hv2-u00912,t-hv2-u00912-2
hv2-e003437,hv2-u00912,task_first,hv2:ramp80:80,organic_search,task_created,2026-08-16T17:25:57.097Z,,,n-hv2-u00912,t-hv2-u00912-3
hv2-e002790,hv2-u00750,task_first,hv2:ramp80:80,referral,assigned,2026-08-16T17:28:17.729Z,,,,
hv2-e002791,hv2-u00750,task_first,hv2:ramp80:80,referral,note_saved,2026-08-16T17:32:17.729Z,,,n-hv2-u00750,
hv2-e002792,hv2-u00750,task_first,hv2:ramp80:80,referral,task_created,2026-08-16T17:34:17.729Z,,,n-hv2-u00750,t-hv2-u00750-1
hv2-e002793,hv2-u00750,task_first,hv2:ramp80:80,referral,task_created,2026-08-16T17:35:17.729Z,,,n-hv2-u00750,t-hv2-u00750-2
hv2-e002794,hv2-u00750,task_first,hv2:ramp80:80,referral,task_created,2026-08-16T17:36:17.729Z,,,n-hv2-u00750,t-hv2-u00750-3
hv2-e003772,hv2-u00992,task_first,hv2:ramp80:80,app_store,trial_started,2026-08-16T17:53:39.969Z,,,,
hv2-e002005,hv2-u00546,task_first,hv2:ramp80:80,organic_search,assigned,2026-08-16T18:09:54.292Z,,,,
hv2-e002006,hv2-u00546,task_first,hv2:ramp80:80,organic_search,note_saved,2026-08-16T18:13:54.292Z,,,n-hv2-u00546,
hv2-e002007,hv2-u00546,task_first,hv2:ramp80:80,organic_search,task_created,2026-08-16T18:15:54.292Z,,,n-hv2-u00546,t-hv2-u00546-1
hv2-e003552,hv2-u00940,task_first,hv2:ramp80:80,organic_search,assigned,2026-08-16T18:45:59.711Z,,,,
hv2-e002012,hv2-u00548,task_first,hv2:ramp80:80,organic_search,assigned,2026-08-16T18:49:09.050Z,,,,
hv2-e003553,hv2-u00940,task_first,hv2:ramp80:80,organic_search,note_saved,2026-08-16T18:49:59.711Z,,,n-hv2-u00940,
hv2-e003554,hv2-u00940,task_first,hv2:ramp80:80,organic_search,task_created,2026-08-16T18:51:59.711Z,,,n-hv2-u00940,t-hv2-u00940-1
hv2-e003555,hv2-u00940,task_first,hv2:ramp80:80,organic_search,task_created,2026-08-16T18:52:59.711Z,,,n-hv2-u00940,t-hv2-u00940-2
hv2-e002013,hv2-u00548,task_first,hv2:ramp80:80,organic_search,note_saved,2026-08-16T18:53:09.050Z,,,n-hv2-u00548,
hv2-e003556,hv2-u00940,task_first,hv2:ramp80:80,organic_search,task_created,2026-08-16T18:53:59.711Z,,,n-hv2-u00940,t-hv2-u00940-3
hv2-e002014,hv2-u00548,task_first,hv2:ramp80:80,organic_search,task_created,2026-08-16T18:55:09.050Z,,,n-hv2-u00548,t-hv2-u00548-1
hv2-e002015,hv2-u00548,task_first,hv2:ramp80:80,organic_search,task_created,2026-08-16T18:56:09.050Z,,,n-hv2-u00548,t-hv2-u00548-2
hv2-e001998,hv2-u00545,task_first,hv2:ramp80:80,app_store,assigned,2026-08-16T19:00:40.331Z,,,,
hv2-e001999,hv2-u00545,task_first,hv2:ramp80:80,app_store,note_saved,2026-08-16T19:04:40.331Z,,,n-hv2-u00545,
hv2-e003849,hv2-u01010,task_first,hv2:ramp80:80,organic_search,revisited,2026-08-16T19:05:23.362Z,,,n-hv2-u01010,
hv2-e002000,hv2-u00545,task_first,hv2:ramp80:80,app_store,task_created,2026-08-16T19:06:40.331Z,,,n-hv2-u00545,t-hv2-u00545-1
hv2-e002001,hv2-u00545,task_first,hv2:ramp80:80,app_store,task_created,2026-08-16T19:07:40.331Z,,,n-hv2-u00545,t-hv2-u00545-2
hv2-e002002,hv2-u00545,task_first,hv2:ramp80:80,app_store,task_created,2026-08-16T19:08:40.331Z,,,n-hv2-u00545,t-hv2-u00545-3
hv2-e000632,hv2-u00170,baseline,hv2:ramp20:20,organic_search,revisited,2026-08-16T19:35:57.736Z,,,n-hv2-u00170,
hv2-e000633,hv2-u00170,baseline,hv2:ramp20:20,organic_search,task_completed,2026-08-16T19:40:57.736Z,,,n-hv2-u00170,t-hv2-u00170-1
hv2-e003421,hv2-u00909,task_first,hv2:ramp80:80,referral,assigned,2026-08-16T20:10:49.269Z,,,,
hv2-e003422,hv2-u00909,task_first,hv2:ramp80:80,referral,note_saved,2026-08-16T20:14:49.269Z,,,n-hv2-u00909,
hv2-e003423,hv2-u00909,task_first,hv2:ramp80:80,referral,task_created,2026-08-16T20:16:49.269Z,,,n-hv2-u00909,t-hv2-u00909-1
hv2-e003424,hv2-u00909,task_first,hv2:ramp80:80,referral,task_created,2026-08-16T20:17:49.269Z,,,n-hv2-u00909,t-hv2-u00909-2
hv2-e003425,hv2-u00909,task_first,hv2:ramp80:80,referral,task_created,2026-08-16T20:18:49.269Z,,,n-hv2-u00909,t-hv2-u00909-3
hv2-e002665,hv2-u00716,task_first,hv2:ramp80:80,organic_search,revisited,2026-08-16T20:43:15.116Z,,,n-hv2-u00716,
hv2-e002666,hv2-u00716,task_first,hv2:ramp80:80,organic_search,task_completed,2026-08-16T20:48:15.116Z,,,n-hv2-u00716,t-hv2-u00716-1
hv2-e002268,hv2-u00614,task_first,hv2:ramp80:80,organic_search,assigned,2026-08-16T21:03:01.468Z,,,,
hv2-e002269,hv2-u00614,task_first,hv2:ramp80:80,organic_search,note_saved,2026-08-16T21:07:01.468Z,,,n-hv2-u00614,
hv2-e002270,hv2-u00614,task_first,hv2:ramp80:80,organic_search,task_created,2026-08-16T21:09:01.468Z,,,n-hv2-u00614,t-hv2-u00614-1
hv2-e003278,hv2-u00871,task_first,hv2:ramp80:80,organic_search,assigned,2026-08-16T21:25:36.408Z,,,,
hv2-e003279,hv2-u00871,task_first,hv2:ramp80:80,organic_search,note_saved,2026-08-16T21:29:36.408Z,,,n-hv2-u00871,
hv2-e003280,hv2-u00871,task_first,hv2:ramp80:80,organic_search,task_created,2026-08-16T21:31:36.408Z,,,n-hv2-u00871,t-hv2-u00871-1
hv2-e003281,hv2-u00871,task_first,hv2:ramp80:80,organic_search,task_created,2026-08-16T21:32:36.408Z,,,n-hv2-u00871,t-hv2-u00871-2
hv2-e002915,hv2-u00782,baseline,hv2:ramp80:80,organic_search,assigned,2026-08-16T21:36:16.349Z,,,,
hv2-e002916,hv2-u00782,baseline,hv2:ramp80:80,organic_search,note_saved,2026-08-16T21:40:16.349Z,,,n-hv2-u00782,
hv2-e002929,hv2-u00786,task_first,hv2:ramp80:80,organic_search,assigned,2026-08-16T21:54:13.915Z,,,,
hv2-e002930,hv2-u00786,task_first,hv2:ramp80:80,organic_search,note_saved,2026-08-16T21:58:13.915Z,,,n-hv2-u00786,
hv2-e002394,hv2-u00649,task_first,hv2:ramp80:80,referral,assigned,2026-08-16T22:07:15.859Z,,,,
hv2-e002395,hv2-u00649,task_first,hv2:ramp80:80,referral,note_saved,2026-08-16T22:11:15.859Z,,,n-hv2-u00649,
hv2-e003282,hv2-u00871,task_first,hv2:ramp80:80,organic_search,trial_started,2026-08-16T22:25:36.408Z,,,,
hv2-e002414,hv2-u00655,task_first,hv2:ramp80:80,app_store,assigned,2026-08-16T23:09:48.779Z,,,,
hv2-e002415,hv2-u00655,task_first,hv2:ramp80:80,app_store,note_saved,2026-08-16T23:13:48.779Z,,,n-hv2-u00655,
hv2-e002378,hv2-u00643,task_first,hv2:ramp80:80,organic_search,trial_started,2026-08-16T23:33:12.175Z,,,,
hv2-e003839,hv2-u01008,task_first,hv2:ramp80:80,organic_search,revisited,2026-08-16T23:48:45.856Z,,,n-hv2-u01008,
hv2-e003840,hv2-u01008,task_first,hv2:ramp80:80,organic_search,task_completed,2026-08-16T23:53:45.856Z,,,n-hv2-u01008,t-hv2-u01008-1
hv2-e002542,hv2-u00687,task_first,hv2:ramp80:80,app_store,assigned,2026-08-16T23:58:59.588Z,,,,
hv2-e003718,hv2-u00980,task_first,hv2:ramp80:80,paid_social,assigned,2026-08-17T00:21:46.934Z,,,,
hv2-e003719,hv2-u00980,task_first,hv2:ramp80:80,paid_social,note_saved,2026-08-17T00:25:46.934Z,,,n-hv2-u00980,
hv2-e003720,hv2-u00980,task_first,hv2:ramp80:80,paid_social,task_created,2026-08-17T00:27:46.934Z,,,n-hv2-u00980,t-hv2-u00980-1
hv2-e002128,hv2-u00580,task_first,hv2:ramp80:80,referral,assigned,2026-08-17T00:29:57.384Z,,,,
hv2-e002861,hv2-u00769,task_first,hv2:ramp80:80,paid_social,assigned,2026-08-17T00:32:20.044Z,,,,
hv2-e002129,hv2-u00580,task_first,hv2:ramp80:80,referral,note_saved,2026-08-17T00:33:57.384Z,,,n-hv2-u00580,
hv2-e002130,hv2-u00580,task_first,hv2:ramp80:80,referral,task_created,2026-08-17T00:35:57.384Z,,,n-hv2-u00580,t-hv2-u00580-1
hv2-e002862,hv2-u00769,task_first,hv2:ramp80:80,paid_social,note_saved,2026-08-17T00:36:20.044Z,,,n-hv2-u00769,
hv2-e003749,hv2-u00988,baseline,hv2:ramp80:80,organic_search,assigned,2026-08-17T00:43:41.696Z,,,,
hv2-e003750,hv2-u00988,baseline,hv2:ramp80:80,organic_search,note_saved,2026-08-17T00:47:41.696Z,,,n-hv2-u00988,
hv2-e003751,hv2-u00988,baseline,hv2:ramp80:80,organic_search,task_created,2026-08-17T00:49:41.696Z,,,n-hv2-u00988,t-hv2-u00988-1
hv2-e003752,hv2-u00988,baseline,hv2:ramp80:80,organic_search,task_created,2026-08-17T00:50:41.696Z,,,n-hv2-u00988,t-hv2-u00988-2
hv2-e003310,hv2-u00880,baseline,hv2:ramp80:80,referral,assigned,2026-08-17T02:10:40.684Z,,,,
hv2-e003311,hv2-u00880,baseline,hv2:ramp80:80,referral,note_saved,2026-08-17T02:14:40.684Z,,,n-hv2-u00880,
hv2-e002101,hv2-u00573,baseline,hv2:ramp80:80,organic_search,assigned,2026-08-17T02:15:03.811Z,,,,
hv2-e002102,hv2-u00573,baseline,hv2:ramp80:80,organic_search,note_saved,2026-08-17T02:19:03.811Z,,,n-hv2-u00573,
hv2-e002180,hv2-u00591,baseline,hv2:ramp80:80,organic_search,assigned,2026-08-17T02:44:19.563Z,,,,
hv2-e002651,hv2-u00713,task_first,hv2:ramp80:80,organic_search,assigned,2026-08-17T02:45:51.183Z,,,,
hv2-e002685,hv2-u00723,baseline,hv2:ramp80:80,app_store,assigned,2026-08-17T02:46:19.186Z,,,,
hv2-e002181,hv2-u00591,baseline,hv2:ramp80:80,organic_search,note_saved,2026-08-17T02:48:19.563Z,,,n-hv2-u00591,
hv2-e002652,hv2-u00713,task_first,hv2:ramp80:80,organic_search,note_saved,2026-08-17T02:49:51.183Z,,,n-hv2-u00713,
hv2-e002686,hv2-u00723,baseline,hv2:ramp80:80,app_store,note_saved,2026-08-17T02:50:19.186Z,,,n-hv2-u00723,
hv2-e002182,hv2-u00591,baseline,hv2:ramp80:80,organic_search,task_created,2026-08-17T02:50:19.563Z,,,n-hv2-u00591,t-hv2-u00591-1
hv2-e002687,hv2-u00723,baseline,hv2:ramp80:80,app_store,task_created,2026-08-17T02:52:19.186Z,,,n-hv2-u00723,t-hv2-u00723-1
hv2-e002008,hv2-u00547,baseline,hv2:ramp80:80,paid_social,assigned,2026-08-17T03:04:52.416Z,,,,
hv2-e002009,hv2-u00547,baseline,hv2:ramp80:80,paid_social,note_saved,2026-08-17T03:08:52.416Z,,,n-hv2-u00547,
hv2-e001321,hv2-u00368,baseline,hv2:ramp20:20,referral,paid,2026-08-17T03:10:40.988Z,10.00,XTS,,
hv2-e002010,hv2-u00547,baseline,hv2:ramp80:80,paid_social,task_created,2026-08-17T03:10:52.416Z,,,n-hv2-u00547,t-hv2-u00547-1
hv2-e001040,hv2-u00290,baseline,hv2:ramp20:20,paid_social,revisited,2026-08-17T03:56:51.272Z,,,n-hv2-u00290,
hv2-e002077,hv2-u00566,baseline,hv2:ramp80:80,paid_social,assigned,2026-08-17T04:22:13.298Z,,,,
hv2-e003869,hv2-u01015,task_first,hv2:ramp80:80,organic_search,assigned,2026-08-17T04:23:42.737Z,,,,
hv2-e002078,hv2-u00566,baseline,hv2:ramp80:80,paid_social,note_saved,2026-08-17T04:26:13.298Z,,,n-hv2-u00566,
hv2-e003683,hv2-u00972,baseline,hv2:ramp80:80,organic_search,revisited,2026-08-17T04:55:27.347Z,,,n-hv2-u00972,
hv2-e003684,hv2-u00972,baseline,hv2:ramp80:80,organic_search,task_completed,2026-08-17T05:00:27.347Z,,,n-hv2-u00972,t-hv2-u00972-1
hv2-e002132,hv2-u00581,task_first,hv2:ramp80:80,organic_search,assigned,2026-08-17T05:20:03.925Z,,,,
hv2-e002133,hv2-u00581,task_first,hv2:ramp80:80,organic_search,note_saved,2026-08-17T05:24:03.925Z,,,n-hv2-u00581,
hv2-e002134,hv2-u00581,task_first,hv2:ramp80:80,organic_search,task_created,2026-08-17T05:26:03.925Z,,,n-hv2-u00581,t-hv2-u00581-1
hv2-e002135,hv2-u00581,task_first,hv2:ramp80:80,organic_search,task_created,2026-08-17T05:27:03.925Z,,,n-hv2-u00581,t-hv2-u00581-2
hv2-e002146,hv2-u00583,task_first,hv2:ramp80:80,organic_search,revisited,2026-08-17T05:31:54.759Z,,,n-hv2-u00583,
hv2-e002147,hv2-u00583,task_first,hv2:ramp80:80,organic_search,task_completed,2026-08-17T05:36:54.759Z,,,n-hv2-u00583,t-hv2-u00583-1
hv2-e003149,hv2-u00840,task_first,hv2:ramp80:80,referral,assigned,2026-08-17T06:27:32.532Z,,,,
hv2-e003150,hv2-u00840,task_first,hv2:ramp80:80,referral,note_saved,2026-08-17T06:31:32.532Z,,,n-hv2-u00840,
hv2-e001474,hv2-u00413,baseline,hv2:ramp20:20,organic_search,revisited,2026-08-17T06:41:35.437Z,,,n-hv2-u00413,
hv2-e001475,hv2-u00413,baseline,hv2:ramp20:20,organic_search,task_completed,2026-08-17T06:46:35.437Z,,,n-hv2-u00413,t-hv2-u00413-1
hv2-e002341,hv2-u00635,task_first,hv2:ramp80:80,referral,assigned,2026-08-17T07:19:40.249Z,,,,
hv2-e002342,hv2-u00635,task_first,hv2:ramp80:80,referral,note_saved,2026-08-17T07:23:40.249Z,,,n-hv2-u00635,
hv2-e002343,hv2-u00635,task_first,hv2:ramp80:80,referral,task_created,2026-08-17T07:25:40.249Z,,,n-hv2-u00635,t-hv2-u00635-1
hv2-e003151,hv2-u00840,task_first,hv2:ramp80:80,referral,trial_started,2026-08-17T07:27:32.532Z,,,,
hv2-e003827,hv2-u01005,task_first,hv2:ramp80:80,organic_search,revisited,2026-08-17T07:45:10.456Z,,,n-hv2-u01005,
hv2-e002931,hv2-u00787,task_first,hv2:ramp80:80,organic_search,assigned,2026-08-17T08:09:54.719Z,,,,
hv2-e003828,hv2-u01005,task_first,hv2:ramp80:80,organic_search,trial_started,2026-08-17T08:45:10.456Z,,,,
hv2-e002770,hv2-u00743,task_first,hv2:ramp80:80,referral,assigned,2026-08-17T08:49:42.925Z,,,,
hv2-e002771,hv2-u00743,task_first,hv2:ramp80:80,referral,note_saved,2026-08-17T08:53:42.925Z,,,n-hv2-u00743,
hv2-e002772,hv2-u00743,task_first,hv2:ramp80:80,referral,task_created,2026-08-17T08:55:42.925Z,,,n-hv2-u00743,t-hv2-u00743-1
hv2-e002773,hv2-u00743,task_first,hv2:ramp80:80,referral,task_created,2026-08-17T08:56:42.925Z,,,n-hv2-u00743,t-hv2-u00743-2
hv2-e003626,hv2-u00958,task_first,hv2:ramp80:80,organic_search,assigned,2026-08-17T09:07:24.385Z,,,,
hv2-e003627,hv2-u00958,task_first,hv2:ramp80:80,organic_search,note_saved,2026-08-17T09:11:24.385Z,,,n-hv2-u00958,
hv2-e003628,hv2-u00958,task_first,hv2:ramp80:80,organic_search,task_created,2026-08-17T09:13:24.385Z,,,n-hv2-u00958,t-hv2-u00958-1
hv2-e002957,hv2-u00793,task_first,hv2:ramp80:80,organic_search,assigned,2026-08-17T09:22:47.328Z,,,,
hv2-e001068,hv2-u00298,baseline,hv2:ramp20:20,paid_social,revisited,2026-08-17T09:32:18.725Z,,,n-hv2-u00298,
hv2-e002854,hv2-u00767,task_first,hv2:ramp80:80,organic_search,revisited,2026-08-17T10:24:12.234Z,,,n-hv2-u00767,
hv2-e002855,hv2-u00767,task_first,hv2:ramp80:80,organic_search,task_completed,2026-08-17T10:29:12.234Z,,,n-hv2-u00767,t-hv2-u00767-1
hv2-e003568,hv2-u00943,task_first,hv2:ramp80:80,app_store,assigned,2026-08-17T10:29:51.624Z,,,,
hv2-e003090,hv2-u00823,task_first,hv2:ramp80:80,referral,revisited,2026-08-17T10:46:11.528Z,,,n-hv2-u00823,
hv2-e002879,hv2-u00773,task_first,hv2:ramp80:80,organic_search,assigned,2026-08-17T10:51:41.436Z,,,,
hv2-e002880,hv2-u00773,task_first,hv2:ramp80:80,organic_search,note_saved,2026-08-17T10:55:41.436Z,,,n-hv2-u00773,
hv2-e002881,hv2-u00773,task_first,hv2:ramp80:80,organic_search,task_created,2026-08-17T10:57:41.436Z,,,n-hv2-u00773,t-hv2-u00773-1
hv2-e002882,hv2-u00773,task_first,hv2:ramp80:80,organic_search,task_created,2026-08-17T10:58:41.436Z,,,n-hv2-u00773,t-hv2-u00773-2
hv2-e002883,hv2-u00773,task_first,hv2:ramp80:80,organic_search,task_created,2026-08-17T10:59:41.436Z,,,n-hv2-u00773,t-hv2-u00773-3
hv2-e002619,hv2-u00706,baseline,hv2:ramp80:80,paid_social,assigned,2026-08-17T11:03:25.169Z,,,,
hv2-e002620,hv2-u00706,baseline,hv2:ramp80:80,paid_social,note_saved,2026-08-17T11:07:25.169Z,,,n-hv2-u00706,
hv2-e002621,hv2-u00706,baseline,hv2:ramp80:80,paid_social,task_created,2026-08-17T11:09:25.169Z,,,n-hv2-u00706,t-hv2-u00706-1
hv2-e002622,hv2-u00706,baseline,hv2:ramp80:80,paid_social,task_created,2026-08-17T11:10:25.169Z,,,n-hv2-u00706,t-hv2-u00706-2
hv2-e002045,hv2-u00556,task_first,hv2:ramp80:80,organic_search,assigned,2026-08-17T11:23:58.758Z,,,,
hv2-e002046,hv2-u00556,task_first,hv2:ramp80:80,organic_search,note_saved,2026-08-17T11:27:58.758Z,,,n-hv2-u00556,
hv2-e003883,hv2-u01020,task_first,hv2:ramp80:80,referral,assigned,2026-08-17T11:52:39.483Z,,,,
hv2-e003884,hv2-u01020,task_first,hv2:ramp80:80,referral,note_saved,2026-08-17T11:56:39.483Z,,,n-hv2-u01020,
hv2-e003885,hv2-u01020,task_first,hv2:ramp80:80,referral,task_created,2026-08-17T11:58:39.483Z,,,n-hv2-u01020,t-hv2-u01020-1
hv2-e003886,hv2-u01020,task_first,hv2:ramp80:80,referral,task_created,2026-08-17T11:59:39.483Z,,,n-hv2-u01020,t-hv2-u01020-2
hv2-e003887,hv2-u01020,task_first,hv2:ramp80:80,referral,task_created,2026-08-17T12:00:39.483Z,,,n-hv2-u01020,t-hv2-u01020-3
hv2-e001993,hv2-u00544,task_first,hv2:ramp80:80,organic_search,assigned,2026-08-17T12:05:46.294Z,,,,
hv2-e001994,hv2-u00544,task_first,hv2:ramp80:80,organic_search,note_saved,2026-08-17T12:09:46.294Z,,,n-hv2-u00544,
hv2-e002574,hv2-u00694,task_first,hv2:ramp80:80,referral,revisited,2026-08-17T12:15:45.639Z,,,n-hv2-u00694,
hv2-e002575,hv2-u00694,task_first,hv2:ramp80:80,referral,task_completed,2026-08-17T12:20:45.639Z,,,n-hv2-u00694,t-hv2-u00694-1
hv2-e003781,hv2-u00994,task_first,hv2:ramp80:80,referral,assigned,2026-08-17T12:44:40.365Z,,,,
hv2-e003782,hv2-u00994,task_first,hv2:ramp80:80,referral,note_saved,2026-08-17T12:48:40.365Z,,,n-hv2-u00994,
hv2-e003783,hv2-u00994,task_first,hv2:ramp80:80,referral,task_created,2026-08-17T12:50:40.365Z,,,n-hv2-u00994,t-hv2-u00994-1
hv2-e003784,hv2-u00994,task_first,hv2:ramp80:80,referral,task_created,2026-08-17T12:51:40.365Z,,,n-hv2-u00994,t-hv2-u00994-2
hv2-e003785,hv2-u00994,task_first,hv2:ramp80:80,referral,task_created,2026-08-17T12:52:40.365Z,,,n-hv2-u00994,t-hv2-u00994-3
hv2-e001996,hv2-u00544,task_first,hv2:ramp80:80,organic_search,trial_started,2026-08-17T13:05:46.294Z,,,,
hv2-e002654,hv2-u00714,task_first,hv2:ramp80:80,organic_search,assigned,2026-08-17T13:11:46.546Z,,,,
hv2-e002655,hv2-u00714,task_first,hv2:ramp80:80,organic_search,note_saved,2026-08-17T13:15:46.546Z,,,n-hv2-u00714,
hv2-e002656,hv2-u00714,task_first,hv2:ramp80:80,organic_search,task_created,2026-08-17T13:17:46.546Z,,,n-hv2-u00714,t-hv2-u00714-1
hv2-e002657,hv2-u00714,task_first,hv2:ramp80:80,organic_search,task_created,2026-08-17T13:18:46.546Z,,,n-hv2-u00714,t-hv2-u00714-2
hv2-e002658,hv2-u00714,task_first,hv2:ramp80:80,organic_search,task_created,2026-08-17T13:19:46.546Z,,,n-hv2-u00714,t-hv2-u00714-3
hv2-e002036,hv2-u00554,task_first,hv2:ramp80:80,referral,assigned,2026-08-17T13:49:58.425Z,,,,
hv2-e002037,hv2-u00554,task_first,hv2:ramp80:80,referral,note_saved,2026-08-17T13:53:58.425Z,,,n-hv2-u00554,
hv2-e002038,hv2-u00554,task_first,hv2:ramp80:80,referral,task_created,2026-08-17T13:55:58.425Z,,,n-hv2-u00554,t-hv2-u00554-1
hv2-e002634,hv2-u00708,baseline,hv2:ramp80:80,organic_search,revisited,2026-08-17T14:10:10.603Z,,,n-hv2-u00708,
hv2-e002731,hv2-u00734,task_first,hv2:ramp80:80,referral,assigned,2026-08-17T14:38:52.024Z,,,,
hv2-e002732,hv2-u00734,task_first,hv2:ramp80:80,referral,note_saved,2026-08-17T14:42:52.024Z,,,n-hv2-u00734,
hv2-e002733,hv2-u00734,task_first,hv2:ramp80:80,referral,task_created,2026-08-17T14:44:52.024Z,,,n-hv2-u00734,t-hv2-u00734-1
hv2-e002734,hv2-u00734,task_first,hv2:ramp80:80,referral,task_created,2026-08-17T14:45:52.024Z,,,n-hv2-u00734,t-hv2-u00734-2
hv2-e002699,hv2-u00726,baseline,hv2:ramp80:80,paid_social,revisited,2026-08-17T15:08:19.462Z,,,n-hv2-u00726,
hv2-e003457,hv2-u00917,task_first,hv2:ramp80:80,organic_search,assigned,2026-08-17T15:11:04.376Z,,,,
hv2-e003458,hv2-u00917,task_first,hv2:ramp80:80,organic_search,note_saved,2026-08-17T15:15:04.376Z,,,n-hv2-u00917,
hv2-e003459,hv2-u00917,task_first,hv2:ramp80:80,organic_search,task_created,2026-08-17T15:17:04.376Z,,,n-hv2-u00917,t-hv2-u00917-1
hv2-e003226,hv2-u00857,task_first,hv2:ramp80:80,organic_search,assigned,2026-08-17T15:53:11.631Z,,,,
hv2-e003227,hv2-u00857,task_first,hv2:ramp80:80,organic_search,note_saved,2026-08-17T15:57:11.631Z,,,n-hv2-u00857,
hv2-e002797,hv2-u00751,task_first,hv2:ramp80:80,organic_search,assigned,2026-08-17T15:57:29.180Z,,,,
hv2-e003228,hv2-u00857,task_first,hv2:ramp80:80,organic_search,task_created,2026-08-17T15:59:11.631Z,,,n-hv2-u00857,t-hv2-u00857-1
hv2-e003229,hv2-u00857,task_first,hv2:ramp80:80,organic_search,task_created,2026-08-17T16:00:11.631Z,,,n-hv2-u00857,t-hv2-u00857-2
hv2-e003230,hv2-u00857,task_first,hv2:ramp80:80,organic_search,task_created,2026-08-17T16:01:11.631Z,,,n-hv2-u00857,t-hv2-u00857-3
hv2-e001956,hv2-u00535,task_first,hv2:ramp80:80,referral,assigned,2026-08-17T16:09:36.294Z,,,,
hv2-e001907,hv2-u00524,task_first,hv2:ramp80:80,referral,assigned,2026-08-17T16:14:05.123Z,,,,
hv2-e001908,hv2-u00524,task_first,hv2:ramp80:80,referral,note_saved,2026-08-17T16:18:05.123Z,,,n-hv2-u00524,
hv2-e001909,hv2-u00524,task_first,hv2:ramp80:80,referral,task_created,2026-08-17T16:20:05.123Z,,,n-hv2-u00524,t-hv2-u00524-1
hv2-e001910,hv2-u00524,task_first,hv2:ramp80:80,referral,task_created,2026-08-17T16:21:05.123Z,,,n-hv2-u00524,t-hv2-u00524-2
hv2-e001911,hv2-u00524,task_first,hv2:ramp80:80,referral,task_created,2026-08-17T16:22:05.123Z,,,n-hv2-u00524,t-hv2-u00524-3
hv2-e003091,hv2-u00824,task_first,hv2:ramp80:80,referral,assigned,2026-08-17T16:33:07.580Z,,,,
hv2-e003092,hv2-u00824,task_first,hv2:ramp80:80,referral,note_saved,2026-08-17T16:37:07.580Z,,,n-hv2-u00824,
hv2-e003609,hv2-u00952,task_first,hv2:ramp80:80,organic_search,trial_started,2026-08-17T16:49:02.791Z,,,,
hv2-e001577,hv2-u00441,baseline,hv2:ramp20:20,paid_social,paid,2026-08-17T17:54:44.957Z,10.00,XTS,,
hv2-e002795,hv2-u00750,task_first,hv2:ramp80:80,referral,revisited,2026-08-17T17:58:17.729Z,,,n-hv2-u00750,
hv2-e003309,hv2-u00879,task_first,hv2:ramp80:80,app_store,assigned,2026-08-17T17:59:40.496Z,,,,
hv2-e002796,hv2-u00750,task_first,hv2:ramp80:80,referral,task_completed,2026-08-17T18:03:17.729Z,,,n-hv2-u00750,t-hv2-u00750-1
hv2-e003954,hv2-u01037,baseline,hv2:ramp80:80,app_store,assigned,2026-08-17T18:08:55.324Z,,,,
hv2-e003955,hv2-u01037,baseline,hv2:ramp80:80,app_store,note_saved,2026-08-17T18:12:55.324Z,,,n-hv2-u01037,
hv2-e003956,hv2-u01037,baseline,hv2:ramp80:80,app_store,task_created,2026-08-17T18:14:55.324Z,,,n-hv2-u01037,t-hv2-u01037-1
hv2-e003312,hv2-u00881,task_first,hv2:ramp80:80,paid_social,assigned,2026-08-17T18:17:40.682Z,,,,
hv2-e003313,hv2-u00881,task_first,hv2:ramp80:80,paid_social,note_saved,2026-08-17T18:21:40.682Z,,,n-hv2-u00881,
hv2-e003314,hv2-u00881,task_first,hv2:ramp80:80,paid_social,task_created,2026-08-17T18:23:40.682Z,,,n-hv2-u00881,t-hv2-u00881-1
hv2-e003315,hv2-u00881,task_first,hv2:ramp80:80,paid_social,task_created,2026-08-17T18:24:40.682Z,,,n-hv2-u00881,t-hv2-u00881-2
hv2-e003316,hv2-u00881,task_first,hv2:ramp80:80,paid_social,task_created,2026-08-17T18:25:40.682Z,,,n-hv2-u00881,t-hv2-u00881-3
hv2-e001923,hv2-u00528,task_first,hv2:ramp80:80,organic_search,assigned,2026-08-17T18:27:35.800Z,,,,
hv2-e001924,hv2-u00528,task_first,hv2:ramp80:80,organic_search,note_saved,2026-08-17T18:31:35.800Z,,,n-hv2-u00528,
hv2-e001925,hv2-u00528,task_first,hv2:ramp80:80,organic_search,task_created,2026-08-17T18:33:35.800Z,,,n-hv2-u00528,t-hv2-u00528-1
hv2-e001926,hv2-u00528,task_first,hv2:ramp80:80,organic_search,task_created,2026-08-17T18:34:35.800Z,,,n-hv2-u00528,t-hv2-u00528-2
hv2-e001927,hv2-u00528,task_first,hv2:ramp80:80,organic_search,task_created,2026-08-17T18:35:35.800Z,,,n-hv2-u00528,t-hv2-u00528-3
hv2-e003896,hv2-u01023,task_first,hv2:ramp80:80,paid_social,assigned,2026-08-17T18:53:41.900Z,,,,
hv2-e003897,hv2-u01023,task_first,hv2:ramp80:80,paid_social,note_saved,2026-08-17T18:57:41.900Z,,,n-hv2-u01023,
hv2-e003898,hv2-u01023,task_first,hv2:ramp80:80,paid_social,task_created,2026-08-17T18:59:41.900Z,,,n-hv2-u01023,t-hv2-u01023-1
hv2-e003899,hv2-u01023,task_first,hv2:ramp80:80,paid_social,task_created,2026-08-17T19:00:41.900Z,,,n-hv2-u01023,t-hv2-u01023-2
hv2-e003900,hv2-u01023,task_first,hv2:ramp80:80,paid_social,task_created,2026-08-17T19:01:41.900Z,,,n-hv2-u01023,t-hv2-u01023-3
hv2-e002520,hv2-u00680,baseline,hv2:ramp80:80,app_store,assigned,2026-08-17T19:08:51.839Z,,,,
hv2-e002521,hv2-u00680,baseline,hv2:ramp80:80,app_store,note_saved,2026-08-17T19:12:51.839Z,,,n-hv2-u00680,
hv2-e002016,hv2-u00548,task_first,hv2:ramp80:80,organic_search,trial_started,2026-08-17T19:49:09.050Z,,,,
hv2-e002900,hv2-u00779,task_first,hv2:ramp80:80,organic_search,assigned,2026-08-17T20:16:20.104Z,,,,
hv2-e002901,hv2-u00779,task_first,hv2:ramp80:80,organic_search,note_saved,2026-08-17T20:20:20.104Z,,,n-hv2-u00779,
hv2-e002902,hv2-u00779,task_first,hv2:ramp80:80,organic_search,task_created,2026-08-17T20:22:20.104Z,,,n-hv2-u00779,t-hv2-u00779-1
hv2-e002677,hv2-u00720,task_first,hv2:ramp80:80,organic_search,assigned,2026-08-17T20:30:01.217Z,,,,
hv2-e003206,hv2-u00852,task_first,hv2:ramp80:80,organic_search,revisited,2026-08-17T20:42:09.787Z,,,n-hv2-u00852,
hv2-e003207,hv2-u00852,task_first,hv2:ramp80:80,organic_search,task_completed,2026-08-17T20:47:09.787Z,,,n-hv2-u00852,t-hv2-u00852-1
hv2-e003208,hv2-u00853,task_first,hv2:ramp80:80,app_store,assigned,2026-08-17T20:55:50.490Z,,,,
hv2-e003209,hv2-u00853,task_first,hv2:ramp80:80,app_store,note_saved,2026-08-17T20:59:50.490Z,,,n-hv2-u00853,
hv2-e003210,hv2-u00853,task_first,hv2:ramp80:80,app_store,task_created,2026-08-17T21:01:50.490Z,,,n-hv2-u00853,t-hv2-u00853-1
hv2-e002271,hv2-u00614,task_first,hv2:ramp80:80,organic_search,revisited,2026-08-17T21:03:01.468Z,,,n-hv2-u00614,
hv2-e002530,hv2-u00683,task_first,hv2:ramp80:80,app_store,assigned,2026-08-17T21:22:07.821Z,,,,
hv2-e002531,hv2-u00683,task_first,hv2:ramp80:80,app_store,note_saved,2026-08-17T21:26:07.821Z,,,n-hv2-u00683,
hv2-e002532,hv2-u00683,task_first,hv2:ramp80:80,app_store,task_created,2026-08-17T21:28:07.821Z,,,n-hv2-u00683,t-hv2-u00683-1
hv2-e002814,hv2-u00757,task_first,hv2:ramp80:80,referral,assigned,2026-08-17T22:03:42.713Z,,,,
hv2-e002021,hv2-u00551,task_first,hv2:ramp80:80,organic_search,assigned,2026-08-17T22:25:20.407Z,,,,
hv2-e002022,hv2-u00551,task_first,hv2:ramp80:80,organic_search,note_saved,2026-08-17T22:29:20.407Z,,,n-hv2-u00551,
hv2-e002023,hv2-u00551,task_first,hv2:ramp80:80,organic_search,task_created,2026-08-17T22:31:20.407Z,,,n-hv2-u00551,t-hv2-u00551-1
hv2-e002024,hv2-u00551,task_first,hv2:ramp80:80,organic_search,task_created,2026-08-17T22:32:20.407Z,,,n-hv2-u00551,t-hv2-u00551-2
hv2-e003870,hv2-u01016,task_first,hv2:ramp80:80,app_store,assigned,2026-08-17T22:58:43.661Z,,,,
hv2-e003871,hv2-u01016,task_first,hv2:ramp80:80,app_store,note_saved,2026-08-17T23:02:43.661Z,,,n-hv2-u01016,
hv2-e002376,hv2-u00643,task_first,hv2:ramp80:80,organic_search,revisited,2026-08-17T23:03:12.175Z,,,n-hv2-u00643,
hv2-e002377,hv2-u00643,task_first,hv2:ramp80:80,organic_search,task_completed,2026-08-17T23:08:12.175Z,,,n-hv2-u00643,t-hv2-u00643-1
hv2-e002914,hv2-u00781,task_first,hv2:ramp80:80,organic_search,revisited,2026-08-17T23:08:55.933Z,,,n-hv2-u00781,
hv2-e003408,hv2-u00905,task_first,hv2:ramp80:80,referral,revisited,2026-08-17T23:18:09.032Z,,,n-hv2-u00905,
hv2-e003409,hv2-u00905,task_first,hv2:ramp80:80,referral,task_completed,2026-08-17T23:23:09.032Z,,,n-hv2-u00905,t-hv2-u00905-1
hv2-e003557,hv2-u00941,task_first,hv2:ramp80:80,referral,assigned,2026-08-17T23:25:14.320Z,,,,
hv2-e003558,hv2-u00941,task_first,hv2:ramp80:80,referral,note_saved,2026-08-17T23:29:14.320Z,,,n-hv2-u00941,
hv2-e003559,hv2-u00941,task_first,hv2:ramp80:80,referral,task_created,2026-08-17T23:31:14.320Z,,,n-hv2-u00941,t-hv2-u00941-1
hv2-e003560,hv2-u00941,task_first,hv2:ramp80:80,referral,task_created,2026-08-17T23:32:14.320Z,,,n-hv2-u00941,t-hv2-u00941-2
hv2-e003561,hv2-u00941,task_first,hv2:ramp80:80,referral,task_created,2026-08-17T23:33:14.320Z,,,n-hv2-u00941,t-hv2-u00941-3
hv2-e002148,hv2-u00584,baseline,hv2:ramp80:80,referral,assigned,2026-08-17T23:50:35.707Z,,,,
hv2-e002149,hv2-u00584,baseline,hv2:ramp80:80,referral,note_saved,2026-08-17T23:54:35.707Z,,,n-hv2-u00584,
hv2-e002150,hv2-u00584,baseline,hv2:ramp80:80,referral,task_created,2026-08-17T23:56:35.707Z,,,n-hv2-u00584,t-hv2-u00584-1
hv2-e002151,hv2-u00584,baseline,hv2:ramp80:80,referral,task_created,2026-08-17T23:57:35.707Z,,,n-hv2-u00584,t-hv2-u00584-2
hv2-e002152,hv2-u00584,baseline,hv2:ramp80:80,referral,task_created,2026-08-17T23:58:35.707Z,,,n-hv2-u00584,t-hv2-u00584-3
hv2-e002060,hv2-u00561,task_first,hv2:ramp80:80,organic_search,assigned,2026-08-18T00:21:42.053Z,,,,
hv2-e003063,hv2-u00816,task_first,hv2:ramp80:80,organic_search,trial_started,2026-08-18T00:22:00.921Z,,,,
hv2-e002061,hv2-u00561,task_first,hv2:ramp80:80,organic_search,note_saved,2026-08-18T00:25:42.053Z,,,n-hv2-u00561,
hv2-e002173,hv2-u00590,task_first,hv2:ramp80:80,referral,assigned,2026-08-18T00:27:16.210Z,,,,
hv2-e002062,hv2-u00561,task_first,hv2:ramp80:80,organic_search,task_created,2026-08-18T00:27:42.053Z,,,n-hv2-u00561,t-hv2-u00561-1
hv2-e002063,hv2-u00561,task_first,hv2:ramp80:80,organic_search,task_created,2026-08-18T00:28:42.053Z,,,n-hv2-u00561,t-hv2-u00561-2
hv2-e002064,hv2-u00561,task_first,hv2:ramp80:80,organic_search,task_created,2026-08-18T00:29:42.053Z,,,n-hv2-u00561,t-hv2-u00561-3
hv2-e002174,hv2-u00590,task_first,hv2:ramp80:80,referral,note_saved,2026-08-18T00:31:16.210Z,,,n-hv2-u00590,
hv2-e002175,hv2-u00590,task_first,hv2:ramp80:80,referral,task_created,2026-08-18T00:33:16.210Z,,,n-hv2-u00590,t-hv2-u00590-1
hv2-e002176,hv2-u00590,task_first,hv2:ramp80:80,referral,task_created,2026-08-18T00:34:16.210Z,,,n-hv2-u00590,t-hv2-u00590-2
hv2-e002177,hv2-u00590,task_first,hv2:ramp80:80,referral,task_created,2026-08-18T00:35:16.210Z,,,n-hv2-u00590,t-hv2-u00590-3
hv2-e003959,hv2-u01038,task_first,hv2:ramp80:80,referral,trial_started,2026-08-18T01:03:30.109Z,,,,
hv2-e002821,hv2-u00760,task_first,hv2:ramp80:80,referral,assigned,2026-08-18T01:27:57.258Z,,,,
hv2-e002822,hv2-u00760,task_first,hv2:ramp80:80,referral,note_saved,2026-08-18T01:31:57.258Z,,,n-hv2-u00760,
hv2-e002823,hv2-u00760,task_first,hv2:ramp80:80,referral,task_created,2026-08-18T01:33:57.258Z,,,n-hv2-u00760,t-hv2-u00760-1
hv2-e002824,hv2-u00760,task_first,hv2:ramp80:80,referral,task_created,2026-08-18T01:34:57.258Z,,,n-hv2-u00760,t-hv2-u00760-2
hv2-e003307,hv2-u00878,task_first,hv2:ramp80:80,referral,revisited,2026-08-18T01:34:59.996Z,,,n-hv2-u00878,
hv2-e002825,hv2-u00760,task_first,hv2:ramp80:80,referral,task_created,2026-08-18T01:35:57.258Z,,,n-hv2-u00760,t-hv2-u00760-3
hv2-e003308,hv2-u00878,task_first,hv2:ramp80:80,referral,task_completed,2026-08-18T01:39:59.996Z,,,n-hv2-u00878,t-hv2-u00878-1
hv2-e002519,hv2-u00679,task_first,hv2:ramp80:80,app_store,assigned,2026-08-18T01:59:46.527Z,,,,
hv2-e002073,hv2-u00564,task_first,hv2:ramp80:80,referral,assigned,2026-08-18T02:00:30.674Z,,,,
hv2-e003646,hv2-u00963,baseline,hv2:ramp80:80,app_store,assigned,2026-08-18T02:31:03.562Z,,,,
hv2-e003647,hv2-u00963,baseline,hv2:ramp80:80,app_store,note_saved,2026-08-18T02:35:03.562Z,,,n-hv2-u00963,
hv2-e003648,hv2-u00963,baseline,hv2:ramp80:80,app_store,task_created,2026-08-18T02:37:03.562Z,,,n-hv2-u00963,t-hv2-u00963-1
hv2-e001971,hv2-u00539,task_first,hv2:ramp80:80,paid_social,assigned,2026-08-18T02:53:47.676Z,,,,
hv2-e002806,hv2-u00754,baseline,hv2:ramp80:80,referral,assigned,2026-08-18T02:57:47.651Z,,,,
hv2-e001972,hv2-u00539,task_first,hv2:ramp80:80,paid_social,note_saved,2026-08-18T02:57:47.676Z,,,n-hv2-u00539,
hv2-e001973,hv2-u00539,task_first,hv2:ramp80:80,paid_social,task_created,2026-08-18T02:59:47.676Z,,,n-hv2-u00539,t-hv2-u00539-1
hv2-e001974,hv2-u00539,task_first,hv2:ramp80:80,paid_social,task_created,2026-08-18T03:00:47.676Z,,,n-hv2-u00539,t-hv2-u00539-2
hv2-e001975,hv2-u00539,task_first,hv2:ramp80:80,paid_social,task_created,2026-08-18T03:01:47.676Z,,,n-hv2-u00539,t-hv2-u00539-3
hv2-e002529,hv2-u00682,task_first,hv2:ramp80:80,app_store,revisited,2026-08-18T03:27:33.610Z,,,n-hv2-u00682,
hv2-e003657,hv2-u00965,task_first,hv2:ramp80:80,app_store,assigned,2026-08-18T03:46:09.898Z,,,,
hv2-e003658,hv2-u00965,task_first,hv2:ramp80:80,app_store,note_saved,2026-08-18T03:50:09.898Z,,,n-hv2-u00965,
hv2-e002787,hv2-u00749,task_first,hv2:ramp80:80,app_store,assigned,2026-08-18T03:56:33.570Z,,,,
hv2-e002803,hv2-u00753,task_first,hv2:ramp80:80,referral,assigned,2026-08-18T03:59:45.513Z,,,,
hv2-e002788,hv2-u00749,task_first,hv2:ramp80:80,app_store,note_saved,2026-08-18T04:00:33.570Z,,,n-hv2-u00749,
hv2-e002804,hv2-u00753,task_first,hv2:ramp80:80,referral,note_saved,2026-08-18T04:03:45.513Z,,,n-hv2-u00753,
hv2-e002805,hv2-u00753,task_first,hv2:ramp80:80,referral,task_created,2026-08-18T04:05:45.513Z,,,n-hv2-u00753,t-hv2-u00753-1
hv2-e003490,hv2-u00925,task_first,hv2:ramp80:80,referral,assigned,2026-08-18T04:23:08.759Z,,,,
hv2-e003491,hv2-u00925,task_first,hv2:ramp80:80,referral,note_saved,2026-08-18T04:27:08.759Z,,,n-hv2-u00925,
hv2-e003492,hv2-u00925,task_first,hv2:ramp80:80,referral,task_created,2026-08-18T04:29:08.759Z,,,n-hv2-u00925,t-hv2-u00925-1
hv2-e003493,hv2-u00925,task_first,hv2:ramp80:80,referral,task_created,2026-08-18T04:30:08.759Z,,,n-hv2-u00925,t-hv2-u00925-2
hv2-e003494,hv2-u00925,task_first,hv2:ramp80:80,referral,task_created,2026-08-18T04:31:08.759Z,,,n-hv2-u00925,t-hv2-u00925-3
hv2-e003111,hv2-u00828,task_first,hv2:ramp80:80,organic_search,assigned,2026-08-18T05:20:24.144Z,,,,
hv2-e002927,hv2-u00785,task_first,hv2:ramp80:80,app_store,revisited,2026-08-18T05:22:46.895Z,,,n-hv2-u00785,
hv2-e003112,hv2-u00828,task_first,hv2:ramp80:80,organic_search,note_saved,2026-08-18T05:24:24.144Z,,,n-hv2-u00828,
hv2-e003113,hv2-u00828,task_first,hv2:ramp80:80,organic_search,task_created,2026-08-18T05:26:24.144Z,,,n-hv2-u00828,t-hv2-u00828-1
hv2-e003114,hv2-u00828,task_first,hv2:ramp80:80,organic_search,task_created,2026-08-18T05:27:24.144Z,,,n-hv2-u00828,t-hv2-u00828-2
hv2-e002928,hv2-u00785,task_first,hv2:ramp80:80,app_store,task_completed,2026-08-18T05:27:46.895Z,,,n-hv2-u00785,t-hv2-u00785-1
hv2-e002690,hv2-u00724,task_first,hv2:ramp80:80,organic_search,assigned,2026-08-18T05:44:08.321Z,,,,
hv2-e002691,hv2-u00724,task_first,hv2:ramp80:80,organic_search,note_saved,2026-08-18T05:48:08.321Z,,,n-hv2-u00724,
hv2-e003024,hv2-u00809,task_first,hv2:ramp80:80,organic_search,revisited,2026-08-18T06:55:52.747Z,,,n-hv2-u00809,
hv2-e003025,hv2-u00809,task_first,hv2:ramp80:80,organic_search,task_completed,2026-08-18T07:00:52.747Z,,,n-hv2-u00809,t-hv2-u00809-1
hv2-e002674,hv2-u00718,task_first,hv2:ramp80:80,paid_social,assigned,2026-08-18T07:20:08.658Z,,,,
hv2-e002798,hv2-u00752,task_first,hv2:ramp80:80,referral,assigned,2026-08-18T07:21:42.326Z,,,,
hv2-e002675,hv2-u00718,task_first,hv2:ramp80:80,paid_social,note_saved,2026-08-18T07:24:08.658Z,,,n-hv2-u00718,
hv2-e003234,hv2-u00859,task_first,hv2:ramp80:80,referral,assigned,2026-08-18T07:24:41.355Z,,,,
hv2-e002799,hv2-u00752,task_first,hv2:ramp80:80,referral,note_saved,2026-08-18T07:25:42.326Z,,,n-hv2-u00752,
hv2-e002800,hv2-u00752,task_first,hv2:ramp80:80,referral,task_created,2026-08-18T07:27:42.326Z,,,n-hv2-u00752,t-hv2-u00752-1
hv2-e003235,hv2-u00859,task_first,hv2:ramp80:80,referral,note_saved,2026-08-18T07:28:41.355Z,,,n-hv2-u00859,
hv2-e002588,hv2-u00697,task_first,hv2:ramp80:80,referral,trial_started,2026-08-18T08:07:56.560Z,,,,
hv2-e003901,hv2-u01024,task_first,hv2:ramp80:80,referral,assigned,2026-08-18T08:13:40.608Z,,,,
hv2-e003902,hv2-u01024,task_first,hv2:ramp80:80,referral,note_saved,2026-08-18T08:17:40.608Z,,,n-hv2-u01024,
hv2-e003903,hv2-u01024,task_first,hv2:ramp80:80,referral,task_created,2026-08-18T08:19:40.608Z,,,n-hv2-u01024,t-hv2-u01024-1
hv2-e001881,hv2-u00516,baseline,hv2:ramp20:20,paid_social,revisited,2026-08-18T08:35:17.084Z,,,n-hv2-u00516,
hv2-e002355,hv2-u00638,task_first,hv2:ramp80:80,organic_search,revisited,2026-08-18T08:38:13.938Z,,,n-hv2-u00638,
hv2-e001882,hv2-u00516,baseline,hv2:ramp20:20,paid_social,task_completed,2026-08-18T08:40:17.084Z,,,n-hv2-u00516,t-hv2-u00516-1
hv2-e002774,hv2-u00743,task_first,hv2:ramp80:80,referral,revisited,2026-08-18T08:49:42.925Z,,,n-hv2-u00743,
hv2-e002027,hv2-u00552,task_first,hv2:ramp80:80,referral,assigned,2026-08-18T09:19:19.055Z,,,,
hv2-e002028,hv2-u00552,task_first,hv2:ramp80:80,referral,note_saved,2026-08-18T09:23:19.055Z,,,n-hv2-u00552,
hv2-e003323,hv2-u00882,task_first,hv2:ramp80:80,organic_search,revisited,2026-08-18T09:26:17.120Z,,,n-hv2-u00882,
hv2-e000857,hv2-u00241,baseline,hv2:ramp20:20,organic_search,paid,2026-08-18T10:39:12.476Z,10.00,XTS,,
hv2-e003018,hv2-u00808,task_first,hv2:ramp80:80,app_store,assigned,2026-08-18T10:51:45.562Z,,,,
hv2-e003019,hv2-u00808,task_first,hv2:ramp80:80,app_store,note_saved,2026-08-18T10:55:45.562Z,,,n-hv2-u00808,
hv2-e002919,hv2-u00784,baseline,hv2:ramp80:80,organic_search,assigned,2026-08-18T11:01:30.821Z,,,,
hv2-e003913,hv2-u01028,task_first,hv2:ramp80:80,paid_social,assigned,2026-08-18T11:01:55.647Z,,,,
hv2-e002920,hv2-u00784,baseline,hv2:ramp80:80,organic_search,note_saved,2026-08-18T11:05:30.821Z,,,n-hv2-u00784,
hv2-e003914,hv2-u01028,task_first,hv2:ramp80:80,paid_social,note_saved,2026-08-18T11:05:55.647Z,,,n-hv2-u01028,
hv2-e002921,hv2-u00784,baseline,hv2:ramp80:80,organic_search,task_created,2026-08-18T11:07:30.821Z,,,n-hv2-u00784,t-hv2-u00784-1
hv2-e003876,hv2-u01018,baseline,hv2:ramp80:80,organic_search,assigned,2026-08-18T11:09:16.220Z,,,,
hv2-e003877,hv2-u01018,baseline,hv2:ramp80:80,organic_search,note_saved,2026-08-18T11:13:16.220Z,,,n-hv2-u01018,
hv2-e003878,hv2-u01018,baseline,hv2:ramp80:80,organic_search,task_created,2026-08-18T11:15:16.220Z,,,n-hv2-u01018,t-hv2-u01018-1
hv2-e003879,hv2-u01018,baseline,hv2:ramp80:80,organic_search,task_created,2026-08-18T11:16:16.220Z,,,n-hv2-u01018,t-hv2-u01018-2
hv2-e002643,hv2-u00711,task_first,hv2:ramp80:80,organic_search,assigned,2026-08-18T11:24:27.663Z,,,,
hv2-e002644,hv2-u00711,task_first,hv2:ramp80:80,organic_search,note_saved,2026-08-18T11:28:27.663Z,,,n-hv2-u00711,
hv2-e002645,hv2-u00711,task_first,hv2:ramp80:80,organic_search,task_created,2026-08-18T11:30:27.663Z,,,n-hv2-u00711,t-hv2-u00711-1
hv2-e002885,hv2-u00773,task_first,hv2:ramp80:80,organic_search,trial_started,2026-08-18T11:51:41.436Z,,,,
hv2-e002247,hv2-u00608,task_first,hv2:ramp80:80,organic_search,assigned,2026-08-18T11:54:44.644Z,,,,
hv2-e002676,hv2-u00719,task_first,hv2:ramp80:80,organic_search,assigned,2026-08-18T11:55:02.816Z,,,,
hv2-e001626,hv2-u00452,task_first,hv2:ramp20:20,paid_social,paid,2026-08-18T12:00:12.214Z,10.00,XTS,,
hv2-e003055,hv2-u00815,task_first,hv2:ramp80:80,referral,revisited,2026-08-18T12:06:10.155Z,,,n-hv2-u00815,
hv2-e003267,hv2-u00868,task_first,hv2:ramp80:80,organic_search,assigned,2026-08-18T12:07:22.492Z,,,,
hv2-e003286,hv2-u00873,task_first,hv2:ramp80:80,organic_search,revisited,2026-08-18T12:08:34.712Z,,,n-hv2-u00873,
hv2-e003488,hv2-u00924,baseline,hv2:ramp80:80,paid_social,assigned,2026-08-18T12:10:52.815Z,,,,
hv2-e003268,hv2-u00868,task_first,hv2:ramp80:80,organic_search,note_saved,2026-08-18T12:11:22.492Z,,,n-hv2-u00868,
hv2-e003269,hv2-u00868,task_first,hv2:ramp80:80,organic_search,task_created,2026-08-18T12:13:22.492Z,,,n-hv2-u00868,t-hv2-u00868-1
hv2-e003489,hv2-u00924,baseline,hv2:ramp80:80,paid_social,note_saved,2026-08-18T12:14:52.815Z,,,n-hv2-u00924,
hv2-e003445,hv2-u00915,task_first,hv2:ramp80:80,organic_search,assigned,2026-08-18T12:16:07.662Z,,,,
hv2-e003446,hv2-u00915,task_first,hv2:ramp80:80,organic_search,note_saved,2026-08-18T12:20:07.662Z,,,n-hv2-u00915,
hv2-e003447,hv2-u00915,task_first,hv2:ramp80:80,organic_search,task_created,2026-08-18T12:22:07.662Z,,,n-hv2-u00915,t-hv2-u00915-1
hv2-e003448,hv2-u00915,task_first,hv2:ramp80:80,organic_search,task_created,2026-08-18T12:23:07.662Z,,,n-hv2-u00915,t-hv2-u00915-2
hv2-e003449,hv2-u00915,task_first,hv2:ramp80:80,organic_search,task_created,2026-08-18T12:24:07.662Z,,,n-hv2-u00915,t-hv2-u00915-3
hv2-e002646,hv2-u00711,task_first,hv2:ramp80:80,organic_search,trial_started,2026-08-18T12:24:27.663Z,,,,
hv2-e003644,hv2-u00962,baseline,hv2:ramp80:80,referral,revisited,2026-08-18T12:57:37.476Z,,,n-hv2-u00962,
hv2-e003645,hv2-u00962,baseline,hv2:ramp80:80,referral,task_completed,2026-08-18T13:02:37.476Z,,,n-hv2-u00962,t-hv2-u00962-1
hv2-e003894,hv2-u01022,task_first,hv2:ramp80:80,organic_search,trial_started,2026-08-18T13:15:03.720Z,,,,
hv2-e003261,hv2-u00866,task_first,hv2:ramp80:80,referral,assigned,2026-08-18T13:19:55.719Z,,,,
hv2-e002775,hv2-u00744,task_first,hv2:ramp80:80,organic_search,assigned,2026-08-18T13:20:29.947Z,,,,
hv2-e003262,hv2-u00866,task_first,hv2:ramp80:80,referral,note_saved,2026-08-18T13:23:55.719Z,,,n-hv2-u00866,
hv2-e002776,hv2-u00744,task_first,hv2:ramp80:80,organic_search,note_saved,2026-08-18T13:24:29.947Z,,,n-hv2-u00744,
hv2-e002777,hv2-u00744,task_first,hv2:ramp80:80,organic_search,task_created,2026-08-18T13:26:29.947Z,,,n-hv2-u00744,t-hv2-u00744-1
hv2-e002778,hv2-u00744,task_first,hv2:ramp80:80,organic_search,task_created,2026-08-18T13:27:29.947Z,,,n-hv2-u00744,t-hv2-u00744-2
hv2-e002779,hv2-u00744,task_first,hv2:ramp80:80,organic_search,task_created,2026-08-18T13:28:29.947Z,,,n-hv2-u00744,t-hv2-u00744-3
hv2-e002336,hv2-u00634,baseline,hv2:ramp80:80,organic_search,assigned,2026-08-18T13:46:03.375Z,,,,
hv2-e002337,hv2-u00634,baseline,hv2:ramp80:80,organic_search,note_saved,2026-08-18T13:50:03.375Z,,,n-hv2-u00634,
hv2-e002338,hv2-u00634,baseline,hv2:ramp80:80,organic_search,task_created,2026-08-18T13:52:03.375Z,,,n-hv2-u00634,t-hv2-u00634-1
hv2-e002339,hv2-u00634,baseline,hv2:ramp80:80,organic_search,task_created,2026-08-18T13:53:03.375Z,,,n-hv2-u00634,t-hv2-u00634-2
hv2-e003802,hv2-u00998,baseline,hv2:ramp80:80,app_store,revisited,2026-08-18T13:53:32.951Z,,,n-hv2-u00998,
hv2-e002340,hv2-u00634,baseline,hv2:ramp80:80,organic_search,task_created,2026-08-18T13:54:03.375Z,,,n-hv2-u00634,t-hv2-u00634-3
hv2-e002222,hv2-u00601,task_first,hv2:ramp80:80,organic_search,revisited,2026-08-18T13:56:55.403Z,,,n-hv2-u00601,
hv2-e002223,hv2-u00601,task_first,hv2:ramp80:80,organic_search,task_completed,2026-08-18T14:01:55.403Z,,,n-hv2-u00601,t-hv2-u00601-1
hv2-e003368,hv2-u00895,task_first,hv2:ramp80:80,referral,revisited,2026-08-18T14:17:39.967Z,,,n-hv2-u00895,
hv2-e003369,hv2-u00895,task_first,hv2:ramp80:80,referral,task_completed,2026-08-18T14:22:39.967Z,,,n-hv2-u00895,t-hv2-u00895-1
hv2-e002958,hv2-u00794,task_first,hv2:ramp80:80,organic_search,assigned,2026-08-18T14:39:11.874Z,,,,
hv2-e002959,hv2-u00794,task_first,hv2:ramp80:80,organic_search,note_saved,2026-08-18T14:43:11.874Z,,,n-hv2-u00794,
hv2-e002960,hv2-u00794,task_first,hv2:ramp80:80,organic_search,task_created,2026-08-18T14:45:11.874Z,,,n-hv2-u00794,t-hv2-u00794-1
hv2-e003093,hv2-u00825,task_first,hv2:ramp80:80,referral,assigned,2026-08-18T14:46:45.798Z,,,,
hv2-e002041,hv2-u00554,task_first,hv2:ramp80:80,referral,trial_started,2026-08-18T14:49:58.425Z,,,,
hv2-e003094,hv2-u00825,task_first,hv2:ramp80:80,referral,note_saved,2026-08-18T14:50:45.798Z,,,n-hv2-u00825,
hv2-e003095,hv2-u00825,task_first,hv2:ramp80:80,referral,task_created,2026-08-18T14:52:45.798Z,,,n-hv2-u00825,t-hv2-u00825-1
hv2-e003517,hv2-u00931,task_first,hv2:ramp80:80,organic_search,assigned,2026-08-18T14:58:34.863Z,,,,
hv2-e003075,hv2-u00819,baseline,hv2:ramp80:80,organic_search,assigned,2026-08-18T15:08:55.475Z,,,,
hv2-e003076,hv2-u00819,baseline,hv2:ramp80:80,organic_search,note_saved,2026-08-18T15:12:55.475Z,,,n-hv2-u00819,
hv2-e003077,hv2-u00819,baseline,hv2:ramp80:80,organic_search,task_created,2026-08-18T15:14:55.475Z,,,n-hv2-u00819,t-hv2-u00819-1
hv2-e003078,hv2-u00819,baseline,hv2:ramp80:80,organic_search,task_created,2026-08-18T15:15:55.475Z,,,n-hv2-u00819,t-hv2-u00819-2
hv2-e002047,hv2-u00557,task_first,hv2:ramp80:80,organic_search,assigned,2026-08-18T15:34:31.175Z,,,,
hv2-e003858,hv2-u01013,task_first,hv2:ramp80:80,organic_search,assigned,2026-08-18T16:10:00.599Z,,,,
hv2-e003859,hv2-u01013,task_first,hv2:ramp80:80,organic_search,note_saved,2026-08-18T16:14:00.599Z,,,n-hv2-u01013,
hv2-e003860,hv2-u01013,task_first,hv2:ramp80:80,organic_search,task_created,2026-08-18T16:16:00.599Z,,,n-hv2-u01013,t-hv2-u01013-1
hv2-e003861,hv2-u01013,task_first,hv2:ramp80:80,organic_search,task_created,2026-08-18T16:17:00.599Z,,,n-hv2-u01013,t-hv2-u01013-2
hv2-e003862,hv2-u01013,task_first,hv2:ramp80:80,organic_search,task_created,2026-08-18T16:18:00.599Z,,,n-hv2-u01013,t-hv2-u01013-3
hv2-e003662,hv2-u00967,task_first,hv2:ramp80:80,organic_search,assigned,2026-08-18T16:29:59.982Z,,,,
hv2-e002718,hv2-u00731,task_first,hv2:ramp80:80,organic_search,assigned,2026-08-18T17:12:29.421Z,,,,
hv2-e002719,hv2-u00731,task_first,hv2:ramp80:80,organic_search,note_saved,2026-08-18T17:16:29.421Z,,,n-hv2-u00731,
hv2-e002905,hv2-u00780,task_first,hv2:ramp80:80,referral,assigned,2026-08-18T17:29:07.859Z,,,,
hv2-e002906,hv2-u00780,task_first,hv2:ramp80:80,referral,note_saved,2026-08-18T17:33:07.859Z,,,n-hv2-u00780,
hv2-e002907,hv2-u00780,task_first,hv2:ramp80:80,referral,task_created,2026-08-18T17:35:07.859Z,,,n-hv2-u00780,t-hv2-u00780-1
hv2-e003452,hv2-u00916,task_first,hv2:ramp80:80,organic_search,assigned,2026-08-18T17:36:14.061Z,,,,
hv2-e000751,hv2-u00204,baseline,hv2:ramp20:20,organic_search,paid,2026-08-18T17:36:15.273Z,10.00,XTS,,
hv2-e003453,hv2-u00916,task_first,hv2:ramp80:80,organic_search,note_saved,2026-08-18T17:40:14.061Z,,,n-hv2-u00916,
hv2-e003454,hv2-u00916,task_first,hv2:ramp80:80,organic_search,task_created,2026-08-18T17:42:14.061Z,,,n-hv2-u00916,t-hv2-u00916-1
hv2-e003455,hv2-u00916,task_first,hv2:ramp80:80,organic_search,task_created,2026-08-18T17:43:14.061Z,,,n-hv2-u00916,t-hv2-u00916-2
hv2-e003456,hv2-u00916,task_first,hv2:ramp80:80,organic_search,task_created,2026-08-18T17:44:14.061Z,,,n-hv2-u00916,t-hv2-u00916-3
hv2-e002932,hv2-u00788,task_first,hv2:ramp80:80,referral,assigned,2026-08-18T17:49:21.048Z,,,,
hv2-e003289,hv2-u00875,baseline,hv2:ramp80:80,organic_search,assigned,2026-08-18T17:52:20.104Z,,,,
hv2-e002933,hv2-u00788,task_first,hv2:ramp80:80,referral,note_saved,2026-08-18T17:53:21.048Z,,,n-hv2-u00788,
hv2-e002934,hv2-u00788,task_first,hv2:ramp80:80,referral,task_created,2026-08-18T17:55:21.048Z,,,n-hv2-u00788,t-hv2-u00788-1
hv2-e002235,hv2-u00606,baseline,hv2:ramp80:80,organic_search,assigned,2026-08-18T17:56:20.032Z,,,,
hv2-e003290,hv2-u00875,baseline,hv2:ramp80:80,organic_search,note_saved,2026-08-18T17:56:20.104Z,,,n-hv2-u00875,
hv2-e002935,hv2-u00788,task_first,hv2:ramp80:80,referral,task_created,2026-08-18T17:56:21.048Z,,,n-hv2-u00788,t-hv2-u00788-2
hv2-e002936,hv2-u00788,task_first,hv2:ramp80:80,referral,task_created,2026-08-18T17:57:21.048Z,,,n-hv2-u00788,t-hv2-u00788-3
hv2-e002236,hv2-u00606,baseline,hv2:ramp80:80,organic_search,note_saved,2026-08-18T18:00:20.032Z,,,n-hv2-u00606,
hv2-e002237,hv2-u00606,baseline,hv2:ramp80:80,organic_search,task_created,2026-08-18T18:02:20.032Z,,,n-hv2-u00606,t-hv2-u00606-1
hv2-e002238,hv2-u00606,baseline,hv2:ramp80:80,organic_search,task_created,2026-08-18T18:03:20.032Z,,,n-hv2-u00606,t-hv2-u00606-2
hv2-e002239,hv2-u00606,baseline,hv2:ramp80:80,organic_search,task_created,2026-08-18T18:04:20.032Z,,,n-hv2-u00606,t-hv2-u00606-3
hv2-e003317,hv2-u00881,task_first,hv2:ramp80:80,paid_social,revisited,2026-08-18T18:17:40.682Z,,,n-hv2-u00881,
hv2-e003816,hv2-u01003,task_first,hv2:ramp80:80,organic_search,assigned,2026-08-18T18:37:22.002Z,,,,
hv2-e003817,hv2-u01003,task_first,hv2:ramp80:80,organic_search,note_saved,2026-08-18T18:41:22.002Z,,,n-hv2-u01003,
hv2-e003292,hv2-u00875,baseline,hv2:ramp80:80,organic_search,trial_started,2026-08-18T18:52:20.104Z,,,,
hv2-e001928,hv2-u00528,task_first,hv2:ramp80:80,organic_search,revisited,2026-08-18T18:57:35.800Z,,,n-hv2-u00528,
hv2-e001929,hv2-u00528,task_first,hv2:ramp80:80,organic_search,task_completed,2026-08-18T19:02:35.800Z,,,n-hv2-u00528,t-hv2-u00528-1
hv2-e002254,hv2-u00609,baseline,hv2:ramp80:80,referral,revisited,2026-08-18T19:20:49.725Z,,,n-hv2-u00609,
hv2-e002255,hv2-u00609,baseline,hv2:ramp80:80,referral,task_completed,2026-08-18T19:25:49.725Z,,,n-hv2-u00609,t-hv2-u00609-1
hv2-e003589,hv2-u00949,task_first,hv2:ramp80:80,organic_search,assigned,2026-08-18T19:48:15.948Z,,,,
hv2-e003590,hv2-u00949,task_first,hv2:ramp80:80,organic_search,note_saved,2026-08-18T19:52:15.948Z,,,n-hv2-u00949,
hv2-e003591,hv2-u00949,task_first,hv2:ramp80:80,organic_search,task_created,2026-08-18T19:54:15.948Z,,,n-hv2-u00949,t-hv2-u00949-1
hv2-e003592,hv2-u00949,task_first,hv2:ramp80:80,organic_search,task_created,2026-08-18T19:55:15.948Z,,,n-hv2-u00949,t-hv2-u00949-2
hv2-e003593,hv2-u00949,task_first,hv2:ramp80:80,organic_search,task_created,2026-08-18T19:56:15.948Z,,,n-hv2-u00949,t-hv2-u00949-3
hv2-e003186,hv2-u00849,baseline,hv2:ramp80:80,organic_search,assigned,2026-08-18T20:45:21.964Z,,,,
hv2-e003187,hv2-u00849,baseline,hv2:ramp80:80,organic_search,note_saved,2026-08-18T20:49:21.964Z,,,n-hv2-u00849,
hv2-e003188,hv2-u00849,baseline,hv2:ramp80:80,organic_search,task_created,2026-08-18T20:51:21.964Z,,,n-hv2-u00849,t-hv2-u00849-1
hv2-e003189,hv2-u00849,baseline,hv2:ramp80:80,organic_search,task_created,2026-08-18T20:52:21.964Z,,,n-hv2-u00849,t-hv2-u00849-2
hv2-e003190,hv2-u00849,baseline,hv2:ramp80:80,organic_search,task_created,2026-08-18T20:53:21.964Z,,,n-hv2-u00849,t-hv2-u00849-3
hv2-e003084,hv2-u00820,task_first,hv2:ramp80:80,referral,revisited,2026-08-18T20:53:22.808Z,,,n-hv2-u00820,
hv2-e003085,hv2-u00820,task_first,hv2:ramp80:80,referral,task_completed,2026-08-18T20:58:22.808Z,,,n-hv2-u00820,t-hv2-u00820-1
hv2-e002680,hv2-u00722,task_first,hv2:ramp80:80,organic_search,assigned,2026-08-18T21:11:24.045Z,,,,
hv2-e002681,hv2-u00722,task_first,hv2:ramp80:80,organic_search,note_saved,2026-08-18T21:15:24.045Z,,,n-hv2-u00722,
hv2-e002682,hv2-u00722,task_first,hv2:ramp80:80,organic_search,task_created,2026-08-18T21:17:24.045Z,,,n-hv2-u00722,t-hv2-u00722-1
hv2-e002683,hv2-u00722,task_first,hv2:ramp80:80,organic_search,task_created,2026-08-18T21:18:24.045Z,,,n-hv2-u00722,t-hv2-u00722-2
hv2-e002684,hv2-u00722,task_first,hv2:ramp80:80,organic_search,task_created,2026-08-18T21:19:24.045Z,,,n-hv2-u00722,t-hv2-u00722-3
hv2-e003354,hv2-u00892,task_first,hv2:ramp80:80,paid_social,assigned,2026-08-18T22:04:52.638Z,,,,
hv2-e002554,hv2-u00690,task_first,hv2:ramp80:80,organic_search,assigned,2026-08-18T22:06:41.353Z,,,,
hv2-e003355,hv2-u00892,task_first,hv2:ramp80:80,paid_social,note_saved,2026-08-18T22:08:52.638Z,,,n-hv2-u00892,
hv2-e002555,hv2-u00690,task_first,hv2:ramp80:80,organic_search,note_saved,2026-08-18T22:10:41.353Z,,,n-hv2-u00690,
hv2-e003356,hv2-u00892,task_first,hv2:ramp80:80,paid_social,task_created,2026-08-18T22:10:52.638Z,,,n-hv2-u00892,t-hv2-u00892-1
hv2-e003357,hv2-u00892,task_first,hv2:ramp80:80,paid_social,task_created,2026-08-18T22:11:52.638Z,,,n-hv2-u00892,t-hv2-u00892-2
hv2-e002856,hv2-u00768,task_first,hv2:ramp80:80,organic_search,assigned,2026-08-18T22:14:39.416Z,,,,
hv2-e002857,hv2-u00768,task_first,hv2:ramp80:80,organic_search,note_saved,2026-08-18T22:18:39.416Z,,,n-hv2-u00768,
hv2-e002858,hv2-u00768,task_first,hv2:ramp80:80,organic_search,task_created,2026-08-18T22:20:39.416Z,,,n-hv2-u00768,t-hv2-u00768-1
hv2-e002859,hv2-u00768,task_first,hv2:ramp80:80,organic_search,task_created,2026-08-18T22:21:39.416Z,,,n-hv2-u00768,t-hv2-u00768-2
hv2-e002860,hv2-u00768,task_first,hv2:ramp80:80,organic_search,task_created,2026-08-18T22:22:39.416Z,,,n-hv2-u00768,t-hv2-u00768-3
hv2-e002425,hv2-u00659,baseline,hv2:ramp80:80,app_store,assigned,2026-08-18T22:34:58.961Z,,,,
hv2-e002426,hv2-u00659,baseline,hv2:ramp80:80,app_store,note_saved,2026-08-18T22:38:58.961Z,,,n-hv2-u00659,
hv2-e002427,hv2-u00659,baseline,hv2:ramp80:80,app_store,task_created,2026-08-18T22:40:58.961Z,,,n-hv2-u00659,t-hv2-u00659-1
hv2-e002428,hv2-u00659,baseline,hv2:ramp80:80,app_store,task_created,2026-08-18T22:41:58.961Z,,,n-hv2-u00659,t-hv2-u00659-2
hv2-e002429,hv2-u00659,baseline,hv2:ramp80:80,app_store,task_created,2026-08-18T22:42:58.961Z,,,n-hv2-u00659,t-hv2-u00659-3
hv2-e002155,hv2-u00585,task_first,hv2:ramp80:80,organic_search,assigned,2026-08-18T22:59:00.652Z,,,,
hv2-e002156,hv2-u00585,task_first,hv2:ramp80:80,organic_search,note_saved,2026-08-18T23:03:00.652Z,,,n-hv2-u00585,
hv2-e002157,hv2-u00585,task_first,hv2:ramp80:80,organic_search,task_created,2026-08-18T23:05:00.652Z,,,n-hv2-u00585,t-hv2-u00585-1
hv2-e003468,hv2-u00919,task_first,hv2:ramp80:80,referral,revisited,2026-08-18T23:38:16.269Z,,,n-hv2-u00919,
hv2-e003469,hv2-u00919,task_first,hv2:ramp80:80,referral,task_completed,2026-08-18T23:43:16.269Z,,,n-hv2-u00919,t-hv2-u00919-1
hv2-e002592,hv2-u00699,task_first,hv2:ramp80:80,referral,assigned,2026-08-18T23:52:35.421Z,,,,
hv2-e003562,hv2-u00941,task_first,hv2:ramp80:80,referral,revisited,2026-08-18T23:55:14.320Z,,,n-hv2-u00941,
hv2-e002593,hv2-u00699,task_first,hv2:ramp80:80,referral,note_saved,2026-08-18T23:56:35.421Z,,,n-hv2-u00699,
hv2-e002594,hv2-u00699,task_first,hv2:ramp80:80,referral,task_created,2026-08-18T23:58:35.421Z,,,n-hv2-u00699,t-hv2-u00699-1
hv2-e002595,hv2-u00699,task_first,hv2:ramp80:80,referral,task_created,2026-08-18T23:59:35.421Z,,,n-hv2-u00699,t-hv2-u00699-2
hv2-e003563,hv2-u00941,task_first,hv2:ramp80:80,referral,task_completed,2026-08-19T00:00:14.320Z,,,n-hv2-u00941,t-hv2-u00941-1
hv2-e003257,hv2-u00864,baseline,hv2:ramp80:80,organic_search,revisited,2026-08-19T00:00:31.921Z,,,n-hv2-u00864,
hv2-e003258,hv2-u00864,baseline,hv2:ramp80:80,organic_search,task_completed,2026-08-19T00:05:31.921Z,,,n-hv2-u00864,t-hv2-u00864-1
hv2-e003122,hv2-u00831,task_first,hv2:ramp80:80,organic_search,assigned,2026-08-19T00:14:39.432Z,,,,
hv2-e003123,hv2-u00831,task_first,hv2:ramp80:80,organic_search,note_saved,2026-08-19T00:18:39.432Z,,,n-hv2-u00831,
hv2-e003124,hv2-u00831,task_first,hv2:ramp80:80,organic_search,task_created,2026-08-19T00:20:39.432Z,,,n-hv2-u00831,t-hv2-u00831-1
hv2-e003125,hv2-u00831,task_first,hv2:ramp80:80,organic_search,task_created,2026-08-19T00:21:39.432Z,,,n-hv2-u00831,t-hv2-u00831-2
hv2-e003126,hv2-u00831,task_first,hv2:ramp80:80,organic_search,task_created,2026-08-19T00:22:39.432Z,,,n-hv2-u00831,t-hv2-u00831-3
hv2-e001935,hv2-u00530,baseline,hv2:ramp80:80,organic_search,assigned,2026-08-19T00:28:16.843Z,,,,
hv2-e002131,hv2-u00580,task_first,hv2:ramp80:80,referral,revisited,2026-08-19T00:29:57.384Z,,,n-hv2-u00580,
hv2-e001936,hv2-u00530,baseline,hv2:ramp80:80,organic_search,note_saved,2026-08-19T00:32:16.843Z,,,n-hv2-u00530,
hv2-e002042,hv2-u00555,task_first,hv2:ramp80:80,app_store,assigned,2026-08-19T00:47:01.563Z,,,,
hv2-e002043,hv2-u00555,task_first,hv2:ramp80:80,app_store,note_saved,2026-08-19T00:51:01.563Z,,,n-hv2-u00555,
hv2-e002178,hv2-u00590,task_first,hv2:ramp80:80,referral,revisited,2026-08-19T00:57:16.210Z,,,n-hv2-u00590,
hv2-e002179,hv2-u00590,task_first,hv2:ramp80:80,referral,task_completed,2026-08-19T01:02:16.210Z,,,n-hv2-u00590,t-hv2-u00590-1
hv2-e002826,hv2-u00760,task_first,hv2:ramp80:80,referral,revisited,2026-08-19T01:27:57.258Z,,,n-hv2-u00760,
hv2-e002667,hv2-u00717,task_first,hv2:ramp80:80,referral,assigned,2026-08-19T01:37:28.307Z,,,,
hv2-e002659,hv2-u00715,baseline,hv2:ramp80:80,referral,assigned,2026-08-19T01:41:03.866Z,,,,
hv2-e002668,hv2-u00717,task_first,hv2:ramp80:80,referral,note_saved,2026-08-19T01:41:28.307Z,,,n-hv2-u00717,
hv2-e002669,hv2-u00717,task_first,hv2:ramp80:80,referral,task_created,2026-08-19T01:43:28.307Z,,,n-hv2-u00717,t-hv2-u00717-1
hv2-e002670,hv2-u00717,task_first,hv2:ramp80:80,referral,task_created,2026-08-19T01:44:28.307Z,,,n-hv2-u00717,t-hv2-u00717-2
hv2-e002671,hv2-u00717,task_first,hv2:ramp80:80,referral,task_created,2026-08-19T01:45:28.307Z,,,n-hv2-u00717,t-hv2-u00717-3
hv2-e002678,hv2-u00721,task_first,hv2:ramp80:80,organic_search,assigned,2026-08-19T02:34:20.783Z,,,,
hv2-e002679,hv2-u00721,task_first,hv2:ramp80:80,organic_search,note_saved,2026-08-19T02:38:20.783Z,,,n-hv2-u00721,
hv2-e003029,hv2-u00810,task_first,hv2:ramp80:80,organic_search,assigned,2026-08-19T02:40:30.262Z,,,,
hv2-e002183,hv2-u00591,baseline,hv2:ramp80:80,organic_search,revisited,2026-08-19T02:44:19.563Z,,,n-hv2-u00591,
hv2-e003030,hv2-u00810,task_first,hv2:ramp80:80,organic_search,note_saved,2026-08-19T02:44:30.262Z,,,n-hv2-u00810,
hv2-e003031,hv2-u00810,task_first,hv2:ramp80:80,organic_search,task_created,2026-08-19T02:46:30.262Z,,,n-hv2-u00810,t-hv2-u00810-1
hv2-e003649,hv2-u00963,baseline,hv2:ramp80:80,app_store,revisited,2026-08-19T03:01:03.562Z,,,n-hv2-u00963,
hv2-e003650,hv2-u00963,baseline,hv2:ramp80:80,app_store,task_completed,2026-08-19T03:06:03.562Z,,,n-hv2-u00963,t-hv2-u00963-1
hv2-e003410,hv2-u00906,task_first,hv2:ramp80:80,organic_search,assigned,2026-08-19T03:44:50.169Z,,,,
hv2-e002689,hv2-u00723,baseline,hv2:ramp80:80,app_store,trial_started,2026-08-19T03:46:19.186Z,,,,
hv2-e002079,hv2-u00566,baseline,hv2:ramp80:80,paid_social,revisited,2026-08-19T04:22:13.298Z,,,n-hv2-u00566,
hv2-e002441,hv2-u00661,task_first,hv2:ramp80:80,organic_search,revisited,2026-08-19T04:55:13.467Z,,,n-hv2-u00661,
hv2-e002442,hv2-u00661,task_first,hv2:ramp80:80,organic_search,task_completed,2026-08-19T05:00:13.467Z,,,n-hv2-u00661,t-hv2-u00661-1
hv2-e002971,hv2-u00798,task_first,hv2:ramp80:80,referral,assigned,2026-08-19T05:09:17.889Z,,,,
hv2-e002972,hv2-u00798,task_first,hv2:ramp80:80,referral,note_saved,2026-08-19T05:13:17.889Z,,,n-hv2-u00798,
hv2-e002973,hv2-u00798,task_first,hv2:ramp80:80,referral,task_created,2026-08-19T05:15:17.889Z,,,n-hv2-u00798,t-hv2-u00798-1
hv2-e003576,hv2-u00946,task_first,hv2:ramp80:80,app_store,assigned,2026-08-19T05:45:58.492Z,,,,
hv2-e003577,hv2-u00946,task_first,hv2:ramp80:80,app_store,note_saved,2026-08-19T05:49:58.492Z,,,n-hv2-u00946,
hv2-e003578,hv2-u00946,task_first,hv2:ramp80:80,app_store,task_created,2026-08-19T05:51:58.492Z,,,n-hv2-u00946,t-hv2-u00946-1
hv2-e003579,hv2-u00946,task_first,hv2:ramp80:80,app_store,task_created,2026-08-19T05:52:58.492Z,,,n-hv2-u00946,t-hv2-u00946-2
hv2-e002961,hv2-u00795,task_first,hv2:ramp80:80,referral,assigned,2026-08-19T07:08:22.226Z,,,,
hv2-e002962,hv2-u00795,task_first,hv2:ramp80:80,referral,note_saved,2026-08-19T07:12:22.226Z,,,n-hv2-u00795,
hv2-e002963,hv2-u00795,task_first,hv2:ramp80:80,referral,task_created,2026-08-19T07:14:22.226Z,,,n-hv2-u00795,t-hv2-u00795-1
hv2-e002964,hv2-u00795,task_first,hv2:ramp80:80,referral,task_created,2026-08-19T07:15:22.226Z,,,n-hv2-u00795,t-hv2-u00795-2
hv2-e002586,hv2-u00697,task_first,hv2:ramp80:80,referral,revisited,2026-08-19T07:37:56.560Z,,,n-hv2-u00697,
hv2-e002587,hv2-u00697,task_first,hv2:ramp80:80,referral,task_completed,2026-08-19T07:42:56.560Z,,,n-hv2-u00697,t-hv2-u00697-1
hv2-e002346,hv2-u00635,task_first,hv2:ramp80:80,referral,trial_started,2026-08-19T08:19:40.249Z,,,,
hv2-e002877,hv2-u00772,task_first,hv2:ramp80:80,organic_search,revisited,2026-08-19T09:08:34.730Z,,,n-hv2-u00772,
hv2-e002878,hv2-u00772,task_first,hv2:ramp80:80,organic_search,task_completed,2026-08-19T09:13:34.730Z,,,n-hv2-u00772,t-hv2-u00772-1
hv2-e003629,hv2-u00958,task_first,hv2:ramp80:80,organic_search,revisited,2026-08-19T09:37:24.385Z,,,n-hv2-u00958,
hv2-e002982,hv2-u00801,task_first,hv2:ramp80:80,referral,assigned,2026-08-19T09:40:58.119Z,,,,
hv2-e003630,hv2-u00958,task_first,hv2:ramp80:80,organic_search,task_completed,2026-08-19T09:42:24.385Z,,,n-hv2-u00958,t-hv2-u00958-1
hv2-e002983,hv2-u00801,task_first,hv2:ramp80:80,referral,note_saved,2026-08-19T09:44:58.119Z,,,n-hv2-u00801,
hv2-e002984,hv2-u00801,task_first,hv2:ramp80:80,referral,task_created,2026-08-19T09:46:58.119Z,,,n-hv2-u00801,t-hv2-u00801-1
hv2-e002985,hv2-u00801,task_first,hv2:ramp80:80,referral,task_created,2026-08-19T09:47:58.119Z,,,n-hv2-u00801,t-hv2-u00801-2
hv2-e002986,hv2-u00801,task_first,hv2:ramp80:80,referral,task_created,2026-08-19T09:48:58.119Z,,,n-hv2-u00801,t-hv2-u00801-3
hv2-e002215,hv2-u00599,task_first,hv2:ramp80:80,referral,revisited,2026-08-19T09:58:18.024Z,,,n-hv2-u00599,
hv2-e003185,hv2-u00848,task_first,hv2:ramp80:80,organic_search,assigned,2026-08-19T09:58:34.509Z,,,,
hv2-e002216,hv2-u00599,task_first,hv2:ramp80:80,referral,task_completed,2026-08-19T10:03:18.024Z,,,n-hv2-u00599,t-hv2-u00599-1
hv2-e003006,hv2-u00805,task_first,hv2:ramp80:80,organic_search,assigned,2026-08-19T10:06:54.101Z,,,,
hv2-e003007,hv2-u00805,task_first,hv2:ramp80:80,organic_search,note_saved,2026-08-19T10:10:54.101Z,,,n-hv2-u00805,
hv2-e003008,hv2-u00805,task_first,hv2:ramp80:80,organic_search,task_created,2026-08-19T10:12:54.101Z,,,n-hv2-u00805,t-hv2-u00805-1
hv2-e003009,hv2-u00805,task_first,hv2:ramp80:80,organic_search,task_created,2026-08-19T10:13:54.101Z,,,n-hv2-u00805,t-hv2-u00805-2
hv2-e003010,hv2-u00805,task_first,hv2:ramp80:80,organic_search,task_created,2026-08-19T10:14:54.101Z,,,n-hv2-u00805,t-hv2-u00805-3
hv2-e003233,hv2-u00858,baseline,hv2:ramp80:80,organic_search,revisited,2026-08-19T10:40:52.925Z,,,n-hv2-u00858,
hv2-e003864,hv2-u01014,task_first,hv2:ramp80:80,referral,assigned,2026-08-19T10:49:30.381Z,,,,
hv2-e003865,hv2-u01014,task_first,hv2:ramp80:80,referral,note_saved,2026-08-19T10:53:30.381Z,,,n-hv2-u01014,
hv2-e003866,hv2-u01014,task_first,hv2:ramp80:80,referral,task_created,2026-08-19T10:55:30.381Z,,,n-hv2-u01014,t-hv2-u01014-1
hv2-e003867,hv2-u01014,task_first,hv2:ramp80:80,referral,task_created,2026-08-19T10:56:30.381Z,,,n-hv2-u01014,t-hv2-u01014-2
hv2-e003868,hv2-u01014,task_first,hv2:ramp80:80,referral,task_created,2026-08-19T10:57:30.381Z,,,n-hv2-u01014,t-hv2-u01014-3
hv2-e003691,hv2-u00974,task_first,hv2:ramp80:80,app_store,assigned,2026-08-19T11:55:36.558Z,,,,
hv2-e003692,hv2-u00974,task_first,hv2:ramp80:80,app_store,note_saved,2026-08-19T11:59:36.558Z,,,n-hv2-u00974,
hv2-e003693,hv2-u00974,task_first,hv2:ramp80:80,app_store,task_created,2026-08-19T12:01:36.558Z,,,n-hv2-u00974,t-hv2-u00974-1
hv2-e003694,hv2-u00974,task_first,hv2:ramp80:80,app_store,task_created,2026-08-19T12:02:36.558Z,,,n-hv2-u00974,t-hv2-u00974-2
hv2-e001995,hv2-u00544,task_first,hv2:ramp80:80,organic_search,revisited,2026-08-19T12:05:46.294Z,,,n-hv2-u00544,
hv2-e002418,hv2-u00657,baseline,hv2:ramp80:80,paid_social,assigned,2026-08-19T12:35:22.164Z,,,,
hv2-e002419,hv2-u00657,baseline,hv2:ramp80:80,paid_social,note_saved,2026-08-19T12:39:22.164Z,,,n-hv2-u00657,
hv2-e002420,hv2-u00657,baseline,hv2:ramp80:80,paid_social,task_created,2026-08-19T12:41:22.164Z,,,n-hv2-u00657,t-hv2-u00657-1
hv2-e002421,hv2-u00657,baseline,hv2:ramp80:80,paid_social,task_created,2026-08-19T12:42:22.164Z,,,n-hv2-u00657,t-hv2-u00657-2
hv2-e003450,hv2-u00915,task_first,hv2:ramp80:80,organic_search,revisited,2026-08-19T12:46:07.662Z,,,n-hv2-u00915,
hv2-e003451,hv2-u00915,task_first,hv2:ramp80:80,organic_search,task_completed,2026-08-19T12:51:07.662Z,,,n-hv2-u00915,t-hv2-u00915-1
hv2-e002196,hv2-u00595,task_first,hv2:ramp80:80,referral,assigned,2026-08-19T13:00:33.635Z,,,,
hv2-e002197,hv2-u00595,task_first,hv2:ramp80:80,referral,note_saved,2026-08-19T13:04:33.635Z,,,n-hv2-u00595,
hv2-e003056,hv2-u00815,task_first,hv2:ramp80:80,referral,trial_started,2026-08-19T13:06:10.155Z,,,,
hv2-e002198,hv2-u00595,task_first,hv2:ramp80:80,referral,task_created,2026-08-19T13:06:33.635Z,,,n-hv2-u00595,t-hv2-u00595-1
hv2-e002199,hv2-u00595,task_first,hv2:ramp80:80,referral,task_created,2026-08-19T13:07:33.635Z,,,n-hv2-u00595,t-hv2-u00595-2
hv2-e002200,hv2-u00595,task_first,hv2:ramp80:80,referral,task_created,2026-08-19T13:08:33.635Z,,,n-hv2-u00595,t-hv2-u00595-3
hv2-e003476,hv2-u00921,task_first,hv2:ramp80:80,organic_search,assigned,2026-08-19T14:05:28.412Z,,,,
hv2-e003477,hv2-u00921,task_first,hv2:ramp80:80,organic_search,note_saved,2026-08-19T14:09:28.412Z,,,n-hv2-u00921,
hv2-e003478,hv2-u00921,task_first,hv2:ramp80:80,organic_search,task_created,2026-08-19T14:11:28.412Z,,,n-hv2-u00921,t-hv2-u00921-1
hv2-e003479,hv2-u00921,task_first,hv2:ramp80:80,organic_search,task_created,2026-08-19T14:12:28.412Z,,,n-hv2-u00921,t-hv2-u00921-2
hv2-e003496,hv2-u00926,task_first,hv2:ramp80:80,app_store,assigned,2026-08-19T14:16:37.256Z,,,,
hv2-e002039,hv2-u00554,task_first,hv2:ramp80:80,referral,revisited,2026-08-19T14:19:58.425Z,,,n-hv2-u00554,
hv2-e003497,hv2-u00926,task_first,hv2:ramp80:80,app_store,note_saved,2026-08-19T14:20:37.256Z,,,n-hv2-u00926,
hv2-e002099,hv2-u00572,task_first,hv2:ramp80:80,referral,assigned,2026-08-19T14:21:42.649Z,,,,
hv2-e003498,hv2-u00926,task_first,hv2:ramp80:80,app_store,task_created,2026-08-19T14:22:37.256Z,,,n-hv2-u00926,t-hv2-u00926-1
hv2-e002040,hv2-u00554,task_first,hv2:ramp80:80,referral,task_completed,2026-08-19T14:24:58.425Z,,,n-hv2-u00554,t-hv2-u00554-1
hv2-e002100,hv2-u00572,task_first,hv2:ramp80:80,referral,note_saved,2026-08-19T14:25:42.649Z,,,n-hv2-u00572,
hv2-e003361,hv2-u00894,task_first,hv2:ramp80:80,paid_social,assigned,2026-08-19T14:32:38.954Z,,,,
hv2-e003192,hv2-u00850,task_first,hv2:ramp80:80,referral,assigned,2026-08-19T14:35:26.574Z,,,,
hv2-e003362,hv2-u00894,task_first,hv2:ramp80:80,paid_social,note_saved,2026-08-19T14:36:38.954Z,,,n-hv2-u00894,
hv2-e003363,hv2-u00894,task_first,hv2:ramp80:80,paid_social,task_created,2026-08-19T14:38:38.954Z,,,n-hv2-u00894,t-hv2-u00894-1
hv2-e003193,hv2-u00850,task_first,hv2:ramp80:80,referral,note_saved,2026-08-19T14:39:26.574Z,,,n-hv2-u00850,
hv2-e003194,hv2-u00850,task_first,hv2:ramp80:80,referral,task_created,2026-08-19T14:41:26.574Z,,,n-hv2-u00850,t-hv2-u00850-1
hv2-e003195,hv2-u00850,task_first,hv2:ramp80:80,referral,task_created,2026-08-19T14:42:26.574Z,,,n-hv2-u00850,t-hv2-u00850-2
hv2-e002598,hv2-u00700,task_first,hv2:ramp80:80,paid_social,assigned,2026-08-19T15:35:30.735Z,,,,
hv2-e003079,hv2-u00819,baseline,hv2:ramp80:80,organic_search,revisited,2026-08-19T15:38:55.475Z,,,n-hv2-u00819,
hv2-e003080,hv2-u00819,baseline,hv2:ramp80:80,organic_search,task_completed,2026-08-19T15:43:55.475Z,,,n-hv2-u00819,t-hv2-u00819-1
hv2-e003771,hv2-u00992,task_first,hv2:ramp80:80,app_store,revisited,2026-08-19T16:53:39.969Z,,,n-hv2-u00992,
hv2-e003663,hv2-u00967,task_first,hv2:ramp80:80,organic_search,trial_started,2026-08-19T17:29:59.982Z,,,,
hv2-e002471,hv2-u00666,task_first,hv2:ramp80:80,organic_search,assigned,2026-08-19T17:34:17.332Z,,,,
hv2-e002472,hv2-u00666,task_first,hv2:ramp80:80,organic_search,note_saved,2026-08-19T17:38:17.332Z,,,n-hv2-u00666,
hv2-e002473,hv2-u00666,task_first,hv2:ramp80:80,organic_search,task_created,2026-08-19T17:40:17.332Z,,,n-hv2-u00666,t-hv2-u00666-1
hv2-e003291,hv2-u00875,baseline,hv2:ramp80:80,organic_search,revisited,2026-08-19T17:52:20.104Z,,,n-hv2-u00875,
hv2-e002549,hv2-u00689,task_first,hv2:ramp80:80,organic_search,assigned,2026-08-19T18:10:17.770Z,,,,
hv2-e002550,hv2-u00689,task_first,hv2:ramp80:80,organic_search,note_saved,2026-08-19T18:14:17.770Z,,,n-hv2-u00689,
hv2-e002551,hv2-u00689,task_first,hv2:ramp80:80,organic_search,task_created,2026-08-19T18:16:17.770Z,,,n-hv2-u00689,t-hv2-u00689-1
hv2-e002552,hv2-u00689,task_first,hv2:ramp80:80,organic_search,task_created,2026-08-19T18:17:17.770Z,,,n-hv2-u00689,t-hv2-u00689-2
hv2-e003250,hv2-u00863,task_first,hv2:ramp80:80,referral,assigned,2026-08-19T18:31:01.511Z,,,,
hv2-e003251,hv2-u00863,task_first,hv2:ramp80:80,referral,note_saved,2026-08-19T18:35:01.511Z,,,n-hv2-u00863,
hv2-e003252,hv2-u00863,task_first,hv2:ramp80:80,referral,task_created,2026-08-19T18:37:01.511Z,,,n-hv2-u00863,t-hv2-u00863-1
hv2-e003253,hv2-u00863,task_first,hv2:ramp80:80,referral,task_created,2026-08-19T18:38:01.511Z,,,n-hv2-u00863,t-hv2-u00863-2
hv2-e002003,hv2-u00545,task_first,hv2:ramp80:80,app_store,revisited,2026-08-19T19:30:40.331Z,,,n-hv2-u00545,
hv2-e002004,hv2-u00545,task_first,hv2:ramp80:80,app_store,task_completed,2026-08-19T19:35:40.331Z,,,n-hv2-u00545,t-hv2-u00545-1
hv2-e003594,hv2-u00949,task_first,hv2:ramp80:80,organic_search,revisited,2026-08-19T19:48:15.948Z,,,n-hv2-u00949,
hv2-e000615,hv2-u00166,baseline,hv2:ramp20:20,organic_search,paid,2026-08-19T19:51:21.411Z,10.00,XTS,,
hv2-e003181,hv2-u00847,task_first,hv2:ramp80:80,organic_search,assigned,2026-08-19T20:03:19.553Z,,,,
hv2-e003182,hv2-u00847,task_first,hv2:ramp80:80,organic_search,note_saved,2026-08-19T20:07:19.553Z,,,n-hv2-u00847,
hv2-e003183,hv2-u00847,task_first,hv2:ramp80:80,organic_search,task_created,2026-08-19T20:09:19.553Z,,,n-hv2-u00847,t-hv2-u00847-1
hv2-e003184,hv2-u00847,task_first,hv2:ramp80:80,organic_search,task_created,2026-08-19T20:10:19.553Z,,,n-hv2-u00847,t-hv2-u00847-2
hv2-e003350,hv2-u00891,task_first,hv2:ramp80:80,app_store,assigned,2026-08-19T20:12:29.795Z,,,,
hv2-e003217,hv2-u00855,baseline,hv2:ramp80:80,paid_social,assigned,2026-08-19T20:13:36.140Z,,,,
hv2-e003351,hv2-u00891,task_first,hv2:ramp80:80,app_store,note_saved,2026-08-19T20:16:29.795Z,,,n-hv2-u00891,
hv2-e003218,hv2-u00855,baseline,hv2:ramp80:80,paid_social,note_saved,2026-08-19T20:17:36.140Z,,,n-hv2-u00855,
hv2-e003352,hv2-u00891,task_first,hv2:ramp80:80,app_store,task_created,2026-08-19T20:18:29.795Z,,,n-hv2-u00891,t-hv2-u00891-1
hv2-e003219,hv2-u00855,baseline,hv2:ramp80:80,paid_social,task_created,2026-08-19T20:19:36.140Z,,,n-hv2-u00855,t-hv2-u00855-1
hv2-e003220,hv2-u00855,baseline,hv2:ramp80:80,paid_social,task_created,2026-08-19T20:20:36.140Z,,,n-hv2-u00855,t-hv2-u00855-2
hv2-e003221,hv2-u00855,baseline,hv2:ramp80:80,paid_social,task_created,2026-08-19T20:21:36.140Z,,,n-hv2-u00855,t-hv2-u00855-3
hv2-e003721,hv2-u00981,task_first,hv2:ramp80:80,app_store,assigned,2026-08-19T20:24:43.049Z,,,,
hv2-e003722,hv2-u00981,task_first,hv2:ramp80:80,app_store,note_saved,2026-08-19T20:28:43.049Z,,,n-hv2-u00981,
hv2-e003723,hv2-u00981,task_first,hv2:ramp80:80,app_store,task_created,2026-08-19T20:30:43.049Z,,,n-hv2-u00981,t-hv2-u00981-1
hv2-e003724,hv2-u00981,task_first,hv2:ramp80:80,app_store,task_created,2026-08-19T20:31:43.049Z,,,n-hv2-u00981,t-hv2-u00981-2
hv2-e003725,hv2-u00981,task_first,hv2:ramp80:80,app_store,task_created,2026-08-19T20:32:43.049Z,,,n-hv2-u00981,t-hv2-u00981-3
hv2-e003097,hv2-u00826,baseline,hv2:ramp80:80,organic_search,assigned,2026-08-19T21:03:56.454Z,,,,
hv2-e003098,hv2-u00826,baseline,hv2:ramp80:80,organic_search,note_saved,2026-08-19T21:07:56.454Z,,,n-hv2-u00826,
hv2-e003099,hv2-u00826,baseline,hv2:ramp80:80,organic_search,task_created,2026-08-19T21:09:56.454Z,,,n-hv2-u00826,t-hv2-u00826-1
hv2-e003100,hv2-u00826,baseline,hv2:ramp80:80,organic_search,task_created,2026-08-19T21:10:56.454Z,,,n-hv2-u00826,t-hv2-u00826-2
hv2-e001946,hv2-u00533,task_first,hv2:ramp80:80,organic_search,assigned,2026-08-19T21:22:08.659Z,,,,
hv2-e001947,hv2-u00533,task_first,hv2:ramp80:80,organic_search,note_saved,2026-08-19T21:26:08.659Z,,,n-hv2-u00533,
hv2-e001948,hv2-u00533,task_first,hv2:ramp80:80,organic_search,task_created,2026-08-19T21:28:08.659Z,,,n-hv2-u00533,t-hv2-u00533-1
hv2-e001949,hv2-u00533,task_first,hv2:ramp80:80,organic_search,task_created,2026-08-19T21:29:08.659Z,,,n-hv2-u00533,t-hv2-u00533-2
hv2-e001950,hv2-u00533,task_first,hv2:ramp80:80,organic_search,task_created,2026-08-19T21:30:08.659Z,,,n-hv2-u00533,t-hv2-u00533-3
hv2-e003034,hv2-u00811,task_first,hv2:ramp80:80,referral,assigned,2026-08-19T21:41:38.050Z,,,,
hv2-e003035,hv2-u00811,task_first,hv2:ramp80:80,referral,note_saved,2026-08-19T21:45:38.050Z,,,n-hv2-u00811,
hv2-e003036,hv2-u00811,task_first,hv2:ramp80:80,referral,task_created,2026-08-19T21:47:38.050Z,,,n-hv2-u00811,t-hv2-u00811-1
hv2-e003037,hv2-u00811,task_first,hv2:ramp80:80,referral,task_created,2026-08-19T21:48:38.050Z,,,n-hv2-u00811,t-hv2-u00811-2
hv2-e003038,hv2-u00811,task_first,hv2:ramp80:80,referral,task_created,2026-08-19T21:49:38.050Z,,,n-hv2-u00811,t-hv2-u00811-3
hv2-e003803,hv2-u00999,task_first,hv2:ramp80:80,app_store,assigned,2026-08-19T22:02:32Z,,,,
hv2-e003804,hv2-u00999,task_first,hv2:ramp80:80,app_store,note_saved,2026-08-19T22:06:32Z,,,n-hv2-u00999,
hv2-e003805,hv2-u00999,task_first,hv2:ramp80:80,app_store,task_created,2026-08-19T22:08:32Z,,,n-hv2-u00999,t-hv2-u00999-1
hv2-e003660,hv2-u00966,task_first,hv2:ramp80:80,organic_search,assigned,2026-08-19T22:39:23.460Z,,,,
hv2-e003661,hv2-u00966,task_first,hv2:ramp80:80,organic_search,note_saved,2026-08-19T22:43:23.460Z,,,n-hv2-u00966,
hv2-e003157,hv2-u00841,task_first,hv2:ramp80:80,organic_search,revisited,2026-08-19T23:52:04.735Z,,,n-hv2-u00841,
hv2-e003158,hv2-u00841,task_first,hv2:ramp80:80,organic_search,task_completed,2026-08-19T23:57:04.735Z,,,n-hv2-u00841,t-hv2-u00841-1
hv2-e002543,hv2-u00687,task_first,hv2:ramp80:80,app_store,revisited,2026-08-19T23:58:59.588Z,,,n-hv2-u00687,
hv2-e001900,hv2-u00522,task_first,hv2:ramp80:80,organic_search,assigned,2026-08-20T00:29:35.289Z,,,,
hv2-e001901,hv2-u00522,task_first,hv2:ramp80:80,organic_search,note_saved,2026-08-20T00:33:35.289Z,,,n-hv2-u00522,
hv2-e001902,hv2-u00522,task_first,hv2:ramp80:80,organic_search,task_created,2026-08-20T00:35:35.289Z,,,n-hv2-u00522,t-hv2-u00522-1
hv2-e002044,hv2-u00555,task_first,hv2:ramp80:80,app_store,revisited,2026-08-20T00:47:01.563Z,,,n-hv2-u00555,
hv2-e002065,hv2-u00561,task_first,hv2:ramp80:80,organic_search,revisited,2026-08-20T00:51:42.053Z,,,n-hv2-u00561,
hv2-e002066,hv2-u00561,task_first,hv2:ramp80:80,organic_search,task_completed,2026-08-20T00:56:42.053Z,,,n-hv2-u00561,t-hv2-u00561-1
hv2-e002432,hv2-u00660,task_first,hv2:ramp80:80,referral,assigned,2026-08-20T01:44:45.284Z,,,,
hv2-e002433,hv2-u00660,task_first,hv2:ramp80:80,referral,note_saved,2026-08-20T01:48:45.284Z,,,n-hv2-u00660,
hv2-e002434,hv2-u00660,task_first,hv2:ramp80:80,referral,task_created,2026-08-20T01:50:45.284Z,,,n-hv2-u00660,t-hv2-u00660-1
hv2-e002435,hv2-u00660,task_first,hv2:ramp80:80,referral,task_created,2026-08-20T01:51:45.284Z,,,n-hv2-u00660,t-hv2-u00660-2
hv2-e002739,hv2-u00736,task_first,hv2:ramp80:80,paid_social,assigned,2026-08-20T02:28:19.302Z,,,,
hv2-e002118,hv2-u00578,task_first,hv2:ramp80:80,referral,assigned,2026-08-20T02:31:46.709Z,,,,
hv2-e002740,hv2-u00736,task_first,hv2:ramp80:80,paid_social,note_saved,2026-08-20T02:32:19.302Z,,,n-hv2-u00736,
hv2-e002741,hv2-u00736,task_first,hv2:ramp80:80,paid_social,task_created,2026-08-20T02:34:19.302Z,,,n-hv2-u00736,t-hv2-u00736-1
hv2-e002742,hv2-u00736,task_first,hv2:ramp80:80,paid_social,task_created,2026-08-20T02:35:19.302Z,,,n-hv2-u00736,t-hv2-u00736-2
hv2-e002119,hv2-u00578,task_first,hv2:ramp80:80,referral,note_saved,2026-08-20T02:35:46.709Z,,,n-hv2-u00578,
hv2-e002743,hv2-u00736,task_first,hv2:ramp80:80,paid_social,task_created,2026-08-20T02:36:19.302Z,,,n-hv2-u00736,t-hv2-u00736-3
hv2-e002120,hv2-u00578,task_first,hv2:ramp80:80,referral,task_created,2026-08-20T02:37:46.709Z,,,n-hv2-u00578,t-hv2-u00578-1
hv2-e002807,hv2-u00754,baseline,hv2:ramp80:80,referral,revisited,2026-08-20T02:57:47.651Z,,,n-hv2-u00754,
hv2-e002746,hv2-u00738,baseline,hv2:ramp80:80,referral,assigned,2026-08-20T03:08:19.291Z,,,,
hv2-e003600,hv2-u00951,baseline,hv2:ramp80:80,referral,assigned,2026-08-20T03:11:02.487Z,,,,
hv2-e002747,hv2-u00738,baseline,hv2:ramp80:80,referral,note_saved,2026-08-20T03:12:19.291Z,,,n-hv2-u00738,
hv2-e003601,hv2-u00951,baseline,hv2:ramp80:80,referral,note_saved,2026-08-20T03:15:02.487Z,,,n-hv2-u00951,
hv2-e003397,hv2-u00903,task_first,hv2:ramp80:80,referral,assigned,2026-08-20T03:18:10.141Z,,,,
hv2-e003398,hv2-u00903,task_first,hv2:ramp80:80,referral,note_saved,2026-08-20T03:22:10.141Z,,,n-hv2-u00903,
hv2-e003399,hv2-u00903,task_first,hv2:ramp80:80,referral,task_created,2026-08-20T03:24:10.141Z,,,n-hv2-u00903,t-hv2-u00903-1
hv2-e003400,hv2-u00903,task_first,hv2:ramp80:80,referral,task_created,2026-08-20T03:25:10.141Z,,,n-hv2-u00903,t-hv2-u00903-2
hv2-e002224,hv2-u00602,task_first,hv2:ramp80:80,app_store,assigned,2026-08-20T03:25:58.817Z,,,,
hv2-e003401,hv2-u00903,task_first,hv2:ramp80:80,referral,task_created,2026-08-20T03:26:10.141Z,,,n-hv2-u00903,t-hv2-u00903-3
hv2-e002726,hv2-u00732,task_first,hv2:ramp80:80,organic_search,revisited,2026-08-20T03:29:15.386Z,,,n-hv2-u00732,
hv2-e002225,hv2-u00602,task_first,hv2:ramp80:80,app_store,note_saved,2026-08-20T03:29:58.817Z,,,n-hv2-u00602,
hv2-e002226,hv2-u00602,task_first,hv2:ramp80:80,app_store,task_created,2026-08-20T03:31:58.817Z,,,n-hv2-u00602,t-hv2-u00602-1
hv2-e002727,hv2-u00732,task_first,hv2:ramp80:80,organic_search,task_completed,2026-08-20T03:34:15.386Z,,,n-hv2-u00732,t-hv2-u00732-1
hv2-e002332,hv2-u00633,task_first,hv2:ramp80:80,organic_search,assigned,2026-08-20T03:38:29.550Z,,,,
hv2-e002333,hv2-u00633,task_first,hv2:ramp80:80,organic_search,note_saved,2026-08-20T03:42:29.550Z,,,n-hv2-u00633,
hv2-e002334,hv2-u00633,task_first,hv2:ramp80:80,organic_search,task_created,2026-08-20T03:44:29.550Z,,,n-hv2-u00633,t-hv2-u00633-1
hv2-e002653,hv2-u00713,task_first,hv2:ramp80:80,organic_search,trial_started,2026-08-20T03:45:51.183Z,,,,
hv2-e003710,hv2-u00977,task_first,hv2:ramp80:80,referral,assigned,2026-08-20T03:52:50.510Z,,,,
hv2-e003711,hv2-u00977,task_first,hv2:ramp80:80,referral,note_saved,2026-08-20T03:56:50.510Z,,,n-hv2-u00977,
hv2-e003382,hv2-u00899,task_first,hv2:ramp80:80,app_store,assigned,2026-08-20T04:10:46.888Z,,,,
hv2-e003383,hv2-u00899,task_first,hv2:ramp80:80,app_store,note_saved,2026-08-20T04:14:46.888Z,,,n-hv2-u00899,
hv2-e003384,hv2-u00899,task_first,hv2:ramp80:80,app_store,task_created,2026-08-20T04:16:46.888Z,,,n-hv2-u00899,t-hv2-u00899-1
hv2-e003259,hv2-u00865,task_first,hv2:ramp80:80,paid_social,assigned,2026-08-20T04:19:01.242Z,,,,
hv2-e003260,hv2-u00865,task_first,hv2:ramp80:80,paid_social,note_saved,2026-08-20T04:23:01.242Z,,,n-hv2-u00865,
hv2-e003127,hv2-u00832,baseline,hv2:ramp80:80,organic_search,assigned,2026-08-20T04:35:49.995Z,,,,
hv2-e003128,hv2-u00832,baseline,hv2:ramp80:80,organic_search,note_saved,2026-08-20T04:39:49.995Z,,,n-hv2-u00832,
hv2-e002835,hv2-u00763,task_first,hv2:ramp80:80,organic_search,assigned,2026-08-20T04:48:50.035Z,,,,
hv2-e002274,hv2-u00616,task_first,hv2:ramp80:80,organic_search,assigned,2026-08-20T04:49:08.243Z,,,,
hv2-e002275,hv2-u00616,task_first,hv2:ramp80:80,organic_search,note_saved,2026-08-20T04:53:08.243Z,,,n-hv2-u00616,
hv2-e002276,hv2-u00616,task_first,hv2:ramp80:80,organic_search,task_created,2026-08-20T04:55:08.243Z,,,n-hv2-u00616,t-hv2-u00616-1
hv2-e003146,hv2-u00838,task_first,hv2:ramp80:80,referral,assigned,2026-08-20T05:15:00.668Z,,,,
hv2-e002943,hv2-u00790,task_first,hv2:ramp80:80,referral,assigned,2026-08-20T05:46:37.204Z,,,,
hv2-e003115,hv2-u00828,task_first,hv2:ramp80:80,organic_search,revisited,2026-08-20T05:50:24.144Z,,,n-hv2-u00828,
hv2-e002944,hv2-u00790,task_first,hv2:ramp80:80,referral,note_saved,2026-08-20T05:50:37.204Z,,,n-hv2-u00790,
hv2-e002945,hv2-u00790,task_first,hv2:ramp80:80,referral,task_created,2026-08-20T05:52:37.204Z,,,n-hv2-u00790,t-hv2-u00790-1
hv2-e003116,hv2-u00828,task_first,hv2:ramp80:80,organic_search,task_completed,2026-08-20T05:55:24.144Z,,,n-hv2-u00828,t-hv2-u00828-1
hv2-e002097,hv2-u00571,task_first,hv2:ramp80:80,organic_search,assigned,2026-08-20T06:12:40.584Z,,,,
hv2-e002098,hv2-u00571,task_first,hv2:ramp80:80,organic_search,note_saved,2026-08-20T06:16:40.584Z,,,n-hv2-u00571,
hv2-e002456,hv2-u00664,baseline,hv2:ramp80:80,organic_search,assigned,2026-08-20T07:09:46.230Z,,,,
hv2-e002457,hv2-u00664,baseline,hv2:ramp80:80,organic_search,note_saved,2026-08-20T07:13:46.230Z,,,n-hv2-u00664,
hv2-e002458,hv2-u00664,baseline,hv2:ramp80:80,organic_search,task_created,2026-08-20T07:15:46.230Z,,,n-hv2-u00664,t-hv2-u00664-1
hv2-e002459,hv2-u00664,baseline,hv2:ramp80:80,organic_search,task_created,2026-08-20T07:16:46.230Z,,,n-hv2-u00664,t-hv2-u00664-2
hv2-e002460,hv2-u00664,baseline,hv2:ramp80:80,organic_search,task_created,2026-08-20T07:17:46.230Z,,,n-hv2-u00664,t-hv2-u00664-3
hv2-e002318,hv2-u00630,task_first,hv2:ramp80:80,referral,assigned,2026-08-20T07:28:42.141Z,,,,
hv2-e002319,hv2-u00630,task_first,hv2:ramp80:80,referral,note_saved,2026-08-20T07:32:42.141Z,,,n-hv2-u00630,
hv2-e002320,hv2-u00630,task_first,hv2:ramp80:80,referral,task_created,2026-08-20T07:34:42.141Z,,,n-hv2-u00630,t-hv2-u00630-1
hv2-e002321,hv2-u00630,task_first,hv2:ramp80:80,referral,task_created,2026-08-20T07:35:42.141Z,,,n-hv2-u00630,t-hv2-u00630-2
hv2-e002322,hv2-u00630,task_first,hv2:ramp80:80,referral,task_created,2026-08-20T07:36:42.141Z,,,n-hv2-u00630,t-hv2-u00630-3
hv2-e002344,hv2-u00635,task_first,hv2:ramp80:80,referral,revisited,2026-08-20T07:49:40.249Z,,,n-hv2-u00635,
hv2-e002345,hv2-u00635,task_first,hv2:ramp80:80,referral,task_completed,2026-08-20T07:54:40.249Z,,,n-hv2-u00635,t-hv2-u00635-1
hv2-e002291,hv2-u00623,task_first,hv2:ramp80:80,organic_search,assigned,2026-08-20T07:57:02.094Z,,,,
hv2-e003904,hv2-u01024,task_first,hv2:ramp80:80,referral,revisited,2026-08-20T08:43:40.608Z,,,n-hv2-u01024,
hv2-e003905,hv2-u01024,task_first,hv2:ramp80:80,referral,task_completed,2026-08-20T08:48:40.608Z,,,n-hv2-u01024,t-hv2-u01024-1
hv2-e002783,hv2-u00747,baseline,hv2:ramp80:80,organic_search,assigned,2026-08-20T08:56:40.763Z,,,,
hv2-e002784,hv2-u00747,baseline,hv2:ramp80:80,organic_search,note_saved,2026-08-20T09:00:40.763Z,,,n-hv2-u00747,
hv2-e003674,hv2-u00971,task_first,hv2:ramp80:80,paid_social,assigned,2026-08-20T09:18:23.721Z,,,,
hv2-e003675,hv2-u00971,task_first,hv2:ramp80:80,paid_social,note_saved,2026-08-20T09:22:23.721Z,,,n-hv2-u00971,
hv2-e003676,hv2-u00971,task_first,hv2:ramp80:80,paid_social,task_created,2026-08-20T09:24:23.721Z,,,n-hv2-u00971,t-hv2-u00971-1
hv2-e003677,hv2-u00971,task_first,hv2:ramp80:80,paid_social,task_created,2026-08-20T09:25:23.721Z,,,n-hv2-u00971,t-hv2-u00971-2
hv2-e003678,hv2-u00971,task_first,hv2:ramp80:80,paid_social,task_created,2026-08-20T09:26:23.721Z,,,n-hv2-u00971,t-hv2-u00971-3
hv2-e002495,hv2-u00674,task_first,hv2:ramp80:80,organic_search,assigned,2026-08-20T09:29:16.801Z,,,,
hv2-e002496,hv2-u00674,task_first,hv2:ramp80:80,organic_search,note_saved,2026-08-20T09:33:16.801Z,,,n-hv2-u00674,
hv2-e002497,hv2-u00674,task_first,hv2:ramp80:80,organic_search,task_created,2026-08-20T09:35:16.801Z,,,n-hv2-u00674,t-hv2-u00674-1
hv2-e002032,hv2-u00553,baseline,hv2:ramp80:80,paid_social,assigned,2026-08-20T10:07:16.844Z,,,,
hv2-e003216,hv2-u00854,task_first,hv2:ramp80:80,referral,revisited,2026-08-20T10:08:00.662Z,,,n-hv2-u00854,
hv2-e002033,hv2-u00553,baseline,hv2:ramp80:80,paid_social,note_saved,2026-08-20T10:11:16.844Z,,,n-hv2-u00553,
hv2-e002034,hv2-u00553,baseline,hv2:ramp80:80,paid_social,task_created,2026-08-20T10:13:16.844Z,,,n-hv2-u00553,t-hv2-u00553-1
hv2-e002035,hv2-u00553,baseline,hv2:ramp80:80,paid_social,task_created,2026-08-20T10:14:16.844Z,,,n-hv2-u00553,t-hv2-u00553-2
hv2-e002030,hv2-u00552,task_first,hv2:ramp80:80,referral,trial_started,2026-08-20T10:19:19.055Z,,,,
hv2-e003569,hv2-u00943,task_first,hv2:ramp80:80,app_store,revisited,2026-08-20T10:29:51.624Z,,,n-hv2-u00943,
hv2-e003103,hv2-u00827,task_first,hv2:ramp80:80,referral,assigned,2026-08-20T10:32:04.294Z,,,,
hv2-e001992,hv2-u00543,task_first,hv2:ramp80:80,organic_search,assigned,2026-08-20T10:33:52.622Z,,,,
hv2-e003104,hv2-u00827,task_first,hv2:ramp80:80,referral,note_saved,2026-08-20T10:36:04.294Z,,,n-hv2-u00827,
hv2-e003105,hv2-u00827,task_first,hv2:ramp80:80,referral,task_created,2026-08-20T10:38:04.294Z,,,n-hv2-u00827,t-hv2-u00827-1
hv2-e003106,hv2-u00827,task_first,hv2:ramp80:80,referral,task_created,2026-08-20T10:39:04.294Z,,,n-hv2-u00827,t-hv2-u00827-2
hv2-e003107,hv2-u00827,task_first,hv2:ramp80:80,referral,task_created,2026-08-20T10:40:04.294Z,,,n-hv2-u00827,t-hv2-u00827-3
hv2-e002623,hv2-u00707,task_first,hv2:ramp80:80,organic_search,assigned,2026-08-20T11:31:26.110Z,,,,
hv2-e002624,hv2-u00707,task_first,hv2:ramp80:80,organic_search,note_saved,2026-08-20T11:35:26.110Z,,,n-hv2-u00707,
hv2-e002625,hv2-u00707,task_first,hv2:ramp80:80,organic_search,task_created,2026-08-20T11:37:26.110Z,,,n-hv2-u00707,t-hv2-u00707-1
hv2-e002626,hv2-u00707,task_first,hv2:ramp80:80,organic_search,task_created,2026-08-20T11:38:26.110Z,,,n-hv2-u00707,t-hv2-u00707-2
hv2-e001627,hv2-u00452,task_first,hv2:ramp20:20,paid_social,refunded,2026-08-20T12:00:12.214Z,10.00,XTS,,
hv2-e002017,hv2-u00549,task_first,hv2:ramp80:80,organic_search,assigned,2026-08-20T12:23:39.660Z,,,,
hv2-e003695,hv2-u00974,task_first,hv2:ramp80:80,app_store,revisited,2026-08-20T12:25:36.558Z,,,n-hv2-u00974,
hv2-e003696,hv2-u00974,task_first,hv2:ramp80:80,app_store,task_completed,2026-08-20T12:30:36.558Z,,,n-hv2-u00974,t-hv2-u00974-1
hv2-e003043,hv2-u00813,baseline,hv2:ramp80:80,referral,assigned,2026-08-20T13:27:40.112Z,,,,
hv2-e002201,hv2-u00595,task_first,hv2:ramp80:80,referral,revisited,2026-08-20T13:30:33.635Z,,,n-hv2-u00595,
hv2-e002202,hv2-u00595,task_first,hv2:ramp80:80,referral,task_completed,2026-08-20T13:35:33.635Z,,,n-hv2-u00595,t-hv2-u00595-1
hv2-e002272,hv2-u00615,task_first,hv2:ramp80:80,paid_social,assigned,2026-08-20T14:11:03.052Z,,,,
hv2-e002273,hv2-u00615,task_first,hv2:ramp80:80,paid_social,note_saved,2026-08-20T14:15:03.052Z,,,n-hv2-u00615,
hv2-e003045,hv2-u00813,baseline,hv2:ramp80:80,referral,trial_started,2026-08-20T14:27:40.112Z,,,,
hv2-e002892,hv2-u00776,task_first,hv2:ramp80:80,referral,assigned,2026-08-20T14:37:11.197Z,,,,
hv2-e002987,hv2-u00802,task_first,hv2:ramp80:80,organic_search,assigned,2026-08-20T14:42:05.570Z,,,,
hv2-e002988,hv2-u00802,task_first,hv2:ramp80:80,organic_search,note_saved,2026-08-20T14:46:05.570Z,,,n-hv2-u00802,
hv2-e003096,hv2-u00825,task_first,hv2:ramp80:80,referral,revisited,2026-08-20T14:46:45.798Z,,,n-hv2-u00825,
hv2-e002989,hv2-u00802,task_first,hv2:ramp80:80,organic_search,task_created,2026-08-20T14:48:05.570Z,,,n-hv2-u00802,t-hv2-u00802-1
hv2-e002990,hv2-u00802,task_first,hv2:ramp80:80,organic_search,task_created,2026-08-20T14:49:05.570Z,,,n-hv2-u00802,t-hv2-u00802-2
hv2-e002991,hv2-u00802,task_first,hv2:ramp80:80,organic_search,task_created,2026-08-20T14:50:05.570Z,,,n-hv2-u00802,t-hv2-u00802-3
hv2-e003196,hv2-u00850,task_first,hv2:ramp80:80,referral,revisited,2026-08-20T15:05:26.574Z,,,n-hv2-u00850,
hv2-e002735,hv2-u00734,task_first,hv2:ramp80:80,referral,revisited,2026-08-20T15:08:52.024Z,,,n-hv2-u00734,
hv2-e003197,hv2-u00850,task_first,hv2:ramp80:80,referral,task_completed,2026-08-20T15:10:26.574Z,,,n-hv2-u00850,t-hv2-u00850-1
hv2-e002736,hv2-u00734,task_first,hv2:ramp80:80,referral,task_completed,2026-08-20T15:13:52.024Z,,,n-hv2-u00734,t-hv2-u00734-1
hv2-e003138,hv2-u00836,task_first,hv2:ramp80:80,referral,assigned,2026-08-20T15:55:21.226Z,,,,
hv2-e002478,hv2-u00668,task_first,hv2:ramp80:80,organic_search,assigned,2026-08-20T15:59:31.678Z,,,,
hv2-e002479,hv2-u00668,task_first,hv2:ramp80:80,organic_search,note_saved,2026-08-20T16:03:31.678Z,,,n-hv2-u00668,
hv2-e002480,hv2-u00668,task_first,hv2:ramp80:80,organic_search,task_created,2026-08-20T16:05:31.678Z,,,n-hv2-u00668,t-hv2-u00668-1
hv2-e002481,hv2-u00668,task_first,hv2:ramp80:80,organic_search,task_created,2026-08-20T16:06:31.678Z,,,n-hv2-u00668,t-hv2-u00668-2
hv2-e003607,hv2-u00952,task_first,hv2:ramp80:80,organic_search,revisited,2026-08-20T16:19:02.791Z,,,n-hv2-u00952,
hv2-e003608,hv2-u00952,task_first,hv2:ramp80:80,organic_search,task_completed,2026-08-20T16:24:02.791Z,,,n-hv2-u00952,t-hv2-u00952-1
hv2-e000140,hv2-u00041,task_first,hv2:ramp20:20,organic_search,paid,2026-08-20T16:54:21.247Z,10.00,XTS,,
hv2-e003863,hv2-u01013,task_first,hv2:ramp80:80,organic_search,trial_started,2026-08-20T17:10:00.599Z,,,,
hv2-e001967,hv2-u00538,task_first,hv2:ramp80:80,organic_search,assigned,2026-08-20T18:08:01.260Z,,,,
hv2-e002553,hv2-u00689,task_first,hv2:ramp80:80,organic_search,revisited,2026-08-20T18:10:17.770Z,,,n-hv2-u00689,
hv2-e001968,hv2-u00538,task_first,hv2:ramp80:80,organic_search,note_saved,2026-08-20T18:12:01.260Z,,,n-hv2-u00538,
hv2-e002749,hv2-u00739,task_first,hv2:ramp80:80,referral,assigned,2026-08-20T18:18:02.113Z,,,,
hv2-e002750,hv2-u00739,task_first,hv2:ramp80:80,referral,note_saved,2026-08-20T18:22:02.113Z,,,n-hv2-u00739,
hv2-e002751,hv2-u00739,task_first,hv2:ramp80:80,referral,task_created,2026-08-20T18:24:02.113Z,,,n-hv2-u00739,t-hv2-u00739-1
hv2-e002635,hv2-u00709,task_first,hv2:ramp80:80,referral,assigned,2026-08-20T18:58:06.960Z,,,,
hv2-e002636,hv2-u00709,task_first,hv2:ramp80:80,referral,note_saved,2026-08-20T19:02:06.960Z,,,n-hv2-u00709,
hv2-e003930,hv2-u01032,baseline,hv2:ramp80:80,app_store,assigned,2026-08-20T19:14:08.181Z,,,,
hv2-e003931,hv2-u01032,baseline,hv2:ramp80:80,app_store,note_saved,2026-08-20T19:18:08.181Z,,,n-hv2-u01032,
hv2-e003191,hv2-u00849,baseline,hv2:ramp80:80,organic_search,revisited,2026-08-20T20:45:21.964Z,,,n-hv2-u00849,
hv2-e002903,hv2-u00779,task_first,hv2:ramp80:80,organic_search,revisited,2026-08-20T20:46:20.104Z,,,n-hv2-u00779,
hv2-e002904,hv2-u00779,task_first,hv2:ramp80:80,organic_search,task_completed,2026-08-20T20:51:20.104Z,,,n-hv2-u00779,t-hv2-u00779-1
hv2-e002608,hv2-u00703,task_first,hv2:ramp80:80,organic_search,assigned,2026-08-20T21:33:46.311Z,,,,
hv2-e002609,hv2-u00703,task_first,hv2:ramp80:80,organic_search,note_saved,2026-08-20T21:37:46.311Z,,,n-hv2-u00703,
hv2-e002610,hv2-u00703,task_first,hv2:ramp80:80,organic_search,task_created,2026-08-20T21:39:46.311Z,,,n-hv2-u00703,t-hv2-u00703-1
hv2-e002611,hv2-u00703,task_first,hv2:ramp80:80,organic_search,task_created,2026-08-20T21:40:46.311Z,,,n-hv2-u00703,t-hv2-u00703-2
hv2-e002556,hv2-u00690,task_first,hv2:ramp80:80,organic_search,revisited,2026-08-20T22:06:41.353Z,,,n-hv2-u00690,
hv2-e003039,hv2-u00811,task_first,hv2:ramp80:80,referral,revisited,2026-08-20T22:11:38.050Z,,,n-hv2-u00811,
hv2-e003040,hv2-u00811,task_first,hv2:ramp80:80,referral,task_completed,2026-08-20T22:16:38.050Z,,,n-hv2-u00811,t-hv2-u00811-1
hv2-e003414,hv2-u00908,task_first,hv2:ramp80:80,referral,assigned,2026-08-20T22:30:45.476Z,,,,
hv2-e003415,hv2-u00908,task_first,hv2:ramp80:80,referral,note_saved,2026-08-20T22:34:45.476Z,,,n-hv2-u00908,
hv2-e003416,hv2-u00908,task_first,hv2:ramp80:80,referral,task_created,2026-08-20T22:36:45.476Z,,,n-hv2-u00908,t-hv2-u00908-1
hv2-e003507,hv2-u00928,task_first,hv2:ramp80:80,organic_search,paid,2026-08-20T22:42:21.171Z,10.00,XTS,,
hv2-e002396,hv2-u00650,task_first,hv2:ramp80:80,referral,assigned,2026-08-20T22:42:34.189Z,,,,
hv2-e002397,hv2-u00650,task_first,hv2:ramp80:80,referral,note_saved,2026-08-20T22:46:34.189Z,,,n-hv2-u00650,
hv2-e002025,hv2-u00551,task_first,hv2:ramp80:80,organic_search,revisited,2026-08-20T22:55:20.407Z,,,n-hv2-u00551,
hv2-e002026,hv2-u00551,task_first,hv2:ramp80:80,organic_search,task_completed,2026-08-20T23:00:20.407Z,,,n-hv2-u00551,t-hv2-u00551-1
hv2-e003419,hv2-u00908,task_first,hv2:ramp80:80,referral,trial_started,2026-08-20T23:30:45.476Z,,,,
hv2-e003669,hv2-u00970,task_first,hv2:ramp80:80,organic_search,assigned,2026-08-20T23:36:48.183Z,,,,
hv2-e003670,hv2-u00970,task_first,hv2:ramp80:80,organic_search,note_saved,2026-08-20T23:40:48.183Z,,,n-hv2-u00970,
hv2-e003671,hv2-u00970,task_first,hv2:ramp80:80,organic_search,task_created,2026-08-20T23:42:48.183Z,,,n-hv2-u00970,t-hv2-u00970-1
hv2-e003672,hv2-u00970,task_first,hv2:ramp80:80,organic_search,task_created,2026-08-20T23:43:48.183Z,,,n-hv2-u00970,t-hv2-u00970-2
hv2-e002153,hv2-u00584,baseline,hv2:ramp80:80,referral,revisited,2026-08-21T00:20:35.707Z,,,n-hv2-u00584,
hv2-e002154,hv2-u00584,baseline,hv2:ramp80:80,referral,task_completed,2026-08-21T00:25:35.707Z,,,n-hv2-u00584,t-hv2-u00584-1
hv2-e002762,hv2-u00741,task_first,hv2:ramp80:80,paid_social,assigned,2026-08-21T00:29:43.331Z,,,,
hv2-e003853,hv2-u01012,task_first,hv2:ramp80:80,app_store,assigned,2026-08-21T00:32:07.981Z,,,,
hv2-e002763,hv2-u00741,task_first,hv2:ramp80:80,paid_social,note_saved,2026-08-21T00:33:43.331Z,,,n-hv2-u00741,
hv2-e002764,hv2-u00741,task_first,hv2:ramp80:80,paid_social,task_created,2026-08-21T00:35:43.331Z,,,n-hv2-u00741,t-hv2-u00741-1
hv2-e003854,hv2-u01012,task_first,hv2:ramp80:80,app_store,note_saved,2026-08-21T00:36:07.981Z,,,n-hv2-u01012,
hv2-e003673,hv2-u00970,task_first,hv2:ramp80:80,organic_search,trial_started,2026-08-21T00:36:48.183Z,,,,
hv2-e003855,hv2-u01012,task_first,hv2:ramp80:80,app_store,task_created,2026-08-21T00:38:07.981Z,,,n-hv2-u01012,t-hv2-u01012-1
hv2-e003856,hv2-u01012,task_first,hv2:ramp80:80,app_store,task_created,2026-08-21T00:39:07.981Z,,,n-hv2-u01012,t-hv2-u01012-2
hv2-e001951,hv2-u00534,task_first,hv2:ramp80:80,app_store,assigned,2026-08-21T00:42:38.006Z,,,,
hv2-e003164,hv2-u00843,task_first,hv2:ramp80:80,app_store,assigned,2026-08-21T00:44:31.434Z,,,,
hv2-e001952,hv2-u00534,task_first,hv2:ramp80:80,app_store,note_saved,2026-08-21T00:46:38.006Z,,,n-hv2-u00534,
hv2-e003165,hv2-u00843,task_first,hv2:ramp80:80,app_store,note_saved,2026-08-21T00:48:31.434Z,,,n-hv2-u00843,
hv2-e001953,hv2-u00534,task_first,hv2:ramp80:80,app_store,task_created,2026-08-21T00:48:38.006Z,,,n-hv2-u00534,t-hv2-u00534-1
hv2-e001954,hv2-u00534,task_first,hv2:ramp80:80,app_store,task_created,2026-08-21T00:49:38.006Z,,,n-hv2-u00534,t-hv2-u00534-2
hv2-e003166,hv2-u00843,task_first,hv2:ramp80:80,app_store,task_created,2026-08-21T00:50:31.434Z,,,n-hv2-u00843,t-hv2-u00843-1
hv2-e001955,hv2-u00534,task_first,hv2:ramp80:80,app_store,task_created,2026-08-21T00:50:38.006Z,,,n-hv2-u00534,t-hv2-u00534-3
hv2-e003167,hv2-u00843,task_first,hv2:ramp80:80,app_store,task_created,2026-08-21T00:51:31.434Z,,,n-hv2-u00843,t-hv2-u00843-2
hv2-e002533,hv2-u00684,task_first,hv2:ramp80:80,referral,assigned,2026-08-21T01:15:06.514Z,,,,
hv2-e002368,hv2-u00642,baseline,hv2:ramp80:80,referral,assigned,2026-08-21T01:15:11.409Z,,,,
hv2-e002534,hv2-u00684,task_first,hv2:ramp80:80,referral,note_saved,2026-08-21T01:19:06.514Z,,,n-hv2-u00684,
hv2-e002369,hv2-u00642,baseline,hv2:ramp80:80,referral,note_saved,2026-08-21T01:19:11.409Z,,,n-hv2-u00642,
hv2-e002370,hv2-u00642,baseline,hv2:ramp80:80,referral,task_created,2026-08-21T01:21:11.409Z,,,n-hv2-u00642,t-hv2-u00642-1
hv2-e003014,hv2-u00807,task_first,hv2:ramp80:80,referral,assigned,2026-08-21T01:48:25.581Z,,,,
hv2-e003015,hv2-u00807,task_first,hv2:ramp80:80,referral,note_saved,2026-08-21T01:52:25.581Z,,,n-hv2-u00807,
hv2-e003238,hv2-u00861,baseline,hv2:ramp80:80,organic_search,assigned,2026-08-21T01:53:56.764Z,,,,
hv2-e003239,hv2-u00861,baseline,hv2:ramp80:80,organic_search,note_saved,2026-08-21T01:57:56.764Z,,,n-hv2-u00861,
hv2-e003240,hv2-u00861,baseline,hv2:ramp80:80,organic_search,task_created,2026-08-21T01:59:56.764Z,,,n-hv2-u00861,t-hv2-u00861-1
hv2-e003241,hv2-u00861,baseline,hv2:ramp80:80,organic_search,task_created,2026-08-21T02:00:56.764Z,,,n-hv2-u00861,t-hv2-u00861-2
hv2-e003242,hv2-u00861,baseline,hv2:ramp80:80,organic_search,task_created,2026-08-21T02:01:56.764Z,,,n-hv2-u00861,t-hv2-u00861-3
hv2-e002672,hv2-u00717,task_first,hv2:ramp80:80,referral,revisited,2026-08-21T02:07:28.307Z,,,n-hv2-u00717,
hv2-e003340,hv2-u00888,task_first,hv2:ramp80:80,app_store,assigned,2026-08-21T02:08:41.623Z,,,,
hv2-e002673,hv2-u00717,task_first,hv2:ramp80:80,referral,task_completed,2026-08-21T02:12:28.307Z,,,n-hv2-u00717,t-hv2-u00717-1
hv2-e003341,hv2-u00888,task_first,hv2:ramp80:80,app_store,note_saved,2026-08-21T02:12:41.623Z,,,n-hv2-u00888,
hv2-e003342,hv2-u00888,task_first,hv2:ramp80:80,app_store,task_created,2026-08-21T02:14:41.623Z,,,n-hv2-u00888,t-hv2-u00888-1
hv2-e002436,hv2-u00660,task_first,hv2:ramp80:80,referral,revisited,2026-08-21T02:14:45.284Z,,,n-hv2-u00660,
hv2-e003343,hv2-u00888,task_first,hv2:ramp80:80,app_store,task_created,2026-08-21T02:15:41.623Z,,,n-hv2-u00888,t-hv2-u00888-2
hv2-e003344,hv2-u00888,task_first,hv2:ramp80:80,app_store,task_created,2026-08-21T02:16:41.623Z,,,n-hv2-u00888,t-hv2-u00888-3
hv2-e002745,hv2-u00737,task_first,hv2:ramp80:80,organic_search,assigned,2026-08-21T02:17:22.644Z,,,,
hv2-e003757,hv2-u00990,task_first,hv2:ramp80:80,organic_search,assigned,2026-08-21T02:19:08.580Z,,,,
hv2-e002437,hv2-u00660,task_first,hv2:ramp80:80,referral,task_completed,2026-08-21T02:19:45.284Z,,,n-hv2-u00660,t-hv2-u00660-1
hv2-e003758,hv2-u00990,task_first,hv2:ramp80:80,organic_search,note_saved,2026-08-21T02:23:08.580Z,,,n-hv2-u00990,
hv2-e003759,hv2-u00990,task_first,hv2:ramp80:80,organic_search,task_created,2026-08-21T02:25:08.580Z,,,n-hv2-u00990,t-hv2-u00990-1
hv2-e002744,hv2-u00736,task_first,hv2:ramp80:80,paid_social,revisited,2026-08-21T02:28:19.302Z,,,n-hv2-u00736,
hv2-e002728,hv2-u00733,baseline,hv2:ramp80:80,organic_search,assigned,2026-08-21T02:36:57.082Z,,,,
hv2-e003334,hv2-u00887,task_first,hv2:ramp80:80,organic_search,assigned,2026-08-21T02:39:50.339Z,,,,
hv2-e000487,hv2-u00136,task_first,hv2:ramp20:20,app_store,paid,2026-08-21T02:40:44.539Z,10.00,XTS,,
hv2-e002729,hv2-u00733,baseline,hv2:ramp80:80,organic_search,note_saved,2026-08-21T02:40:57.082Z,,,n-hv2-u00733,
hv2-e003335,hv2-u00887,task_first,hv2:ramp80:80,organic_search,note_saved,2026-08-21T02:43:50.339Z,,,n-hv2-u00887,
hv2-e003482,hv2-u00922,task_first,hv2:ramp80:80,app_store,assigned,2026-08-21T02:44:53.790Z,,,,
hv2-e003336,hv2-u00887,task_first,hv2:ramp80:80,organic_search,task_created,2026-08-21T02:45:50.339Z,,,n-hv2-u00887,t-hv2-u00887-1
hv2-e003016,hv2-u00807,task_first,hv2:ramp80:80,referral,trial_started,2026-08-21T02:48:25.581Z,,,,
hv2-e002074,hv2-u00564,task_first,hv2:ramp80:80,referral,trial_started,2026-08-21T03:00:30.674Z,,,,
hv2-e002121,hv2-u00578,task_first,hv2:ramp80:80,referral,revisited,2026-08-21T03:01:46.709Z,,,n-hv2-u00578,
hv2-e002122,hv2-u00578,task_first,hv2:ramp80:80,referral,task_completed,2026-08-21T03:06:46.709Z,,,n-hv2-u00578,t-hv2-u00578-1
hv2-e002899,hv2-u00778,task_first,hv2:ramp80:80,organic_search,assigned,2026-08-21T03:14:33.616Z,,,,
hv2-e003338,hv2-u00887,task_first,hv2:ramp80:80,organic_search,trial_started,2026-08-21T03:39:50.339Z,,,,
hv2-e002018,hv2-u00550,task_first,hv2:ramp80:80,organic_search,assigned,2026-08-21T04:28:58.269Z,,,,
hv2-e002019,hv2-u00550,task_first,hv2:ramp80:80,organic_search,note_saved,2026-08-21T04:32:58.269Z,,,n-hv2-u00550,
hv2-e003909,hv2-u01027,baseline,hv2:ramp80:80,organic_search,assigned,2026-08-21T04:33:51.887Z,,,,
hv2-e002020,hv2-u00550,task_first,hv2:ramp80:80,organic_search,task_created,2026-08-21T04:34:58.269Z,,,n-hv2-u00550,t-hv2-u00550-1
hv2-e003910,hv2-u01027,baseline,hv2:ramp80:80,organic_search,note_saved,2026-08-21T04:37:51.887Z,,,n-hv2-u01027,
hv2-e003911,hv2-u01027,baseline,hv2:ramp80:80,organic_search,task_created,2026-08-21T04:39:51.887Z,,,n-hv2-u01027,t-hv2-u01027-1
hv2-e003912,hv2-u01027,baseline,hv2:ramp80:80,organic_search,task_created,2026-08-21T04:40:51.887Z,,,n-hv2-u01027,t-hv2-u01027-2
hv2-e002561,hv2-u00692,task_first,hv2:ramp80:80,paid_social,assigned,2026-08-21T04:50:30.111Z,,,,
hv2-e002562,hv2-u00692,task_first,hv2:ramp80:80,paid_social,note_saved,2026-08-21T04:54:30.111Z,,,n-hv2-u00692,
hv2-e002563,hv2-u00692,task_first,hv2:ramp80:80,paid_social,task_created,2026-08-21T04:56:30.111Z,,,n-hv2-u00692,t-hv2-u00692-1
hv2-e002564,hv2-u00692,task_first,hv2:ramp80:80,paid_social,task_created,2026-08-21T04:57:30.111Z,,,n-hv2-u00692,t-hv2-u00692-2
hv2-e002565,hv2-u00692,task_first,hv2:ramp80:80,paid_social,task_created,2026-08-21T04:58:30.111Z,,,n-hv2-u00692,t-hv2-u00692-3
hv2-e002863,hv2-u00770,task_first,hv2:ramp80:80,organic_search,assigned,2026-08-21T05:05:12.218Z,,,,
hv2-e002864,hv2-u00770,task_first,hv2:ramp80:80,organic_search,note_saved,2026-08-21T05:09:12.218Z,,,n-hv2-u00770,
hv2-e002974,hv2-u00798,task_first,hv2:ramp80:80,referral,revisited,2026-08-21T05:39:17.889Z,,,n-hv2-u00798,
hv2-e002975,hv2-u00798,task_first,hv2:ramp80:80,referral,task_completed,2026-08-21T05:44:17.889Z,,,n-hv2-u00798,t-hv2-u00798-1
hv2-e002946,hv2-u00790,task_first,hv2:ramp80:80,referral,revisited,2026-08-21T06:16:37.204Z,,,n-hv2-u00790,
hv2-e003222,hv2-u00856,task_first,hv2:ramp80:80,referral,assigned,2026-08-21T06:19:34.858Z,,,,
hv2-e002947,hv2-u00790,task_first,hv2:ramp80:80,referral,task_completed,2026-08-21T06:21:37.204Z,,,n-hv2-u00790,t-hv2-u00790-1
hv2-e003223,hv2-u00856,task_first,hv2:ramp80:80,referral,note_saved,2026-08-21T06:23:34.858Z,,,n-hv2-u00856,
hv2-e003129,hv2-u00833,task_first,hv2:ramp80:80,referral,assigned,2026-08-21T06:46:46.205Z,,,,
hv2-e003665,hv2-u00968,task_first,hv2:ramp80:80,app_store,assigned,2026-08-21T06:47:54.308Z,,,,
hv2-e003666,hv2-u00968,task_first,hv2:ramp80:80,app_store,note_saved,2026-08-21T06:51:54.308Z,,,n-hv2-u00968,
hv2-e002277,hv2-u00617,task_first,hv2:ramp80:80,organic_search,assigned,2026-08-21T07:03:01.256Z,,,,
hv2-e002444,hv2-u00662,task_first,hv2:ramp80:80,organic_search,assigned,2026-08-21T07:03:50.375Z,,,,
hv2-e002445,hv2-u00662,task_first,hv2:ramp80:80,organic_search,note_saved,2026-08-21T07:07:50.375Z,,,n-hv2-u00662,
hv2-e002446,hv2-u00662,task_first,hv2:ramp80:80,organic_search,task_created,2026-08-21T07:09:50.375Z,,,n-hv2-u00662,t-hv2-u00662-1
hv2-e002447,hv2-u00662,task_first,hv2:ramp80:80,organic_search,task_created,2026-08-21T07:10:50.375Z,,,n-hv2-u00662,t-hv2-u00662-2
hv2-e002965,hv2-u00795,task_first,hv2:ramp80:80,referral,revisited,2026-08-21T07:38:22.226Z,,,n-hv2-u00795,
hv2-e002966,hv2-u00795,task_first,hv2:ramp80:80,referral,task_completed,2026-08-21T07:43:22.226Z,,,n-hv2-u00795,t-hv2-u00795-1
hv2-e003730,hv2-u00983,baseline,hv2:ramp80:80,referral,assigned,2026-08-21T07:47:55.971Z,,,,
hv2-e002209,hv2-u00598,task_first,hv2:ramp80:80,paid_social,assigned,2026-08-21T07:50:54.795Z,,,,
hv2-e003731,hv2-u00983,baseline,hv2:ramp80:80,referral,note_saved,2026-08-21T07:51:55.971Z,,,n-hv2-u00983,
hv2-e003732,hv2-u00983,baseline,hv2:ramp80:80,referral,task_created,2026-08-21T07:53:55.971Z,,,n-hv2-u00983,t-hv2-u00983-1
hv2-e002210,hv2-u00598,task_first,hv2:ramp80:80,paid_social,note_saved,2026-08-21T07:54:54.795Z,,,n-hv2-u00598,
hv2-e003733,hv2-u00983,baseline,hv2:ramp80:80,referral,task_created,2026-08-21T07:54:55.971Z,,,n-hv2-u00983,t-hv2-u00983-2
hv2-e002211,hv2-u00598,task_first,hv2:ramp80:80,paid_social,task_created,2026-08-21T07:56:54.795Z,,,n-hv2-u00598,t-hv2-u00598-1
hv2-e002323,hv2-u00630,task_first,hv2:ramp80:80,referral,revisited,2026-08-21T07:58:42.141Z,,,n-hv2-u00630,
hv2-e002324,hv2-u00630,task_first,hv2:ramp80:80,referral,task_completed,2026-08-21T08:03:42.141Z,,,n-hv2-u00630,t-hv2-u00630-1
hv2-e003544,hv2-u00938,task_first,hv2:ramp80:80,referral,assigned,2026-08-21T08:37:24.079Z,,,,
hv2-e003545,hv2-u00938,task_first,hv2:ramp80:80,referral,note_saved,2026-08-21T08:41:24.079Z,,,n-hv2-u00938,
hv2-e003546,hv2-u00938,task_first,hv2:ramp80:80,referral,task_created,2026-08-21T08:43:24.079Z,,,n-hv2-u00938,t-hv2-u00938-1
hv2-e003547,hv2-u00938,task_first,hv2:ramp80:80,referral,task_created,2026-08-21T08:44:24.079Z,,,n-hv2-u00938,t-hv2-u00938-2
hv2-e001959,hv2-u00537,baseline,hv2:ramp80:80,referral,assigned,2026-08-21T09:16:30.483Z,,,,
hv2-e002029,hv2-u00552,task_first,hv2:ramp80:80,referral,revisited,2026-08-21T09:19:19.055Z,,,n-hv2-u00552,
hv2-e001960,hv2-u00537,baseline,hv2:ramp80:80,referral,note_saved,2026-08-21T09:20:30.483Z,,,n-hv2-u00537,
hv2-e001961,hv2-u00537,baseline,hv2:ramp80:80,referral,task_created,2026-08-21T09:22:30.483Z,,,n-hv2-u00537,t-hv2-u00537-1
hv2-e001962,hv2-u00537,baseline,hv2:ramp80:80,referral,task_created,2026-08-21T09:23:30.483Z,,,n-hv2-u00537,t-hv2-u00537-2
hv2-e002278,hv2-u00618,baseline,hv2:ramp80:80,referral,assigned,2026-08-21T09:23:48.289Z,,,,
hv2-e001425,hv2-u00400,baseline,hv2:ramp20:20,paid_social,paid,2026-08-21T09:24:02.803Z,10.00,XTS,,
hv2-e001985,hv2-u00542,task_first,hv2:ramp80:80,organic_search,assigned,2026-08-21T09:25:18.069Z,,,,
hv2-e002498,hv2-u00674,task_first,hv2:ramp80:80,organic_search,revisited,2026-08-21T09:29:16.801Z,,,n-hv2-u00674,
hv2-e001986,hv2-u00542,task_first,hv2:ramp80:80,organic_search,note_saved,2026-08-21T09:29:18.069Z,,,n-hv2-u00542,
hv2-e001987,hv2-u00542,task_first,hv2:ramp80:80,organic_search,task_created,2026-08-21T09:31:18.069Z,,,n-hv2-u00542,t-hv2-u00542-1
hv2-e001988,hv2-u00542,task_first,hv2:ramp80:80,organic_search,task_created,2026-08-21T09:32:18.069Z,,,n-hv2-u00542,t-hv2-u00542-2
hv2-e001989,hv2-u00542,task_first,hv2:ramp80:80,organic_search,task_created,2026-08-21T09:33:18.069Z,,,n-hv2-u00542,t-hv2-u00542-3
hv2-e003394,hv2-u00901,task_first,hv2:ramp80:80,referral,revisited,2026-08-21T10:26:04.581Z,,,n-hv2-u00901,
hv2-e000858,hv2-u00241,baseline,hv2:ramp20:20,organic_search,cancelled,2026-08-21T10:39:12.476Z,,,,
hv2-e003548,hv2-u00939,task_first,hv2:ramp80:80,referral,assigned,2026-08-21T10:44:41.146Z,,,,
hv2-e002976,hv2-u00799,task_first,hv2:ramp80:80,organic_search,assigned,2026-08-21T10:47:56.696Z,,,,
hv2-e003549,hv2-u00939,task_first,hv2:ramp80:80,referral,note_saved,2026-08-21T10:48:41.146Z,,,n-hv2-u00939,
hv2-e003550,hv2-u00939,task_first,hv2:ramp80:80,referral,task_created,2026-08-21T10:50:41.146Z,,,n-hv2-u00939,t-hv2-u00939-1
hv2-e003551,hv2-u00939,task_first,hv2:ramp80:80,referral,task_created,2026-08-21T10:51:41.146Z,,,n-hv2-u00939,t-hv2-u00939-2
hv2-e002884,hv2-u00773,task_first,hv2:ramp80:80,organic_search,revisited,2026-08-21T10:51:41.436Z,,,n-hv2-u00773,
hv2-e002977,hv2-u00799,task_first,hv2:ramp80:80,organic_search,note_saved,2026-08-21T10:51:56.696Z,,,n-hv2-u00799,
hv2-e003377,hv2-u00898,task_first,hv2:ramp80:80,organic_search,assigned,2026-08-21T11:05:19.020Z,,,,
hv2-e003378,hv2-u00898,task_first,hv2:ramp80:80,organic_search,note_saved,2026-08-21T11:09:19.020Z,,,n-hv2-u00898,
hv2-e003379,hv2-u00898,task_first,hv2:ramp80:80,organic_search,task_created,2026-08-21T11:11:19.020Z,,,n-hv2-u00898,t-hv2-u00898-1
hv2-e003738,hv2-u00985,baseline,hv2:ramp80:80,organic_search,assigned,2026-08-21T11:26:22.679Z,,,,
hv2-e002922,hv2-u00784,baseline,hv2:ramp80:80,organic_search,revisited,2026-08-21T11:31:30.821Z,,,n-hv2-u00784,
hv2-e002923,hv2-u00784,baseline,hv2:ramp80:80,organic_search,task_completed,2026-08-21T11:36:30.821Z,,,n-hv2-u00784,t-hv2-u00784-1
hv2-e001628,hv2-u00452,task_first,hv2:ramp20:20,paid_social,cancelled,2026-08-21T12:00:12.214Z,,,,
hv2-e003739,hv2-u00985,baseline,hv2:ramp80:80,organic_search,trial_started,2026-08-21T12:26:22.679Z,,,,
hv2-e002599,hv2-u00701,task_first,hv2:ramp80:80,organic_search,assigned,2026-08-21T12:48:44.493Z,,,,
hv2-e003786,hv2-u00994,task_first,hv2:ramp80:80,referral,revisited,2026-08-21T13:14:40.365Z,,,n-hv2-u00994,
hv2-e003787,hv2-u00994,task_first,hv2:ramp80:80,referral,task_completed,2026-08-21T13:19:40.365Z,,,n-hv2-u00994,t-hv2-u00994-1
hv2-e002167,hv2-u00588,task_first,hv2:ramp80:80,referral,assigned,2026-08-21T13:56:55.417Z,,,,
hv2-e002168,hv2-u00588,task_first,hv2:ramp80:80,referral,note_saved,2026-08-21T14:00:55.417Z,,,n-hv2-u00588,
hv2-e003119,hv2-u00830,task_first,hv2:ramp80:80,organic_search,assigned,2026-08-21T14:00:56.802Z,,,,
hv2-e003120,hv2-u00830,task_first,hv2:ramp80:80,organic_search,note_saved,2026-08-21T14:04:56.802Z,,,n-hv2-u00830,
hv2-e003121,hv2-u00830,task_first,hv2:ramp80:80,organic_search,task_created,2026-08-21T14:06:56.802Z,,,n-hv2-u00830,t-hv2-u00830-1
hv2-e002259,hv2-u00610,task_first,hv2:ramp80:80,organic_search,assigned,2026-08-21T14:15:02.679Z,,,,
hv2-e002242,hv2-u00607,task_first,hv2:ramp80:80,organic_search,assigned,2026-08-21T14:15:37.823Z,,,,
hv2-e002243,hv2-u00607,task_first,hv2:ramp80:80,organic_search,note_saved,2026-08-21T14:19:37.823Z,,,n-hv2-u00607,
hv2-e002244,hv2-u00607,task_first,hv2:ramp80:80,organic_search,task_created,2026-08-21T14:21:37.823Z,,,n-hv2-u00607,t-hv2-u00607-1
hv2-e002512,hv2-u00678,task_first,hv2:ramp80:80,organic_search,assigned,2026-08-21T14:28:02.498Z,,,,
hv2-e003793,hv2-u00997,task_first,hv2:ramp80:80,organic_search,assigned,2026-08-21T14:30:46.688Z,,,,
hv2-e002513,hv2-u00678,task_first,hv2:ramp80:80,organic_search,note_saved,2026-08-21T14:32:02.498Z,,,n-hv2-u00678,
hv2-e003830,hv2-u01006,task_first,hv2:ramp80:80,organic_search,assigned,2026-08-21T14:33:11.242Z,,,,
hv2-e002514,hv2-u00678,task_first,hv2:ramp80:80,organic_search,task_created,2026-08-21T14:34:02.498Z,,,n-hv2-u00678,t-hv2-u00678-1
hv2-e003794,hv2-u00997,task_first,hv2:ramp80:80,organic_search,note_saved,2026-08-21T14:34:46.688Z,,,n-hv2-u00997,
hv2-e002515,hv2-u00678,task_first,hv2:ramp80:80,organic_search,task_created,2026-08-21T14:35:02.498Z,,,n-hv2-u00678,t-hv2-u00678-2
hv2-e002516,hv2-u00678,task_first,hv2:ramp80:80,organic_search,task_created,2026-08-21T14:36:02.498Z,,,n-hv2-u00678,t-hv2-u00678-3
hv2-e003795,hv2-u00997,task_first,hv2:ramp80:80,organic_search,task_created,2026-08-21T14:36:46.688Z,,,n-hv2-u00997,t-hv2-u00997-1
hv2-e003831,hv2-u01006,task_first,hv2:ramp80:80,organic_search,note_saved,2026-08-21T14:37:11.242Z,,,n-hv2-u01006,
hv2-e003796,hv2-u00997,task_first,hv2:ramp80:80,organic_search,task_created,2026-08-21T14:37:46.688Z,,,n-hv2-u00997,t-hv2-u00997-2
hv2-e003797,hv2-u00997,task_first,hv2:ramp80:80,organic_search,task_created,2026-08-21T14:38:46.688Z,,,n-hv2-u00997,t-hv2-u00997-3
hv2-e003832,hv2-u01006,task_first,hv2:ramp80:80,organic_search,task_created,2026-08-21T14:39:11.242Z,,,n-hv2-u01006,t-hv2-u01006-1
hv2-e003833,hv2-u01006,task_first,hv2:ramp80:80,organic_search,task_created,2026-08-21T14:40:11.242Z,,,n-hv2-u01006,t-hv2-u01006-2
hv2-e003834,hv2-u01006,task_first,hv2:ramp80:80,organic_search,task_created,2026-08-21T14:41:11.242Z,,,n-hv2-u01006,t-hv2-u01006-3
hv2-e003500,hv2-u00927,task_first,hv2:ramp80:80,referral,assigned,2026-08-21T14:44:44.386Z,,,,
hv2-e002295,hv2-u00625,task_first,hv2:ramp80:80,referral,assigned,2026-08-21T15:04:55.870Z,,,,
hv2-e002296,hv2-u00625,task_first,hv2:ramp80:80,referral,note_saved,2026-08-21T15:08:55.870Z,,,n-hv2-u00625,
hv2-e003370,hv2-u00896,task_first,hv2:ramp80:80,organic_search,assigned,2026-08-21T15:18:08.077Z,,,,
hv2-e003371,hv2-u00896,task_first,hv2:ramp80:80,organic_search,note_saved,2026-08-21T15:22:08.077Z,,,n-hv2-u00896,
hv2-e003372,hv2-u00896,task_first,hv2:ramp80:80,organic_search,task_created,2026-08-21T15:24:08.077Z,,,n-hv2-u00896,t-hv2-u00896-1
hv2-e003373,hv2-u00896,task_first,hv2:ramp80:80,organic_search,task_created,2026-08-21T15:25:08.077Z,,,n-hv2-u00896,t-hv2-u00896-2
hv2-e001930,hv2-u00529,task_first,hv2:ramp80:80,paid_social,assigned,2026-08-21T15:33:01.165Z,,,,
hv2-e001931,hv2-u00529,task_first,hv2:ramp80:80,paid_social,note_saved,2026-08-21T15:37:01.165Z,,,n-hv2-u00529,
hv2-e002893,hv2-u00776,task_first,hv2:ramp80:80,referral,trial_started,2026-08-21T15:37:11.197Z,,,,
hv2-e001932,hv2-u00529,task_first,hv2:ramp80:80,paid_social,task_created,2026-08-21T15:39:01.165Z,,,n-hv2-u00529,t-hv2-u00529-1
hv2-e001933,hv2-u00529,task_first,hv2:ramp80:80,paid_social,task_created,2026-08-21T15:40:01.165Z,,,n-hv2-u00529,t-hv2-u00529-2
hv2-e001934,hv2-u00529,task_first,hv2:ramp80:80,paid_social,task_created,2026-08-21T15:41:01.165Z,,,n-hv2-u00529,t-hv2-u00529-3
hv2-e002716,hv2-u00730,task_first,hv2:ramp80:80,organic_search,assigned,2026-08-21T16:31:50.032Z,,,,
hv2-e002717,hv2-u00730,task_first,hv2:ramp80:80,organic_search,note_saved,2026-08-21T16:35:50.032Z,,,n-hv2-u00730,
hv2-e002048,hv2-u00558,baseline,hv2:ramp80:80,organic_search,assigned,2026-08-21T16:39:23.086Z,,,,
hv2-e002049,hv2-u00558,baseline,hv2:ramp80:80,organic_search,note_saved,2026-08-21T16:43:23.086Z,,,n-hv2-u00558,
hv2-e003330,hv2-u00884,task_first,hv2:ramp80:80,organic_search,assigned,2026-08-21T16:57:33.338Z,,,,
hv2-e003810,hv2-u01001,task_first,hv2:ramp80:80,paid_social,assigned,2026-08-21T17:32:18.090Z,,,,
hv2-e002720,hv2-u00731,task_first,hv2:ramp80:80,organic_search,trial_started,2026-08-21T18:12:29.421Z,,,,
hv2-e002752,hv2-u00739,task_first,hv2:ramp80:80,referral,revisited,2026-08-21T18:48:02.113Z,,,n-hv2-u00739,
hv2-e002753,hv2-u00739,task_first,hv2:ramp80:80,referral,task_completed,2026-08-21T18:53:02.113Z,,,n-hv2-u00739,t-hv2-u00739-1
hv2-e002700,hv2-u00727,task_first,hv2:ramp80:80,organic_search,assigned,2026-08-21T18:54:52.948Z,,,,
hv2-e002701,hv2-u00727,task_first,hv2:ramp80:80,organic_search,note_saved,2026-08-21T18:58:52.948Z,,,n-hv2-u00727,
hv2-e002702,hv2-u00727,task_first,hv2:ramp80:80,organic_search,task_created,2026-08-21T19:00:52.948Z,,,n-hv2-u00727,t-hv2-u00727-1
hv2-e002703,hv2-u00727,task_first,hv2:ramp80:80,organic_search,task_created,2026-08-21T19:01:52.948Z,,,n-hv2-u00727,t-hv2-u00727-2
hv2-e001969,hv2-u00538,task_first,hv2:ramp80:80,organic_search,trial_started,2026-08-21T19:08:01.260Z,,,,
hv2-e002522,hv2-u00680,baseline,hv2:ramp80:80,app_store,revisited,2026-08-21T19:08:51.839Z,,,n-hv2-u00680,
hv2-e003932,hv2-u01032,baseline,hv2:ramp80:80,app_store,revisited,2026-08-21T19:14:08.181Z,,,n-hv2-u01032,
hv2-e002754,hv2-u00739,task_first,hv2:ramp80:80,referral,trial_started,2026-08-21T19:18:02.113Z,,,,
hv2-e003811,hv2-u01002,baseline,hv2:ramp80:80,paid_social,assigned,2026-08-21T19:28:49.593Z,,,,
hv2-e003812,hv2-u01002,baseline,hv2:ramp80:80,paid_social,note_saved,2026-08-21T19:32:49.593Z,,,n-hv2-u01002,
hv2-e003813,hv2-u01002,baseline,hv2:ramp80:80,paid_social,task_created,2026-08-21T19:34:49.593Z,,,n-hv2-u01002,t-hv2-u01002-1
hv2-e003814,hv2-u01002,baseline,hv2:ramp80:80,paid_social,task_created,2026-08-21T19:35:49.593Z,,,n-hv2-u01002,t-hv2-u01002-2
hv2-e003815,hv2-u01002,baseline,hv2:ramp80:80,paid_social,task_created,2026-08-21T19:36:49.593Z,,,n-hv2-u01002,t-hv2-u01002-3
hv2-e003333,hv2-u00886,task_first,hv2:ramp80:80,paid_social,assigned,2026-08-21T19:47:44.725Z,,,,
hv2-e002257,hv2-u00609,baseline,hv2:ramp80:80,referral,paid,2026-08-21T19:50:49.725Z,10.00,XTS,,
hv2-e002567,hv2-u00693,task_first,hv2:ramp80:80,referral,assigned,2026-08-21T21:08:48.420Z,,,,
hv2-e002568,hv2-u00693,task_first,hv2:ramp80:80,referral,note_saved,2026-08-21T21:12:48.420Z,,,n-hv2-u00693,
hv2-e002569,hv2-u00693,task_first,hv2:ramp80:80,referral,task_created,2026-08-21T21:14:48.420Z,,,n-hv2-u00693,t-hv2-u00693-1
hv2-e002110,hv2-u00576,task_first,hv2:ramp80:80,organic_search,assigned,2026-08-21T21:20:16.504Z,,,,
hv2-e002111,hv2-u00576,task_first,hv2:ramp80:80,organic_search,note_saved,2026-08-21T21:24:16.504Z,,,n-hv2-u00576,
hv2-e002112,hv2-u00576,task_first,hv2:ramp80:80,organic_search,task_created,2026-08-21T21:26:16.504Z,,,n-hv2-u00576,t-hv2-u00576-1
hv2-e003176,hv2-u00846,task_first,hv2:ramp80:80,organic_search,assigned,2026-08-21T21:44:18.119Z,,,,
hv2-e003177,hv2-u00846,task_first,hv2:ramp80:80,organic_search,note_saved,2026-08-21T21:48:18.119Z,,,n-hv2-u00846,
hv2-e003178,hv2-u00846,task_first,hv2:ramp80:80,organic_search,task_created,2026-08-21T21:50:18.119Z,,,n-hv2-u00846,t-hv2-u00846-1
hv2-e003917,hv2-u01030,task_first,hv2:ramp80:80,referral,assigned,2026-08-21T22:04:45.764Z,,,,
hv2-e003918,hv2-u01030,task_first,hv2:ramp80:80,referral,note_saved,2026-08-21T22:08:45.764Z,,,n-hv2-u01030,
hv2-e003919,hv2-u01030,task_first,hv2:ramp80:80,referral,task_created,2026-08-21T22:10:45.764Z,,,n-hv2-u01030,t-hv2-u01030-1
hv2-e003920,hv2-u01030,task_first,hv2:ramp80:80,referral,task_created,2026-08-21T22:11:45.764Z,,,n-hv2-u01030,t-hv2-u01030-2
hv2-e003921,hv2-u01030,task_first,hv2:ramp80:80,referral,task_created,2026-08-21T22:12:45.764Z,,,n-hv2-u01030,t-hv2-u01030-3
hv2-e003271,hv2-u00869,task_first,hv2:ramp80:80,referral,assigned,2026-08-21T22:18:08.357Z,,,,
hv2-e003272,hv2-u00869,task_first,hv2:ramp80:80,referral,note_saved,2026-08-21T22:22:08.357Z,,,n-hv2-u00869,
hv2-e003273,hv2-u00869,task_first,hv2:ramp80:80,referral,task_created,2026-08-21T22:24:08.357Z,,,n-hv2-u00869,t-hv2-u00869-1
hv2-e003274,hv2-u00869,task_first,hv2:ramp80:80,referral,task_created,2026-08-21T22:25:08.357Z,,,n-hv2-u00869,t-hv2-u00869-2
hv2-e003518,hv2-u00932,task_first,hv2:ramp80:80,referral,assigned,2026-08-21T22:32:36.551Z,,,,
hv2-e003519,hv2-u00932,task_first,hv2:ramp80:80,referral,note_saved,2026-08-21T22:36:36.551Z,,,n-hv2-u00932,
hv2-e003520,hv2-u00932,task_first,hv2:ramp80:80,referral,task_created,2026-08-21T22:38:36.551Z,,,n-hv2-u00932,t-hv2-u00932-1
hv2-e003521,hv2-u00932,task_first,hv2:ramp80:80,referral,task_created,2026-08-21T22:39:36.551Z,,,n-hv2-u00932,t-hv2-u00932-2
hv2-e003522,hv2-u00932,task_first,hv2:ramp80:80,referral,task_created,2026-08-21T22:40:36.551Z,,,n-hv2-u00932,t-hv2-u00932-3
hv2-e003483,hv2-u00923,baseline,hv2:ramp80:80,organic_search,assigned,2026-08-21T22:59:01.309Z,,,,
hv2-e003484,hv2-u00923,baseline,hv2:ramp80:80,organic_search,note_saved,2026-08-21T23:03:01.309Z,,,n-hv2-u00923,
hv2-e002430,hv2-u00659,baseline,hv2:ramp80:80,app_store,revisited,2026-08-21T23:04:58.961Z,,,n-hv2-u00659,
hv2-e003485,hv2-u00923,baseline,hv2:ramp80:80,organic_search,task_created,2026-08-21T23:05:01.309Z,,,n-hv2-u00923,t-hv2-u00923-1
hv2-e003486,hv2-u00923,baseline,hv2:ramp80:80,organic_search,task_created,2026-08-21T23:06:01.309Z,,,n-hv2-u00923,t-hv2-u00923-2
hv2-e003487,hv2-u00923,baseline,hv2:ramp80:80,organic_search,task_created,2026-08-21T23:07:01.309Z,,,n-hv2-u00923,t-hv2-u00923-3
hv2-e002431,hv2-u00659,baseline,hv2:ramp80:80,app_store,task_completed,2026-08-21T23:09:58.961Z,,,n-hv2-u00659,t-hv2-u00659-1
hv2-e003348,hv2-u00890,baseline,hv2:ramp80:80,app_store,assigned,2026-08-21T23:14:56.789Z,,,,
hv2-e003527,hv2-u00934,task_first,hv2:ramp80:80,organic_search,assigned,2026-08-21T23:17:09.010Z,,,,
hv2-e003349,hv2-u00890,baseline,hv2:ramp80:80,app_store,note_saved,2026-08-21T23:18:56.789Z,,,n-hv2-u00890,
hv2-e003528,hv2-u00934,task_first,hv2:ramp80:80,organic_search,note_saved,2026-08-21T23:21:09.010Z,,,n-hv2-u00934,
hv2-e003236,hv2-u00860,task_first,hv2:ramp80:80,organic_search,assigned,2026-08-21T23:25:34.102Z,,,,
hv2-e002158,hv2-u00585,task_first,hv2:ramp80:80,organic_search,revisited,2026-08-21T23:29:00.652Z,,,n-hv2-u00585,
hv2-e003237,hv2-u00860,task_first,hv2:ramp80:80,organic_search,note_saved,2026-08-21T23:29:34.102Z,,,n-hv2-u00860,
hv2-e002159,hv2-u00585,task_first,hv2:ramp80:80,organic_search,task_completed,2026-08-21T23:34:00.652Z,,,n-hv2-u00585,t-hv2-u00585-1
hv2-e002266,hv2-u00613,task_first,hv2:ramp80:80,referral,assigned,2026-08-21T23:55:19.192Z,,,,
hv2-e002300,hv2-u00626,task_first,hv2:ramp80:80,organic_search,assigned,2026-08-21T23:55:38.022Z,,,,
hv2-e002301,hv2-u00626,task_first,hv2:ramp80:80,organic_search,note_saved,2026-08-21T23:59:38.022Z,,,n-hv2-u00626,
hv2-e002302,hv2-u00626,task_first,hv2:ramp80:80,organic_search,task_created,2026-08-22T00:01:38.022Z,,,n-hv2-u00626,t-hv2-u00626-1
hv2-e002303,hv2-u00626,task_first,hv2:ramp80:80,organic_search,task_created,2026-08-22T00:02:38.022Z,,,n-hv2-u00626,t-hv2-u00626-2
hv2-e003633,hv2-u00960,task_first,hv2:ramp80:80,paid_social,assigned,2026-08-22T00:22:13.686Z,,,,
hv2-e003634,hv2-u00960,task_first,hv2:ramp80:80,paid_social,note_saved,2026-08-22T00:26:13.686Z,,,n-hv2-u00960,
hv2-e003635,hv2-u00960,task_first,hv2:ramp80:80,paid_social,task_created,2026-08-22T00:28:13.686Z,,,n-hv2-u00960,t-hv2-u00960-1
hv2-e003636,hv2-u00960,task_first,hv2:ramp80:80,paid_social,task_created,2026-08-22T00:29:13.686Z,,,n-hv2-u00960,t-hv2-u00960-2
hv2-e002765,hv2-u00741,task_first,hv2:ramp80:80,paid_social,revisited,2026-08-22T00:29:43.331Z,,,n-hv2-u00741,
hv2-e003637,hv2-u00960,task_first,hv2:ramp80:80,paid_social,task_created,2026-08-22T00:30:13.686Z,,,n-hv2-u00960,t-hv2-u00960-3
hv2-e003857,hv2-u01012,task_first,hv2:ramp80:80,app_store,revisited,2026-08-22T00:32:07.981Z,,,n-hv2-u01012,
hv2-e001903,hv2-u00523,task_first,hv2:ramp80:80,paid_social,assigned,2026-08-22T00:49:30.897Z,,,,
hv2-e002596,hv2-u00699,task_first,hv2:ramp80:80,referral,trial_started,2026-08-22T00:52:35.421Z,,,,
hv2-e001904,hv2-u00523,task_first,hv2:ramp80:80,paid_social,note_saved,2026-08-22T00:53:30.897Z,,,n-hv2-u00523,
hv2-e001905,hv2-u00523,task_first,hv2:ramp80:80,paid_social,task_created,2026-08-22T00:55:30.897Z,,,n-hv2-u00523,t-hv2-u00523-1
hv2-e002756,hv2-u00740,baseline,hv2:ramp80:80,referral,assigned,2026-08-22T01:13:00.144Z,,,,
hv2-e002757,hv2-u00740,baseline,hv2:ramp80:80,referral,note_saved,2026-08-22T01:17:00.144Z,,,n-hv2-u00740,
hv2-e002758,hv2-u00740,baseline,hv2:ramp80:80,referral,task_created,2026-08-22T01:19:00.144Z,,,n-hv2-u00740,t-hv2-u00740-1
hv2-e003939,hv2-u01034,task_first,hv2:ramp80:80,referral,assigned,2026-08-22T01:21:54.264Z,,,,
hv2-e003940,hv2-u01034,task_first,hv2:ramp80:80,referral,note_saved,2026-08-22T01:25:54.264Z,,,n-hv2-u01034,
hv2-e003941,hv2-u01034,task_first,hv2:ramp80:80,referral,task_created,2026-08-22T01:27:54.264Z,,,n-hv2-u01034,t-hv2-u01034-1
hv2-e003942,hv2-u01034,task_first,hv2:ramp80:80,referral,task_created,2026-08-22T01:28:54.264Z,,,n-hv2-u01034,t-hv2-u01034-2
hv2-e003943,hv2-u01034,task_first,hv2:ramp80:80,referral,task_created,2026-08-22T01:29:54.264Z,,,n-hv2-u01034,t-hv2-u01034-3
hv2-e002830,hv2-u00762,task_first,hv2:ramp80:80,referral,assigned,2026-08-22T01:32:35.164Z,,,,
hv2-e002831,hv2-u00762,task_first,hv2:ramp80:80,referral,note_saved,2026-08-22T01:36:35.164Z,,,n-hv2-u00762,
hv2-e002832,hv2-u00762,task_first,hv2:ramp80:80,referral,task_created,2026-08-22T01:38:35.164Z,,,n-hv2-u00762,t-hv2-u00762-1
hv2-e002688,hv2-u00723,baseline,hv2:ramp80:80,app_store,revisited,2026-08-22T02:46:19.186Z,,,n-hv2-u00723,
hv2-e003760,hv2-u00990,task_first,hv2:ramp80:80,organic_search,revisited,2026-08-22T02:49:08.580Z,,,n-hv2-u00990,
hv2-e003245,hv2-u00861,baseline,hv2:ramp80:80,organic_search,trial_started,2026-08-22T02:53:56.764Z,,,,
hv2-e003761,hv2-u00990,task_first,hv2:ramp80:80,organic_search,task_completed,2026-08-22T02:54:08.580Z,,,n-hv2-u00990,t-hv2-u00990-1
hv2-e002865,hv2-u00771,task_first,hv2:ramp80:80,organic_search,assigned,2026-08-22T03:01:22.657Z,,,,
hv2-e002011,hv2-u00547,baseline,hv2:ramp80:80,paid_social,revisited,2026-08-22T03:04:52.416Z,,,n-hv2-u00547,
hv2-e002866,hv2-u00771,task_first,hv2:ramp80:80,organic_search,note_saved,2026-08-22T03:05:22.657Z,,,n-hv2-u00771,
hv2-e002867,hv2-u00771,task_first,hv2:ramp80:80,organic_search,task_created,2026-08-22T03:07:22.657Z,,,n-hv2-u00771,t-hv2-u00771-1
hv2-e002868,hv2-u00771,task_first,hv2:ramp80:80,organic_search,task_created,2026-08-22T03:08:22.657Z,,,n-hv2-u00771,t-hv2-u00771-2
hv2-e002869,hv2-u00771,task_first,hv2:ramp80:80,organic_search,task_created,2026-08-22T03:09:22.657Z,,,n-hv2-u00771,t-hv2-u00771-3
hv2-e002382,hv2-u00645,task_first,hv2:ramp80:80,organic_search,assigned,2026-08-22T03:11:18.803Z,,,,
hv2-e003623,hv2-u00957,task_first,hv2:ramp80:80,app_store,assigned,2026-08-22T03:31:24.434Z,,,,
hv2-e003624,hv2-u00957,task_first,hv2:ramp80:80,app_store,note_saved,2026-08-22T03:35:24.434Z,,,n-hv2-u00957,
hv2-e003625,hv2-u00957,task_first,hv2:ramp80:80,app_store,task_created,2026-08-22T03:37:24.434Z,,,n-hv2-u00957,t-hv2-u00957-1
hv2-e003712,hv2-u00977,task_first,hv2:ramp80:80,referral,revisited,2026-08-22T03:52:50.510Z,,,n-hv2-u00977,
hv2-e002780,hv2-u00745,task_first,hv2:ramp80:80,organic_search,assigned,2026-08-22T04:13:45.431Z,,,,
hv2-e002781,hv2-u00745,task_first,hv2:ramp80:80,organic_search,note_saved,2026-08-22T04:17:45.431Z,,,n-hv2-u00745,
hv2-e003495,hv2-u00925,task_first,hv2:ramp80:80,referral,revisited,2026-08-22T04:23:08.759Z,,,n-hv2-u00925,
hv2-e002053,hv2-u00560,task_first,hv2:ramp80:80,referral,assigned,2026-08-22T04:29:16.025Z,,,,
hv2-e002054,hv2-u00560,task_first,hv2:ramp80:80,referral,note_saved,2026-08-22T04:33:16.025Z,,,n-hv2-u00560,
hv2-e002055,hv2-u00560,task_first,hv2:ramp80:80,referral,task_created,2026-08-22T04:35:16.025Z,,,n-hv2-u00560,t-hv2-u00560-1
hv2-e002056,hv2-u00560,task_first,hv2:ramp80:80,referral,task_created,2026-08-22T04:36:16.025Z,,,n-hv2-u00560,t-hv2-u00560-2
hv2-e002057,hv2-u00560,task_first,hv2:ramp80:80,referral,task_created,2026-08-22T04:37:16.025Z,,,n-hv2-u00560,t-hv2-u00560-3
hv2-e003412,hv2-u00906,task_first,hv2:ramp80:80,organic_search,trial_started,2026-08-22T04:44:50.169Z,,,,
hv2-e002484,hv2-u00670,task_first,hv2:ramp80:80,referral,assigned,2026-08-22T04:50:19.086Z,,,,
hv2-e002485,hv2-u00670,task_first,hv2:ramp80:80,referral,note_saved,2026-08-22T04:54:19.086Z,,,n-hv2-u00670,
hv2-e002075,hv2-u00565,task_first,hv2:ramp80:80,organic_search,assigned,2026-08-22T05:02:14.071Z,,,,
hv2-e002076,hv2-u00565,task_first,hv2:ramp80:80,organic_search,note_saved,2026-08-22T05:06:14.071Z,,,n-hv2-u00565,
hv2-e002217,hv2-u00600,task_first,hv2:ramp80:80,referral,assigned,2026-08-22T05:23:18.523Z,,,,
hv2-e002184,hv2-u00592,task_first,hv2:ramp80:80,app_store,assigned,2026-08-22T05:51:08.310Z,,,,
hv2-e002185,hv2-u00592,task_first,hv2:ramp80:80,app_store,note_saved,2026-08-22T05:55:08.310Z,,,n-hv2-u00592,
hv2-e002186,hv2-u00592,task_first,hv2:ramp80:80,app_store,task_created,2026-08-22T05:57:08.310Z,,,n-hv2-u00592,t-hv2-u00592-1
hv2-e002187,hv2-u00592,task_first,hv2:ramp80:80,app_store,task_created,2026-08-22T05:58:08.310Z,,,n-hv2-u00592,t-hv2-u00592-2
hv2-e002203,hv2-u00596,task_first,hv2:ramp80:80,organic_search,assigned,2026-08-22T06:25:00.249Z,,,,
hv2-e002204,hv2-u00596,task_first,hv2:ramp80:80,organic_search,note_saved,2026-08-22T06:29:00.249Z,,,n-hv2-u00596,
hv2-e002205,hv2-u00596,task_first,hv2:ramp80:80,organic_search,task_created,2026-08-22T06:31:00.249Z,,,n-hv2-u00596,t-hv2-u00596-1
hv2-e002206,hv2-u00596,task_first,hv2:ramp80:80,organic_search,task_created,2026-08-22T06:32:00.249Z,,,n-hv2-u00596,t-hv2-u00596-2
hv2-e002948,hv2-u00790,task_first,hv2:ramp80:80,referral,trial_started,2026-08-22T06:46:37.204Z,,,,
hv2-e003773,hv2-u00993,baseline,hv2:ramp80:80,organic_search,assigned,2026-08-22T06:47:21.512Z,,,,
hv2-e003774,hv2-u00993,baseline,hv2:ramp80:80,organic_search,note_saved,2026-08-22T06:51:21.512Z,,,n-hv2-u00993,
hv2-e003775,hv2-u00993,baseline,hv2:ramp80:80,organic_search,task_created,2026-08-22T06:53:21.512Z,,,n-hv2-u00993,t-hv2-u00993-1
hv2-e003697,hv2-u00975,task_first,hv2:ramp80:80,referral,assigned,2026-08-22T06:53:26.225Z,,,,
hv2-e003776,hv2-u00993,baseline,hv2:ramp80:80,organic_search,task_created,2026-08-22T06:54:21.512Z,,,n-hv2-u00993,t-hv2-u00993-2
hv2-e003777,hv2-u00993,baseline,hv2:ramp80:80,organic_search,task_created,2026-08-22T06:55:21.512Z,,,n-hv2-u00993,t-hv2-u00993-3
hv2-e003698,hv2-u00975,task_first,hv2:ramp80:80,referral,note_saved,2026-08-22T06:57:26.225Z,,,n-hv2-u00975,
hv2-e003699,hv2-u00975,task_first,hv2:ramp80:80,referral,task_created,2026-08-22T06:59:26.225Z,,,n-hv2-u00975,t-hv2-u00975-1
hv2-e003700,hv2-u00975,task_first,hv2:ramp80:80,referral,task_created,2026-08-22T07:00:26.225Z,,,n-hv2-u00975,t-hv2-u00975-2
hv2-e003701,hv2-u00975,task_first,hv2:ramp80:80,referral,task_created,2026-08-22T07:01:26.225Z,,,n-hv2-u00975,t-hv2-u00975-3
hv2-e003915,hv2-u01029,baseline,hv2:ramp80:80,organic_search,assigned,2026-08-22T07:01:52.625Z,,,,
hv2-e003916,hv2-u01029,baseline,hv2:ramp80:80,organic_search,note_saved,2026-08-22T07:05:52.625Z,,,n-hv2-u01029,
hv2-e003430,hv2-u00911,task_first,hv2:ramp80:80,organic_search,assigned,2026-08-22T07:39:38.967Z,,,,
hv2-e003431,hv2-u00911,task_first,hv2:ramp80:80,organic_search,note_saved,2026-08-22T07:43:38.967Z,,,n-hv2-u00911,
hv2-e003780,hv2-u00993,baseline,hv2:ramp80:80,organic_search,trial_started,2026-08-22T07:47:21.512Z,,,,
hv2-e003041,hv2-u00812,task_first,hv2:ramp80:80,organic_search,assigned,2026-08-22T07:49:40.969Z,,,,
hv2-e002801,hv2-u00752,task_first,hv2:ramp80:80,referral,revisited,2026-08-22T07:51:42.326Z,,,n-hv2-u00752,
hv2-e003042,hv2-u00812,task_first,hv2:ramp80:80,organic_search,note_saved,2026-08-22T07:53:40.969Z,,,n-hv2-u00812,
hv2-e002802,hv2-u00752,task_first,hv2:ramp80:80,referral,task_completed,2026-08-22T07:56:42.326Z,,,n-hv2-u00752,t-hv2-u00752-1
hv2-e002292,hv2-u00623,task_first,hv2:ramp80:80,organic_search,revisited,2026-08-22T07:57:02.094Z,,,n-hv2-u00623,
hv2-e003638,hv2-u00961,task_first,hv2:ramp80:80,organic_search,assigned,2026-08-22T08:14:32.091Z,,,,
hv2-e002363,hv2-u00641,task_first,hv2:ramp80:80,app_store,assigned,2026-08-22T09:48:47.617Z,,,,
hv2-e002364,hv2-u00641,task_first,hv2:ramp80:80,app_store,note_saved,2026-08-22T09:52:47.617Z,,,n-hv2-u00641,
hv2-e002365,hv2-u00641,task_first,hv2:ramp80:80,app_store,task_created,2026-08-22T09:54:47.617Z,,,n-hv2-u00641,t-hv2-u00641-1
hv2-e002366,hv2-u00641,task_first,hv2:ramp80:80,app_store,task_created,2026-08-22T09:55:47.617Z,,,n-hv2-u00641,t-hv2-u00641-2
hv2-e003198,hv2-u00851,task_first,hv2:ramp80:80,app_store,assigned,2026-08-22T10:42:07.573Z,,,,
hv2-e003199,hv2-u00851,task_first,hv2:ramp80:80,app_store,note_saved,2026-08-22T10:46:07.573Z,,,n-hv2-u00851,
hv2-e003108,hv2-u00827,task_first,hv2:ramp80:80,referral,revisited,2026-08-22T11:02:04.294Z,,,n-hv2-u00827,
hv2-e003109,hv2-u00827,task_first,hv2:ramp80:80,referral,task_completed,2026-08-22T11:07:04.294Z,,,n-hv2-u00827,t-hv2-u00827-1
hv2-e002311,hv2-u00628,task_first,hv2:ramp80:80,referral,assigned,2026-08-22T11:30:07.675Z,,,,
hv2-e003110,hv2-u00827,task_first,hv2:ramp80:80,referral,trial_started,2026-08-22T11:32:04.294Z,,,,
hv2-e002616,hv2-u00705,task_first,hv2:ramp80:80,organic_search,assigned,2026-08-22T11:49:57.619Z,,,,
hv2-e002617,hv2-u00705,task_first,hv2:ramp80:80,organic_search,note_saved,2026-08-22T11:53:57.619Z,,,n-hv2-u00705,
hv2-e002248,hv2-u00608,task_first,hv2:ramp80:80,organic_search,revisited,2026-08-22T11:54:44.644Z,,,n-hv2-u00608,
hv2-e002618,hv2-u00705,task_first,hv2:ramp80:80,organic_search,task_created,2026-08-22T11:55:57.619Z,,,n-hv2-u00705,t-hv2-u00705-1
hv2-e002952,hv2-u00792,task_first,hv2:ramp80:80,app_store,assigned,2026-08-22T12:15:04.986Z,,,,
hv2-e002953,hv2-u00792,task_first,hv2:ramp80:80,app_store,note_saved,2026-08-22T12:19:04.986Z,,,n-hv2-u00792,
hv2-e002312,hv2-u00628,task_first,hv2:ramp80:80,referral,trial_started,2026-08-22T12:30:07.675Z,,,,
hv2-e003044,hv2-u00813,baseline,hv2:ramp80:80,referral,revisited,2026-08-22T13:27:40.112Z,,,n-hv2-u00813,
hv2-e002692,hv2-u00725,task_first,hv2:ramp80:80,organic_search,assigned,2026-08-22T13:44:52.099Z,,,,
hv2-e002693,hv2-u00725,task_first,hv2:ramp80:80,organic_search,note_saved,2026-08-22T13:48:52.099Z,,,n-hv2-u00725,
hv2-e002283,hv2-u00621,baseline,hv2:ramp80:80,organic_search,assigned,2026-08-22T13:51:22.063Z,,,,
hv2-e002284,hv2-u00621,baseline,hv2:ramp80:80,organic_search,note_saved,2026-08-22T13:55:22.063Z,,,n-hv2-u00621,
hv2-e002285,hv2-u00621,baseline,hv2:ramp80:80,organic_search,task_created,2026-08-22T13:57:22.063Z,,,n-hv2-u00621,t-hv2-u00621-1
hv2-e002286,hv2-u00621,baseline,hv2:ramp80:80,organic_search,task_created,2026-08-22T13:58:22.063Z,,,n-hv2-u00621,t-hv2-u00621-2
hv2-e002917,hv2-u00783,baseline,hv2:ramp80:80,organic_search,assigned,2026-08-22T14:03:04.949Z,,,,
hv2-e002918,hv2-u00783,baseline,hv2:ramp80:80,organic_search,note_saved,2026-08-22T14:07:04.949Z,,,n-hv2-u00783,
hv2-e003168,hv2-u00844,task_first,hv2:ramp80:80,app_store,assigned,2026-08-22T14:18:05.523Z,,,,
hv2-e003169,hv2-u00844,task_first,hv2:ramp80:80,app_store,note_saved,2026-08-22T14:22:05.523Z,,,n-hv2-u00844,
hv2-e003170,hv2-u00844,task_first,hv2:ramp80:80,app_store,task_created,2026-08-22T14:24:05.523Z,,,n-hv2-u00844,t-hv2-u00844-1
hv2-e001912,hv2-u00525,task_first,hv2:ramp80:80,organic_search,assigned,2026-08-22T14:32:04.080Z,,,,
hv2-e001913,hv2-u00525,task_first,hv2:ramp80:80,organic_search,note_saved,2026-08-22T14:36:04.080Z,,,n-hv2-u00525,
hv2-e002536,hv2-u00686,task_first,hv2:ramp80:80,organic_search,assigned,2026-08-22T14:57:26.040Z,,,,
hv2-e002537,hv2-u00686,task_first,hv2:ramp80:80,organic_search,note_saved,2026-08-22T15:01:26.040Z,,,n-hv2-u00686,
hv2-e002538,hv2-u00686,task_first,hv2:ramp80:80,organic_search,task_created,2026-08-22T15:03:26.040Z,,,n-hv2-u00686,t-hv2-u00686-1
hv2-e002539,hv2-u00686,task_first,hv2:ramp80:80,organic_search,task_created,2026-08-22T15:04:26.040Z,,,n-hv2-u00686,t-hv2-u00686-2
hv2-e002540,hv2-u00686,task_first,hv2:ramp80:80,organic_search,task_created,2026-08-22T15:05:26.040Z,,,n-hv2-u00686,t-hv2-u00686-3
hv2-e003499,hv2-u00926,task_first,hv2:ramp80:80,app_store,trial_started,2026-08-22T15:16:37.256Z,,,,
hv2-e002500,hv2-u00676,baseline,hv2:ramp80:80,organic_search,assigned,2026-08-22T15:18:46.313Z,,,,
hv2-e002501,hv2-u00676,baseline,hv2:ramp80:80,organic_search,note_saved,2026-08-22T15:22:46.313Z,,,n-hv2-u00676,
hv2-e002502,hv2-u00676,baseline,hv2:ramp80:80,organic_search,task_created,2026-08-22T15:24:46.313Z,,,n-hv2-u00676,t-hv2-u00676-1
hv2-e002503,hv2-u00676,baseline,hv2:ramp80:80,organic_search,task_created,2026-08-22T15:25:46.313Z,,,n-hv2-u00676,t-hv2-u00676-2
hv2-e002937,hv2-u00789,baseline,hv2:ramp80:80,referral,assigned,2026-08-22T15:34:45.161Z,,,,
hv2-e002938,hv2-u00789,baseline,hv2:ramp80:80,referral,note_saved,2026-08-22T15:38:45.161Z,,,n-hv2-u00789,
hv2-e002939,hv2-u00789,baseline,hv2:ramp80:80,referral,task_created,2026-08-22T15:40:45.161Z,,,n-hv2-u00789,t-hv2-u00789-1
hv2-e002994,hv2-u00802,task_first,hv2:ramp80:80,organic_search,trial_started,2026-08-22T15:42:05.570Z,,,,
hv2-e002398,hv2-u00651,task_first,hv2:ramp80:80,referral,assigned,2026-08-22T15:42:14.027Z,,,,
hv2-e002399,hv2-u00651,task_first,hv2:ramp80:80,referral,note_saved,2026-08-22T15:46:14.027Z,,,n-hv2-u00651,
hv2-e003064,hv2-u00817,task_first,hv2:ramp80:80,referral,assigned,2026-08-22T15:57:06.572Z,,,,
hv2-e003065,hv2-u00817,task_first,hv2:ramp80:80,referral,note_saved,2026-08-22T16:01:06.572Z,,,n-hv2-u00817,
hv2-e003066,hv2-u00817,task_first,hv2:ramp80:80,referral,task_created,2026-08-22T16:03:06.572Z,,,n-hv2-u00817,t-hv2-u00817-1
hv2-e002279,hv2-u00619,task_first,hv2:ramp80:80,referral,assigned,2026-08-22T16:04:00.474Z,,,,
hv2-e003067,hv2-u00817,task_first,hv2:ramp80:80,referral,task_created,2026-08-22T16:04:06.572Z,,,n-hv2-u00817,t-hv2-u00817-2
hv2-e003068,hv2-u00817,task_first,hv2:ramp80:80,referral,task_created,2026-08-22T16:05:06.572Z,,,n-hv2-u00817,t-hv2-u00817-3
hv2-e002280,hv2-u00619,task_first,hv2:ramp80:80,referral,note_saved,2026-08-22T16:08:00.474Z,,,n-hv2-u00619,
hv2-e003374,hv2-u00896,task_first,hv2:ramp80:80,organic_search,trial_started,2026-08-22T16:18:08.077Z,,,,
hv2-e002601,hv2-u00702,task_first,hv2:ramp80:80,organic_search,assigned,2026-08-22T16:21:33.546Z,,,,
hv2-e002602,hv2-u00702,task_first,hv2:ramp80:80,organic_search,note_saved,2026-08-22T16:25:33.546Z,,,n-hv2-u00702,
hv2-e002603,hv2-u00702,task_first,hv2:ramp80:80,organic_search,task_created,2026-08-22T16:27:33.546Z,,,n-hv2-u00702,t-hv2-u00702-1
hv2-e002604,hv2-u00702,task_first,hv2:ramp80:80,organic_search,task_created,2026-08-22T16:28:33.546Z,,,n-hv2-u00702,t-hv2-u00702-2
hv2-e002605,hv2-u00702,task_first,hv2:ramp80:80,organic_search,task_created,2026-08-22T16:29:33.546Z,,,n-hv2-u00702,t-hv2-u00702-3
hv2-e003651,hv2-u00964,task_first,hv2:ramp80:80,paid_social,assigned,2026-08-22T16:36:16.362Z,,,,
hv2-e003652,hv2-u00964,task_first,hv2:ramp80:80,paid_social,note_saved,2026-08-22T16:40:16.362Z,,,n-hv2-u00964,
hv2-e003653,hv2-u00964,task_first,hv2:ramp80:80,paid_social,task_created,2026-08-22T16:42:16.362Z,,,n-hv2-u00964,t-hv2-u00964-1
hv2-e003654,hv2-u00964,task_first,hv2:ramp80:80,paid_social,task_created,2026-08-22T16:43:16.362Z,,,n-hv2-u00964,t-hv2-u00964-2
hv2-e003655,hv2-u00964,task_first,hv2:ramp80:80,paid_social,task_created,2026-08-22T16:44:16.362Z,,,n-hv2-u00964,t-hv2-u00964-3
hv2-e003071,hv2-u00817,task_first,hv2:ramp80:80,referral,trial_started,2026-08-22T16:57:06.572Z,,,,
hv2-e003375,hv2-u00897,task_first,hv2:ramp80:80,referral,assigned,2026-08-22T17:02:14.369Z,,,,
hv2-e003376,hv2-u00897,task_first,hv2:ramp80:80,referral,note_saved,2026-08-22T17:06:14.369Z,,,n-hv2-u00897,
hv2-e003171,hv2-u00845,task_first,hv2:ramp80:80,organic_search,assigned,2026-08-22T17:20:11.119Z,,,,
hv2-e003172,hv2-u00845,task_first,hv2:ramp80:80,organic_search,note_saved,2026-08-22T17:24:11.119Z,,,n-hv2-u00845,
hv2-e003173,hv2-u00845,task_first,hv2:ramp80:80,organic_search,task_created,2026-08-22T17:26:11.119Z,,,n-hv2-u00845,t-hv2-u00845-1
hv2-e003174,hv2-u00845,task_first,hv2:ramp80:80,organic_search,task_created,2026-08-22T17:27:11.119Z,,,n-hv2-u00845,t-hv2-u00845-2
hv2-e003933,hv2-u01033,task_first,hv2:ramp80:80,referral,assigned,2026-08-22T17:47:21.027Z,,,,
hv2-e003934,hv2-u01033,task_first,hv2:ramp80:80,referral,note_saved,2026-08-22T17:51:21.027Z,,,n-hv2-u01033,
hv2-e003935,hv2-u01033,task_first,hv2:ramp80:80,referral,task_created,2026-08-22T17:53:21.027Z,,,n-hv2-u01033,t-hv2-u01033-1
hv2-e002908,hv2-u00780,task_first,hv2:ramp80:80,referral,revisited,2026-08-22T17:59:07.859Z,,,n-hv2-u00780,
hv2-e002909,hv2-u00780,task_first,hv2:ramp80:80,referral,task_completed,2026-08-22T18:04:07.859Z,,,n-hv2-u00780,t-hv2-u00780-1
hv2-e002350,hv2-u00637,task_first,hv2:ramp80:80,organic_search,assigned,2026-08-22T18:09:28.249Z,,,,
hv2-e002351,hv2-u00637,task_first,hv2:ramp80:80,organic_search,note_saved,2026-08-22T18:13:28.249Z,,,n-hv2-u00637,
hv2-e001895,hv2-u00521,task_first,hv2:ramp80:80,referral,assigned,2026-08-22T18:24:38.714Z,,,,
hv2-e002240,hv2-u00606,baseline,hv2:ramp80:80,organic_search,revisited,2026-08-22T18:26:20.032Z,,,n-hv2-u00606,
hv2-e001896,hv2-u00521,task_first,hv2:ramp80:80,referral,note_saved,2026-08-22T18:28:38.714Z,,,n-hv2-u00521,
hv2-e001897,hv2-u00521,task_first,hv2:ramp80:80,referral,task_created,2026-08-22T18:30:38.714Z,,,n-hv2-u00521,t-hv2-u00521-1
hv2-e002241,hv2-u00606,baseline,hv2:ramp80:80,organic_search,task_completed,2026-08-22T18:31:20.032Z,,,n-hv2-u00606,t-hv2-u00606-1
hv2-e003385,hv2-u00900,task_first,hv2:ramp80:80,app_store,assigned,2026-08-22T18:42:19.213Z,,,,
hv2-e003299,hv2-u00877,task_first,hv2:ramp80:80,referral,assigned,2026-08-22T18:43:20.762Z,,,,
hv2-e003386,hv2-u00900,task_first,hv2:ramp80:80,app_store,note_saved,2026-08-22T18:46:19.213Z,,,n-hv2-u00900,
hv2-e003300,hv2-u00877,task_first,hv2:ramp80:80,referral,note_saved,2026-08-22T18:47:20.762Z,,,n-hv2-u00877,
hv2-e003387,hv2-u00900,task_first,hv2:ramp80:80,app_store,task_created,2026-08-22T18:48:19.213Z,,,n-hv2-u00900,t-hv2-u00900-1
hv2-e003388,hv2-u00900,task_first,hv2:ramp80:80,app_store,task_created,2026-08-22T18:49:19.213Z,,,n-hv2-u00900,t-hv2-u00900-2
hv2-e003389,hv2-u00900,task_first,hv2:ramp80:80,app_store,task_created,2026-08-22T18:50:19.213Z,,,n-hv2-u00900,t-hv2-u00900-3
hv2-e003736,hv2-u00984,task_first,hv2:ramp80:80,organic_search,assigned,2026-08-22T18:56:56.193Z,,,,
hv2-e003737,hv2-u00984,task_first,hv2:ramp80:80,organic_search,note_saved,2026-08-22T19:00:56.193Z,,,n-hv2-u00984,
hv2-e002113,hv2-u00577,task_first,hv2:ramp80:80,referral,assigned,2026-08-22T19:27:28.720Z,,,,
hv2-e002114,hv2-u00577,task_first,hv2:ramp80:80,referral,note_saved,2026-08-22T19:31:28.720Z,,,n-hv2-u00577,
hv2-e002115,hv2-u00577,task_first,hv2:ramp80:80,referral,task_created,2026-08-22T19:33:28.720Z,,,n-hv2-u00577,t-hv2-u00577-1
hv2-e002116,hv2-u00577,task_first,hv2:ramp80:80,referral,task_created,2026-08-22T19:34:28.720Z,,,n-hv2-u00577,t-hv2-u00577-2
hv2-e002544,hv2-u00688,task_first,hv2:ramp80:80,paid_social,assigned,2026-08-22T20:14:36.579Z,,,,
hv2-e002545,hv2-u00688,task_first,hv2:ramp80:80,paid_social,note_saved,2026-08-22T20:18:36.579Z,,,n-hv2-u00688,
hv2-e002546,hv2-u00688,task_first,hv2:ramp80:80,paid_social,task_created,2026-08-22T20:20:36.579Z,,,n-hv2-u00688,t-hv2-u00688-1
hv2-e002547,hv2-u00688,task_first,hv2:ramp80:80,paid_social,task_created,2026-08-22T20:21:36.579Z,,,n-hv2-u00688,t-hv2-u00688-2
hv2-e003872,hv2-u01017,baseline,hv2:ramp80:80,organic_search,assigned,2026-08-22T20:45:20.587Z,,,,
hv2-e003924,hv2-u01031,task_first,hv2:ramp80:80,organic_search,assigned,2026-08-22T20:48:39.435Z,,,,
hv2-e003873,hv2-u01017,baseline,hv2:ramp80:80,organic_search,note_saved,2026-08-22T20:49:20.587Z,,,n-hv2-u01017,
hv2-e003874,hv2-u01017,baseline,hv2:ramp80:80,organic_search,task_created,2026-08-22T20:51:20.587Z,,,n-hv2-u01017,t-hv2-u01017-1
hv2-e003875,hv2-u01017,baseline,hv2:ramp80:80,organic_search,task_created,2026-08-22T20:52:20.587Z,,,n-hv2-u01017,t-hv2-u01017-2
hv2-e003925,hv2-u01031,task_first,hv2:ramp80:80,organic_search,note_saved,2026-08-22T20:52:39.435Z,,,n-hv2-u01031,
hv2-e003926,hv2-u01031,task_first,hv2:ramp80:80,organic_search,task_created,2026-08-22T20:54:39.435Z,,,n-hv2-u01031,t-hv2-u01031-1
hv2-e003927,hv2-u01031,task_first,hv2:ramp80:80,organic_search,task_created,2026-08-22T20:55:39.435Z,,,n-hv2-u01031,t-hv2-u01031-2
hv2-e003928,hv2-u01031,task_first,hv2:ramp80:80,organic_search,task_created,2026-08-22T20:56:39.435Z,,,n-hv2-u01031,t-hv2-u01031-3
hv2-e002304,hv2-u00627,task_first,hv2:ramp80:80,organic_search,assigned,2026-08-22T21:29:30.286Z,,,,
hv2-e002305,hv2-u00627,task_first,hv2:ramp80:80,organic_search,note_saved,2026-08-22T21:33:30.286Z,,,n-hv2-u00627,
hv2-e003101,hv2-u00826,baseline,hv2:ramp80:80,organic_search,revisited,2026-08-22T21:33:56.454Z,,,n-hv2-u00826,
hv2-e002306,hv2-u00627,task_first,hv2:ramp80:80,organic_search,task_created,2026-08-22T21:35:30.286Z,,,n-hv2-u00627,t-hv2-u00627-1
hv2-e002307,hv2-u00627,task_first,hv2:ramp80:80,organic_search,task_created,2026-08-22T21:36:30.286Z,,,n-hv2-u00627,t-hv2-u00627-2
hv2-e002308,hv2-u00627,task_first,hv2:ramp80:80,organic_search,task_created,2026-08-22T21:37:30.286Z,,,n-hv2-u00627,t-hv2-u00627-3
hv2-e003102,hv2-u00826,baseline,hv2:ramp80:80,organic_search,task_completed,2026-08-22T21:38:56.454Z,,,n-hv2-u00826,t-hv2-u00826-1
hv2-e002648,hv2-u00712,task_first,hv2:ramp80:80,organic_search,assigned,2026-08-22T21:43:11.186Z,,,,
hv2-e002649,hv2-u00712,task_first,hv2:ramp80:80,organic_search,note_saved,2026-08-22T21:47:11.186Z,,,n-hv2-u00712,
hv2-e003532,hv2-u00936,baseline,hv2:ramp80:80,app_store,assigned,2026-08-22T22:07:07.488Z,,,,
hv2-e003533,hv2-u00936,baseline,hv2:ramp80:80,app_store,note_saved,2026-08-22T22:11:07.488Z,,,n-hv2-u00936,
hv2-e003534,hv2-u00936,baseline,hv2:ramp80:80,app_store,task_created,2026-08-22T22:13:07.488Z,,,n-hv2-u00936,t-hv2-u00936-1
hv2-e003535,hv2-u00936,baseline,hv2:ramp80:80,app_store,task_created,2026-08-22T22:14:07.488Z,,,n-hv2-u00936,t-hv2-u00936-2
hv2-e003536,hv2-u00936,baseline,hv2:ramp80:80,app_store,task_created,2026-08-22T22:15:07.488Z,,,n-hv2-u00936,t-hv2-u00936-3
hv2-e003585,hv2-u00948,task_first,hv2:ramp80:80,organic_search,assigned,2026-08-22T22:49:21.870Z,,,,
hv2-e003586,hv2-u00948,task_first,hv2:ramp80:80,organic_search,note_saved,2026-08-22T22:53:21.870Z,,,n-hv2-u00948,
hv2-e003587,hv2-u00948,task_first,hv2:ramp80:80,organic_search,task_created,2026-08-22T22:55:21.870Z,,,n-hv2-u00948,t-hv2-u00948-1
hv2-e002405,hv2-u00653,task_first,hv2:ramp80:80,referral,assigned,2026-08-22T23:05:35.416Z,,,,
hv2-e002406,hv2-u00653,task_first,hv2:ramp80:80,referral,note_saved,2026-08-22T23:09:35.416Z,,,n-hv2-u00653,
hv2-e002407,hv2-u00653,task_first,hv2:ramp80:80,referral,task_created,2026-08-22T23:11:35.416Z,,,n-hv2-u00653,t-hv2-u00653-1
hv2-e003470,hv2-u00920,task_first,hv2:ramp80:80,organic_search,assigned,2026-08-22T23:11:46.013Z,,,,
hv2-e002408,hv2-u00653,task_first,hv2:ramp80:80,referral,task_created,2026-08-22T23:12:35.416Z,,,n-hv2-u00653,t-hv2-u00653-2
hv2-e002409,hv2-u00653,task_first,hv2:ramp80:80,referral,task_created,2026-08-22T23:13:35.416Z,,,n-hv2-u00653,t-hv2-u00653-3
hv2-e003471,hv2-u00920,task_first,hv2:ramp80:80,organic_search,note_saved,2026-08-22T23:15:46.013Z,,,n-hv2-u00920,
hv2-e003472,hv2-u00920,task_first,hv2:ramp80:80,organic_search,task_created,2026-08-22T23:17:46.013Z,,,n-hv2-u00920,t-hv2-u00920-1
hv2-e003473,hv2-u00920,task_first,hv2:ramp80:80,organic_search,task_created,2026-08-22T23:18:46.013Z,,,n-hv2-u00920,t-hv2-u00920-2
hv2-e003474,hv2-u00920,task_first,hv2:ramp80:80,organic_search,task_created,2026-08-22T23:19:46.013Z,,,n-hv2-u00920,t-hv2-u00920-3
hv2-e002474,hv2-u00667,task_first,hv2:ramp80:80,app_store,assigned,2026-08-22T23:33:31.956Z,,,,
hv2-e002475,hv2-u00667,task_first,hv2:ramp80:80,app_store,note_saved,2026-08-22T23:37:31.956Z,,,n-hv2-u00667,
hv2-e002476,hv2-u00667,task_first,hv2:ramp80:80,app_store,task_created,2026-08-22T23:39:31.956Z,,,n-hv2-u00667,t-hv2-u00667-1
hv2-e002477,hv2-u00667,task_first,hv2:ramp80:80,app_store,task_created,2026-08-22T23:40:31.956Z,,,n-hv2-u00667,t-hv2-u00667-2
hv2-e003588,hv2-u00948,task_first,hv2:ramp80:80,organic_search,trial_started,2026-08-22T23:49:21.870Z,,,,
hv2-e003345,hv2-u00889,task_first,hv2:ramp80:80,organic_search,assigned,2026-08-22T23:51:20.904Z,,,,
hv2-e003346,hv2-u00889,task_first,hv2:ramp80:80,organic_search,note_saved,2026-08-22T23:55:20.904Z,,,n-hv2-u00889,
hv2-e001937,hv2-u00530,baseline,hv2:ramp80:80,organic_search,revisited,2026-08-23T00:28:16.843Z,,,n-hv2-u00530,
hv2-e003950,hv2-u01036,task_first,hv2:ramp80:80,paid_social,assigned,2026-08-23T00:42:27.404Z,,,,
hv2-e003951,hv2-u01036,task_first,hv2:ramp80:80,paid_social,note_saved,2026-08-23T00:46:27.404Z,,,n-hv2-u01036,
hv2-e003952,hv2-u01036,task_first,hv2:ramp80:80,paid_social,task_created,2026-08-23T00:48:27.404Z,,,n-hv2-u01036,t-hv2-u01036-1
hv2-e002379,hv2-u00644,task_first,hv2:ramp80:80,organic_search,assigned,2026-08-23T00:54:00.330Z,,,,
hv2-e002380,hv2-u00644,task_first,hv2:ramp80:80,organic_search,note_saved,2026-08-23T00:58:00.330Z,,,n-hv2-u00644,
hv2-e002381,hv2-u00644,task_first,hv2:ramp80:80,organic_search,task_created,2026-08-23T01:00:00.330Z,,,n-hv2-u00644,t-hv2-u00644-1
hv2-e003685,hv2-u00973,task_first,hv2:ramp80:80,referral,assigned,2026-08-23T01:05:00.076Z,,,,
hv2-e003686,hv2-u00973,task_first,hv2:ramp80:80,referral,note_saved,2026-08-23T01:09:00.076Z,,,n-hv2-u00973,
hv2-e003687,hv2-u00973,task_first,hv2:ramp80:80,referral,task_created,2026-08-23T01:11:00.076Z,,,n-hv2-u00973,t-hv2-u00973-1
hv2-e003688,hv2-u00973,task_first,hv2:ramp80:80,referral,task_created,2026-08-23T01:12:00.076Z,,,n-hv2-u00973,t-hv2-u00973-2
hv2-e003689,hv2-u00973,task_first,hv2:ramp80:80,referral,task_created,2026-08-23T01:13:00.076Z,,,n-hv2-u00973,t-hv2-u00973-3
hv2-e002782,hv2-u00746,task_first,hv2:ramp80:80,app_store,assigned,2026-08-23T01:37:54.909Z,,,,
hv2-e003944,hv2-u01034,task_first,hv2:ramp80:80,referral,revisited,2026-08-23T01:51:54.264Z,,,n-hv2-u01034,
hv2-e003945,hv2-u01034,task_first,hv2:ramp80:80,referral,task_completed,2026-08-23T01:56:54.264Z,,,n-hv2-u01034,t-hv2-u01034-1
hv2-e003073,hv2-u00818,task_first,hv2:ramp80:80,referral,assigned,2026-08-23T02:01:09.117Z,,,,
hv2-e002833,hv2-u00762,task_first,hv2:ramp80:80,referral,revisited,2026-08-23T02:02:35.164Z,,,n-hv2-u00762,
hv2-e003074,hv2-u00818,task_first,hv2:ramp80:80,referral,note_saved,2026-08-23T02:05:09.117Z,,,n-hv2-u00818,
hv2-e002834,hv2-u00762,task_first,hv2:ramp80:80,referral,task_completed,2026-08-23T02:07:35.164Z,,,n-hv2-u00762,t-hv2-u00762-1
hv2-e002707,hv2-u00729,task_first,hv2:ramp80:80,referral,assigned,2026-08-23T02:25:17.444Z,,,,
hv2-e002708,hv2-u00729,task_first,hv2:ramp80:80,referral,note_saved,2026-08-23T02:29:17.444Z,,,n-hv2-u00729,
hv2-e002709,hv2-u00729,task_first,hv2:ramp80:80,referral,task_created,2026-08-23T02:31:17.444Z,,,n-hv2-u00729,t-hv2-u00729-1
hv2-e002710,hv2-u00729,task_first,hv2:ramp80:80,referral,task_created,2026-08-23T02:32:17.444Z,,,n-hv2-u00729,t-hv2-u00729-2
hv2-e000488,hv2-u00136,task_first,hv2:ramp20:20,app_store,refunded,2026-08-23T02:40:44.539Z,10.00,XTS,,
hv2-e003426,hv2-u00910,task_first,hv2:ramp80:80,referral,assigned,2026-08-23T02:47:38.992Z,,,,
hv2-e003427,hv2-u00910,task_first,hv2:ramp80:80,referral,note_saved,2026-08-23T02:51:38.992Z,,,n-hv2-u00910,
hv2-e002067,hv2-u00562,task_first,hv2:ramp80:80,app_store,assigned,2026-08-23T02:51:52.856Z,,,,
hv2-e002068,hv2-u00562,task_first,hv2:ramp80:80,app_store,note_saved,2026-08-23T02:55:52.856Z,,,n-hv2-u00562,
hv2-e002069,hv2-u00562,task_first,hv2:ramp80:80,app_store,task_created,2026-08-23T02:57:52.856Z,,,n-hv2-u00562,t-hv2-u00562-1
hv2-e002070,hv2-u00562,task_first,hv2:ramp80:80,app_store,task_created,2026-08-23T02:58:52.856Z,,,n-hv2-u00562,t-hv2-u00562-2
hv2-e003032,hv2-u00810,task_first,hv2:ramp80:80,organic_search,revisited,2026-08-23T03:10:30.262Z,,,n-hv2-u00810,
hv2-e003033,hv2-u00810,task_first,hv2:ramp80:80,organic_search,task_completed,2026-08-23T03:15:30.262Z,,,n-hv2-u00810,t-hv2-u00810-1
hv2-e003762,hv2-u00990,task_first,hv2:ramp80:80,organic_search,trial_started,2026-08-23T03:19:08.580Z,,,,
hv2-e002713,hv2-u00729,task_first,hv2:ramp80:80,referral,trial_started,2026-08-23T03:25:17.444Z,,,,
hv2-e003908,hv2-u01026,task_first,hv2:ramp80:80,app_store,assigned,2026-08-23T03:25:29.703Z,,,,
hv2-e003246,hv2-u00862,task_first,hv2:ramp80:80,app_store,assigned,2026-08-23T03:27:05.926Z,,,,
hv2-e003247,hv2-u00862,task_first,hv2:ramp80:80,app_store,note_saved,2026-08-23T03:31:05.926Z,,,n-hv2-u00862,
hv2-e003248,hv2-u00862,task_first,hv2:ramp80:80,app_store,task_created,2026-08-23T03:33:05.926Z,,,n-hv2-u00862,t-hv2-u00862-1
hv2-e003835,hv2-u01007,baseline,hv2:ramp80:80,app_store,assigned,2026-08-23T03:37:14.663Z,,,,
hv2-e003706,hv2-u00976,task_first,hv2:ramp80:80,app_store,assigned,2026-08-23T03:39:53.719Z,,,,
hv2-e003707,hv2-u00976,task_first,hv2:ramp80:80,app_store,note_saved,2026-08-23T03:43:53.719Z,,,n-hv2-u00976,
hv2-e003708,hv2-u00976,task_first,hv2:ramp80:80,app_store,task_created,2026-08-23T03:45:53.719Z,,,n-hv2-u00976,t-hv2-u00976-1
hv2-e003659,hv2-u00965,task_first,hv2:ramp80:80,app_store,revisited,2026-08-23T03:46:09.898Z,,,n-hv2-u00965,
hv2-e003709,hv2-u00976,task_first,hv2:ramp80:80,app_store,task_created,2026-08-23T03:46:53.719Z,,,n-hv2-u00976,t-hv2-u00976-2
hv2-e002227,hv2-u00602,task_first,hv2:ramp80:80,app_store,revisited,2026-08-23T03:55:58.817Z,,,n-hv2-u00602,
hv2-e002789,hv2-u00749,task_first,hv2:ramp80:80,app_store,revisited,2026-08-23T03:56:33.570Z,,,n-hv2-u00749,
hv2-e002228,hv2-u00602,task_first,hv2:ramp80:80,app_store,task_completed,2026-08-23T04:00:58.817Z,,,n-hv2-u00602,t-hv2-u00602-1
hv2-e002748,hv2-u00738,baseline,hv2:ramp80:80,referral,trial_started,2026-08-23T04:08:19.291Z,,,,
hv2-e003602,hv2-u00951,baseline,hv2:ramp80:80,referral,trial_started,2026-08-23T04:11:02.487Z,,,,
hv2-e002361,hv2-u00640,task_first,hv2:ramp80:80,app_store,assigned,2026-08-23T04:39:21.607Z,,,,
hv2-e002362,hv2-u00640,task_first,hv2:ramp80:80,app_store,note_saved,2026-08-23T04:43:21.607Z,,,n-hv2-u00640,
hv2-e002123,hv2-u00579,baseline,hv2:ramp80:80,referral,assigned,2026-08-23T05:07:40.474Z,,,,
hv2-e002124,hv2-u00579,baseline,hv2:ramp80:80,referral,note_saved,2026-08-23T05:11:40.474Z,,,n-hv2-u00579,
hv2-e002125,hv2-u00579,baseline,hv2:ramp80:80,referral,task_created,2026-08-23T05:13:40.474Z,,,n-hv2-u00579,t-hv2-u00579-1
hv2-e002126,hv2-u00579,baseline,hv2:ramp80:80,referral,task_created,2026-08-23T05:14:40.474Z,,,n-hv2-u00579,t-hv2-u00579-2
hv2-e002818,hv2-u00759,task_first,hv2:ramp80:80,organic_search,assigned,2026-08-23T05:14:44.278Z,,,,
hv2-e002819,hv2-u00759,task_first,hv2:ramp80:80,organic_search,note_saved,2026-08-23T05:18:44.278Z,,,n-hv2-u00759,
hv2-e003726,hv2-u00982,task_first,hv2:ramp80:80,organic_search,assigned,2026-08-23T06:24:13.619Z,,,,
hv2-e003727,hv2-u00982,task_first,hv2:ramp80:80,organic_search,note_saved,2026-08-23T06:28:13.619Z,,,n-hv2-u00982,
hv2-e003728,hv2-u00982,task_first,hv2:ramp80:80,organic_search,task_created,2026-08-23T06:30:13.619Z,,,n-hv2-u00982,t-hv2-u00982-1
hv2-e003841,hv2-u01009,baseline,hv2:ramp80:80,referral,assigned,2026-08-23T07:25:11.447Z,,,,
hv2-e003027,hv2-u00809,task_first,hv2:ramp80:80,organic_search,paid,2026-08-23T07:25:52.747Z,10.00,XTS,,
hv2-e003842,hv2-u01009,baseline,hv2:ramp80:80,referral,note_saved,2026-08-23T07:29:11.447Z,,,n-hv2-u01009,
hv2-e003806,hv2-u01000,task_first,hv2:ramp80:80,app_store,assigned,2026-08-23T08:12:21.786Z,,,,
hv2-e002637,hv2-u00710,baseline,hv2:ramp80:80,referral,assigned,2026-08-23T08:14:36.214Z,,,,
hv2-e003807,hv2-u01000,task_first,hv2:ramp80:80,app_store,note_saved,2026-08-23T08:16:21.786Z,,,n-hv2-u01000,
hv2-e003808,hv2-u01000,task_first,hv2:ramp80:80,app_store,task_created,2026-08-23T08:18:21.786Z,,,n-hv2-u01000,t-hv2-u01000-1
hv2-e002638,hv2-u00710,baseline,hv2:ramp80:80,referral,note_saved,2026-08-23T08:18:36.214Z,,,n-hv2-u00710,
hv2-e003809,hv2-u01000,task_first,hv2:ramp80:80,app_store,task_created,2026-08-23T08:19:21.786Z,,,n-hv2-u01000,t-hv2-u01000-2
hv2-e002639,hv2-u00710,baseline,hv2:ramp80:80,referral,task_created,2026-08-23T08:20:36.214Z,,,n-hv2-u00710,t-hv2-u00710-1
hv2-e002640,hv2-u00710,baseline,hv2:ramp80:80,referral,task_created,2026-08-23T08:21:36.214Z,,,n-hv2-u00710,t-hv2-u00710-2
hv2-e003734,hv2-u00983,baseline,hv2:ramp80:80,referral,trial_started,2026-08-23T08:47:55.971Z,,,,
hv2-e003667,hv2-u00969,baseline,hv2:ramp80:80,organic_search,assigned,2026-08-23T09:37:09.537Z,,,,
hv2-e001963,hv2-u00537,baseline,hv2:ramp80:80,referral,revisited,2026-08-23T09:46:30.483Z,,,n-hv2-u00537,
hv2-e001964,hv2-u00537,baseline,hv2:ramp80:80,referral,task_completed,2026-08-23T09:51:30.483Z,,,n-hv2-u00537,t-hv2-u00537-1
hv2-e001965,hv2-u00537,baseline,hv2:ramp80:80,referral,trial_started,2026-08-23T10:16:30.483Z,,,,
hv2-e002162,hv2-u00587,task_first,hv2:ramp80:80,referral,assigned,2026-08-23T10:30:40.515Z,,,,
hv2-e002163,hv2-u00587,task_first,hv2:ramp80:80,referral,note_saved,2026-08-23T10:34:40.515Z,,,n-hv2-u00587,
hv2-e002164,hv2-u00587,task_first,hv2:ramp80:80,referral,task_created,2026-08-23T10:36:40.515Z,,,n-hv2-u00587,t-hv2-u00587-1
hv2-e003508,hv2-u00929,baseline,hv2:ramp80:80,organic_search,assigned,2026-08-23T10:57:22.121Z,,,,
hv2-e003509,hv2-u00929,baseline,hv2:ramp80:80,organic_search,note_saved,2026-08-23T11:01:22.121Z,,,n-hv2-u00929,
hv2-e003510,hv2-u00929,baseline,hv2:ramp80:80,organic_search,task_created,2026-08-23T11:03:22.121Z,,,n-hv2-u00929,t-hv2-u00929-1
hv2-e002996,hv2-u00803,task_first,hv2:ramp80:80,referral,assigned,2026-08-23T11:42:06.826Z,,,,
hv2-e002997,hv2-u00803,task_first,hv2:ramp80:80,referral,note_saved,2026-08-23T11:46:06.826Z,,,n-hv2-u00803,
hv2-e002998,hv2-u00803,task_first,hv2:ramp80:80,referral,task_created,2026-08-23T11:48:06.826Z,,,n-hv2-u00803,t-hv2-u00803-1
hv2-e002999,hv2-u00803,task_first,hv2:ramp80:80,referral,task_created,2026-08-23T11:49:06.826Z,,,n-hv2-u00803,t-hv2-u00803-2
hv2-e002836,hv2-u00764,task_first,hv2:ramp80:80,organic_search,assigned,2026-08-23T11:49:19.990Z,,,,
hv2-e003000,hv2-u00803,task_first,hv2:ramp80:80,referral,task_created,2026-08-23T11:50:06.826Z,,,n-hv2-u00803,t-hv2-u00803-3
hv2-e002837,hv2-u00764,task_first,hv2:ramp80:80,organic_search,note_saved,2026-08-23T11:53:19.990Z,,,n-hv2-u00764,
hv2-e002838,hv2-u00764,task_first,hv2:ramp80:80,organic_search,task_created,2026-08-23T11:55:19.990Z,,,n-hv2-u00764,t-hv2-u00764-1
hv2-e002839,hv2-u00764,task_first,hv2:ramp80:80,organic_search,task_created,2026-08-23T11:56:19.990Z,,,n-hv2-u00764,t-hv2-u00764-2
hv2-e002840,hv2-u00764,task_first,hv2:ramp80:80,organic_search,task_created,2026-08-23T11:57:19.990Z,,,n-hv2-u00764,t-hv2-u00764-3
hv2-e003270,hv2-u00868,task_first,hv2:ramp80:80,organic_search,revisited,2026-08-23T12:07:22.492Z,,,n-hv2-u00868,
hv2-e003132,hv2-u00834,baseline,hv2:ramp80:80,organic_search,assigned,2026-08-23T12:09:18.443Z,,,,
hv2-e003133,hv2-u00834,baseline,hv2:ramp80:80,organic_search,note_saved,2026-08-23T12:13:18.443Z,,,n-hv2-u00834,
hv2-e003134,hv2-u00834,baseline,hv2:ramp80:80,organic_search,task_created,2026-08-23T12:15:18.443Z,,,n-hv2-u00834,t-hv2-u00834-1
hv2-e002969,hv2-u00797,task_first,hv2:ramp80:80,organic_search,assigned,2026-08-23T12:29:36.181Z,,,,
hv2-e002970,hv2-u00797,task_first,hv2:ramp80:80,organic_search,note_saved,2026-08-23T12:33:36.181Z,,,n-hv2-u00797,
hv2-e002841,hv2-u00764,task_first,hv2:ramp80:80,organic_search,trial_started,2026-08-23T12:49:19.990Z,,,,
hv2-e002766,hv2-u00742,task_first,hv2:ramp80:80,organic_search,assigned,2026-08-23T12:57:40.811Z,,,,
hv2-e002767,hv2-u00742,task_first,hv2:ramp80:80,organic_search,note_saved,2026-08-23T13:01:40.811Z,,,n-hv2-u00742,
hv2-e002768,hv2-u00742,task_first,hv2:ramp80:80,organic_search,task_created,2026-08-23T13:03:40.811Z,,,n-hv2-u00742,t-hv2-u00742-1
hv2-e002769,hv2-u00742,task_first,hv2:ramp80:80,organic_search,task_created,2026-08-23T13:04:40.811Z,,,n-hv2-u00742,t-hv2-u00742-2
hv2-e002410,hv2-u00654,task_first,hv2:ramp80:80,app_store,assigned,2026-08-23T13:58:12.523Z,,,,
hv2-e002411,hv2-u00654,task_first,hv2:ramp80:80,app_store,note_saved,2026-08-23T14:02:12.523Z,,,n-hv2-u00654,
hv2-e003480,hv2-u00921,task_first,hv2:ramp80:80,organic_search,revisited,2026-08-23T14:35:28.412Z,,,n-hv2-u00921,
hv2-e003481,hv2-u00921,task_first,hv2:ramp80:80,organic_search,task_completed,2026-08-23T14:40:28.412Z,,,n-hv2-u00921,t-hv2-u00921-1
hv2-e002245,hv2-u00607,task_first,hv2:ramp80:80,organic_search,revisited,2026-08-23T14:45:37.823Z,,,n-hv2-u00607,
hv2-e002246,hv2-u00607,task_first,hv2:ramp80:80,organic_search,task_completed,2026-08-23T14:50:37.823Z,,,n-hv2-u00607,t-hv2-u00607-1
hv2-e002541,hv2-u00686,task_first,hv2:ramp80:80,organic_search,revisited,2026-08-23T14:57:26.040Z,,,n-hv2-u00686,
hv2-e002992,hv2-u00802,task_first,hv2:ramp80:80,organic_search,revisited,2026-08-23T15:12:05.570Z,,,n-hv2-u00802,
hv2-e002993,hv2-u00802,task_first,hv2:ramp80:80,organic_search,task_completed,2026-08-23T15:17:05.570Z,,,n-hv2-u00802,t-hv2-u00802-1
hv2-e002810,hv2-u00756,task_first,hv2:ramp80:80,app_store,assigned,2026-08-23T15:48:37.957Z,,,,
hv2-e002811,hv2-u00756,task_first,hv2:ramp80:80,app_store,note_saved,2026-08-23T15:52:37.957Z,,,n-hv2-u00756,
hv2-e002812,hv2-u00756,task_first,hv2:ramp80:80,app_store,task_created,2026-08-23T15:54:37.957Z,,,n-hv2-u00756,t-hv2-u00756-1
hv2-e002108,hv2-u00575,task_first,hv2:ramp80:80,referral,assigned,2026-08-23T15:55:19.823Z,,,,
hv2-e002109,hv2-u00575,task_first,hv2:ramp80:80,referral,note_saved,2026-08-23T15:59:19.823Z,,,n-hv2-u00575,
hv2-e003069,hv2-u00817,task_first,hv2:ramp80:80,referral,revisited,2026-08-23T16:27:06.572Z,,,n-hv2-u00817,
hv2-e003070,hv2-u00817,task_first,hv2:ramp80:80,referral,task_completed,2026-08-23T16:32:06.572Z,,,n-hv2-u00817,t-hv2-u00817-1
hv2-e002449,hv2-u00663,baseline,hv2:ramp80:80,organic_search,assigned,2026-08-23T16:32:16.018Z,,,,
hv2-e002450,hv2-u00663,baseline,hv2:ramp80:80,organic_search,note_saved,2026-08-23T16:36:16.018Z,,,n-hv2-u00663,
hv2-e002451,hv2-u00663,baseline,hv2:ramp80:80,organic_search,task_created,2026-08-23T16:38:16.018Z,,,n-hv2-u00663,t-hv2-u00663-1
hv2-e002452,hv2-u00663,baseline,hv2:ramp80:80,organic_search,task_created,2026-08-23T16:39:16.018Z,,,n-hv2-u00663,t-hv2-u00663-2
hv2-e003275,hv2-u00870,task_first,hv2:ramp80:80,app_store,assigned,2026-08-23T16:43:37.478Z,,,,
hv2-e003276,hv2-u00870,task_first,hv2:ramp80:80,app_store,note_saved,2026-08-23T16:47:37.478Z,,,n-hv2-u00870,
hv2-e003277,hv2-u00870,task_first,hv2:ramp80:80,app_store,task_created,2026-08-23T16:49:37.478Z,,,n-hv2-u00870,t-hv2-u00870-1
hv2-e000141,hv2-u00041,task_first,hv2:ramp20:20,organic_search,cancelled,2026-08-23T16:54:21.247Z,,,,
hv2-e003850,hv2-u01011,task_first,hv2:ramp80:80,organic_search,assigned,2026-08-23T16:57:56.319Z,,,,
hv2-e003851,hv2-u01011,task_first,hv2:ramp80:80,organic_search,note_saved,2026-08-23T17:01:56.319Z,,,n-hv2-u01011,
hv2-e001938,hv2-u00531,task_first,hv2:ramp80:80,organic_search,assigned,2026-08-23T17:03:16.890Z,,,,
hv2-e001939,hv2-u00531,task_first,hv2:ramp80:80,organic_search,note_saved,2026-08-23T17:07:16.890Z,,,n-hv2-u00531,
hv2-e003791,hv2-u00996,task_first,hv2:ramp80:80,app_store,assigned,2026-08-23T17:09:10.301Z,,,,
hv2-e001940,hv2-u00531,task_first,hv2:ramp80:80,organic_search,task_created,2026-08-23T17:09:16.890Z,,,n-hv2-u00531,t-hv2-u00531-1
hv2-e003136,hv2-u00835,task_first,hv2:ramp80:80,referral,assigned,2026-08-23T17:17:00.669Z,,,,
hv2-e002090,hv2-u00570,task_first,hv2:ramp80:80,referral,assigned,2026-08-23T17:36:44.566Z,,,,
hv2-e002091,hv2-u00570,task_first,hv2:ramp80:80,referral,note_saved,2026-08-23T17:40:44.566Z,,,n-hv2-u00570,
hv2-e002092,hv2-u00570,task_first,hv2:ramp80:80,referral,task_created,2026-08-23T17:42:44.566Z,,,n-hv2-u00570,t-hv2-u00570-1
hv2-e002093,hv2-u00570,task_first,hv2:ramp80:80,referral,task_created,2026-08-23T17:43:44.566Z,,,n-hv2-u00570,t-hv2-u00570-2
hv2-e002094,hv2-u00570,task_first,hv2:ramp80:80,referral,task_created,2026-08-23T17:44:44.566Z,,,n-hv2-u00570,t-hv2-u00570-3
hv2-e002136,hv2-u00582,task_first,hv2:ramp80:80,organic_search,assigned,2026-08-23T17:45:26.517Z,,,,
hv2-e002137,hv2-u00582,task_first,hv2:ramp80:80,organic_search,note_saved,2026-08-23T17:49:26.517Z,,,n-hv2-u00582,
hv2-e002422,hv2-u00658,task_first,hv2:ramp80:80,referral,assigned,2026-08-23T17:50:17.329Z,,,,
hv2-e002138,hv2-u00582,task_first,hv2:ramp80:80,organic_search,task_created,2026-08-23T17:51:26.517Z,,,n-hv2-u00582,t-hv2-u00582-1
hv2-e002423,hv2-u00658,task_first,hv2:ramp80:80,referral,note_saved,2026-08-23T17:54:17.329Z,,,n-hv2-u00658,
hv2-e003620,hv2-u00956,task_first,hv2:ramp80:80,app_store,assigned,2026-08-23T17:58:15.562Z,,,,
hv2-e003621,hv2-u00956,task_first,hv2:ramp80:80,app_store,note_saved,2026-08-23T18:02:15.562Z,,,n-hv2-u00956,
hv2-e001918,hv2-u00527,baseline,hv2:ramp80:80,referral,assigned,2026-08-23T18:05:13.023Z,,,,
hv2-e001919,hv2-u00527,baseline,hv2:ramp80:80,referral,note_saved,2026-08-23T18:09:13.023Z,,,n-hv2-u00527,
hv2-e001920,hv2-u00527,baseline,hv2:ramp80:80,referral,task_created,2026-08-23T18:11:13.023Z,,,n-hv2-u00527,t-hv2-u00527-1
hv2-e003003,hv2-u00804,task_first,hv2:ramp80:80,organic_search,assigned,2026-08-23T18:31:29.146Z,,,,
hv2-e003004,hv2-u00804,task_first,hv2:ramp80:80,organic_search,note_saved,2026-08-23T18:35:29.146Z,,,n-hv2-u00804,
hv2-e002424,hv2-u00658,task_first,hv2:ramp80:80,referral,trial_started,2026-08-23T18:50:17.329Z,,,,
hv2-e003324,hv2-u00883,task_first,hv2:ramp80:80,organic_search,assigned,2026-08-23T19:39:43.769Z,,,,
hv2-e003325,hv2-u00883,task_first,hv2:ramp80:80,organic_search,note_saved,2026-08-23T19:43:43.769Z,,,n-hv2-u00883,
hv2-e003326,hv2-u00883,task_first,hv2:ramp80:80,organic_search,task_created,2026-08-23T19:45:43.769Z,,,n-hv2-u00883,t-hv2-u00883-1
hv2-e003327,hv2-u00883,task_first,hv2:ramp80:80,organic_search,task_created,2026-08-23T19:46:43.769Z,,,n-hv2-u00883,t-hv2-u00883-2
hv2-e003140,hv2-u00837,task_first,hv2:ramp80:80,referral,assigned,2026-08-23T19:47:27.148Z,,,,
hv2-e003141,hv2-u00837,task_first,hv2:ramp80:80,referral,note_saved,2026-08-23T19:51:27.148Z,,,n-hv2-u00837,
hv2-e003142,hv2-u00837,task_first,hv2:ramp80:80,referral,task_created,2026-08-23T19:53:27.148Z,,,n-hv2-u00837,t-hv2-u00837-1
hv2-e003143,hv2-u00837,task_first,hv2:ramp80:80,referral,task_created,2026-08-23T19:54:27.148Z,,,n-hv2-u00837,t-hv2-u00837-2
hv2-e002737,hv2-u00735,task_first,hv2:ramp80:80,organic_search,assigned,2026-08-23T20:09:32.960Z,,,,
hv2-e003353,hv2-u00891,task_first,hv2:ramp80:80,app_store,revisited,2026-08-23T20:12:29.795Z,,,n-hv2-u00891,
hv2-e002738,hv2-u00735,task_first,hv2:ramp80:80,organic_search,note_saved,2026-08-23T20:13:32.960Z,,,n-hv2-u00735,
hv2-e003329,hv2-u00883,task_first,hv2:ramp80:80,organic_search,trial_started,2026-08-23T20:39:43.769Z,,,,
hv2-e002704,hv2-u00728,baseline,hv2:ramp80:80,referral,assigned,2026-08-23T21:19:55.950Z,,,,
hv2-e002705,hv2-u00728,baseline,hv2:ramp80:80,referral,note_saved,2026-08-23T21:23:55.950Z,,,n-hv2-u00728,
hv2-e002482,hv2-u00669,task_first,hv2:ramp80:80,organic_search,assigned,2026-08-23T21:26:59.394Z,,,,
hv2-e002483,hv2-u00669,task_first,hv2:ramp80:80,organic_search,note_saved,2026-08-23T21:30:59.394Z,,,n-hv2-u00669,
hv2-e003179,hv2-u00846,task_first,hv2:ramp80:80,organic_search,revisited,2026-08-23T22:14:18.119Z,,,n-hv2-u00846,
hv2-e003180,hv2-u00846,task_first,hv2:ramp80:80,organic_search,task_completed,2026-08-23T22:19:18.119Z,,,n-hv2-u00846,t-hv2-u00846-1
hv2-e003922,hv2-u01030,task_first,hv2:ramp80:80,referral,revisited,2026-08-23T22:34:45.764Z,,,n-hv2-u01030,
hv2-e003537,hv2-u00936,baseline,hv2:ramp80:80,app_store,revisited,2026-08-23T22:37:07.488Z,,,n-hv2-u00936,
hv2-e003923,hv2-u01030,task_first,hv2:ramp80:80,referral,task_completed,2026-08-23T22:39:45.764Z,,,n-hv2-u01030,t-hv2-u01030-1
hv2-e003538,hv2-u00936,baseline,hv2:ramp80:80,app_store,task_completed,2026-08-23T22:42:07.488Z,,,n-hv2-u00936,t-hv2-u00936-1
hv2-e002650,hv2-u00712,task_first,hv2:ramp80:80,organic_search,trial_started,2026-08-23T22:43:11.186Z,,,,
hv2-e003417,hv2-u00908,task_first,hv2:ramp80:80,referral,revisited,2026-08-23T23:00:45.476Z,,,n-hv2-u00908,
hv2-e003418,hv2-u00908,task_first,hv2:ramp80:80,referral,task_completed,2026-08-23T23:05:45.476Z,,,n-hv2-u00908,t-hv2-u00908-1
hv2-e003529,hv2-u00934,task_first,hv2:ramp80:80,organic_search,revisited,2026-08-23T23:17:09.010Z,,,n-hv2-u00934,
hv2-e002229,hv2-u00603,baseline,hv2:ramp80:80,organic_search,assigned,2026-08-23T23:22:44.352Z,,,,
hv2-e002230,hv2-u00603,baseline,hv2:ramp80:80,organic_search,note_saved,2026-08-23T23:26:44.352Z,,,n-hv2-u00603,
hv2-e002231,hv2-u00603,baseline,hv2:ramp80:80,organic_search,task_created,2026-08-23T23:28:44.352Z,,,n-hv2-u00603,t-hv2-u00603-1
hv2-e002392,hv2-u00648,task_first,hv2:ramp80:80,organic_search,assigned,2026-08-23T23:51:34.837Z,,,,
hv2-e002160,hv2-u00586,task_first,hv2:ramp80:80,referral,assigned,2026-08-24T00:23:44.559Z,,,,
hv2-e002161,hv2-u00586,task_first,hv2:ramp80:80,referral,note_saved,2026-08-24T00:27:44.559Z,,,n-hv2-u00586,
hv2-e003953,hv2-u01036,task_first,hv2:ramp80:80,paid_social,revisited,2026-08-24T00:42:27.404Z,,,n-hv2-u01036,
hv2-e002760,hv2-u00740,baseline,hv2:ramp80:80,referral,trial_started,2026-08-24T02:13:00.144Z,,,,
hv2-e001914,hv2-u00526,task_first,hv2:ramp80:80,organic_search,assigned,2026-08-24T02:31:34.313Z,,,,
hv2-e003117,hv2-u00829,task_first,hv2:ramp80:80,referral,assigned,2026-08-24T02:36:07.681Z,,,,
hv2-e002730,hv2-u00733,baseline,hv2:ramp80:80,organic_search,revisited,2026-08-24T02:36:57.082Z,,,n-hv2-u00733,
hv2-e003118,hv2-u00829,task_first,hv2:ramp80:80,referral,note_saved,2026-08-24T02:40:07.681Z,,,n-hv2-u00829,
hv2-e002506,hv2-u00677,task_first,hv2:ramp80:80,organic_search,assigned,2026-08-24T02:45:38.158Z,,,,
hv2-e002507,hv2-u00677,task_first,hv2:ramp80:80,organic_search,note_saved,2026-08-24T02:49:38.158Z,,,n-hv2-u00677,
hv2-e002508,hv2-u00677,task_first,hv2:ramp80:80,organic_search,task_created,2026-08-24T02:51:38.158Z,,,n-hv2-u00677,t-hv2-u00677-1
hv2-e002509,hv2-u00677,task_first,hv2:ramp80:80,organic_search,task_created,2026-08-24T02:52:38.158Z,,,n-hv2-u00677,t-hv2-u00677-2
hv2-e002510,hv2-u00677,task_first,hv2:ramp80:80,organic_search,task_created,2026-08-24T02:53:38.158Z,,,n-hv2-u00677,t-hv2-u00677-3
hv2-e003573,hv2-u00945,baseline,hv2:ramp80:80,organic_search,assigned,2026-08-24T03:04:20.788Z,,,,
hv2-e003574,hv2-u00945,baseline,hv2:ramp80:80,organic_search,note_saved,2026-08-24T03:08:20.788Z,,,n-hv2-u00945,
hv2-e003906,hv2-u01025,task_first,hv2:ramp80:80,paid_social,assigned,2026-08-24T03:36:19.359Z,,,,
hv2-e003907,hv2-u01025,task_first,hv2:ramp80:80,paid_social,note_saved,2026-08-24T03:40:19.359Z,,,n-hv2-u01025,
hv2-e002260,hv2-u00611,task_first,hv2:ramp80:80,organic_search,assigned,2026-08-24T03:43:46.711Z,,,,
hv2-e003411,hv2-u00906,task_first,hv2:ramp80:80,organic_search,revisited,2026-08-24T03:44:50.169Z,,,n-hv2-u00906,
hv2-e003428,hv2-u00910,task_first,hv2:ramp80:80,referral,trial_started,2026-08-24T03:47:38.992Z,,,,
hv2-e002463,hv2-u00665,task_first,hv2:ramp80:80,referral,assigned,2026-08-24T03:47:46.091Z,,,,
hv2-e002261,hv2-u00611,task_first,hv2:ramp80:80,organic_search,note_saved,2026-08-24T03:47:46.711Z,,,n-hv2-u00611,
hv2-e002262,hv2-u00611,task_first,hv2:ramp80:80,organic_search,task_created,2026-08-24T03:49:46.711Z,,,n-hv2-u00611,t-hv2-u00611-1
hv2-e002263,hv2-u00611,task_first,hv2:ramp80:80,organic_search,task_created,2026-08-24T03:50:46.711Z,,,n-hv2-u00611,t-hv2-u00611-2
hv2-e002464,hv2-u00665,task_first,hv2:ramp80:80,referral,note_saved,2026-08-24T03:51:46.091Z,,,n-hv2-u00665,
hv2-e002465,hv2-u00665,task_first,hv2:ramp80:80,referral,task_created,2026-08-24T03:53:46.091Z,,,n-hv2-u00665,t-hv2-u00665-1
hv2-e002466,hv2-u00665,task_first,hv2:ramp80:80,referral,task_created,2026-08-24T03:54:46.091Z,,,n-hv2-u00665,t-hv2-u00665-2
hv2-e002467,hv2-u00665,task_first,hv2:ramp80:80,referral,task_created,2026-08-24T03:55:46.091Z,,,n-hv2-u00665,t-hv2-u00665-3
hv2-e003580,hv2-u00947,task_first,hv2:ramp80:80,organic_search,assigned,2026-08-24T05:21:28.448Z,,,,
hv2-e003581,hv2-u00947,task_first,hv2:ramp80:80,organic_search,note_saved,2026-08-24T05:25:28.448Z,,,n-hv2-u00947,
hv2-e003582,hv2-u00947,task_first,hv2:ramp80:80,organic_search,task_created,2026-08-24T05:27:28.448Z,,,n-hv2-u00947,t-hv2-u00947-1
hv2-e003583,hv2-u00947,task_first,hv2:ramp80:80,organic_search,task_created,2026-08-24T05:28:28.448Z,,,n-hv2-u00947,t-hv2-u00947-2
hv2-e003564,hv2-u00942,task_first,hv2:ramp80:80,referral,assigned,2026-08-24T05:36:03.807Z,,,,
hv2-e003565,hv2-u00942,task_first,hv2:ramp80:80,referral,note_saved,2026-08-24T05:40:03.807Z,,,n-hv2-u00942,
hv2-e003566,hv2-u00942,task_first,hv2:ramp80:80,referral,task_created,2026-08-24T05:42:03.807Z,,,n-hv2-u00942,t-hv2-u00942-1
hv2-e002188,hv2-u00593,task_first,hv2:ramp80:80,referral,assigned,2026-08-24T06:18:31.327Z,,,,
hv2-e003224,hv2-u00856,task_first,hv2:ramp80:80,referral,revisited,2026-08-24T06:19:34.858Z,,,n-hv2-u00856,
hv2-e002189,hv2-u00593,task_first,hv2:ramp80:80,referral,note_saved,2026-08-24T06:22:31.327Z,,,n-hv2-u00593,
hv2-e002190,hv2-u00593,task_first,hv2:ramp80:80,referral,task_created,2026-08-24T06:24:31.327Z,,,n-hv2-u00593,t-hv2-u00593-1
hv2-e002967,hv2-u00796,baseline,hv2:ramp80:80,paid_social,assigned,2026-08-24T06:28:22.439Z,,,,
hv2-e002968,hv2-u00796,baseline,hv2:ramp80:80,paid_social,note_saved,2026-08-24T06:32:22.439Z,,,n-hv2-u00796,
hv2-e003287,hv2-u00874,task_first,hv2:ramp80:80,organic_search,assigned,2026-08-24T06:55:32.359Z,,,,
hv2-e003288,hv2-u00874,task_first,hv2:ramp80:80,organic_search,note_saved,2026-08-24T06:59:32.359Z,,,n-hv2-u00874,
hv2-e003225,hv2-u00856,task_first,hv2:ramp80:80,referral,trial_started,2026-08-24T07:19:34.858Z,,,,
hv2-e003702,hv2-u00975,task_first,hv2:ramp80:80,referral,revisited,2026-08-24T07:23:26.225Z,,,n-hv2-u00975,
hv2-e003152,hv2-u00840,task_first,hv2:ramp80:80,referral,paid,2026-08-24T07:27:32.532Z,10.00,XTS,,
hv2-e003703,hv2-u00975,task_first,hv2:ramp80:80,referral,task_completed,2026-08-24T07:28:26.225Z,,,n-hv2-u00975,t-hv2-u00975-1
hv2-e003130,hv2-u00833,task_first,hv2:ramp80:80,referral,trial_started,2026-08-24T07:46:46.205Z,,,,
hv2-e003704,hv2-u00975,task_first,hv2:ramp80:80,referral,trial_started,2026-08-24T07:53:26.225Z,,,,
hv2-e003159,hv2-u00842,baseline,hv2:ramp80:80,organic_search,assigned,2026-08-24T07:54:39.251Z,,,,
hv2-e003160,hv2-u00842,baseline,hv2:ramp80:80,organic_search,note_saved,2026-08-24T07:58:39.251Z,,,n-hv2-u00842,
hv2-e003161,hv2-u00842,baseline,hv2:ramp80:80,organic_search,task_created,2026-08-24T08:00:39.251Z,,,n-hv2-u00842,t-hv2-u00842-1
hv2-e003162,hv2-u00842,baseline,hv2:ramp80:80,organic_search,task_created,2026-08-24T08:01:39.251Z,,,n-hv2-u00842,t-hv2-u00842-2
hv2-e003163,hv2-u00842,baseline,hv2:ramp80:80,organic_search,task_created,2026-08-24T08:02:39.251Z,,,n-hv2-u00842,t-hv2-u00842-3
hv2-e003829,hv2-u01005,task_first,hv2:ramp80:80,organic_search,paid,2026-08-24T08:45:10.456Z,10.00,XTS,,
hv2-e001990,hv2-u00542,task_first,hv2:ramp80:80,organic_search,revisited,2026-08-24T09:55:18.069Z,,,n-hv2-u00542,
hv2-e001991,hv2-u00542,task_first,hv2:ramp80:80,organic_search,task_completed,2026-08-24T10:00:18.069Z,,,n-hv2-u00542,t-hv2-u00542-1
hv2-e003200,hv2-u00851,task_first,hv2:ramp80:80,app_store,revisited,2026-08-24T10:42:07.573Z,,,n-hv2-u00851,
hv2-e002367,hv2-u00641,task_first,hv2:ramp80:80,app_store,trial_started,2026-08-24T10:48:47.617Z,,,,
hv2-e003511,hv2-u00929,baseline,hv2:ramp80:80,organic_search,revisited,2026-08-24T10:57:22.121Z,,,n-hv2-u00929,
hv2-e002166,hv2-u00587,task_first,hv2:ramp80:80,referral,trial_started,2026-08-24T11:30:40.515Z,,,,
hv2-e003380,hv2-u00898,task_first,hv2:ramp80:80,organic_search,trial_started,2026-08-24T12:05:19.020Z,,,,
hv2-e002954,hv2-u00792,task_first,hv2:ramp80:80,app_store,revisited,2026-08-24T12:15:04.986Z,,,n-hv2-u00792,
hv2-e002600,hv2-u00701,task_first,hv2:ramp80:80,organic_search,revisited,2026-08-24T12:48:44.493Z,,,n-hv2-u00701,
hv2-e001997,hv2-u00544,task_first,hv2:ramp80:80,organic_search,paid,2026-08-24T13:05:46.294Z,10.00,XTS,,
hv2-e003135,hv2-u00834,baseline,hv2:ramp80:80,organic_search,trial_started,2026-08-24T13:09:18.443Z,,,,
hv2-e002813,hv2-u00756,task_first,hv2:ramp80:80,app_store,revisited,2026-08-24T15:48:37.957Z,,,n-hv2-u00756,
hv2-e003139,hv2-u00836,task_first,hv2:ramp80:80,referral,revisited,2026-08-24T15:55:21.226Z,,,n-hv2-u00836,
hv2-e002297,hv2-u00625,task_first,hv2:ramp80:80,referral,trial_started,2026-08-24T16:04:55.870Z,,,,
hv2-e003610,hv2-u00952,task_first,hv2:ramp80:80,organic_search,paid,2026-08-24T16:49:02.791Z,10.00,XTS,,
hv2-e003175,hv2-u00845,task_first,hv2:ramp80:80,organic_search,revisited,2026-08-24T17:20:11.119Z,,,n-hv2-u00845,
hv2-e002453,hv2-u00663,baseline,hv2:ramp80:80,organic_search,trial_started,2026-08-24T17:32:16.018Z,,,,
hv2-e003622,hv2-u00956,task_first,hv2:ramp80:80,app_store,revisited,2026-08-24T17:58:15.562Z,,,n-hv2-u00956,
hv2-e002139,hv2-u00582,task_first,hv2:ramp80:80,organic_search,revisited,2026-08-24T18:15:26.517Z,,,n-hv2-u00582,
hv2-e002140,hv2-u00582,task_first,hv2:ramp80:80,organic_search,task_completed,2026-08-24T18:20:26.517Z,,,n-hv2-u00582,t-hv2-u00582-1
hv2-e003938,hv2-u01033,task_first,hv2:ramp80:80,referral,trial_started,2026-08-24T18:47:21.027Z,,,,
hv2-e002117,hv2-u00577,task_first,hv2:ramp80:80,referral,revisited,2026-08-24T19:27:28.720Z,,,n-hv2-u00577,
hv2-e003328,hv2-u00883,task_first,hv2:ramp80:80,organic_search,revisited,2026-08-24T19:39:43.769Z,,,n-hv2-u00883,
hv2-e002258,hv2-u00609,baseline,hv2:ramp80:80,referral,cancelled,2026-08-24T19:50:49.725Z,,,,
hv2-e002548,hv2-u00688,task_first,hv2:ramp80:80,paid_social,revisited,2026-08-24T20:14:36.579Z,,,n-hv2-u00688,
hv2-e002706,hv2-u00728,baseline,hv2:ramp80:80,referral,revisited,2026-08-24T21:19:55.950Z,,,n-hv2-u00728,
hv2-e001906,hv2-u00523,task_first,hv2:ramp80:80,paid_social,revisited,2026-08-25T00:49:30.897Z,,,n-hv2-u00523,
hv2-e002267,hv2-u00613,task_first,hv2:ramp80:80,referral,trial_started,2026-08-25T00:55:19.192Z,,,,
hv2-e003960,hv2-u01038,task_first,hv2:ramp80:80,referral,paid,2026-08-25T01:03:30.109Z,10.00,XTS,,
hv2-e002759,hv2-u00740,baseline,hv2:ramp80:80,referral,revisited,2026-08-25T01:13:00.144Z,,,n-hv2-u00740,
hv2-e003243,hv2-u00861,baseline,hv2:ramp80:80,organic_search,revisited,2026-08-25T02:23:56.764Z,,,n-hv2-u00861,
hv2-e003244,hv2-u00861,baseline,hv2:ramp80:80,organic_search,task_completed,2026-08-25T02:28:56.764Z,,,n-hv2-u00861,t-hv2-u00861-1
hv2-e003575,hv2-u00945,baseline,hv2:ramp80:80,organic_search,revisited,2026-08-25T03:04:20.788Z,,,n-hv2-u00945,
hv2-e002870,hv2-u00771,task_first,hv2:ramp80:80,organic_search,revisited,2026-08-25T03:31:22.657Z,,,n-hv2-u00771,
hv2-e002871,hv2-u00771,task_first,hv2:ramp80:80,organic_search,task_completed,2026-08-25T03:36:22.657Z,,,n-hv2-u00771,t-hv2-u00771-1
hv2-e002335,hv2-u00633,task_first,hv2:ramp80:80,organic_search,revisited,2026-08-25T03:38:29.550Z,,,n-hv2-u00633,
hv2-e002511,hv2-u00677,task_first,hv2:ramp80:80,organic_search,trial_started,2026-08-25T03:45:38.158Z,,,,
hv2-e002127,hv2-u00579,baseline,hv2:ramp80:80,referral,revisited,2026-08-25T05:07:40.474Z,,,n-hv2-u00579,
hv2-e003028,hv2-u00809,task_first,hv2:ramp80:80,organic_search,refunded,2026-08-25T07:25:52.747Z,10.00,XTS,,
hv2-e002461,hv2-u00664,baseline,hv2:ramp80:80,organic_search,revisited,2026-08-25T07:39:46.230Z,,,n-hv2-u00664,
hv2-e002462,hv2-u00664,baseline,hv2:ramp80:80,organic_search,task_completed,2026-08-25T07:44:46.230Z,,,n-hv2-u00664,t-hv2-u00664-1
hv2-e002589,hv2-u00697,task_first,hv2:ramp80:80,referral,paid,2026-08-25T08:07:56.560Z,10.00,XTS,,
hv2-e003668,hv2-u00969,baseline,hv2:ramp80:80,organic_search,revisited,2026-08-25T09:37:09.537Z,,,n-hv2-u00969,
hv2-e002165,hv2-u00587,task_first,hv2:ramp80:80,referral,revisited,2026-08-25T10:30:40.515Z,,,n-hv2-u00587,
hv2-e002627,hv2-u00707,task_first,hv2:ramp80:80,organic_search,revisited,2026-08-25T12:01:26.110Z,,,n-hv2-u00707,
hv2-e002628,hv2-u00707,task_first,hv2:ramp80:80,organic_search,task_completed,2026-08-25T12:06:26.110Z,,,n-hv2-u00707,t-hv2-u00707-1
hv2-e003001,hv2-u00803,task_first,hv2:ramp80:80,referral,revisited,2026-08-25T12:12:06.826Z,,,n-hv2-u00803,
hv2-e003002,hv2-u00803,task_first,hv2:ramp80:80,referral,task_completed,2026-08-25T12:17:06.826Z,,,n-hv2-u00803,t-hv2-u00803-1
hv2-e002647,hv2-u00711,task_first,hv2:ramp80:80,organic_search,paid,2026-08-25T12:24:27.663Z,10.00,XTS,,
hv2-e003895,hv2-u01022,task_first,hv2:ramp80:80,organic_search,paid,2026-08-25T13:15:03.720Z,10.00,XTS,,
hv2-e002955,hv2-u00792,task_first,hv2:ramp80:80,app_store,trial_started,2026-08-25T13:15:04.986Z,,,,
hv2-e002287,hv2-u00621,baseline,hv2:ramp80:80,organic_search,revisited,2026-08-25T14:21:22.063Z,,,n-hv2-u00621,
hv2-e002288,hv2-u00621,baseline,hv2:ramp80:80,organic_search,task_completed,2026-08-25T14:26:22.063Z,,,n-hv2-u00621,t-hv2-u00621-1
hv2-e003798,hv2-u00997,task_first,hv2:ramp80:80,organic_search,revisited,2026-08-25T14:30:46.688Z,,,n-hv2-u00997,
hv2-e002694,hv2-u00725,task_first,hv2:ramp80:80,organic_search,trial_started,2026-08-25T14:44:52.099Z,,,,
hv2-e002412,hv2-u00654,task_first,hv2:ramp80:80,app_store,trial_started,2026-08-25T14:58:12.523Z,,,,
hv2-e002942,hv2-u00789,baseline,hv2:ramp80:80,referral,trial_started,2026-08-25T16:34:45.161Z,,,,
hv2-e003852,hv2-u01011,task_first,hv2:ramp80:80,organic_search,revisited,2026-08-25T16:57:56.319Z,,,n-hv2-u01011,
hv2-e001941,hv2-u00531,task_first,hv2:ramp80:80,organic_search,revisited,2026-08-25T17:03:16.890Z,,,n-hv2-u00531,
hv2-e003792,hv2-u00996,task_first,hv2:ramp80:80,app_store,revisited,2026-08-25T17:09:10.301Z,,,n-hv2-u00996,
hv2-e003137,hv2-u00835,task_first,hv2:ramp80:80,referral,revisited,2026-08-25T17:17:00.669Z,,,n-hv2-u00835,
hv2-e003293,hv2-u00875,baseline,hv2:ramp80:80,organic_search,paid,2026-08-25T18:52:20.104Z,10.00,XTS,,
hv2-e003301,hv2-u00877,task_first,hv2:ramp80:80,referral,trial_started,2026-08-25T19:43:20.762Z,,,,
hv2-e003929,hv2-u01031,task_first,hv2:ramp80:80,organic_search,revisited,2026-08-25T20:48:39.435Z,,,n-hv2-u01031,
hv2-e002612,hv2-u00703,task_first,hv2:ramp80:80,organic_search,revisited,2026-08-25T21:33:46.311Z,,,n-hv2-u00703,
hv2-e003523,hv2-u00932,task_first,hv2:ramp80:80,referral,revisited,2026-08-25T23:02:36.551Z,,,n-hv2-u00932,
hv2-e003524,hv2-u00932,task_first,hv2:ramp80:80,referral,task_completed,2026-08-25T23:07:36.551Z,,,n-hv2-u00932,t-hv2-u00932-1
hv2-e002232,hv2-u00603,baseline,hv2:ramp80:80,organic_search,trial_started,2026-08-26T00:22:44.352Z,,,,
hv2-e003337,hv2-u00887,task_first,hv2:ramp80:80,organic_search,revisited,2026-08-26T02:39:50.339Z,,,n-hv2-u00887,
hv2-e003249,hv2-u00862,task_first,hv2:ramp80:80,app_store,revisited,2026-08-26T03:27:05.926Z,,,n-hv2-u00862,
hv2-e001916,hv2-u00526,task_first,hv2:ramp80:80,organic_search,trial_started,2026-08-26T03:31:34.313Z,,,,
hv2-e002469,hv2-u00665,task_first,hv2:ramp80:80,referral,trial_started,2026-08-26T04:47:46.091Z,,,,
hv2-e002566,hv2-u00692,task_first,hv2:ramp80:80,paid_social,revisited,2026-08-26T04:50:30.111Z,,,n-hv2-u00692,
hv2-e002448,hv2-u00662,task_first,hv2:ramp80:80,organic_search,revisited,2026-08-26T07:03:50.375Z,,,n-hv2-u00662,
hv2-e003778,hv2-u00993,baseline,hv2:ramp80:80,organic_search,revisited,2026-08-26T07:17:21.512Z,,,n-hv2-u00993,
hv2-e003779,hv2-u00993,baseline,hv2:ramp80:80,organic_search,task_completed,2026-08-26T07:22:21.512Z,,,n-hv2-u00993,t-hv2-u00993-1
hv2-e003843,hv2-u01009,baseline,hv2:ramp80:80,referral,trial_started,2026-08-26T08:25:11.447Z,,,,
hv2-e002641,hv2-u00710,baseline,hv2:ramp80:80,referral,revisited,2026-08-26T08:44:36.214Z,,,n-hv2-u00710,
hv2-e002642,hv2-u00710,baseline,hv2:ramp80:80,referral,task_completed,2026-08-26T08:49:36.214Z,,,n-hv2-u00710,t-hv2-u00710-1
hv2-e003057,hv2-u00815,task_first,hv2:ramp80:80,referral,paid,2026-08-26T13:06:10.155Z,10.00,XTS,,
hv2-e002517,hv2-u00678,task_first,hv2:ramp80:80,organic_search,revisited,2026-08-26T14:58:02.498Z,,,n-hv2-u00678,
hv2-e002518,hv2-u00678,task_first,hv2:ramp80:80,organic_search,task_completed,2026-08-26T15:03:02.498Z,,,n-hv2-u00678,t-hv2-u00678-1
hv2-e003656,hv2-u00964,task_first,hv2:ramp80:80,paid_social,revisited,2026-08-26T16:36:16.362Z,,,n-hv2-u00964,
hv2-e002606,hv2-u00702,task_first,hv2:ramp80:80,organic_search,revisited,2026-08-26T16:51:33.546Z,,,n-hv2-u00702,
hv2-e002607,hv2-u00702,task_first,hv2:ramp80:80,organic_search,task_completed,2026-08-26T16:56:33.546Z,,,n-hv2-u00702,t-hv2-u00702-1
hv2-e003664,hv2-u00967,task_first,hv2:ramp80:80,organic_search,paid,2026-08-26T17:29:59.982Z,10.00,XTS,,
hv2-e003936,hv2-u01033,task_first,hv2:ramp80:80,referral,revisited,2026-08-26T18:17:21.027Z,,,n-hv2-u01033,
hv2-e003937,hv2-u01033,task_first,hv2:ramp80:80,referral,task_completed,2026-08-26T18:22:21.027Z,,,n-hv2-u01033,t-hv2-u01033-1
hv2-e001921,hv2-u00527,baseline,hv2:ramp80:80,referral,revisited,2026-08-26T18:35:13.023Z,,,n-hv2-u00527,
hv2-e001922,hv2-u00527,baseline,hv2:ramp80:80,referral,task_completed,2026-08-26T18:40:13.023Z,,,n-hv2-u00527,t-hv2-u00527-1
hv2-e003390,hv2-u00900,task_first,hv2:ramp80:80,app_store,revisited,2026-08-26T18:42:19.213Z,,,n-hv2-u00900,
hv2-e003005,hv2-u00804,task_first,hv2:ramp80:80,organic_search,trial_started,2026-08-26T19:31:29.146Z,,,,
hv2-e002309,hv2-u00627,task_first,hv2:ramp80:80,organic_search,revisited,2026-08-26T21:59:30.286Z,,,n-hv2-u00627,
hv2-e002310,hv2-u00627,task_first,hv2:ramp80:80,organic_search,task_completed,2026-08-26T22:04:30.286Z,,,n-hv2-u00627,t-hv2-u00627-1
hv2-e003475,hv2-u00920,task_first,hv2:ramp80:80,organic_search,revisited,2026-08-26T23:11:46.013Z,,,n-hv2-u00920,
hv2-e003347,hv2-u00889,task_first,hv2:ramp80:80,organic_search,revisited,2026-08-26T23:51:20.904Z,,,n-hv2-u00889,
hv2-e002393,hv2-u00648,task_first,hv2:ramp80:80,organic_search,trial_started,2026-08-27T00:51:34.837Z,,,,
hv2-e003690,hv2-u00973,task_first,hv2:ramp80:80,referral,revisited,2026-08-27T01:05:00.076Z,,,n-hv2-u00973,
hv2-e002264,hv2-u00611,task_first,hv2:ramp80:80,organic_search,revisited,2026-08-27T03:43:46.711Z,,,n-hv2-u00611,
hv2-e002468,hv2-u00665,task_first,hv2:ramp80:80,referral,revisited,2026-08-27T03:47:46.091Z,,,n-hv2-u00665,
hv2-e002058,hv2-u00560,task_first,hv2:ramp80:80,referral,revisited,2026-08-27T04:59:16.025Z,,,n-hv2-u00560,
hv2-e002059,hv2-u00560,task_first,hv2:ramp80:80,referral,task_completed,2026-08-27T05:04:16.025Z,,,n-hv2-u00560,t-hv2-u00560-1
hv2-e003567,hv2-u00942,task_first,hv2:ramp80:80,referral,revisited,2026-08-27T05:36:03.807Z,,,n-hv2-u00942,
hv2-e003432,hv2-u00911,task_first,hv2:ramp80:80,organic_search,revisited,2026-08-27T07:39:38.967Z,,,n-hv2-u00911,
hv2-e002031,hv2-u00552,task_first,hv2:ramp80:80,referral,paid,2026-08-27T10:19:19.055Z,10.00,XTS,,
hv2-e002504,hv2-u00676,baseline,hv2:ramp80:80,organic_search,revisited,2026-08-27T15:48:46.313Z,,,n-hv2-u00676,
hv2-e002505,hv2-u00676,baseline,hv2:ramp80:80,organic_search,task_completed,2026-08-27T15:53:46.313Z,,,n-hv2-u00676,t-hv2-u00676-1
hv2-e002940,hv2-u00789,baseline,hv2:ramp80:80,referral,revisited,2026-08-27T16:04:45.161Z,,,n-hv2-u00789,
hv2-e002941,hv2-u00789,baseline,hv2:ramp80:80,referral,task_completed,2026-08-27T16:09:45.161Z,,,n-hv2-u00789,t-hv2-u00789-1
hv2-e002095,hv2-u00570,task_first,hv2:ramp80:80,referral,revisited,2026-08-27T18:06:44.566Z,,,n-hv2-u00570,
hv2-e002096,hv2-u00570,task_first,hv2:ramp80:80,referral,task_completed,2026-08-27T18:11:44.566Z,,,n-hv2-u00570,t-hv2-u00570-1
hv2-e001898,hv2-u00521,task_first,hv2:ramp80:80,referral,revisited,2026-08-27T18:54:38.714Z,,,n-hv2-u00521,
hv2-e001899,hv2-u00521,task_first,hv2:ramp80:80,referral,task_completed,2026-08-27T18:59:38.714Z,,,n-hv2-u00521,t-hv2-u00521-1
hv2-e003144,hv2-u00837,task_first,hv2:ramp80:80,referral,revisited,2026-08-27T20:17:27.148Z,,,n-hv2-u00837,
hv2-e003145,hv2-u00837,task_first,hv2:ramp80:80,referral,task_completed,2026-08-27T20:22:27.148Z,,,n-hv2-u00837,t-hv2-u00837-1
hv2-e003420,hv2-u00908,task_first,hv2:ramp80:80,referral,paid,2026-08-27T23:30:45.476Z,10.00,XTS,,
hv2-e003961,hv2-u01038,task_first,hv2:ramp80:80,referral,cancelled,2026-08-28T01:03:30.109Z,,,,
hv2-e003017,hv2-u00807,task_first,hv2:ramp80:80,referral,paid,2026-08-28T02:48:25.581Z,10.00,XTS,,
hv2-e002711,hv2-u00729,task_first,hv2:ramp80:80,referral,revisited,2026-08-28T02:55:17.444Z,,,n-hv2-u00729,
hv2-e002712,hv2-u00729,task_first,hv2:ramp80:80,referral,task_completed,2026-08-28T03:00:17.444Z,,,n-hv2-u00729,t-hv2-u00729-1
hv2-e003339,hv2-u00887,task_first,hv2:ramp80:80,organic_search,paid,2026-08-28T03:39:50.339Z,10.00,XTS,,
hv2-e002820,hv2-u00759,task_first,hv2:ramp80:80,organic_search,revisited,2026-08-28T05:14:44.278Z,,,n-hv2-u00759,
hv2-e003729,hv2-u00982,task_first,hv2:ramp80:80,organic_search,revisited,2026-08-28T06:24:13.619Z,,,n-hv2-u00982,
hv2-e002191,hv2-u00593,task_first,hv2:ramp80:80,referral,revisited,2026-08-28T06:48:31.327Z,,,n-hv2-u00593,
hv2-e002192,hv2-u00593,task_first,hv2:ramp80:80,referral,task_completed,2026-08-28T06:53:31.327Z,,,n-hv2-u00593,t-hv2-u00593-1
hv2-e003740,hv2-u00985,baseline,hv2:ramp80:80,organic_search,paid,2026-08-28T12:26:22.679Z,10.00,XTS,,
hv2-e003294,hv2-u00875,baseline,hv2:ramp80:80,organic_search,cancelled,2026-08-28T18:52:20.104Z,,,,
hv2-e001970,hv2-u00538,task_first,hv2:ramp80:80,organic_search,paid,2026-08-28T19:08:01.260Z,10.00,XTS,,
hv2-e002755,hv2-u00739,task_first,hv2:ramp80:80,referral,paid,2026-08-28T19:18:02.113Z,10.00,XTS,,
hv2-e002597,hv2-u00699,task_first,hv2:ramp80:80,referral,paid,2026-08-29T00:52:35.421Z,10.00,XTS,,
hv2-e001915,hv2-u00526,task_first,hv2:ramp80:80,organic_search,revisited,2026-08-29T02:31:34.313Z,,,n-hv2-u00526,
hv2-e003584,hv2-u00947,task_first,hv2:ramp80:80,organic_search,revisited,2026-08-29T05:21:28.448Z,,,n-hv2-u00947,
hv2-e002949,hv2-u00790,task_first,hv2:ramp80:80,referral,paid,2026-08-29T06:46:37.204Z,10.00,XTS,,
hv2-e003058,hv2-u00815,task_first,hv2:ramp80:80,referral,cancelled,2026-08-29T13:06:10.155Z,,,,
hv2-e002995,hv2-u00802,task_first,hv2:ramp80:80,organic_search,paid,2026-08-29T15:42:05.570Z,10.00,XTS,,
hv2-e003072,hv2-u00817,task_first,hv2:ramp80:80,referral,paid,2026-08-29T16:57:06.572Z,10.00,XTS,,
hv2-e002714,hv2-u00729,task_first,hv2:ramp80:80,referral,paid,2026-08-30T03:25:17.444Z,10.00,XTS,,
hv2-e003603,hv2-u00951,baseline,hv2:ramp80:80,referral,paid,2026-08-30T04:11:02.487Z,10.00,XTS,,
hv2-e003735,hv2-u00983,baseline,hv2:ramp80:80,referral,paid,2026-08-30T08:47:55.971Z,10.00,XTS,,
hv2-e001966,hv2-u00537,baseline,hv2:ramp80:80,referral,paid,2026-08-30T10:16:30.483Z,10.00,XTS,,
hv2-e002761,hv2-u00740,baseline,hv2:ramp80:80,referral,paid,2026-08-31T02:13:00.144Z,10.00,XTS,,
hv2-e003429,hv2-u00910,task_first,hv2:ramp80:80,referral,paid,2026-08-31T03:47:38.992Z,10.00,XTS,,
hv2-e003131,hv2-u00833,task_first,hv2:ramp80:80,referral,paid,2026-08-31T07:46:46.205Z,10.00,XTS,,
hv2-e003705,hv2-u00975,task_first,hv2:ramp80:80,referral,paid,2026-08-31T07:53:26.225Z,10.00,XTS,,
hv2-e003381,hv2-u00898,task_first,hv2:ramp80:80,organic_search,paid,2026-08-31T12:05:19.020Z,10.00,XTS,,
hv2-e002298,hv2-u00625,task_first,hv2:ramp80:80,referral,paid,2026-08-31T16:04:55.870Z,10.00,XTS,,
hv2-e002454,hv2-u00663,baseline,hv2:ramp80:80,organic_search,paid,2026-08-31T17:32:16.018Z,10.00,XTS,,
hv2-e002715,hv2-u00729,task_first,hv2:ramp80:80,referral,refunded,2026-09-01T03:25:17.444Z,10.00,XTS,,
hv2-e002956,hv2-u00792,task_first,hv2:ramp80:80,app_store,paid,2026-09-01T13:15:04.986Z,10.00,XTS,,
hv2-e002413,hv2-u00654,task_first,hv2:ramp80:80,app_store,paid,2026-09-01T14:58:12.523Z,10.00,XTS,,
hv2-e003302,hv2-u00877,task_first,hv2:ramp80:80,referral,paid,2026-09-01T19:43:20.762Z,10.00,XTS,,
hv2-e001917,hv2-u00526,task_first,hv2:ramp80:80,organic_search,paid,2026-09-02T03:31:34.313Z,10.00,XTS,,
hv2-e002470,hv2-u00665,task_first,hv2:ramp80:80,referral,paid,2026-09-02T04:47:46.091Z,10.00,XTS,,
hv2-e003844,hv2-u01009,baseline,hv2:ramp80:80,referral,paid,2026-09-02T08:25:11.447Z,10.00,XTS,,
hv2-e002299,hv2-u00625,task_first,hv2:ramp80:80,referral,refunded,2026-09-02T16:04:55.870Z,10.00,XTS,,
hv2-e002455,hv2-u00663,baseline,hv2:ramp80:80,organic_search,cancelled,2026-09-03T17:32:16.018Z,,,,
hv2-e003303,hv2-u00877,task_first,hv2:ramp80:80,referral,cancelled,2026-09-04T19:43:20.762Z,,,,
